2026-05-21 22:11:10,629 INFO: 
Version Information: 
	Python: 3.8.13
	PyTorch: 2.0.1+cu118
	TorchVision: 0.15.2+cu118
2026-05-21 22:11:10,629 INFO: 
  name: smal
  backend: dp
  type: FMNetModel
  num_gpu: 1
  manual_seed: 1234
  non-isometric: False
  partial: False
  path:[
    resume_state: None
    experiments_root: /data/ytw/Methods/Learning_based/Sync_Diff_Reproduce/experiments/smal
    models: /data/ytw/Methods/Learning_based/Sync_Diff_Reproduce/experiments/smal/models
    log: /data/ytw/Methods/Learning_based/Sync_Diff_Reproduce/experiments/smal/log
  ]
  datasets:[
    train_dataset:[
      name: SmalTrain
      type: PairSmalDataset
      phase: train
      data_root: /data/ytw/datasets/SMAL_r/
      category: True
      return_evecs: True
      return_faces: True
      num_evecs: 200
      return_corr: False
      return_dist: False
    ]
    test_dataset:[
      name: SmalVal
      type: PairSmalDataset
      phase: test
      data_root: /data/ytw/datasets/SMAL_r/
      category: True
      return_evecs: True
      return_faces: True
      num_evecs: 200
      return_corr: True
      return_dist: True
    ]
    batch_size: 1
    num_worker: 16
  ]
  networks:[
    feature_extractor:[
      type: DiffusionNet
      in_channels: 3
      out_channels: 256
      cache_dir: /data/ytw/datasets/SMAL_r/diffusion
      input_type: xyz
    ]
    fmap_net:[
      type: FasterRegularizedFMNet
      bidirectional: True
    ]
    permutation:[
      type: Similarity
      tau: 0.07
    ]
  ]
  train:[
    total_epochs: 20
    optims:[
      feature_extractor:[
        type: Adam
        lr: 0.001
      ]
    ]
    schedulers:[
      feature_extractor:[
        type: CosineAnnealingLR
        eta_min: 0.0001
        T_max: 20
      ]
    ]
    losses:[
      surfmnet_loss:[
        type: SURFMNetLoss
        w_bij: 1.0
        w_orth: 1.0
        w_lap: 0.0
      ]
      align_loss:[
        type: SquaredFrobeniusLoss
        loss_weight: 1.0
      ]
      diffusion_loss:[
        type: SynchronousDiffusionLoss
        loss_weight: 1.0
        num_random: 128
        max_time: 0.0001
      ]
    ]
  ]
  val:[
    val_freq: 2000
    metrics:[
      geo_error:[
        type: calculate_geodesic_error
      ]
      plot_pck:[
        type: plot_pck
      ]
    ]
  ]
  logger:[
    print_freq: 20
    save_checkpoint_freq: 2000
  ]
  is_train: True
  dist: False
  rank: 0
  world_size: 1
  root_path: /data/ytw/Methods/Learning_based/Sync_Diff_Reproduce

2026-05-21 22:11:10,737 INFO: Dataset [PairSmalDataset]-[SmalTrain] is built.
2026-05-21 22:11:10,738 INFO: Dataset [PairSmalDataset]-[SmalVal] is built.
2026-05-21 22:11:10,738 INFO: Training statistics:
	Number of train images: 841
	Dataset enlarge ratio: 1
	Batch size: 1
	World size (gpu number): 1
	Require iter number per epoch: 841
	Total epochs: 20; iters: 16820.
2026-05-21 22:11:10,739 INFO: Validation statistics:
	Number of val images: 400
2026-05-21 22:11:10,749 INFO: Network [DiffusionNet] is created.
2026-05-21 22:11:10,749 INFO: Network [FasterRegularizedFMNet] is created.
2026-05-21 22:11:10,750 INFO: Network [Similarity] is created.
2026-05-21 22:11:10,904 INFO: Network: DiffusionNet, with parameters: 494,336
2026-05-21 22:11:10,904 INFO: Network: FasterRegularizedFMNet, with parameters: 0
2026-05-21 22:11:10,904 INFO: Network: Similarity, with parameters: 0
2026-05-21 22:11:10,904 INFO: Metric [function] is created.
2026-05-21 22:11:10,904 INFO: Metric [function] is created.
2026-05-21 22:11:10,905 INFO: Network fmap_net has no param to optimize. Ignore it.
2026-05-21 22:11:10,905 INFO: Network permutation has no param to optimize. Ignore it.
2026-05-21 22:11:10,905 INFO: Loss [SURFMNetLoss] is created.
2026-05-21 22:11:10,905 INFO: Loss [SquaredFrobeniusLoss] is created.
2026-05-21 22:11:10,905 INFO: Loss [SynchronousDiffusionLoss] is created.
2026-05-21 22:11:10,910 INFO: Model [FMNetModel] is created.
2026-05-21 22:11:10,911 INFO: Start training from epoch: 0, iter: 0
2026-05-21 22:11:37,438 INFO: [smal..][epoch:  1, iter:      20, lr:(1.000e-03,)][eta: 4:32:30, time (data): 1.326 (0.296)]l_bij: 2.7317e+02 l_orth: 2.5607e+02 l_diff: 4.2677e+02 l_align: 1.2452e+02 l_total: 1.0805e+03 
2026-05-21 22:11:56,928 INFO: [smal..][epoch:  1, iter:      40, lr:(1.000e-03,)][eta: 4:32:20, time (data): 1.150 (0.164)]l_bij: 2.8869e+02 l_orth: 2.7575e+02 l_diff: 4.2810e+02 l_align: 1.0368e+02 l_total: 1.0962e+03 
2026-05-21 22:12:17,319 INFO: [smal..][epoch:  1, iter:      60, lr:(1.000e-03,)][eta: 4:36:11, time (data): 1.107 (0.121)]l_bij: 2.7682e+02 l_orth: 2.5742e+02 l_diff: 4.2565e+02 l_align: 1.1138e+02 l_total: 1.0713e+03 
2026-05-21 22:12:36,796 INFO: [smal..][epoch:  1, iter:      80, lr:(1.000e-03,)][eta: 4:34:50, time (data): 1.073 (0.100)]l_bij: 2.7339e+02 l_orth: 2.5641e+02 l_diff: 4.3708e+02 l_align: 1.1629e+02 l_total: 1.0832e+03 
2026-05-21 22:12:57,885 INFO: [smal..][epoch:  1, iter:     100, lr:(1.000e-03,)][eta: 4:38:20, time (data): 1.070 (0.088)]l_bij: 2.7291e+02 l_orth: 2.5389e+02 l_diff: 4.3007e+02 l_align: 1.1521e+02 l_total: 1.0721e+03 
2026-05-21 22:13:16,996 INFO: [smal..][epoch:  1, iter:     120, lr:(1.000e-03,)][eta: 4:36:00, time (data): 1.051 (0.079)]l_bij: 2.7463e+02 l_orth: 2.5993e+02 l_diff: 4.2570e+02 l_align: 1.1898e+02 l_total: 1.0792e+03 
2026-05-21 22:13:34,864 INFO: [smal..][epoch:  1, iter:     140, lr:(1.000e-03,)][eta: 4:31:47, time (data): 1.028 (0.074)]l_bij: 2.6601e+02 l_orth: 2.4923e+02 l_diff: 4.2595e+02 l_align: 1.1494e+02 l_total: 1.0561e+03 
2026-05-21 22:13:45,932 INFO: [smal..][epoch:  1, iter:     160, lr:(1.000e-03,)][eta: 4:16:50, time (data): 0.969 (0.071)]l_bij: 2.6415e+02 l_orth: 2.4844e+02 l_diff: 4.2336e+02 l_align: 1.2092e+02 l_total: 1.0569e+03 
2026-05-21 22:13:49,863 INFO: [smal..][epoch:  1, iter:     180, lr:(1.000e-03,)][eta: 3:54:12, time (data): 0.883 (0.067)]l_bij: 2.6417e+02 l_orth: 2.4846e+02 l_diff: 4.3387e+02 l_align: 1.1758e+02 l_total: 1.0641e+03 
2026-05-21 22:13:53,972 INFO: [smal..][epoch:  1, iter:     200, lr:(1.000e-03,)][eta: 3:36:18, time (data): 0.815 (0.065)]l_bij: 2.4481e+02 l_orth: 2.2906e+02 l_diff: 4.2482e+02 l_align: 1.3911e+02 l_total: 1.0378e+03 
2026-05-21 22:13:58,363 INFO: [smal..][epoch:  1, iter:     220, lr:(1.000e-03,)][eta: 3:21:59, time (data): 0.220 (0.041)]l_bij: 2.5078e+02 l_orth: 2.3720e+02 l_diff: 4.1468e+02 l_align: 1.3263e+02 l_total: 1.0353e+03 
2026-05-21 22:14:02,467 INFO: [smal..][epoch:  1, iter:     240, lr:(1.000e-03,)][eta: 3:09:43, time (data): 0.212 (0.041)]l_bij: 1.9963e+02 l_orth: 1.8910e+02 l_diff: 4.1841e+02 l_align: 1.6109e+02 l_total: 9.6824e+02 
2026-05-21 22:14:06,583 INFO: [smal..][epoch:  1, iter:     260, lr:(1.000e-03,)][eta: 2:59:19, time (data): 0.210 (0.042)]l_bij: 2.4480e+02 l_orth: 2.2936e+02 l_diff: 4.1693e+02 l_align: 1.2922e+02 l_total: 1.0203e+03 
2026-05-21 22:14:11,118 INFO: [smal..][epoch:  1, iter:     280, lr:(1.000e-03,)][eta: 2:50:48, time (data): 0.214 (0.041)]l_bij: 1.9427e+02 l_orth: 1.8478e+02 l_diff: 4.1727e+02 l_align: 1.6858e+02 l_total: 9.6490e+02 
2026-05-21 22:14:15,180 INFO: [smal..][epoch:  1, iter:     300, lr:(1.000e-03,)][eta: 2:42:58, time (data): 0.212 (0.041)]l_bij: 2.2879e+02 l_orth: 2.1319e+02 l_diff: 4.1250e+02 l_align: 1.3905e+02 l_total: 9.9353e+02 
2026-05-21 22:14:19,345 INFO: [smal..][epoch:  1, iter:     320, lr:(1.000e-03,)][eta: 2:36:12, time (data): 0.211 (0.041)]l_bij: 2.4111e+02 l_orth: 2.2744e+02 l_diff: 4.0550e+02 l_align: 1.3454e+02 l_total: 1.0086e+03 
2026-05-21 22:14:23,436 INFO: [smal..][epoch:  1, iter:     340, lr:(1.000e-03,)][eta: 2:30:09, time (data): 0.210 (0.041)]l_bij: 2.3705e+02 l_orth: 2.2138e+02 l_diff: 4.1925e+02 l_align: 1.4038e+02 l_total: 1.0181e+03 
2026-05-21 22:14:27,640 INFO: [smal..][epoch:  1, iter:     360, lr:(1.000e-03,)][eta: 2:24:51, time (data): 0.210 (0.041)]l_bij: 2.4149e+02 l_orth: 2.2566e+02 l_diff: 4.2037e+02 l_align: 1.4377e+02 l_total: 1.0313e+03 
2026-05-21 22:14:31,708 INFO: [smal..][epoch:  1, iter:     380, lr:(1.000e-03,)][eta: 2:20:01, time (data): 0.210 (0.041)]l_bij: 2.3175e+02 l_orth: 2.1490e+02 l_diff: 4.1863e+02 l_align: 1.3990e+02 l_total: 1.0052e+03 
2026-05-21 22:14:36,206 INFO: [smal..][epoch:  1, iter:     400, lr:(1.000e-03,)][eta: 2:15:56, time (data): 0.211 (0.041)]l_bij: 2.3020e+02 l_orth: 2.1398e+02 l_diff: 4.1915e+02 l_align: 1.3800e+02 l_total: 1.0013e+03 
2026-05-21 22:14:40,369 INFO: [smal..][epoch:  1, iter:     420, lr:(1.000e-03,)][eta: 2:12:01, time (data): 0.208 (0.042)]l_bij: 2.3834e+02 l_orth: 2.2142e+02 l_diff: 4.0573e+02 l_align: 1.3529e+02 l_total: 1.0008e+03 
2026-05-21 22:14:44,576 INFO: [smal..][epoch:  1, iter:     440, lr:(1.000e-03,)][eta: 2:08:29, time (data): 0.209 (0.043)]l_bij: 2.4703e+02 l_orth: 2.2893e+02 l_diff: 4.1194e+02 l_align: 1.3229e+02 l_total: 1.0202e+03 
2026-05-21 22:14:48,781 INFO: [smal..][epoch:  1, iter:     460, lr:(1.000e-03,)][eta: 2:05:15, time (data): 0.209 (0.043)]l_bij: 2.3415e+02 l_orth: 2.2027e+02 l_diff: 4.0227e+02 l_align: 1.4404e+02 l_total: 1.0007e+03 
2026-05-21 22:14:52,891 INFO: [smal..][epoch:  1, iter:     480, lr:(1.000e-03,)][eta: 2:02:13, time (data): 0.208 (0.042)]l_bij: 2.2748e+02 l_orth: 2.1113e+02 l_diff: 4.0314e+02 l_align: 1.3895e+02 l_total: 9.8070e+02 
2026-05-21 22:14:57,016 INFO: [smal..][epoch:  1, iter:     500, lr:(1.000e-03,)][eta: 1:59:26, time (data): 0.208 (0.042)]l_bij: 2.3355e+02 l_orth: 2.1948e+02 l_diff: 4.0054e+02 l_align: 1.3785e+02 l_total: 9.9142e+02 
2026-05-21 22:15:01,391 INFO: [smal..][epoch:  1, iter:     520, lr:(1.000e-03,)][eta: 1:56:59, time (data): 0.210 (0.042)]l_bij: 2.1868e+02 l_orth: 2.0382e+02 l_diff: 3.8533e+02 l_align: 1.3128e+02 l_total: 9.3910e+02 
2026-05-21 22:15:05,481 INFO: [smal..][epoch:  1, iter:     540, lr:(1.000e-03,)][eta: 1:54:35, time (data): 0.209 (0.042)]l_bij: 2.1540e+02 l_orth: 2.0211e+02 l_diff: 3.9754e+02 l_align: 1.4355e+02 l_total: 9.5860e+02 
2026-05-21 22:15:10,365 INFO: [smal..][epoch:  1, iter:     560, lr:(1.000e-03,)][eta: 1:52:43, time (data): 0.213 (0.042)]l_bij: 2.2351e+02 l_orth: 2.1084e+02 l_diff: 3.9104e+02 l_align: 1.3569e+02 l_total: 9.6108e+02 
2026-05-21 22:15:14,465 INFO: [smal..][epoch:  1, iter:     580, lr:(1.000e-03,)][eta: 1:50:37, time (data): 0.212 (0.042)]l_bij: 2.2135e+02 l_orth: 2.0940e+02 l_diff: 3.9187e+02 l_align: 1.3994e+02 l_total: 9.6256e+02 
2026-05-21 22:15:18,591 INFO: [smal..][epoch:  1, iter:     600, lr:(1.000e-03,)][eta: 1:48:39, time (data): 0.212 (0.042)]l_bij: 2.1403e+02 l_orth: 2.0556e+02 l_diff: 3.8832e+02 l_align: 1.4328e+02 l_total: 9.5120e+02 
2026-05-21 22:15:22,884 INFO: [smal..][epoch:  1, iter:     620, lr:(1.000e-03,)][eta: 1:46:54, time (data): 0.207 (0.040)]l_bij: 2.3260e+02 l_orth: 2.1910e+02 l_diff: 3.9274e+02 l_align: 1.4311e+02 l_total: 9.8755e+02 
2026-05-21 22:15:27,019 INFO: [smal..][epoch:  1, iter:     640, lr:(1.000e-03,)][eta: 1:45:10, time (data): 0.207 (0.039)]l_bij: 2.1853e+02 l_orth: 2.0383e+02 l_diff: 3.9172e+02 l_align: 1.4200e+02 l_total: 9.5607e+02 
2026-05-21 22:15:31,029 INFO: [smal..][epoch:  1, iter:     660, lr:(1.000e-03,)][eta: 1:43:30, time (data): 0.204 (0.038)]l_bij: 2.1875e+02 l_orth: 2.0583e+02 l_diff: 3.8304e+02 l_align: 1.4256e+02 l_total: 9.5018e+02 
2026-05-21 22:15:35,126 INFO: [smal..][epoch:  1, iter:     680, lr:(1.000e-03,)][eta: 1:41:57, time (data): 0.205 (0.039)]l_bij: 2.1883e+02 l_orth: 2.0553e+02 l_diff: 3.6988e+02 l_align: 1.3324e+02 l_total: 9.2747e+02 
2026-05-21 22:15:39,246 INFO: [smal..][epoch:  1, iter:     700, lr:(1.000e-03,)][eta: 1:40:30, time (data): 0.205 (0.039)]l_bij: 1.9212e+02 l_orth: 1.8206e+02 l_diff: 3.6549e+02 l_align: 1.2581e+02 l_total: 8.6548e+02 
2026-05-21 22:15:43,390 INFO: [smal..][epoch:  1, iter:     720, lr:(1.000e-03,)][eta: 1:39:08, time (data): 0.205 (0.039)]l_bij: 2.0027e+02 l_orth: 1.9195e+02 l_diff: 3.5955e+02 l_align: 1.3047e+02 l_total: 8.8224e+02 
2026-05-21 22:15:47,552 INFO: [smal..][epoch:  1, iter:     740, lr:(1.000e-03,)][eta: 1:37:50, time (data): 0.206 (0.040)]l_bij: 2.0823e+02 l_orth: 1.9512e+02 l_diff: 3.6142e+02 l_align: 1.3135e+02 l_total: 8.9611e+02 
2026-05-21 22:15:51,655 INFO: [smal..][epoch:  1, iter:     760, lr:(1.000e-03,)][eta: 1:36:35, time (data): 0.206 (0.040)]l_bij: 2.0704e+02 l_orth: 1.9571e+02 l_diff: 3.6239e+02 l_align: 1.3717e+02 l_total: 9.0232e+02 
2026-05-21 22:15:55,690 INFO: [smal..][epoch:  1, iter:     780, lr:(1.000e-03,)][eta: 1:35:23, time (data): 0.205 (0.040)]l_bij: 2.1058e+02 l_orth: 2.0050e+02 l_diff: 3.7043e+02 l_align: 1.4369e+02 l_total: 9.2520e+02 
2026-05-21 22:15:59,773 INFO: [smal..][epoch:  1, iter:     800, lr:(1.000e-03,)][eta: 1:34:15, time (data): 0.205 (0.040)]l_bij: 2.0187e+02 l_orth: 1.8980e+02 l_diff: 3.5171e+02 l_align: 1.3429e+02 l_total: 8.7767e+02 
2026-05-21 22:16:03,842 INFO: [smal..][epoch:  1, iter:     820, lr:(1.000e-03,)][eta: 1:33:09, time (data): 0.201 (0.038)]l_bij: 1.8815e+02 l_orth: 1.7571e+02 l_diff: 3.4257e+02 l_align: 1.2203e+02 l_total: 8.2845e+02 
2026-05-21 22:16:07,736 INFO: [smal..][epoch:  1, iter:     840, lr:(1.000e-03,)][eta: 1:32:04, time (data): 0.197 (0.037)]l_bij: 1.7436e+02 l_orth: 1.6920e+02 l_diff: 3.4337e+02 l_align: 1.2872e+02 l_total: 8.1565e+02 
2026-05-21 22:16:12,725 INFO: [smal..][epoch:  2, iter:     860, lr:(9.945e-04,)][eta: 1:31:21, time (data): 0.216 (0.053)]l_bij: 1.9608e+02 l_orth: 1.8867e+02 l_diff: 3.4835e+02 l_align: 1.3800e+02 l_total: 8.7109e+02 
2026-05-21 22:16:16,756 INFO: [smal..][epoch:  2, iter:     880, lr:(9.945e-04,)][eta: 1:30:23, time (data): 0.212 (0.047)]l_bij: 1.4091e+02 l_orth: 1.4261e+02 l_diff: 3.3390e+02 l_align: 1.2619e+02 l_total: 7.4361e+02 
2026-05-21 22:16:20,947 INFO: [smal..][epoch:  2, iter:     900, lr:(9.945e-04,)][eta: 1:29:30, time (data): 0.212 (0.046)]l_bij: 1.9548e+02 l_orth: 1.8470e+02 l_diff: 3.4601e+02 l_align: 1.3610e+02 l_total: 8.6229e+02 
2026-05-21 22:16:25,209 INFO: [smal..][epoch:  2, iter:     920, lr:(9.945e-04,)][eta: 1:28:40, time (data): 0.212 (0.046)]l_bij: 1.8690e+02 l_orth: 1.7865e+02 l_diff: 3.4147e+02 l_align: 1.3432e+02 l_total: 8.4134e+02 
2026-05-21 22:16:29,394 INFO: [smal..][epoch:  2, iter:     940, lr:(9.945e-04,)][eta: 1:27:51, time (data): 0.211 (0.045)]l_bij: 1.8812e+02 l_orth: 1.7841e+02 l_diff: 3.3755e+02 l_align: 1.2898e+02 l_total: 8.3306e+02 
2026-05-21 22:16:33,567 INFO: [smal..][epoch:  2, iter:     960, lr:(9.945e-04,)][eta: 1:27:04, time (data): 0.211 (0.044)]l_bij: 1.7888e+02 l_orth: 1.7126e+02 l_diff: 3.3289e+02 l_align: 1.2759e+02 l_total: 8.1062e+02 
2026-05-21 22:16:37,750 INFO: [smal..][epoch:  2, iter:     980, lr:(9.945e-04,)][eta: 1:26:18, time (data): 0.211 (0.044)]l_bij: 1.8809e+02 l_orth: 1.7778e+02 l_diff: 3.3784e+02 l_align: 1.3424e+02 l_total: 8.3796e+02 
2026-05-21 22:16:41,855 INFO: [smal..][epoch:  2, iter:   1,000, lr:(9.945e-04,)][eta: 1:25:33, time (data): 0.210 (0.044)]l_bij: 1.8181e+02 l_orth: 1.7336e+02 l_diff: 3.3725e+02 l_align: 1.2766e+02 l_total: 8.2008e+02 
2026-05-21 22:16:45,932 INFO: [smal..][epoch:  2, iter:   1,020, lr:(9.945e-04,)][eta: 1:24:49, time (data): 0.204 (0.037)]l_bij: 1.7963e+02 l_orth: 1.7068e+02 l_diff: 3.1948e+02 l_align: 1.2847e+02 l_total: 7.9826e+02 
2026-05-21 22:16:50,062 INFO: [smal..][epoch:  2, iter:   1,040, lr:(9.945e-04,)][eta: 1:24:08, time (data): 0.206 (0.038)]l_bij: 1.7280e+02 l_orth: 1.6415e+02 l_diff: 3.2969e+02 l_align: 1.2604e+02 l_total: 7.9267e+02 
2026-05-21 22:16:54,361 INFO: [smal..][epoch:  2, iter:   1,060, lr:(9.945e-04,)][eta: 1:23:30, time (data): 0.209 (0.040)]l_bij: 1.6304e+02 l_orth: 1.5622e+02 l_diff: 3.2089e+02 l_align: 1.1614e+02 l_total: 7.5630e+02 
2026-05-21 22:16:58,509 INFO: [smal..][epoch:  2, iter:   1,080, lr:(9.945e-04,)][eta: 1:22:52, time (data): 0.208 (0.040)]l_bij: 1.6175e+02 l_orth: 1.5593e+02 l_diff: 3.1560e+02 l_align: 1.1183e+02 l_total: 7.4512e+02 
2026-05-21 22:17:02,608 INFO: [smal..][epoch:  2, iter:   1,100, lr:(9.945e-04,)][eta: 1:22:14, time (data): 0.208 (0.040)]l_bij: 1.7197e+02 l_orth: 1.6531e+02 l_diff: 3.3063e+02 l_align: 1.2338e+02 l_total: 7.9129e+02 
2026-05-21 22:17:06,698 INFO: [smal..][epoch:  2, iter:   1,120, lr:(9.945e-04,)][eta: 1:21:37, time (data): 0.207 (0.040)]l_bij: 1.7221e+02 l_orth: 1.6522e+02 l_diff: 3.1769e+02 l_align: 1.3111e+02 l_total: 7.8624e+02 
2026-05-21 22:17:10,787 INFO: [smal..][epoch:  2, iter:   1,140, lr:(9.945e-04,)][eta: 1:21:01, time (data): 0.207 (0.040)]l_bij: 1.5550e+02 l_orth: 1.5033e+02 l_diff: 3.1094e+02 l_align: 1.1038e+02 l_total: 7.2714e+02 
2026-05-21 22:17:14,827 INFO: [smal..][epoch:  2, iter:   1,160, lr:(9.945e-04,)][eta: 1:20:26, time (data): 0.206 (0.040)]l_bij: 1.6678e+02 l_orth: 1.6193e+02 l_diff: 3.1342e+02 l_align: 1.2963e+02 l_total: 7.7176e+02 
2026-05-21 22:17:18,930 INFO: [smal..][epoch:  2, iter:   1,180, lr:(9.945e-04,)][eta: 1:19:52, time (data): 0.206 (0.040)]l_bij: 1.4421e+02 l_orth: 1.4335e+02 l_diff: 3.0808e+02 l_align: 1.1121e+02 l_total: 7.0685e+02 
2026-05-21 22:17:23,004 INFO: [smal..][epoch:  2, iter:   1,200, lr:(9.945e-04,)][eta: 1:19:19, time (data): 0.206 (0.040)]l_bij: 1.7620e+02 l_orth: 1.6578e+02 l_diff: 3.1725e+02 l_align: 1.2925e+02 l_total: 7.8847e+02 
2026-05-21 22:17:27,192 INFO: [smal..][epoch:  2, iter:   1,220, lr:(9.945e-04,)][eta: 1:18:49, time (data): 0.215 (0.043)]l_bij: 1.6350e+02 l_orth: 1.6008e+02 l_diff: 3.1714e+02 l_align: 1.2232e+02 l_total: 7.6305e+02 
2026-05-21 22:17:31,320 INFO: [smal..][epoch:  2, iter:   1,240, lr:(9.945e-04,)][eta: 1:18:19, time (data): 0.210 (0.041)]l_bij: 1.7044e+02 l_orth: 1.6236e+02 l_diff: 3.2105e+02 l_align: 1.2418e+02 l_total: 7.7803e+02 
2026-05-21 22:17:35,436 INFO: [smal..][epoch:  2, iter:   1,260, lr:(9.945e-04,)][eta: 1:17:49, time (data): 0.208 (0.040)]l_bij: 1.5161e+02 l_orth: 1.4718e+02 l_diff: 2.9999e+02 l_align: 1.1009e+02 l_total: 7.0886e+02 
2026-05-21 22:17:39,632 INFO: [smal..][epoch:  2, iter:   1,280, lr:(9.945e-04,)][eta: 1:17:21, time (data): 0.209 (0.041)]l_bij: 1.4593e+02 l_orth: 1.4467e+02 l_diff: 3.1131e+02 l_align: 1.1776e+02 l_total: 7.1966e+02 
2026-05-21 22:17:44,478 INFO: [smal..][epoch:  2, iter:   1,300, lr:(9.945e-04,)][eta: 1:17:02, time (data): 0.216 (0.040)]l_bij: 1.7357e+02 l_orth: 1.6468e+02 l_diff: 3.1500e+02 l_align: 1.3118e+02 l_total: 7.8442e+02 
2026-05-21 22:17:48,555 INFO: [smal..][epoch:  2, iter:   1,320, lr:(9.945e-04,)][eta: 1:16:34, time (data): 0.214 (0.040)]l_bij: 1.3784e+02 l_orth: 1.3771e+02 l_diff: 2.9581e+02 l_align: 1.1022e+02 l_total: 6.8159e+02 
2026-05-21 22:17:53,601 INFO: [smal..][epoch:  2, iter:   1,340, lr:(9.945e-04,)][eta: 1:16:17, time (data): 0.219 (0.041)]l_bij: 1.6191e+02 l_orth: 1.5889e+02 l_diff: 3.0526e+02 l_align: 1.2555e+02 l_total: 7.5162e+02 
2026-05-21 22:17:57,780 INFO: [smal..][epoch:  2, iter:   1,360, lr:(9.945e-04,)][eta: 1:15:52, time (data): 0.218 (0.041)]l_bij: 1.5643e+02 l_orth: 1.5098e+02 l_diff: 3.1040e+02 l_align: 1.1556e+02 l_total: 7.3336e+02 
2026-05-21 22:18:02,437 INFO: [smal..][epoch:  2, iter:   1,380, lr:(9.945e-04,)][eta: 1:15:32, time (data): 0.220 (0.041)]l_bij: 1.7625e+02 l_orth: 1.6795e+02 l_diff: 3.1918e+02 l_align: 1.3395e+02 l_total: 7.9733e+02 
2026-05-21 22:18:06,558 INFO: [smal..][epoch:  2, iter:   1,400, lr:(9.945e-04,)][eta: 1:15:07, time (data): 0.218 (0.041)]l_bij: 1.6103e+02 l_orth: 1.5606e+02 l_diff: 3.0364e+02 l_align: 1.2622e+02 l_total: 7.4694e+02 
2026-05-21 22:18:10,772 INFO: [smal..][epoch:  2, iter:   1,420, lr:(9.945e-04,)][eta: 1:14:43, time (data): 0.207 (0.037)]l_bij: 1.5504e+02 l_orth: 1.5288e+02 l_diff: 3.0811e+02 l_align: 1.1669e+02 l_total: 7.3272e+02 
2026-05-21 22:18:14,936 INFO: [smal..][epoch:  2, iter:   1,440, lr:(9.945e-04,)][eta: 1:14:20, time (data): 0.208 (0.040)]l_bij: 1.3680e+02 l_orth: 1.3665e+02 l_diff: 2.9406e+02 l_align: 1.1509e+02 l_total: 6.8261e+02 
2026-05-21 22:18:19,291 INFO: [smal..][epoch:  2, iter:   1,460, lr:(9.945e-04,)][eta: 1:13:59, time (data): 0.211 (0.041)]l_bij: 1.5393e+02 l_orth: 1.5010e+02 l_diff: 2.9815e+02 l_align: 1.1581e+02 l_total: 7.1799e+02 
2026-05-21 22:18:24,010 INFO: [smal..][epoch:  2, iter:   1,480, lr:(9.945e-04,)][eta: 1:13:42, time (data): 0.218 (0.043)]l_bij: 1.6038e+02 l_orth: 1.5620e+02 l_diff: 2.9938e+02 l_align: 1.1819e+02 l_total: 7.3415e+02 
2026-05-21 22:18:28,806 INFO: [smal..][epoch:  2, iter:   1,500, lr:(9.945e-04,)][eta: 1:13:26, time (data): 0.223 (0.044)]l_bij: 1.2877e+02 l_orth: 1.2806e+02 l_diff: 2.9426e+02 l_align: 1.0126e+02 l_total: 6.5235e+02 
2026-05-21 22:18:33,510 INFO: [smal..][epoch:  2, iter:   1,520, lr:(9.945e-04,)][eta: 1:13:10, time (data): 0.225 (0.044)]l_bij: 1.4446e+02 l_orth: 1.4367e+02 l_diff: 3.0258e+02 l_align: 1.1505e+02 l_total: 7.0575e+02 
2026-05-21 22:18:37,980 INFO: [smal..][epoch:  2, iter:   1,540, lr:(9.945e-04,)][eta: 1:12:52, time (data): 0.225 (0.044)]l_bij: 1.4368e+02 l_orth: 1.4404e+02 l_diff: 3.0714e+02 l_align: 1.1796e+02 l_total: 7.1281e+02 
2026-05-21 22:18:42,024 INFO: [smal..][epoch:  2, iter:   1,560, lr:(9.945e-04,)][eta: 1:12:30, time (data): 0.222 (0.043)]l_bij: 1.0379e+02 l_orth: 1.0887e+02 l_diff: 2.9106e+02 l_align: 9.8270e+01 l_total: 6.0199e+02 
2026-05-21 22:18:46,285 INFO: [smal..][epoch:  2, iter:   1,580, lr:(9.945e-04,)][eta: 1:12:10, time (data): 0.221 (0.043)]l_bij: 1.5432e+02 l_orth: 1.5185e+02 l_diff: 2.9214e+02 l_align: 1.1664e+02 l_total: 7.1495e+02 
2026-05-21 22:18:50,627 INFO: [smal..][epoch:  2, iter:   1,600, lr:(9.945e-04,)][eta: 1:11:52, time (data): 0.220 (0.043)]l_bij: 1.5099e+02 l_orth: 1.4538e+02 l_diff: 2.9126e+02 l_align: 1.0996e+02 l_total: 6.9758e+02 
2026-05-21 22:18:55,028 INFO: [smal..][epoch:  2, iter:   1,620, lr:(9.945e-04,)][eta: 1:11:34, time (data): 0.231 (0.044)]l_bij: 1.7275e+02 l_orth: 1.6939e+02 l_diff: 3.1099e+02 l_align: 1.3413e+02 l_total: 7.8726e+02 
2026-05-21 22:18:59,829 INFO: [smal..][epoch:  2, iter:   1,640, lr:(9.945e-04,)][eta: 1:11:21, time (data): 0.236 (0.047)]l_bij: 4.2405e+01 l_orth: 7.7700e+01 l_diff: 2.9231e+02 l_align: 1.2929e+02 l_total: 5.4171e+02 
2026-05-21 22:19:04,521 INFO: [smal..][epoch:  2, iter:   1,660, lr:(9.945e-04,)][eta: 1:11:06, time (data): 0.236 (0.046)]l_bij: 1.3200e+02 l_orth: 1.3377e+02 l_diff: 3.0236e+02 l_align: 1.1114e+02 l_total: 6.7927e+02 
2026-05-21 22:19:08,805 INFO: [smal..][epoch:  2, iter:   1,680, lr:(9.945e-04,)][eta: 1:10:49, time (data): 0.230 (0.046)]l_bij: 4.1070e+01 l_orth: 7.5357e+01 l_diff: 2.9197e+02 l_align: 1.2676e+02 l_total: 5.3515e+02 
2026-05-21 22:19:14,513 INFO: [smal..][epoch:  3, iter:   1,700, lr:(9.780e-04,)][eta: 1:10:44, time (data): 0.242 (0.053)]l_bij: 1.4930e+02 l_orth: 1.4424e+02 l_diff: 2.8776e+02 l_align: 1.1129e+02 l_total: 6.9257e+02 
2026-05-21 22:19:22,591 INFO: [smal..][epoch:  3, iter:   1,720, lr:(9.780e-04,)][eta: 1:11:00, time (data): 0.271 (0.050)]l_bij: 1.8261e+02 l_orth: 1.7385e+02 l_diff: 3.2587e+02 l_align: 1.3585e+02 l_total: 8.1819e+02 
2026-05-21 22:19:28,579 INFO: [smal..][epoch:  3, iter:   1,740, lr:(9.780e-04,)][eta: 1:10:57, time (data): 0.275 (0.048)]l_bij: 1.7570e+02 l_orth: 1.7106e+02 l_diff: 3.1593e+02 l_align: 1.3212e+02 l_total: 7.9481e+02 
2026-05-21 22:19:33,805 INFO: [smal..][epoch:  3, iter:   1,760, lr:(9.780e-04,)][eta: 1:10:48, time (data): 0.273 (0.046)]l_bij: 1.6206e+02 l_orth: 1.5712e+02 l_diff: 3.1335e+02 l_align: 1.2125e+02 l_total: 7.5377e+02 
2026-05-21 22:19:41,237 INFO: [smal..][epoch:  3, iter:   1,780, lr:(9.780e-04,)][eta: 1:10:57, time (data): 0.285 (0.045)]l_bij: 1.7612e+02 l_orth: 1.6820e+02 l_diff: 3.1920e+02 l_align: 1.2296e+02 l_total: 7.8649e+02 
2026-05-21 22:19:47,660 INFO: [smal..][epoch:  3, iter:   1,800, lr:(9.780e-04,)][eta: 1:10:58, time (data): 0.288 (0.044)]l_bij: 1.5849e+02 l_orth: 1.5647e+02 l_diff: 2.9519e+02 l_align: 1.2767e+02 l_total: 7.3782e+02 
2026-05-21 22:19:54,392 INFO: [smal..][epoch:  3, iter:   1,820, lr:(9.780e-04,)][eta: 1:11:01, time (data): 0.260 (0.034)]l_bij: 1.4999e+02 l_orth: 1.4705e+02 l_diff: 2.9410e+02 l_align: 1.1375e+02 l_total: 7.0488e+02 
2026-05-21 22:20:00,771 INFO: [smal..][epoch:  3, iter:   1,840, lr:(9.780e-04,)][eta: 1:11:01, time (data): 0.298 (0.033)]l_bij: 1.5721e+02 l_orth: 1.5537e+02 l_diff: 2.9823e+02 l_align: 1.2652e+02 l_total: 7.3733e+02 
2026-05-21 22:20:06,793 INFO: [smal..][epoch:  3, iter:   1,860, lr:(9.780e-04,)][eta: 1:10:58, time (data): 0.299 (0.034)]l_bij: 1.5018e+02 l_orth: 1.4772e+02 l_diff: 2.9028e+02 l_align: 1.0912e+02 l_total: 6.9730e+02 
2026-05-21 22:20:14,209 INFO: [smal..][epoch:  3, iter:   1,880, lr:(9.780e-04,)][eta: 1:11:06, time (data): 0.319 (0.034)]l_bij: 1.1146e+02 l_orth: 1.1540e+02 l_diff: 2.8702e+02 l_align: 1.0171e+02 l_total: 6.1559e+02 
2026-05-21 22:20:20,598 INFO: [smal..][epoch:  3, iter:   1,900, lr:(9.780e-04,)][eta: 1:11:06, time (data): 0.319 (0.034)]l_bij: 1.4021e+02 l_orth: 1.3873e+02 l_diff: 2.9252e+02 l_align: 1.1208e+02 l_total: 6.8354e+02 
2026-05-21 22:20:26,243 INFO: [smal..][epoch:  3, iter:   1,920, lr:(9.780e-04,)][eta: 1:10:59, time (data): 0.313 (0.034)]l_bij: 1.6761e+02 l_orth: 1.6224e+02 l_diff: 3.0111e+02 l_align: 1.2663e+02 l_total: 7.5759e+02 
2026-05-21 22:20:32,419 INFO: [smal..][epoch:  3, iter:   1,940, lr:(9.780e-04,)][eta: 1:10:57, time (data): 0.312 (0.035)]l_bij: 1.3004e+02 l_orth: 1.3068e+02 l_diff: 2.8247e+02 l_align: 1.0015e+02 l_total: 6.4333e+02 
2026-05-21 22:20:38,419 INFO: [smal..][epoch:  3, iter:   1,960, lr:(9.780e-04,)][eta: 1:10:54, time (data): 0.310 (0.035)]l_bij: 1.4673e+02 l_orth: 1.4304e+02 l_diff: 2.9193e+02 l_align: 1.0937e+02 l_total: 6.9107e+02 
2026-05-21 22:20:44,999 INFO: [smal..][epoch:  3, iter:   1,980, lr:(9.780e-04,)][eta: 1:10:54, time (data): 0.313 (0.035)]l_bij: 1.0632e+02 l_orth: 1.1574e+02 l_diff: 2.7583e+02 l_align: 1.0112e+02 l_total: 5.9900e+02 
2026-05-21 22:20:51,746 INFO: [smal..][epoch:  3, iter:   2,000, lr:(9.780e-04,)][eta: 1:10:56, time (data): 0.315 (0.034)]l_bij: 1.3064e+02 l_orth: 1.3364e+02 l_diff: 2.8724e+02 l_align: 1.0698e+02 l_total: 6.5851e+02 
2026-05-21 22:20:51,746 INFO: Saving models and training states.
2026-05-21 22:20:51,764 INFO: Start validation.
2026-05-21 22:26:19,386 INFO: Avg time: 0.5084
2026-05-21 22:26:19,599 INFO: Val auc: 0.6003
2026-05-21 22:26:19,604 INFO: Val avg error: 0.0857
2026-05-21 22:26:19,612 INFO: Best model is updated, average geodesic error: 0.0857
2026-05-21 22:26:29,999 INFO: [smal..][epoch:  3, iter:   2,020, lr:(9.780e-04,)][eta: 1:51:25, time (data): 0.504 (0.033)]l_bij: 1.4643e+02 l_orth: 1.4464e+02 l_diff: 2.8792e+02 l_align: 1.1586e+02 l_total: 6.9486e+02 
2026-05-21 22:26:41,449 INFO: [smal..][epoch:  3, iter:   2,040, lr:(9.780e-04,)][eta: 1:51:34, time (data): 0.550 (0.035)]l_bij: 1.4285e+02 l_orth: 1.4048e+02 l_diff: 2.8896e+02 l_align: 1.1163e+02 l_total: 6.8392e+02 
2026-05-21 22:26:52,392 INFO: [smal..][epoch:  3, iter:   2,060, lr:(9.780e-04,)][eta: 1:51:38, time (data): 0.549 (0.035)]l_bij: 1.0141e+02 l_orth: 1.1008e+02 l_diff: 2.7265e+02 l_align: 9.4346e+01 l_total: 5.7849e+02 
2026-05-21 22:27:04,054 INFO: [smal..][epoch:  3, iter:   2,080, lr:(9.780e-04,)][eta: 1:51:47, time (data): 0.558 (0.034)]l_bij: 1.5395e+02 l_orth: 1.4946e+02 l_diff: 3.0001e+02 l_align: 1.1458e+02 l_total: 7.1801e+02 
2026-05-21 22:27:15,941 INFO: [smal..][epoch:  3, iter:   2,100, lr:(9.780e-04,)][eta: 1:51:58, time (data): 0.566 (0.035)]l_bij: 2.9584e+01 l_orth: 6.4785e+01 l_diff: 2.7958e+02 l_align: 1.2367e+02 l_total: 4.9761e+02 
2026-05-21 22:27:27,806 INFO: [smal..][epoch:  3, iter:   2,120, lr:(9.780e-04,)][eta: 1:52:07, time (data): 0.571 (0.035)]l_bij: 1.6547e+02 l_orth: 1.6199e+02 l_diff: 3.0161e+02 l_align: 1.2829e+02 l_total: 7.5736e+02 
2026-05-21 22:27:40,747 INFO: [smal..][epoch:  3, iter:   2,140, lr:(9.780e-04,)][eta: 1:52:24, time (data): 0.583 (0.034)]l_bij: 1.3296e+02 l_orth: 1.3540e+02 l_diff: 2.8107e+02 l_align: 1.0132e+02 l_total: 6.5076e+02 
2026-05-21 22:27:51,697 INFO: [smal..][epoch:  3, iter:   2,160, lr:(9.780e-04,)][eta: 1:52:27, time (data): 0.578 (0.034)]l_bij: 1.4542e+02 l_orth: 1.4135e+02 l_diff: 2.9125e+02 l_align: 1.0755e+02 l_total: 6.8557e+02 
2026-05-21 22:28:03,447 INFO: [smal..][epoch:  3, iter:   2,180, lr:(9.780e-04,)][eta: 1:52:35, time (data): 0.579 (0.034)]l_bij: 1.4313e+02 l_orth: 1.4132e+02 l_diff: 2.8477e+02 l_align: 1.1101e+02 l_total: 6.8022e+02 
2026-05-21 22:28:13,460 INFO: [smal..][epoch:  3, iter:   2,200, lr:(9.780e-04,)][eta: 1:52:31, time (data): 0.571 (0.034)]l_bij: 1.3024e+02 l_orth: 1.3064e+02 l_diff: 2.8194e+02 l_align: 9.9227e+01 l_total: 6.4205e+02 
2026-05-21 22:28:24,283 INFO: [smal..][epoch:  3, iter:   2,220, lr:(9.780e-04,)][eta: 1:52:32, time (data): 0.508 (0.033)]l_bij: 1.3117e+02 l_orth: 1.3475e+02 l_diff: 2.8291e+02 l_align: 1.0265e+02 l_total: 6.5147e+02 
2026-05-21 22:28:35,110 INFO: [smal..][epoch:  3, iter:   2,240, lr:(9.780e-04,)][eta: 1:52:33, time (data): 0.531 (0.034)]l_bij: 9.6680e+01 l_orth: 1.0791e+02 l_diff: 2.7796e+02 l_align: 1.0133e+02 l_total: 5.8388e+02 
2026-05-21 22:28:45,733 INFO: [smal..][epoch:  3, iter:   2,260, lr:(9.780e-04,)][eta: 1:52:33, time (data): 0.531 (0.034)]l_bij: 1.3577e+02 l_orth: 1.3370e+02 l_diff: 2.7295e+02 l_align: 9.6687e+01 l_total: 6.3910e+02 
2026-05-21 22:28:57,027 INFO: [smal..][epoch:  3, iter:   2,280, lr:(9.780e-04,)][eta: 1:52:36, time (data): 0.541 (0.034)]l_bij: 1.4043e+02 l_orth: 1.4100e+02 l_diff: 2.8783e+02 l_align: 1.0646e+02 l_total: 6.7572e+02 
2026-05-21 22:29:08,819 INFO: [smal..][epoch:  3, iter:   2,300, lr:(9.780e-04,)][eta: 1:52:43, time (data): 0.552 (0.034)]l_bij: 1.2383e+02 l_orth: 1.2573e+02 l_diff: 2.7796e+02 l_align: 9.7659e+01 l_total: 6.2517e+02 
2026-05-21 22:29:19,410 INFO: [smal..][epoch:  3, iter:   2,320, lr:(9.780e-04,)][eta: 1:52:41, time (data): 0.548 (0.034)]l_bij: 1.4134e+02 l_orth: 1.4126e+02 l_diff: 2.8496e+02 l_align: 1.1228e+02 l_total: 6.7984e+02 
2026-05-21 22:29:32,374 INFO: [smal..][epoch:  3, iter:   2,340, lr:(9.780e-04,)][eta: 1:52:54, time (data): 0.563 (0.034)]l_bij: 1.3541e+02 l_orth: 1.3621e+02 l_diff: 2.7959e+02 l_align: 9.8282e+01 l_total: 6.4949e+02 
2026-05-21 22:29:44,892 INFO: [smal..][epoch:  3, iter:   2,360, lr:(9.780e-04,)][eta: 1:53:04, time (data): 0.572 (0.034)]l_bij: 9.9880e+01 l_orth: 1.0798e+02 l_diff: 2.7249e+02 l_align: 9.3821e+01 l_total: 5.7417e+02 
2026-05-21 22:29:55,265 INFO: [smal..][epoch:  3, iter:   2,380, lr:(9.780e-04,)][eta: 1:53:01, time (data): 0.565 (0.034)]l_bij: 1.2085e+02 l_orth: 1.2364e+02 l_diff: 2.7577e+02 l_align: 9.4872e+01 l_total: 6.1513e+02 
2026-05-21 22:30:05,904 INFO: [smal..][epoch:  3, iter:   2,400, lr:(9.780e-04,)][eta: 1:52:59, time (data): 0.562 (0.034)]l_bij: 1.4102e+02 l_orth: 1.4060e+02 l_diff: 2.8311e+02 l_align: 1.1037e+02 l_total: 6.7510e+02 
2026-05-21 22:30:16,412 INFO: [smal..][epoch:  3, iter:   2,420, lr:(9.780e-04,)][eta: 1:52:56, time (data): 0.570 (0.039)]l_bij: 1.5025e+02 l_orth: 1.4616e+02 l_diff: 2.8900e+02 l_align: 1.1251e+02 l_total: 6.9791e+02 
2026-05-21 22:30:28,860 INFO: [smal..][epoch:  3, iter:   2,440, lr:(9.780e-04,)][eta: 1:53:05, time (data): 0.608 (0.035)]l_bij: 1.0929e+02 l_orth: 1.1570e+02 l_diff: 2.7763e+02 l_align: 9.9665e+01 l_total: 6.0229e+02 
2026-05-21 22:30:40,229 INFO: [smal..][epoch:  3, iter:   2,460, lr:(9.780e-04,)][eta: 1:53:07, time (data): 0.591 (0.035)]l_bij: 1.4565e+02 l_orth: 1.4663e+02 l_diff: 2.9938e+02 l_align: 1.1329e+02 l_total: 7.0496e+02 
2026-05-21 22:30:51,479 INFO: [smal..][epoch:  3, iter:   2,480, lr:(9.780e-04,)][eta: 1:53:07, time (data): 0.583 (0.035)]l_bij: 1.5469e+02 l_orth: 1.5331e+02 l_diff: 2.9031e+02 l_align: 1.1674e+02 l_total: 7.1505e+02 
2026-05-21 22:31:03,076 INFO: [smal..][epoch:  3, iter:   2,500, lr:(9.780e-04,)][eta: 1:53:10, time (data): 0.582 (0.034)]l_bij: 1.4739e+02 l_orth: 1.4433e+02 l_diff: 2.8681e+02 l_align: 1.0816e+02 l_total: 6.8670e+02 
2026-05-21 22:31:14,359 INFO: [smal..][epoch:  3, iter:   2,520, lr:(9.780e-04,)][eta: 1:53:11, time (data): 0.579 (0.035)]l_bij: 1.6749e+02 l_orth: 1.6502e+02 l_diff: 3.1283e+02 l_align: 1.3304e+02 l_total: 7.7837e+02 
2026-05-21 22:31:26,856 INFO: [smal..][epoch:  4, iter:   2,540, lr:(9.510e-04,)][eta: 1:53:18, time (data): 0.586 (0.042)]l_bij: 1.4068e+02 l_orth: 1.3980e+02 l_diff: 2.7606e+02 l_align: 1.0406e+02 l_total: 6.6060e+02 
2026-05-21 22:31:37,054 INFO: [smal..][epoch:  4, iter:   2,560, lr:(9.510e-04,)][eta: 1:53:12, time (data): 0.576 (0.041)]l_bij: 1.6665e+02 l_orth: 1.6438e+02 l_diff: 3.0572e+02 l_align: 1.3112e+02 l_total: 7.6787e+02 
2026-05-21 22:31:48,597 INFO: [smal..][epoch:  4, iter:   2,580, lr:(9.510e-04,)][eta: 1:53:14, time (data): 0.576 (0.040)]l_bij: 1.5326e+02 l_orth: 1.4840e+02 l_diff: 2.8003e+02 l_align: 1.1403e+02 l_total: 6.9571e+02 
2026-05-21 22:32:01,735 INFO: [smal..][epoch:  4, iter:   2,600, lr:(9.510e-04,)][eta: 1:53:24, time (data): 0.584 (0.040)]l_bij: 1.0437e+02 l_orth: 1.0982e+02 l_diff: 2.6411e+02 l_align: 8.8120e+01 l_total: 5.6642e+02 
2026-05-21 22:32:10,035 INFO: [smal..][epoch:  4, iter:   2,620, lr:(9.510e-04,)][eta: 1:53:08, time (data): 0.377 (0.037)]l_bij: 1.4971e+02 l_orth: 1.4526e+02 l_diff: 2.8103e+02 l_align: 1.1350e+02 l_total: 6.8951e+02 
2026-05-21 22:32:16,931 INFO: [smal..][epoch:  4, iter:   2,640, lr:(9.510e-04,)][eta: 1:52:44, time (data): 0.353 (0.034)]l_bij: 1.3306e+02 l_orth: 1.3334e+02 l_diff: 2.8171e+02 l_align: 1.1292e+02 l_total: 6.6104e+02 
2026-05-21 22:32:23,507 INFO: [smal..][epoch:  4, iter:   2,660, lr:(9.510e-04,)][eta: 1:52:19, time (data): 0.343 (0.033)]l_bij: 1.4328e+02 l_orth: 1.4154e+02 l_diff: 2.8281e+02 l_align: 1.1388e+02 l_total: 6.8151e+02 
2026-05-21 22:32:31,330 INFO: [smal..][epoch:  4, iter:   2,680, lr:(9.510e-04,)][eta: 1:52:00, time (data): 0.357 (0.033)]l_bij: 1.3012e+02 l_orth: 1.3261e+02 l_diff: 2.7939e+02 l_align: 1.0242e+02 l_total: 6.4454e+02 
2026-05-21 22:32:40,393 INFO: [smal..][epoch:  4, iter:   2,700, lr:(9.510e-04,)][eta: 1:51:48, time (data): 0.379 (0.034)]l_bij: 1.2336e+02 l_orth: 1.3027e+02 l_diff: 2.7867e+02 l_align: 1.0786e+02 l_total: 6.4016e+02 
2026-05-21 22:32:49,971 INFO: [smal..][epoch:  4, iter:   2,720, lr:(9.510e-04,)][eta: 1:51:39, time (data): 0.398 (0.034)]l_bij: 1.4456e+02 l_orth: 1.4196e+02 l_diff: 2.8122e+02 l_align: 1.1432e+02 l_total: 6.8207e+02 
2026-05-21 22:33:00,179 INFO: [smal..][epoch:  4, iter:   2,740, lr:(9.510e-04,)][eta: 1:51:33, time (data): 0.416 (0.034)]l_bij: 1.6766e+02 l_orth: 1.6991e+02 l_diff: 3.1633e+02 l_align: 1.3072e+02 l_total: 7.8462e+02 
2026-05-21 22:33:12,036 INFO: [smal..][epoch:  4, iter:   2,760, lr:(9.510e-04,)][eta: 1:51:36, time (data): 0.440 (0.035)]l_bij: 1.4802e+02 l_orth: 1.4510e+02 l_diff: 2.8673e+02 l_align: 1.1217e+02 l_total: 6.9203e+02 
2026-05-21 22:33:22,571 INFO: [smal..][epoch:  4, iter:   2,780, lr:(9.510e-04,)][eta: 1:51:31, time (data): 0.450 (0.035)]l_bij: 1.2821e+02 l_orth: 1.3005e+02 l_diff: 2.8090e+02 l_align: 1.0300e+02 l_total: 6.4216e+02 
2026-05-21 22:33:33,068 INFO: [smal..][epoch:  4, iter:   2,800, lr:(9.510e-04,)][eta: 1:51:27, time (data): 0.458 (0.035)]l_bij: 1.4020e+02 l_orth: 1.3909e+02 l_diff: 2.9339e+02 l_align: 1.0923e+02 l_total: 6.8190e+02 
2026-05-21 22:33:44,013 INFO: [smal..][epoch:  4, iter:   2,820, lr:(9.510e-04,)][eta: 1:51:24, time (data): 0.458 (0.040)]l_bij: 1.3702e+02 l_orth: 1.3343e+02 l_diff: 2.7770e+02 l_align: 1.0324e+02 l_total: 6.5139e+02 
2026-05-21 22:33:54,298 INFO: [smal..][epoch:  4, iter:   2,840, lr:(9.510e-04,)][eta: 1:51:18, time (data): 0.501 (0.036)]l_bij: 1.6188e+02 l_orth: 1.5828e+02 l_diff: 3.0864e+02 l_align: 1.2207e+02 l_total: 7.5087e+02 
2026-05-21 22:34:05,003 INFO: [smal..][epoch:  4, iter:   2,860, lr:(9.510e-04,)][eta: 1:51:14, time (data): 0.516 (0.037)]l_bij: 1.4313e+02 l_orth: 1.4238e+02 l_diff: 2.8646e+02 l_align: 1.0531e+02 l_total: 6.7728e+02 
2026-05-21 22:34:13,405 INFO: [smal..][epoch:  4, iter:   2,880, lr:(9.510e-04,)][eta: 1:50:59, time (data): 0.487 (0.036)]l_bij: 1.5672e+02 l_orth: 1.5263e+02 l_diff: 2.8197e+02 l_align: 1.1883e+02 l_total: 7.1015e+02 
2026-05-21 22:34:23,995 INFO: [smal..][epoch:  4, iter:   2,900, lr:(9.510e-04,)][eta: 1:50:54, time (data): 0.497 (0.035)]l_bij: 1.1866e+02 l_orth: 1.2325e+02 l_diff: 2.7174e+02 l_align: 9.1950e+01 l_total: 6.0560e+02 
2026-05-21 22:34:34,740 INFO: [smal..][epoch:  4, iter:   2,920, lr:(9.510e-04,)][eta: 1:50:50, time (data): 0.504 (0.035)]l_bij: 3.1022e+01 l_orth: 7.2164e+01 l_diff: 2.6455e+02 l_align: 1.1300e+02 l_total: 4.8073e+02 
2026-05-21 22:34:45,779 INFO: [smal..][epoch:  4, iter:   2,940, lr:(9.510e-04,)][eta: 1:50:48, time (data): 0.512 (0.035)]l_bij: 1.7254e+02 l_orth: 1.6851e+02 l_diff: 3.0900e+02 l_align: 1.3084e+02 l_total: 7.8089e+02 
2026-05-21 22:34:56,652 INFO: [smal..][epoch:  4, iter:   2,960, lr:(9.510e-04,)][eta: 1:50:44, time (data): 0.516 (0.035)]l_bij: 1.3765e+02 l_orth: 1.3733e+02 l_diff: 2.7345e+02 l_align: 1.0352e+02 l_total: 6.5195e+02 
2026-05-21 22:35:07,012 INFO: [smal..][epoch:  4, iter:   2,980, lr:(9.510e-04,)][eta: 1:50:38, time (data): 0.516 (0.035)]l_bij: 1.4439e+02 l_orth: 1.4210e+02 l_diff: 2.8421e+02 l_align: 1.0963e+02 l_total: 6.8033e+02 
2026-05-21 22:35:16,698 INFO: [smal..][epoch:  4, iter:   3,000, lr:(9.510e-04,)][eta: 1:50:29, time (data): 0.513 (0.035)]l_bij: 1.3036e+02 l_orth: 1.3246e+02 l_diff: 2.7729e+02 l_align: 1.0481e+02 l_total: 6.4492e+02 
2026-05-21 22:35:29,425 INFO: [smal..][epoch:  4, iter:   3,020, lr:(9.510e-04,)][eta: 1:50:34, time (data): 0.467 (0.034)]l_bij: 1.0330e+02 l_orth: 1.1189e+02 l_diff: 2.6964e+02 l_align: 9.6018e+01 l_total: 5.8085e+02 
2026-05-21 22:35:39,523 INFO: [smal..][epoch:  4, iter:   3,040, lr:(9.510e-04,)][eta: 1:50:26, time (data): 0.497 (0.035)]l_bij: 1.2930e+02 l_orth: 1.2949e+02 l_diff: 2.7297e+02 l_align: 9.7289e+01 l_total: 6.2906e+02 
2026-05-21 22:35:48,288 INFO: [smal..][epoch:  4, iter:   3,060, lr:(9.510e-04,)][eta: 1:50:13, time (data): 0.471 (0.036)]l_bij: 9.6985e+01 l_orth: 1.0659e+02 l_diff: 2.6366e+02 l_align: 9.0032e+01 l_total: 5.5726e+02 
2026-05-21 22:36:00,736 INFO: [smal..][epoch:  4, iter:   3,080, lr:(9.510e-04,)][eta: 1:50:16, time (data): 0.518 (0.036)]l_bij: 1.3819e+02 l_orth: 1.3737e+02 l_diff: 2.7028e+02 l_align: 1.0234e+02 l_total: 6.4818e+02 
2026-05-21 22:36:09,237 INFO: [smal..][epoch:  4, iter:   3,100, lr:(9.510e-04,)][eta: 1:50:01, time (data): 0.496 (0.035)]l_bij: 1.4285e+02 l_orth: 1.4153e+02 l_diff: 2.8227e+02 l_align: 1.0190e+02 l_total: 6.6855e+02 
2026-05-21 22:36:20,083 INFO: [smal..][epoch:  4, iter:   3,120, lr:(9.510e-04,)][eta: 1:49:57, time (data): 0.505 (0.036)]l_bij: 1.3526e+02 l_orth: 1.3450e+02 l_diff: 2.7995e+02 l_align: 1.0752e+02 l_total: 6.5722e+02 
2026-05-21 22:36:30,796 INFO: [smal..][epoch:  4, iter:   3,140, lr:(9.510e-04,)][eta: 1:49:52, time (data): 0.510 (0.036)]l_bij: 1.4194e+02 l_orth: 1.4147e+02 l_diff: 2.7831e+02 l_align: 1.0288e+02 l_total: 6.6461e+02 
2026-05-21 22:36:41,904 INFO: [smal..][epoch:  4, iter:   3,160, lr:(9.510e-04,)][eta: 1:49:49, time (data): 0.516 (0.036)]l_bij: 1.3941e+02 l_orth: 1.4091e+02 l_diff: 2.8057e+02 l_align: 1.1047e+02 l_total: 6.7137e+02 
2026-05-21 22:36:53,488 INFO: [smal..][epoch:  4, iter:   3,180, lr:(9.510e-04,)][eta: 1:49:47, time (data): 0.524 (0.036)]l_bij: 1.3590e+02 l_orth: 1.3701e+02 l_diff: 2.8528e+02 l_align: 1.0270e+02 l_total: 6.6089e+02 
2026-05-21 22:37:01,672 INFO: [smal..][epoch:  4, iter:   3,200, lr:(9.510e-04,)][eta: 1:49:31, time (data): 0.511 (0.035)]l_bij: 1.1916e+02 l_orth: 1.2724e+02 l_diff: 2.7557e+02 l_align: 9.9033e+01 l_total: 6.2100e+02 
2026-05-21 22:37:08,323 INFO: [smal..][epoch:  4, iter:   3,220, lr:(9.510e-04,)][eta: 1:49:09, time (data): 0.254 (0.032)]l_bij: 1.4244e+02 l_orth: 1.3979e+02 l_diff: 2.7791e+02 l_align: 1.0337e+02 l_total: 6.6352e+02 
2026-05-21 22:37:15,029 INFO: [smal..][epoch:  4, iter:   3,240, lr:(9.510e-04,)][eta: 1:48:47, time (data): 0.322 (0.032)]l_bij: 2.2732e+01 l_orth: 6.3068e+01 l_diff: 2.5725e+02 l_align: 1.0904e+02 l_total: 4.5209e+02 
2026-05-21 22:37:21,203 INFO: [smal..][epoch:  4, iter:   3,260, lr:(9.510e-04,)][eta: 1:48:23, time (data): 0.316 (0.032)]l_bij: 8.9285e+01 l_orth: 1.0155e+02 l_diff: 2.6321e+02 l_align: 9.5778e+01 l_total: 5.4982e+02 
2026-05-21 22:37:29,442 INFO: [smal..][epoch:  4, iter:   3,280, lr:(9.510e-04,)][eta: 1:48:08, time (data): 0.346 (0.033)]l_bij: 1.1188e+02 l_orth: 1.2019e+02 l_diff: 2.6512e+02 l_align: 9.4192e+01 l_total: 5.9137e+02 
2026-05-21 22:37:38,438 INFO: [smal..][epoch:  4, iter:   3,300, lr:(9.510e-04,)][eta: 1:47:56, time (data): 0.370 (0.033)]l_bij: 1.5466e+02 l_orth: 1.5245e+02 l_diff: 3.0025e+02 l_align: 1.1155e+02 l_total: 7.1891e+02 
2026-05-21 22:37:48,001 INFO: [smal..][epoch:  4, iter:   3,320, lr:(9.510e-04,)][eta: 1:47:47, time (data): 0.391 (0.034)]l_bij: 1.2602e+02 l_orth: 1.2849e+02 l_diff: 2.7314e+02 l_align: 9.8280e+01 l_total: 6.2593e+02 
2026-05-21 22:37:58,297 INFO: [smal..][epoch:  4, iter:   3,340, lr:(9.510e-04,)][eta: 1:47:40, time (data): 0.411 (0.034)]l_bij: 1.2519e+02 l_orth: 1.2730e+02 l_diff: 2.7420e+02 l_align: 9.3083e+01 l_total: 6.1977e+02 
2026-05-21 22:38:08,826 INFO: [smal..][epoch:  4, iter:   3,360, lr:(9.510e-04,)][eta: 1:47:34, time (data): 0.427 (0.034)]l_bij: 1.4774e+02 l_orth: 1.4879e+02 l_diff: 2.8284e+02 l_align: 1.1631e+02 l_total: 6.9568e+02 
2026-05-21 22:38:19,513 INFO: [smal..][epoch:  5, iter:   3,380, lr:(9.141e-04,)][eta: 1:47:29, time (data): 0.440 (0.039)]l_bij: 1.0637e+02 l_orth: 1.1296e+02 l_diff: 2.6201e+02 l_align: 8.4752e+01 l_total: 5.6609e+02 
2026-05-21 22:38:30,970 INFO: [smal..][epoch:  5, iter:   3,400, lr:(9.141e-04,)][eta: 1:47:27, time (data): 0.455 (0.039)]l_bij: 1.9196e+01 l_orth: 5.6675e+01 l_diff: 2.5068e+02 l_align: 1.0568e+02 l_total: 4.3223e+02 
2026-05-21 22:38:40,420 INFO: [smal..][epoch:  5, iter:   3,420, lr:(9.141e-04,)][eta: 1:47:16, time (data): 0.466 (0.032)]l_bij: 1.2562e+02 l_orth: 1.2675e+02 l_diff: 2.6263e+02 l_align: 9.9588e+01 l_total: 6.1459e+02 
2026-05-21 22:38:49,591 INFO: [smal..][epoch:  5, iter:   3,440, lr:(9.141e-04,)][eta: 1:47:05, time (data): 0.459 (0.036)]l_bij: 1.3452e+02 l_orth: 1.3524e+02 l_diff: 2.7535e+02 l_align: 1.0100e+02 l_total: 6.4611e+02 
2026-05-21 22:38:59,095 INFO: [smal..][epoch:  5, iter:   3,460, lr:(9.141e-04,)][eta: 1:46:55, time (data): 0.467 (0.036)]l_bij: 8.9479e+01 l_orth: 1.0183e+02 l_diff: 2.6689e+02 l_align: 9.5547e+01 l_total: 5.5375e+02 
2026-05-21 22:39:09,977 INFO: [smal..][epoch:  5, iter:   3,480, lr:(9.141e-04,)][eta: 1:46:50, time (data): 0.491 (0.036)]l_bij: 1.4625e+02 l_orth: 1.4640e+02 l_diff: 2.8816e+02 l_align: 1.1072e+02 l_total: 6.9152e+02 
2026-05-21 22:39:19,475 INFO: [smal..][epoch:  5, iter:   3,500, lr:(9.141e-04,)][eta: 1:46:40, time (data): 0.487 (0.036)]l_bij: 1.6803e+02 l_orth: 1.6269e+02 l_diff: 3.0690e+02 l_align: 1.2378e+02 l_total: 7.6141e+02 
2026-05-21 22:39:30,136 INFO: [smal..][epoch:  5, iter:   3,520, lr:(9.141e-04,)][eta: 1:46:35, time (data): 0.496 (0.036)]l_bij: 1.3163e+02 l_orth: 1.3142e+02 l_diff: 2.7413e+02 l_align: 1.0203e+02 l_total: 6.3921e+02 
2026-05-21 22:39:40,590 INFO: [smal..][epoch:  5, iter:   3,540, lr:(9.141e-04,)][eta: 1:46:28, time (data): 0.500 (0.036)]l_bij: 1.4880e+02 l_orth: 1.4372e+02 l_diff: 2.7287e+02 l_align: 1.0861e+02 l_total: 6.7400e+02 
2026-05-21 22:39:51,630 INFO: [smal..][epoch:  5, iter:   3,560, lr:(9.141e-04,)][eta: 1:46:24, time (data): 0.508 (0.035)]l_bij: 1.3027e+02 l_orth: 1.3209e+02 l_diff: 2.7293e+02 l_align: 9.8816e+01 l_total: 6.3410e+02 
2026-05-21 22:40:01,876 INFO: [smal..][epoch:  5, iter:   3,580, lr:(9.141e-04,)][eta: 1:46:16, time (data): 0.508 (0.036)]l_bij: 1.3151e+02 l_orth: 1.3420e+02 l_diff: 2.8491e+02 l_align: 9.8607e+01 l_total: 6.4923e+02 
2026-05-21 22:40:13,922 INFO: [smal..][epoch:  5, iter:   3,600, lr:(9.141e-04,)][eta: 1:46:16, time (data): 0.519 (0.035)]l_bij: 9.5695e+01 l_orth: 1.0906e+02 l_diff: 2.6266e+02 l_align: 9.4884e+01 l_total: 5.6230e+02 
2026-05-21 22:40:22,678 INFO: [smal..][epoch:  5, iter:   3,620, lr:(9.141e-04,)][eta: 1:46:03, time (data): 0.177 (0.032)]l_bij: 6.6803e+01 l_orth: 8.8689e+01 l_diff: 2.6062e+02 l_align: 8.9653e+01 l_total: 5.0576e+02 
2026-05-21 22:40:32,506 INFO: [smal..][epoch:  5, iter:   3,640, lr:(9.141e-04,)][eta: 1:45:54, time (data): 0.463 (0.035)]l_bij: 1.3288e+02 l_orth: 1.3728e+02 l_diff: 2.7470e+02 l_align: 1.0597e+02 l_total: 6.5084e+02 
2026-05-21 22:40:43,529 INFO: [smal..][epoch:  5, iter:   3,660, lr:(9.141e-04,)][eta: 1:45:49, time (data): 0.505 (0.037)]l_bij: 1.2220e+02 l_orth: 1.2520e+02 l_diff: 2.6584e+02 l_align: 8.9796e+01 l_total: 6.0304e+02 
2026-05-21 22:40:52,994 INFO: [smal..][epoch:  5, iter:   3,680, lr:(9.141e-04,)][eta: 1:45:39, time (data): 0.495 (0.036)]l_bij: 8.8237e+01 l_orth: 1.0444e+02 l_diff: 2.6349e+02 l_align: 8.7994e+01 l_total: 5.4416e+02 
2026-05-21 22:41:02,848 INFO: [smal..][epoch:  5, iter:   3,700, lr:(9.141e-04,)][eta: 1:45:30, time (data): 0.494 (0.036)]l_bij: 1.0282e+02 l_orth: 1.1152e+02 l_diff: 2.5996e+02 l_align: 8.9012e+01 l_total: 5.6330e+02 
2026-05-21 22:41:14,491 INFO: [smal..][epoch:  5, iter:   3,720, lr:(9.141e-04,)][eta: 1:45:27, time (data): 0.511 (0.036)]l_bij: 1.5547e+02 l_orth: 1.5627e+02 l_diff: 3.0102e+02 l_align: 1.2173e+02 l_total: 7.3449e+02 
2026-05-21 22:41:23,471 INFO: [smal..][epoch:  5, iter:   3,740, lr:(9.141e-04,)][eta: 1:45:15, time (data): 0.501 (0.036)]l_bij: 1.5183e+02 l_orth: 1.5132e+02 l_diff: 2.9177e+02 l_align: 1.1434e+02 l_total: 7.0926e+02 
2026-05-21 22:41:32,520 INFO: [smal..][epoch:  5, iter:   3,760, lr:(9.141e-04,)][eta: 1:45:03, time (data): 0.494 (0.035)]l_bij: 1.3037e+02 l_orth: 1.3073e+02 l_diff: 2.7761e+02 l_align: 9.5092e+01 l_total: 6.3380e+02 
2026-05-21 22:41:43,706 INFO: [smal..][epoch:  5, iter:   3,780, lr:(9.141e-04,)][eta: 1:44:59, time (data): 0.502 (0.035)]l_bij: 1.2024e+02 l_orth: 1.2150e+02 l_diff: 2.6028e+02 l_align: 8.8006e+01 l_total: 5.9002e+02 
2026-05-21 22:41:51,333 INFO: [smal..][epoch:  5, iter:   3,800, lr:(9.141e-04,)][eta: 1:44:42, time (data): 0.489 (0.035)]l_bij: 1.5176e+02 l_orth: 1.4980e+02 l_diff: 2.9974e+02 l_align: 1.0632e+02 l_total: 7.0763e+02 
2026-05-21 22:41:58,655 INFO: [smal..][epoch:  5, iter:   3,820, lr:(9.141e-04,)][eta: 1:44:25, time (data): 0.571 (0.040)]l_bij: 1.2342e+02 l_orth: 1.2861e+02 l_diff: 2.6953e+02 l_align: 9.8661e+01 l_total: 6.2022e+02 
2026-05-21 22:42:05,991 INFO: [smal..][epoch:  5, iter:   3,840, lr:(9.141e-04,)][eta: 1:44:07, time (data): 0.376 (0.034)]l_bij: 8.2748e+01 l_orth: 9.7958e+01 l_diff: 2.5898e+02 l_align: 8.5907e+01 l_total: 5.2560e+02 
2026-05-21 22:42:14,708 INFO: [smal..][epoch:  5, iter:   3,860, lr:(9.141e-04,)][eta: 1:43:55, time (data): 0.405 (0.034)]l_bij: 1.1895e+02 l_orth: 1.2322e+02 l_diff: 2.6457e+02 l_align: 8.9928e+01 l_total: 5.9667e+02 
2026-05-21 22:42:22,459 INFO: [smal..][epoch:  5, iter:   3,880, lr:(9.141e-04,)][eta: 1:43:39, time (data): 0.400 (0.034)]l_bij: 1.2806e+02 l_orth: 1.3013e+02 l_diff: 2.7103e+02 l_align: 9.2312e+01 l_total: 6.2153e+02 
2026-05-21 22:42:29,880 INFO: [smal..][epoch:  5, iter:   3,900, lr:(9.141e-04,)][eta: 1:43:22, time (data): 0.392 (0.034)]l_bij: 1.2018e+02 l_orth: 1.2446e+02 l_diff: 2.7182e+02 l_align: 9.7651e+01 l_total: 6.1411e+02 
2026-05-21 22:42:37,790 INFO: [smal..][epoch:  5, iter:   3,920, lr:(9.141e-04,)][eta: 1:43:07, time (data): 0.393 (0.034)]l_bij: 1.6250e+02 l_orth: 1.5886e+02 l_diff: 3.0215e+02 l_align: 1.2037e+02 l_total: 7.4388e+02 
2026-05-21 22:42:44,834 INFO: [smal..][epoch:  5, iter:   3,940, lr:(9.141e-04,)][eta: 1:42:49, time (data): 0.386 (0.034)]l_bij: 1.0449e+02 l_orth: 1.1256e+02 l_diff: 2.7380e+02 l_align: 9.0038e+01 l_total: 5.8088e+02 
2026-05-21 22:42:54,169 INFO: [smal..][epoch:  5, iter:   3,960, lr:(9.141e-04,)][eta: 1:42:38, time (data): 0.398 (0.034)]l_bij: 1.2648e+02 l_orth: 1.2819e+02 l_diff: 2.7227e+02 l_align: 9.5452e+01 l_total: 6.2239e+02 
2026-05-21 22:43:03,205 INFO: [smal..][epoch:  5, iter:   3,980, lr:(9.141e-04,)][eta: 1:42:27, time (data): 0.404 (0.034)]l_bij: 1.2714e+02 l_orth: 1.2693e+02 l_diff: 2.6938e+02 l_align: 9.0015e+01 l_total: 6.1346e+02 
2026-05-21 22:43:13,863 INFO: [smal..][epoch:  5, iter:   4,000, lr:(9.141e-04,)][eta: 1:42:21, time (data): 0.419 (0.034)]l_bij: 1.2554e+02 l_orth: 1.3143e+02 l_diff: 2.7579e+02 l_align: 9.9070e+01 l_total: 6.3183e+02 
2026-05-21 22:43:13,863 INFO: Saving models and training states.
2026-05-21 22:43:13,878 INFO: Start validation.
2026-05-21 22:47:51,550 INFO: Avg time: 0.4580
2026-05-21 22:47:51,760 INFO: Val auc: 0.6223
2026-05-21 22:47:51,764 INFO: Val avg error: 0.0795
2026-05-21 22:47:51,767 INFO: Best model is updated, average geodesic error: 0.0795
2026-05-21 22:48:04,278 INFO: [smal..][epoch:  5, iter:   4,020, lr:(9.141e-04,)][eta: 1:57:05, time (data): 0.439 (0.034)]l_bij: 1.4208e+02 l_orth: 1.4169e+02 l_diff: 2.7292e+02 l_align: 1.0870e+02 l_total: 6.6539e+02 
2026-05-21 22:48:17,004 INFO: [smal..][epoch:  5, iter:   4,040, lr:(9.141e-04,)][eta: 1:57:00, time (data): 0.636 (0.036)]l_bij: 1.1894e+02 l_orth: 1.2854e+02 l_diff: 2.6875e+02 l_align: 9.8477e+01 l_total: 6.1470e+02 
2026-05-21 22:48:28,500 INFO: [smal..][epoch:  5, iter:   4,060, lr:(9.141e-04,)][eta: 1:56:51, time (data): 0.605 (0.036)]l_bij: 1.0624e+02 l_orth: 1.1688e+02 l_diff: 2.6043e+02 l_align: 9.5276e+01 l_total: 5.7882e+02 
2026-05-21 22:48:40,404 INFO: [smal..][epoch:  5, iter:   4,080, lr:(9.141e-04,)][eta: 1:56:42, time (data): 0.602 (0.036)]l_bij: 9.3694e+01 l_orth: 1.0692e+02 l_diff: 2.5866e+02 l_align: 8.6325e+01 l_total: 5.4560e+02 
2026-05-21 22:48:50,859 INFO: [smal..][epoch:  5, iter:   4,100, lr:(9.141e-04,)][eta: 1:56:30, time (data): 0.582 (0.037)]l_bij: 1.1719e+02 l_orth: 1.2164e+02 l_diff: 2.5982e+02 l_align: 9.4034e+01 l_total: 5.9268e+02 
2026-05-21 22:49:03,518 INFO: [smal..][epoch:  5, iter:   4,120, lr:(9.141e-04,)][eta: 1:56:24, time (data): 0.592 (0.037)]l_bij: 1.1141e+02 l_orth: 1.1679e+02 l_diff: 2.6005e+02 l_align: 9.1844e+01 l_total: 5.8010e+02 
2026-05-21 22:49:14,806 INFO: [smal..][epoch:  5, iter:   4,140, lr:(9.141e-04,)][eta: 1:56:14, time (data): 0.588 (0.037)]l_bij: 1.2253e+02 l_orth: 1.2518e+02 l_diff: 2.6379e+02 l_align: 9.7506e+01 l_total: 6.0900e+02 
2026-05-21 22:49:27,404 INFO: [smal..][epoch:  5, iter:   4,160, lr:(9.141e-04,)][eta: 1:56:08, time (data): 0.594 (0.036)]l_bij: 1.0223e+02 l_orth: 1.1077e+02 l_diff: 2.5673e+02 l_align: 8.6127e+01 l_total: 5.5587e+02 
2026-05-21 22:49:39,449 INFO: [smal..][epoch:  5, iter:   4,180, lr:(9.141e-04,)][eta: 1:56:00, time (data): 0.595 (0.036)]l_bij: 1.0250e+02 l_orth: 1.1474e+02 l_diff: 2.5612e+02 l_align: 8.6085e+01 l_total: 5.5944e+02 
2026-05-21 22:49:51,335 INFO: [smal..][epoch:  5, iter:   4,200, lr:(9.141e-04,)][eta: 1:55:51, time (data): 0.595 (0.036)]l_bij: 1.1746e+02 l_orth: 1.2365e+02 l_diff: 2.6801e+02 l_align: 9.6078e+01 l_total: 6.0520e+02 
2026-05-21 22:50:04,832 INFO: [smal..][epoch:  6, iter:   4,220, lr:(8.682e-04,)][eta: 1:55:48, time (data): 0.603 (0.041)]l_bij: 1.0178e+02 l_orth: 1.1323e+02 l_diff: 2.5644e+02 l_align: 9.0838e+01 l_total: 5.6229e+02 
2026-05-21 22:50:15,622 INFO: [smal..][epoch:  6, iter:   4,240, lr:(8.682e-04,)][eta: 1:55:36, time (data): 0.515 (0.033)]l_bij: 1.2740e+02 l_orth: 1.2953e+02 l_diff: 2.6342e+02 l_align: 9.7341e+01 l_total: 6.1769e+02 
2026-05-21 22:50:26,722 INFO: [smal..][epoch:  6, iter:   4,260, lr:(8.682e-04,)][eta: 1:55:25, time (data): 0.535 (0.035)]l_bij: 1.0686e+02 l_orth: 1.1199e+02 l_diff: 2.5894e+02 l_align: 8.9167e+01 l_total: 5.6695e+02 
2026-05-21 22:50:38,674 INFO: [smal..][epoch:  6, iter:   4,280, lr:(8.682e-04,)][eta: 1:55:17, time (data): 0.556 (0.035)]l_bij: 1.1713e+02 l_orth: 1.2178e+02 l_diff: 2.6784e+02 l_align: 8.7784e+01 l_total: 5.9453e+02 
2026-05-21 22:50:50,103 INFO: [smal..][epoch:  6, iter:   4,300, lr:(8.682e-04,)][eta: 1:55:07, time (data): 0.560 (0.035)]l_bij: 1.1418e+02 l_orth: 1.2466e+02 l_diff: 2.6463e+02 l_align: 9.2639e+01 l_total: 5.9611e+02 
2026-05-21 22:51:00,726 INFO: [smal..][epoch:  6, iter:   4,320, lr:(8.682e-04,)][eta: 1:54:55, time (data): 0.554 (0.035)]l_bij: 1.2639e+02 l_orth: 1.3208e+02 l_diff: 2.6718e+02 l_align: 9.5578e+01 l_total: 6.2122e+02 
2026-05-21 22:51:13,623 INFO: [smal..][epoch:  6, iter:   4,340, lr:(8.682e-04,)][eta: 1:54:49, time (data): 0.570 (0.035)]l_bij: 1.1813e+02 l_orth: 1.2321e+02 l_diff: 2.6136e+02 l_align: 9.1791e+01 l_total: 5.9448e+02 
2026-05-21 22:51:26,064 INFO: [smal..][epoch:  6, iter:   4,360, lr:(8.682e-04,)][eta: 1:54:42, time (data): 0.577 (0.035)]l_bij: 1.0258e+02 l_orth: 1.1034e+02 l_diff: 2.5959e+02 l_align: 8.5892e+01 l_total: 5.5840e+02 
2026-05-21 22:51:39,347 INFO: [smal..][epoch:  6, iter:   4,380, lr:(8.682e-04,)][eta: 1:54:37, time (data): 0.588 (0.035)]l_bij: 1.2622e+02 l_orth: 1.2767e+02 l_diff: 2.7530e+02 l_align: 9.2383e+01 l_total: 6.2158e+02 
2026-05-21 22:51:52,681 INFO: [smal..][epoch:  6, iter:   4,400, lr:(8.682e-04,)][eta: 1:54:33, time (data): 0.597 (0.035)]l_bij: 6.5922e+01 l_orth: 8.5599e+01 l_diff: 2.5106e+02 l_align: 8.2442e+01 l_total: 4.8502e+02 
2026-05-21 22:52:04,812 INFO: [smal..][epoch:  6, iter:   4,420, lr:(8.682e-04,)][eta: 1:54:25, time (data): 0.598 (0.035)]l_bij: 1.2973e+02 l_orth: 1.2915e+02 l_diff: 2.6340e+02 l_align: 9.3320e+01 l_total: 6.1560e+02 
2026-05-21 22:52:14,987 INFO: [smal..][epoch:  6, iter:   4,440, lr:(8.682e-04,)][eta: 1:54:11, time (data): 0.490 (0.037)]l_bij: 1.4874e+02 l_orth: 1.4988e+02 l_diff: 2.9361e+02 l_align: 1.1537e+02 l_total: 7.0759e+02 
2026-05-21 22:52:26,394 INFO: [smal..][epoch:  6, iter:   4,460, lr:(8.682e-04,)][eta: 1:54:01, time (data): 0.532 (0.037)]l_bij: 1.4616e+02 l_orth: 1.4810e+02 l_diff: 3.0201e+02 l_align: 1.1205e+02 l_total: 7.0832e+02 
2026-05-21 22:52:35,670 INFO: [smal..][epoch:  6, iter:   4,480, lr:(8.682e-04,)][eta: 1:53:45, time (data): 0.509 (0.036)]l_bij: 1.0101e+02 l_orth: 1.1136e+02 l_diff: 2.5387e+02 l_align: 8.6810e+01 l_total: 5.5305e+02 
2026-05-21 22:52:45,081 INFO: [smal..][epoch:  6, iter:   4,500, lr:(8.682e-04,)][eta: 1:53:29, time (data): 0.499 (0.037)]l_bij: 1.3423e+02 l_orth: 1.3389e+02 l_diff: 2.6999e+02 l_align: 9.6477e+01 l_total: 6.3459e+02 
2026-05-21 22:52:56,258 INFO: [smal..][epoch:  6, iter:   4,520, lr:(8.682e-04,)][eta: 1:53:19, time (data): 0.511 (0.037)]l_bij: 9.8584e+01 l_orth: 1.0710e+02 l_diff: 2.5334e+02 l_align: 8.3104e+01 l_total: 5.4212e+02 
2026-05-21 22:53:11,180 INFO: [smal..][epoch:  6, iter:   4,540, lr:(8.682e-04,)][eta: 1:53:18, time (data): 0.551 (0.036)]l_bij: 1.3468e+02 l_orth: 1.3495e+02 l_diff: 2.7258e+02 l_align: 1.0339e+02 l_total: 6.4560e+02 
2026-05-21 22:53:21,931 INFO: [smal..][epoch:  6, iter:   4,560, lr:(8.682e-04,)][eta: 1:53:06, time (data): 0.549 (0.036)]l_bij: 1.2622e+02 l_orth: 1.2709e+02 l_diff: 2.7005e+02 l_align: 9.2023e+01 l_total: 6.1538e+02 
2026-05-21 22:53:33,715 INFO: [smal..][epoch:  6, iter:   4,580, lr:(8.682e-04,)][eta: 1:52:57, time (data): 0.554 (0.036)]l_bij: 1.4535e+02 l_orth: 1.4487e+02 l_diff: 2.9452e+02 l_align: 1.1050e+02 l_total: 6.9524e+02 
2026-05-21 22:53:43,891 INFO: [smal..][epoch:  6, iter:   4,600, lr:(8.682e-04,)][eta: 1:52:43, time (data): 0.549 (0.037)]l_bij: 1.3305e+02 l_orth: 1.3199e+02 l_diff: 2.6695e+02 l_align: 9.5007e+01 l_total: 6.2700e+02 
2026-05-21 22:53:54,054 INFO: [smal..][epoch:  6, iter:   4,620, lr:(8.682e-04,)][eta: 1:52:30, time (data): 0.545 (0.037)]l_bij: 1.1036e+02 l_orth: 1.2088e+02 l_diff: 2.6261e+02 l_align: 9.4681e+01 l_total: 5.8853e+02 
2026-05-21 22:54:04,831 INFO: [smal..][epoch:  6, iter:   4,640, lr:(8.682e-04,)][eta: 1:52:18, time (data): 0.576 (0.038)]l_bij: 1.1660e+02 l_orth: 1.2287e+02 l_diff: 2.6189e+02 l_align: 9.0325e+01 l_total: 5.9169e+02 
2026-05-21 22:54:15,571 INFO: [smal..][epoch:  6, iter:   4,660, lr:(8.682e-04,)][eta: 1:52:06, time (data): 0.555 (0.037)]l_bij: 8.9575e+01 l_orth: 1.0114e+02 l_diff: 2.5705e+02 l_align: 8.3998e+01 l_total: 5.3177e+02 
2026-05-21 22:54:27,040 INFO: [smal..][epoch:  6, iter:   4,680, lr:(8.682e-04,)][eta: 1:51:56, time (data): 0.561 (0.037)]l_bij: 1.2159e+02 l_orth: 1.2859e+02 l_diff: 2.6327e+02 l_align: 9.5698e+01 l_total: 6.0914e+02 
2026-05-21 22:54:38,906 INFO: [smal..][epoch:  6, iter:   4,700, lr:(8.682e-04,)][eta: 1:51:47, time (data): 0.570 (0.037)]l_bij: 1.4951e+02 l_orth: 1.5141e+02 l_diff: 3.0024e+02 l_align: 1.1394e+02 l_total: 7.1510e+02 
2026-05-21 22:54:50,401 INFO: [smal..][epoch:  6, iter:   4,720, lr:(8.682e-04,)][eta: 1:51:37, time (data): 0.571 (0.037)]l_bij: 1.2532e+02 l_orth: 1.3064e+02 l_diff: 2.6323e+02 l_align: 9.6582e+01 l_total: 6.1577e+02 
2026-05-21 22:55:02,745 INFO: [smal..][epoch:  6, iter:   4,740, lr:(8.682e-04,)][eta: 1:51:29, time (data): 0.579 (0.037)]l_bij: 7.6559e+01 l_orth: 9.3737e+01 l_diff: 2.5489e+02 l_align: 8.4680e+01 l_total: 5.0987e+02 
2026-05-21 22:55:15,276 INFO: [smal..][epoch:  6, iter:   4,760, lr:(8.682e-04,)][eta: 1:51:22, time (data): 0.586 (0.037)]l_bij: 1.3806e+02 l_orth: 1.3743e+02 l_diff: 2.6874e+02 l_align: 9.4132e+01 l_total: 6.3837e+02 
2026-05-21 22:55:28,076 INFO: [smal..][epoch:  6, iter:   4,780, lr:(8.682e-04,)][eta: 1:51:15, time (data): 0.593 (0.037)]l_bij: 1.0377e+02 l_orth: 1.1434e+02 l_diff: 2.6703e+02 l_align: 9.2292e+01 l_total: 5.7744e+02 
2026-05-21 22:55:39,023 INFO: [smal..][epoch:  6, iter:   4,800, lr:(8.682e-04,)][eta: 1:51:04, time (data): 0.587 (0.037)]l_bij: 1.2453e+02 l_orth: 1.2787e+02 l_diff: 2.6993e+02 l_align: 9.6832e+01 l_total: 6.1917e+02 
2026-05-21 22:55:50,576 INFO: [smal..][epoch:  6, iter:   4,820, lr:(8.682e-04,)][eta: 1:50:54, time (data): 0.586 (0.038)]l_bij: 1.2600e+02 l_orth: 1.3153e+02 l_diff: 2.7145e+02 l_align: 9.2149e+01 l_total: 6.2114e+02 
2026-05-21 22:55:58,902 INFO: [smal..][epoch:  6, iter:   4,840, lr:(8.682e-04,)][eta: 1:50:36, time (data): 0.449 (0.039)]l_bij: 1.3602e+02 l_orth: 1.3692e+02 l_diff: 2.7472e+02 l_align: 9.5101e+01 l_total: 6.4276e+02 
2026-05-21 22:56:08,930 INFO: [smal..][epoch:  6, iter:   4,860, lr:(8.682e-04,)][eta: 1:50:22, time (data): 0.478 (0.040)]l_bij: 8.1826e+01 l_orth: 9.8443e+01 l_diff: 2.5704e+02 l_align: 8.5233e+01 l_total: 5.2254e+02 
2026-05-21 22:56:19,516 INFO: [smal..][epoch:  6, iter:   4,880, lr:(8.682e-04,)][eta: 1:50:10, time (data): 0.496 (0.039)]l_bij: 1.4024e+02 l_orth: 1.3782e+02 l_diff: 2.6834e+02 l_align: 9.9189e+01 l_total: 6.4558e+02 
2026-05-21 22:56:30,852 INFO: [smal..][epoch:  6, iter:   4,900, lr:(8.682e-04,)][eta: 1:49:59, time (data): 0.515 (0.039)]l_bij: 9.5504e+01 l_orth: 1.0696e+02 l_diff: 2.4789e+02 l_align: 8.7322e+01 l_total: 5.3767e+02 
2026-05-21 22:56:42,277 INFO: [smal..][epoch:  6, iter:   4,920, lr:(8.682e-04,)][eta: 1:49:49, time (data): 0.527 (0.038)]l_bij: 9.2623e+01 l_orth: 1.0662e+02 l_diff: 2.5356e+02 l_align: 8.9263e+01 l_total: 5.4206e+02 
2026-05-21 22:56:50,528 INFO: [smal..][epoch:  6, iter:   4,940, lr:(8.682e-04,)][eta: 1:49:31, time (data): 0.507 (0.038)]l_bij: 1.2263e+02 l_orth: 1.2363e+02 l_diff: 2.5584e+02 l_align: 8.7958e+01 l_total: 5.9006e+02 
2026-05-21 22:56:59,598 INFO: [smal..][epoch:  6, iter:   4,960, lr:(8.682e-04,)][eta: 1:49:16, time (data): 0.499 (0.038)]l_bij: 8.8272e+01 l_orth: 1.0188e+02 l_diff: 2.5945e+02 l_align: 8.4967e+01 l_total: 5.3457e+02 
2026-05-21 22:57:11,249 INFO: [smal..][epoch:  6, iter:   4,980, lr:(8.682e-04,)][eta: 1:49:06, time (data): 0.510 (0.038)]l_bij: 1.1552e+02 l_orth: 1.1984e+02 l_diff: 2.6070e+02 l_align: 8.5088e+01 l_total: 5.8115e+02 
2026-05-21 22:57:24,409 INFO: [smal..][epoch:  6, iter:   5,000, lr:(8.682e-04,)][eta: 1:49:00, time (data): 0.527 (0.038)]l_bij: 1.3586e+02 l_orth: 1.3732e+02 l_diff: 2.6966e+02 l_align: 9.9692e+01 l_total: 6.4253e+02 
2026-05-21 22:57:34,292 INFO: [smal..][epoch:  6, iter:   5,020, lr:(8.682e-04,)][eta: 1:48:46, time (data): 0.523 (0.037)]l_bij: 1.1281e+02 l_orth: 1.1626e+02 l_diff: 2.5699e+02 l_align: 8.4090e+01 l_total: 5.7015e+02 
2026-05-21 22:57:44,069 INFO: [smal..][epoch:  6, iter:   5,040, lr:(8.682e-04,)][eta: 1:48:32, time (data): 0.524 (0.038)]l_bij: 1.1915e+02 l_orth: 1.2229e+02 l_diff: 2.6234e+02 l_align: 8.7852e+01 l_total: 5.9163e+02 
2026-05-21 22:57:56,478 INFO: [smal..][epoch:  7, iter:   5,060, lr:(8.145e-04,)][eta: 1:48:24, time (data): 0.579 (0.064)]l_bij: 1.1555e+02 l_orth: 1.2180e+02 l_diff: 2.6292e+02 l_align: 9.1806e+01 l_total: 5.9207e+02 
2026-05-21 22:58:03,902 INFO: [smal..][epoch:  7, iter:   5,080, lr:(8.145e-04,)][eta: 1:48:04, time (data): 0.504 (0.054)]l_bij: 2.5482e+01 l_orth: 6.5612e+01 l_diff: 2.5636e+02 l_align: 1.0234e+02 l_total: 4.4979e+02 
2026-05-21 22:58:15,319 INFO: [smal..][epoch:  7, iter:   5,100, lr:(8.145e-04,)][eta: 1:47:54, time (data): 0.521 (0.050)]l_bij: 8.9014e+01 l_orth: 1.0178e+02 l_diff: 2.4454e+02 l_align: 8.3827e+01 l_total: 5.1916e+02 
2026-05-21 22:58:26,091 INFO: [smal..][epoch:  7, iter:   5,120, lr:(8.145e-04,)][eta: 1:47:43, time (data): 0.525 (0.048)]l_bij: 1.8227e+01 l_orth: 6.0759e+01 l_diff: 2.3805e+02 l_align: 9.4692e+01 l_total: 4.1173e+02 
2026-05-21 22:58:39,705 INFO: [smal..][epoch:  7, iter:   5,140, lr:(8.145e-04,)][eta: 1:47:37, time (data): 0.552 (0.046)]l_bij: 1.0892e+02 l_orth: 1.1472e+02 l_diff: 2.5258e+02 l_align: 8.4259e+01 l_total: 5.6048e+02 
2026-05-21 22:58:49,351 INFO: [smal..][epoch:  7, iter:   5,160, lr:(8.145e-04,)][eta: 1:47:23, time (data): 0.542 (0.044)]l_bij: 1.2411e+02 l_orth: 1.2718e+02 l_diff: 2.6406e+02 l_align: 9.8522e+01 l_total: 6.1387e+02 
2026-05-21 22:59:01,562 INFO: [smal..][epoch:  7, iter:   5,180, lr:(8.145e-04,)][eta: 1:47:15, time (data): 0.551 (0.043)]l_bij: 9.9094e+01 l_orth: 1.0771e+02 l_diff: 2.5645e+02 l_align: 8.1662e+01 l_total: 5.4491e+02 
2026-05-21 22:59:13,729 INFO: [smal..][epoch:  7, iter:   5,200, lr:(8.145e-04,)][eta: 1:47:06, time (data): 0.557 (0.042)]l_bij: 1.0183e+02 l_orth: 1.1055e+02 l_diff: 2.5986e+02 l_align: 8.4636e+01 l_total: 5.5687e+02 
2026-05-21 22:59:23,488 INFO: [smal..][epoch:  7, iter:   5,220, lr:(8.145e-04,)][eta: 1:46:52, time (data): 0.550 (0.042)]l_bij: 1.2617e+02 l_orth: 1.3262e+02 l_diff: 2.6980e+02 l_align: 9.6018e+01 l_total: 6.2460e+02 
2026-05-21 22:59:36,142 INFO: [smal..][epoch:  7, iter:   5,240, lr:(8.145e-04,)][eta: 1:46:45, time (data): 0.727 (0.037)]l_bij: 1.2958e+02 l_orth: 1.3038e+02 l_diff: 2.6843e+02 l_align: 9.4567e+01 l_total: 6.2296e+02 
2026-05-21 22:59:46,835 INFO: [smal..][epoch:  7, iter:   5,260, lr:(8.145e-04,)][eta: 1:46:33, time (data): 0.614 (0.037)]l_bij: 7.0681e+01 l_orth: 9.1972e+01 l_diff: 2.5107e+02 l_align: 8.7347e+01 l_total: 5.0107e+02 
2026-05-21 22:59:58,499 INFO: [smal..][epoch:  7, iter:   5,280, lr:(8.145e-04,)][eta: 1:46:23, time (data): 0.602 (0.037)]l_bij: 1.3055e+02 l_orth: 1.3449e+02 l_diff: 2.7522e+02 l_align: 1.0358e+02 l_total: 6.4383e+02 
2026-05-21 23:00:11,661 INFO: [smal..][epoch:  7, iter:   5,300, lr:(8.145e-04,)][eta: 1:46:16, time (data): 0.617 (0.037)]l_bij: 1.0153e+02 l_orth: 1.1195e+02 l_diff: 2.5651e+02 l_align: 8.9299e+01 l_total: 5.5929e+02 
2026-05-21 23:00:20,539 INFO: [smal..][epoch:  7, iter:   5,320, lr:(8.145e-04,)][eta: 1:46:01, time (data): 0.581 (0.037)]l_bij: 1.4585e+02 l_orth: 1.5010e+02 l_diff: 2.9335e+02 l_align: 1.0996e+02 l_total: 6.9927e+02 
2026-05-21 23:00:30,016 INFO: [smal..][epoch:  7, iter:   5,340, lr:(8.145e-04,)][eta: 1:45:46, time (data): 0.562 (0.038)]l_bij: 5.7007e+01 l_orth: 8.2222e+01 l_diff: 2.5071e+02 l_align: 8.4224e+01 l_total: 4.7416e+02 
2026-05-21 23:00:39,817 INFO: [smal..][epoch:  7, iter:   5,360, lr:(8.145e-04,)][eta: 1:45:32, time (data): 0.551 (0.037)]l_bij: 6.9781e+01 l_orth: 9.2193e+01 l_diff: 2.5029e+02 l_align: 8.6201e+01 l_total: 4.9846e+02 
2026-05-21 23:00:51,084 INFO: [smal..][epoch:  7, iter:   5,380, lr:(8.145e-04,)][eta: 1:45:22, time (data): 0.553 (0.037)]l_bij: 1.2259e+02 l_orth: 1.2407e+02 l_diff: 2.6357e+02 l_align: 9.1001e+01 l_total: 6.0123e+02 
2026-05-21 23:01:02,744 INFO: [smal..][epoch:  7, iter:   5,400, lr:(8.145e-04,)][eta: 1:45:12, time (data): 0.556 (0.037)]l_bij: 6.7736e+01 l_orth: 8.8882e+01 l_diff: 2.4747e+02 l_align: 8.2805e+01 l_total: 4.8689e+02 
2026-05-21 23:01:13,560 INFO: [smal..][epoch:  7, iter:   5,420, lr:(8.145e-04,)][eta: 1:45:01, time (data): 0.555 (0.037)]l_bij: 1.2757e+02 l_orth: 1.3286e+02 l_diff: 2.6384e+02 l_align: 1.0116e+02 l_total: 6.2544e+02 
2026-05-21 23:01:26,018 INFO: [smal..][epoch:  7, iter:   5,440, lr:(8.145e-04,)][eta: 1:44:52, time (data): 0.692 (0.038)]l_bij: 7.8235e+01 l_orth: 9.6937e+01 l_diff: 2.5442e+02 l_align: 8.4111e+01 l_total: 5.1370e+02 
2026-05-21 23:01:35,940 INFO: [smal..][epoch:  7, iter:   5,460, lr:(8.145e-04,)][eta: 1:44:39, time (data): 0.573 (0.037)]l_bij: 1.3778e+02 l_orth: 1.3720e+02 l_diff: 2.6857e+02 l_align: 9.7610e+01 l_total: 6.4116e+02 
2026-05-21 23:01:48,668 INFO: [smal..][epoch:  7, iter:   5,480, lr:(8.145e-04,)][eta: 1:44:31, time (data): 0.597 (0.037)]l_bij: 1.2023e+02 l_orth: 1.2232e+02 l_diff: 2.6664e+02 l_align: 9.4126e+01 l_total: 6.0332e+02 
2026-05-21 23:02:01,811 INFO: [smal..][epoch:  7, iter:   5,500, lr:(8.145e-04,)][eta: 1:44:25, time (data): 0.614 (0.037)]l_bij: 1.1224e+02 l_orth: 1.1744e+02 l_diff: 2.5317e+02 l_align: 8.4520e+01 l_total: 5.6737e+02 
2026-05-21 23:02:14,761 INFO: [smal..][epoch:  7, iter:   5,520, lr:(8.145e-04,)][eta: 1:44:17, time (data): 0.621 (0.036)]l_bij: 9.2888e+01 l_orth: 1.0720e+02 l_diff: 2.5771e+02 l_align: 8.0277e+01 l_total: 5.3808e+02 
2026-05-21 23:02:26,300 INFO: [smal..][epoch:  7, iter:   5,540, lr:(8.145e-04,)][eta: 1:44:07, time (data): 0.613 (0.036)]l_bij: 1.1016e+02 l_orth: 1.1915e+02 l_diff: 2.6319e+02 l_align: 8.9597e+01 l_total: 5.8210e+02 
2026-05-21 23:02:38,873 INFO: [smal..][epoch:  7, iter:   5,560, lr:(8.145e-04,)][eta: 1:43:59, time (data): 0.615 (0.036)]l_bij: 1.3827e+02 l_orth: 1.3774e+02 l_diff: 2.6416e+02 l_align: 1.0030e+02 l_total: 6.4046e+02 
2026-05-21 23:02:50,701 INFO: [smal..][epoch:  7, iter:   5,580, lr:(8.145e-04,)][eta: 1:43:50, time (data): 0.612 (0.036)]l_bij: 9.9171e+01 l_orth: 1.0846e+02 l_diff: 2.6117e+02 l_align: 8.9627e+01 l_total: 5.5843e+02 
2026-05-21 23:03:02,710 INFO: [smal..][epoch:  7, iter:   5,600, lr:(8.145e-04,)][eta: 1:43:40, time (data): 0.611 (0.036)]l_bij: 1.1500e+02 l_orth: 1.2021e+02 l_diff: 2.5546e+02 l_align: 8.8596e+01 l_total: 5.7926e+02 
2026-05-21 23:03:12,826 INFO: [smal..][epoch:  7, iter:   5,620, lr:(8.145e-04,)][eta: 1:43:27, time (data): 0.600 (0.037)]l_bij: 1.1596e+02 l_orth: 1.2038e+02 l_diff: 2.5804e+02 l_align: 9.0309e+01 l_total: 5.8469e+02 
2026-05-21 23:03:23,311 INFO: [smal..][epoch:  7, iter:   5,640, lr:(8.145e-04,)][eta: 1:43:15, time (data): 0.631 (0.034)]l_bij: 1.1995e+02 l_orth: 1.2309e+02 l_diff: 2.6180e+02 l_align: 8.6752e+01 l_total: 5.9160e+02 
2026-05-21 23:03:36,315 INFO: [smal..][epoch:  7, iter:   5,660, lr:(8.145e-04,)][eta: 1:43:08, time (data): 0.643 (0.034)]l_bij: 1.2202e+02 l_orth: 1.2537e+02 l_diff: 2.6408e+02 l_align: 9.1920e+01 l_total: 6.0339e+02 
2026-05-21 23:03:46,449 INFO: [smal..][epoch:  7, iter:   5,680, lr:(8.145e-04,)][eta: 1:42:55, time (data): 0.590 (0.034)]l_bij: 1.2056e+02 l_orth: 1.2634e+02 l_diff: 2.5823e+02 l_align: 8.6399e+01 l_total: 5.9153e+02 
2026-05-21 23:03:57,957 INFO: [smal..][epoch:  7, iter:   5,700, lr:(8.145e-04,)][eta: 1:42:45, time (data): 0.586 (0.035)]l_bij: 1.0083e+02 l_orth: 1.1065e+02 l_diff: 2.5500e+02 l_align: 8.1715e+01 l_total: 5.4819e+02 
2026-05-21 23:04:09,922 INFO: [smal..][epoch:  7, iter:   5,720, lr:(8.145e-04,)][eta: 1:42:35, time (data): 0.589 (0.036)]l_bij: 9.6353e+01 l_orth: 1.1155e+02 l_diff: 2.5428e+02 l_align: 8.5608e+01 l_total: 5.4779e+02 
2026-05-21 23:04:21,340 INFO: [smal..][epoch:  7, iter:   5,740, lr:(8.145e-04,)][eta: 1:42:25, time (data): 0.586 (0.036)]l_bij: 8.2830e+01 l_orth: 9.7166e+01 l_diff: 2.4720e+02 l_align: 8.8696e+01 l_total: 5.1589e+02 
2026-05-21 23:04:33,334 INFO: [smal..][epoch:  7, iter:   5,760, lr:(8.145e-04,)][eta: 1:42:15, time (data): 0.588 (0.036)]l_bij: 7.7385e+01 l_orth: 9.3589e+01 l_diff: 2.4463e+02 l_align: 7.5194e+01 l_total: 4.9080e+02 
2026-05-21 23:04:44,892 INFO: [smal..][epoch:  7, iter:   5,780, lr:(8.145e-04,)][eta: 1:42:05, time (data): 0.586 (0.036)]l_bij: 1.3161e+02 l_orth: 1.3449e+02 l_diff: 2.6804e+02 l_align: 1.0292e+02 l_total: 6.3705e+02 
2026-05-21 23:04:56,651 INFO: [smal..][epoch:  7, iter:   5,800, lr:(8.145e-04,)][eta: 1:41:55, time (data): 0.587 (0.036)]l_bij: 1.2420e+02 l_orth: 1.2488e+02 l_diff: 2.6255e+02 l_align: 9.0534e+01 l_total: 6.0217e+02 
2026-05-21 23:05:07,093 INFO: [smal..][epoch:  7, iter:   5,820, lr:(8.145e-04,)][eta: 1:41:43, time (data): 0.580 (0.036)]l_bij: 8.6227e+01 l_orth: 1.0335e+02 l_diff: 2.5571e+02 l_align: 8.8711e+01 l_total: 5.3399e+02 
2026-05-21 23:05:20,566 INFO: [smal..][epoch:  7, iter:   5,840, lr:(8.145e-04,)][eta: 1:41:36, time (data): 0.729 (0.036)]l_bij: 1.0944e+02 l_orth: 1.1721e+02 l_diff: 2.5806e+02 l_align: 8.5397e+01 l_total: 5.7011e+02 
2026-05-21 23:05:33,787 INFO: [smal..][epoch:  7, iter:   5,860, lr:(8.145e-04,)][eta: 1:41:29, time (data): 0.685 (0.035)]l_bij: 8.7310e+01 l_orth: 9.9911e+01 l_diff: 2.4536e+02 l_align: 7.7294e+01 l_total: 5.0987e+02 
2026-05-21 23:05:45,097 INFO: [smal..][epoch:  7, iter:   5,880, lr:(8.145e-04,)][eta: 1:41:18, time (data): 0.638 (0.035)]l_bij: 1.1884e+02 l_orth: 1.2370e+02 l_diff: 2.6172e+02 l_align: 8.6332e+01 l_total: 5.9059e+02 
2026-05-21 23:05:58,561 INFO: [smal..][epoch:  8, iter:   5,900, lr:(7.543e-04,)][eta: 1:41:12, time (data): 0.648 (0.046)]l_bij: 1.1394e+02 l_orth: 1.1879e+02 l_diff: 2.5606e+02 l_align: 8.6147e+01 l_total: 5.7494e+02 
2026-05-21 23:06:10,100 INFO: [smal..][epoch:  8, iter:   5,920, lr:(7.543e-04,)][eta: 1:41:01, time (data): 0.632 (0.044)]l_bij: 9.5599e+01 l_orth: 1.0526e+02 l_diff: 2.5405e+02 l_align: 8.0574e+01 l_total: 5.3548e+02 
2026-05-21 23:06:21,491 INFO: [smal..][epoch:  8, iter:   5,940, lr:(7.543e-04,)][eta: 1:40:51, time (data): 0.621 (0.043)]l_bij: 7.9835e+01 l_orth: 9.4710e+01 l_diff: 2.4487e+02 l_align: 8.1202e+01 l_total: 5.0061e+02 
2026-05-21 23:06:34,304 INFO: [smal..][epoch:  8, iter:   5,960, lr:(7.543e-04,)][eta: 1:40:43, time (data): 0.624 (0.041)]l_bij: 1.5284e+02 l_orth: 1.5188e+02 l_diff: 2.8863e+02 l_align: 1.1041e+02 l_total: 7.0376e+02 
2026-05-21 23:06:46,150 INFO: [smal..][epoch:  8, iter:   5,980, lr:(7.543e-04,)][eta: 1:40:33, time (data): 0.620 (0.041)]l_bij: 1.5164e+02 l_orth: 1.5051e+02 l_diff: 2.8975e+02 l_align: 1.0982e+02 l_total: 7.0171e+02 
2026-05-21 23:06:55,904 INFO: [smal..][epoch:  8, iter:   6,000, lr:(7.543e-04,)][eta: 1:40:19, time (data): 0.604 (0.040)]l_bij: 1.1275e+02 l_orth: 1.1912e+02 l_diff: 2.5898e+02 l_align: 8.5601e+01 l_total: 5.7646e+02 
2026-05-21 23:06:55,904 INFO: Saving models and training states.
2026-05-21 23:06:55,921 INFO: Start validation.
2026-05-21 23:11:34,289 INFO: Avg time: 0.4850
2026-05-21 23:11:34,484 INFO: Val auc: 0.6291
2026-05-21 23:11:34,484 INFO: Val avg error: 0.0816
2026-05-21 23:11:47,226 INFO: [smal..][epoch:  8, iter:   6,020, lr:(7.543e-04,)][eta: 1:48:31, time (data): 0.607 (0.040)]l_bij: 1.0370e+02 l_orth: 1.1231e+02 l_diff: 2.5372e+02 l_align: 8.1847e+01 l_total: 5.5158e+02 
2026-05-21 23:11:59,798 INFO: [smal..][epoch:  8, iter:   6,040, lr:(7.543e-04,)][eta: 1:48:19, time (data): 0.684 (0.034)]l_bij: 1.5757e+02 l_orth: 1.5494e+02 l_diff: 3.0130e+02 l_align: 1.1350e+02 l_total: 7.2730e+02 
2026-05-21 23:12:11,157 INFO: [smal..][epoch:  8, iter:   6,060, lr:(7.543e-04,)][eta: 1:48:06, time (data): 0.607 (0.035)]l_bij: 1.0726e+02 l_orth: 1.1475e+02 l_diff: 2.5902e+02 l_align: 8.5906e+01 l_total: 5.6693e+02 
2026-05-21 23:12:22,059 INFO: [smal..][epoch:  8, iter:   6,080, lr:(7.543e-04,)][eta: 1:47:52, time (data): 0.582 (0.035)]l_bij: 6.8632e+01 l_orth: 8.8332e+01 l_diff: 2.4911e+02 l_align: 8.3063e+01 l_total: 4.8914e+02 
2026-05-21 23:12:33,159 INFO: [smal..][epoch:  8, iter:   6,100, lr:(7.543e-04,)][eta: 1:47:38, time (data): 0.574 (0.035)]l_bij: 1.5532e+02 l_orth: 1.5309e+02 l_diff: 3.0067e+02 l_align: 1.1260e+02 l_total: 7.2168e+02 
2026-05-21 23:12:44,556 INFO: [smal..][epoch:  8, iter:   6,120, lr:(7.543e-04,)][eta: 1:47:25, time (data): 0.573 (0.036)]l_bij: 1.0609e+02 l_orth: 1.1361e+02 l_diff: 2.4951e+02 l_align: 8.4447e+01 l_total: 5.5365e+02 
2026-05-21 23:12:55,716 INFO: [smal..][epoch:  8, iter:   6,140, lr:(7.543e-04,)][eta: 1:47:11, time (data): 0.570 (0.036)]l_bij: 1.2973e+02 l_orth: 1.3141e+02 l_diff: 2.6521e+02 l_align: 9.5788e+01 l_total: 6.2213e+02 
2026-05-21 23:13:09,450 INFO: [smal..][epoch:  8, iter:   6,160, lr:(7.543e-04,)][eta: 1:47:02, time (data): 0.588 (0.036)]l_bij: 1.1349e+02 l_orth: 1.1778e+02 l_diff: 2.4895e+02 l_align: 8.1860e+01 l_total: 5.6208e+02 
2026-05-21 23:13:18,957 INFO: [smal..][epoch:  8, iter:   6,180, lr:(7.543e-04,)][eta: 1:46:46, time (data): 0.573 (0.036)]l_bij: 1.0898e+02 l_orth: 1.1663e+02 l_diff: 2.5678e+02 l_align: 8.6816e+01 l_total: 5.6921e+02 
2026-05-21 23:13:31,126 INFO: [smal..][epoch:  8, iter:   6,200, lr:(7.543e-04,)][eta: 1:46:34, time (data): 0.577 (0.036)]l_bij: 1.1961e+02 l_orth: 1.2281e+02 l_diff: 2.5358e+02 l_align: 8.7486e+01 l_total: 5.8349e+02 
2026-05-21 23:13:44,805 INFO: [smal..][epoch:  8, iter:   6,220, lr:(7.543e-04,)][eta: 1:46:25, time (data): 0.589 (0.036)]l_bij: 1.1084e+02 l_orth: 1.1500e+02 l_diff: 2.4763e+02 l_align: 7.8256e+01 l_total: 5.5173e+02 
2026-05-21 23:13:56,475 INFO: [smal..][epoch:  8, iter:   6,240, lr:(7.543e-04,)][eta: 1:46:12, time (data): 0.576 (0.033)]l_bij: 1.5255e+02 l_orth: 1.4994e+02 l_diff: 2.9357e+02 l_align: 1.0617e+02 l_total: 7.0224e+02 
2026-05-21 23:14:09,928 INFO: [smal..][epoch:  8, iter:   6,260, lr:(7.543e-04,)][eta: 1:46:02, time (data): 0.643 (0.034)]l_bij: 1.0376e+02 l_orth: 1.1599e+02 l_diff: 2.5295e+02 l_align: 8.9155e+01 l_total: 5.6187e+02 
2026-05-21 23:14:20,322 INFO: [smal..][epoch:  8, iter:   6,280, lr:(7.543e-04,)][eta: 1:45:48, time (data): 0.592 (0.035)]l_bij: 1.0842e+02 l_orth: 1.1649e+02 l_diff: 2.5520e+02 l_align: 8.5091e+01 l_total: 5.6520e+02 
2026-05-21 23:14:32,284 INFO: [smal..][epoch:  8, iter:   6,300, lr:(7.543e-04,)][eta: 1:45:35, time (data): 0.594 (0.035)]l_bij: 1.1072e+02 l_orth: 1.1871e+02 l_diff: 2.5992e+02 l_align: 9.8285e+01 l_total: 5.8764e+02 
2026-05-21 23:14:43,376 INFO: [smal..][epoch:  8, iter:   6,320, lr:(7.543e-04,)][eta: 1:45:22, time (data): 0.585 (0.035)]l_bij: 3.8714e+01 l_orth: 7.8440e+01 l_diff: 2.4386e+02 l_align: 9.0530e+01 l_total: 4.5154e+02 
2026-05-21 23:14:54,006 INFO: [smal..][epoch:  8, iter:   6,340, lr:(7.543e-04,)][eta: 1:45:07, time (data): 0.575 (0.035)]l_bij: 6.5220e+01 l_orth: 9.0101e+01 l_diff: 2.4326e+02 l_align: 8.8276e+01 l_total: 4.8686e+02 
2026-05-21 23:15:05,793 INFO: [smal..][epoch:  8, iter:   6,360, lr:(7.543e-04,)][eta: 1:44:55, time (data): 0.577 (0.036)]l_bij: 1.0087e+02 l_orth: 1.1140e+02 l_diff: 2.5113e+02 l_align: 7.8318e+01 l_total: 5.4172e+02 
2026-05-21 23:15:17,809 INFO: [smal..][epoch:  8, iter:   6,380, lr:(7.543e-04,)][eta: 1:44:43, time (data): 0.581 (0.036)]l_bij: 1.2413e+02 l_orth: 1.2648e+02 l_diff: 2.6394e+02 l_align: 9.6037e+01 l_total: 6.1058e+02 
2026-05-21 23:15:26,377 INFO: [smal..][epoch:  8, iter:   6,400, lr:(7.543e-04,)][eta: 1:44:25, time (data): 0.563 (0.036)]l_bij: 1.0029e+02 l_orth: 1.1121e+02 l_diff: 2.5373e+02 l_align: 8.5713e+01 l_total: 5.5095e+02 
2026-05-21 23:15:37,595 INFO: [smal..][epoch:  8, iter:   6,420, lr:(7.543e-04,)][eta: 1:44:12, time (data): 0.562 (0.036)]l_bij: 1.2161e+02 l_orth: 1.2555e+02 l_diff: 2.6826e+02 l_align: 9.1844e+01 l_total: 6.0727e+02 
2026-05-21 23:15:50,841 INFO: [smal..][epoch:  8, iter:   6,440, lr:(7.543e-04,)][eta: 1:44:02, time (data): 0.658 (0.036)]l_bij: 1.1686e+02 l_orth: 1.1969e+02 l_diff: 2.5665e+02 l_align: 8.6979e+01 l_total: 5.8018e+02 
2026-05-21 23:16:03,150 INFO: [smal..][epoch:  8, iter:   6,460, lr:(7.543e-04,)][eta: 1:43:50, time (data): 0.628 (0.036)]l_bij: 1.0526e+02 l_orth: 1.1349e+02 l_diff: 2.5104e+02 l_align: 8.1629e+01 l_total: 5.5141e+02 
2026-05-21 23:16:16,268 INFO: [smal..][epoch:  8, iter:   6,480, lr:(7.543e-04,)][eta: 1:43:40, time (data): 0.639 (0.037)]l_bij: 9.9611e+01 l_orth: 1.0962e+02 l_diff: 2.4801e+02 l_align: 8.0385e+01 l_total: 5.3763e+02 
2026-05-21 23:16:27,360 INFO: [smal..][epoch:  8, iter:   6,500, lr:(7.543e-04,)][eta: 1:43:26, time (data): 0.614 (0.037)]l_bij: 8.9735e+01 l_orth: 1.0284e+02 l_diff: 2.4385e+02 l_align: 7.8520e+01 l_total: 5.1494e+02 
2026-05-21 23:16:38,764 INFO: [smal..][epoch:  8, iter:   6,520, lr:(7.543e-04,)][eta: 1:43:13, time (data): 0.604 (0.036)]l_bij: 1.0753e+02 l_orth: 1.1705e+02 l_diff: 2.5227e+02 l_align: 8.5567e+01 l_total: 5.6242e+02 
2026-05-21 23:16:49,856 INFO: [smal..][epoch:  8, iter:   6,540, lr:(7.543e-04,)][eta: 1:43:00, time (data): 0.595 (0.037)]l_bij: 1.2794e+02 l_orth: 1.3202e+02 l_diff: 2.7488e+02 l_align: 8.9863e+01 l_total: 6.2470e+02 
2026-05-21 23:17:03,324 INFO: [smal..][epoch:  8, iter:   6,560, lr:(7.543e-04,)][eta: 1:42:50, time (data): 0.607 (0.036)]l_bij: 1.7410e+01 l_orth: 6.2883e+01 l_diff: 2.3483e+02 l_align: 9.5557e+01 l_total: 4.1068e+02 
2026-05-21 23:17:15,322 INFO: [smal..][epoch:  8, iter:   6,580, lr:(7.543e-04,)][eta: 1:42:38, time (data): 0.606 (0.036)]l_bij: 1.0713e+02 l_orth: 1.1396e+02 l_diff: 2.5302e+02 l_align: 8.0473e+01 l_total: 5.5458e+02 
2026-05-21 23:17:28,440 INFO: [smal..][epoch:  8, iter:   6,600, lr:(7.543e-04,)][eta: 1:42:28, time (data): 0.612 (0.036)]l_bij: 8.2266e+01 l_orth: 9.8967e+01 l_diff: 2.3461e+02 l_align: 7.6590e+01 l_total: 4.9243e+02 
2026-05-21 23:17:39,357 INFO: [smal..][epoch:  8, iter:   6,620, lr:(7.543e-04,)][eta: 1:42:14, time (data): 0.605 (0.036)]l_bij: 1.3087e+02 l_orth: 1.3141e+02 l_diff: 2.6193e+02 l_align: 9.4016e+01 l_total: 6.1823e+02 
2026-05-21 23:17:51,342 INFO: [smal..][epoch:  8, iter:   6,640, lr:(7.543e-04,)][eta: 1:42:02, time (data): 0.669 (0.035)]l_bij: 1.0771e+02 l_orth: 1.1509e+02 l_diff: 2.5542e+02 l_align: 8.7371e+01 l_total: 5.6559e+02 
2026-05-21 23:18:03,263 INFO: [smal..][epoch:  8, iter:   6,660, lr:(7.543e-04,)][eta: 1:41:50, time (data): 0.615 (0.036)]l_bij: 8.4098e+01 l_orth: 1.0383e+02 l_diff: 2.4609e+02 l_align: 8.2761e+01 l_total: 5.1678e+02 
2026-05-21 23:18:16,167 INFO: [smal..][epoch:  8, iter:   6,680, lr:(7.543e-04,)][eta: 1:41:39, time (data): 0.628 (0.036)]l_bij: 9.3685e+01 l_orth: 1.0237e+02 l_diff: 2.4581e+02 l_align: 7.7486e+01 l_total: 5.1935e+02 
2026-05-21 23:18:26,226 INFO: [smal..][epoch:  8, iter:   6,700, lr:(7.543e-04,)][eta: 1:41:24, time (data): 0.591 (0.036)]l_bij: 1.0003e+02 l_orth: 1.1023e+02 l_diff: 2.4702e+02 l_align: 8.2285e+01 l_total: 5.3956e+02 
2026-05-21 23:18:38,076 INFO: [smal..][epoch:  8, iter:   6,720, lr:(7.543e-04,)][eta: 1:41:12, time (data): 0.591 (0.035)]l_bij: 1.1760e+02 l_orth: 1.2424e+02 l_diff: 2.5403e+02 l_align: 8.8911e+01 l_total: 5.8478e+02 
2026-05-21 23:18:49,431 INFO: [smal..][epoch:  9, iter:   6,740, lr:(6.891e-04,)][eta: 1:40:59, time (data): 0.587 (0.044)]l_bij: 1.0784e+02 l_orth: 1.1669e+02 l_diff: 2.5923e+02 l_align: 8.6275e+01 l_total: 5.7004e+02 
2026-05-21 23:19:01,276 INFO: [smal..][epoch:  9, iter:   6,760, lr:(6.891e-04,)][eta: 1:40:46, time (data): 0.587 (0.042)]l_bij: 7.2147e+01 l_orth: 9.1687e+01 l_diff: 2.4854e+02 l_align: 8.1594e+01 l_total: 4.9397e+02 
2026-05-21 23:19:12,414 INFO: [smal..][epoch:  9, iter:   6,780, lr:(6.891e-04,)][eta: 1:40:33, time (data): 0.583 (0.041)]l_bij: 8.1305e+01 l_orth: 9.7745e+01 l_diff: 2.4989e+02 l_align: 8.2400e+01 l_total: 5.1134e+02 
2026-05-21 23:19:23,915 INFO: [smal..][epoch:  9, iter:   6,800, lr:(6.891e-04,)][eta: 1:40:20, time (data): 0.582 (0.041)]l_bij: 1.0903e+02 l_orth: 1.1611e+02 l_diff: 2.5282e+02 l_align: 8.2415e+01 l_total: 5.6038e+02 
2026-05-21 23:19:35,530 INFO: [smal..][epoch:  9, iter:   6,820, lr:(6.891e-04,)][eta: 1:40:08, time (data): 0.582 (0.041)]l_bij: 6.8430e+01 l_orth: 8.8535e+01 l_diff: 2.4630e+02 l_align: 7.8823e+01 l_total: 4.8209e+02 
2026-05-21 23:19:46,373 INFO: [smal..][epoch:  9, iter:   6,840, lr:(6.891e-04,)][eta: 1:39:54, time (data): 0.698 (0.033)]l_bij: 1.2915e+02 l_orth: 1.3313e+02 l_diff: 2.6919e+02 l_align: 9.5432e+01 l_total: 6.2690e+02 
2026-05-21 23:19:59,054 INFO: [smal..][epoch:  9, iter:   6,860, lr:(6.891e-04,)][eta: 1:39:43, time (data): 0.649 (0.037)]l_bij: 1.0022e+02 l_orth: 1.0851e+02 l_diff: 2.5463e+02 l_align: 8.4734e+01 l_total: 5.4810e+02 
2026-05-21 23:20:07,767 INFO: [smal..][epoch:  9, iter:   6,880, lr:(6.891e-04,)][eta: 1:39:26, time (data): 0.556 (0.038)]l_bij: 1.0717e+02 l_orth: 1.1612e+02 l_diff: 2.5413e+02 l_align: 8.4204e+01 l_total: 5.6162e+02 
2026-05-21 23:20:19,217 INFO: [smal..][epoch:  9, iter:   6,900, lr:(6.891e-04,)][eta: 1:39:13, time (data): 0.561 (0.038)]l_bij: 1.0108e+02 l_orth: 1.1174e+02 l_diff: 2.4779e+02 l_align: 8.0974e+01 l_total: 5.4158e+02 
2026-05-21 23:20:28,849 INFO: [smal..][epoch:  9, iter:   6,920, lr:(6.891e-04,)][eta: 1:38:58, time (data): 0.543 (0.037)]l_bij: 1.2218e+02 l_orth: 1.2896e+02 l_diff: 2.6732e+02 l_align: 9.4588e+01 l_total: 6.1305e+02 
2026-05-21 23:20:39,831 INFO: [smal..][epoch:  9, iter:   6,940, lr:(6.891e-04,)][eta: 1:38:44, time (data): 0.544 (0.037)]l_bij: 8.0660e+01 l_orth: 9.8035e+01 l_diff: 2.4889e+02 l_align: 8.2641e+01 l_total: 5.1022e+02 
2026-05-21 23:20:52,057 INFO: [smal..][epoch:  9, iter:   6,960, lr:(6.891e-04,)][eta: 1:38:33, time (data): 0.554 (0.037)]l_bij: 1.3845e+02 l_orth: 1.4051e+02 l_diff: 2.8485e+02 l_align: 1.0103e+02 l_total: 6.6484e+02 
2026-05-21 23:21:04,447 INFO: [smal..][epoch:  9, iter:   6,980, lr:(6.891e-04,)][eta: 1:38:21, time (data): 0.563 (0.037)]l_bij: 9.8576e+01 l_orth: 1.0894e+02 l_diff: 2.4969e+02 l_align: 8.3080e+01 l_total: 5.4029e+02 
2026-05-21 23:21:16,110 INFO: [smal..][epoch:  9, iter:   7,000, lr:(6.891e-04,)][eta: 1:38:09, time (data): 0.566 (0.037)]l_bij: 5.6957e+01 l_orth: 7.9516e+01 l_diff: 2.4659e+02 l_align: 7.5756e+01 l_total: 4.5882e+02 
2026-05-21 23:21:26,522 INFO: [smal..][epoch:  9, iter:   7,020, lr:(6.891e-04,)][eta: 1:37:55, time (data): 0.561 (0.037)]l_bij: 1.2477e+02 l_orth: 1.2836e+02 l_diff: 2.6193e+02 l_align: 9.3855e+01 l_total: 6.0892e+02 
2026-05-21 23:21:37,632 INFO: [smal..][epoch:  9, iter:   7,040, lr:(6.891e-04,)][eta: 1:37:41, time (data): 0.536 (0.036)]l_bij: 9.2854e+01 l_orth: 1.0531e+02 l_diff: 2.5393e+02 l_align: 7.7235e+01 l_total: 5.2932e+02 
2026-05-21 23:21:49,356 INFO: [smal..][epoch:  9, iter:   7,060, lr:(6.891e-04,)][eta: 1:37:29, time (data): 0.576 (0.036)]l_bij: 1.0589e+02 l_orth: 1.1255e+02 l_diff: 2.4626e+02 l_align: 8.4659e+01 l_total: 5.4936e+02 
2026-05-21 23:22:01,119 INFO: [smal..][epoch:  9, iter:   7,080, lr:(6.891e-04,)][eta: 1:37:17, time (data): 0.581 (0.036)]l_bij: 1.0955e+02 l_orth: 1.1471e+02 l_diff: 2.5503e+02 l_align: 8.1029e+01 l_total: 5.6032e+02 
2026-05-21 23:22:11,303 INFO: [smal..][epoch:  9, iter:   7,100, lr:(6.891e-04,)][eta: 1:37:02, time (data): 0.559 (0.036)]l_bij: 1.3117e+02 l_orth: 1.3705e+02 l_diff: 2.6922e+02 l_align: 9.7745e+01 l_total: 6.3518e+02 
2026-05-21 23:22:23,341 INFO: [smal..][epoch:  9, iter:   7,120, lr:(6.891e-04,)][eta: 1:36:50, time (data): 0.569 (0.036)]l_bij: 8.8655e+01 l_orth: 1.0527e+02 l_diff: 2.5118e+02 l_align: 8.4297e+01 l_total: 5.2939e+02 
2026-05-21 23:22:32,644 INFO: [smal..][epoch:  9, iter:   7,140, lr:(6.891e-04,)][eta: 1:36:35, time (data): 0.549 (0.037)]l_bij: 9.3977e+01 l_orth: 1.0662e+02 l_diff: 2.4902e+02 l_align: 8.1079e+01 l_total: 5.3070e+02 
2026-05-21 23:22:43,916 INFO: [smal..][epoch:  9, iter:   7,160, lr:(6.891e-04,)][eta: 1:36:22, time (data): 0.552 (0.037)]l_bij: 9.3112e+01 l_orth: 1.0512e+02 l_diff: 2.4589e+02 l_align: 8.2120e+01 l_total: 5.2625e+02 
2026-05-21 23:22:54,789 INFO: [smal..][epoch:  9, iter:   7,180, lr:(6.891e-04,)][eta: 1:36:08, time (data): 0.550 (0.037)]l_bij: 1.0377e+02 l_orth: 1.1166e+02 l_diff: 2.5646e+02 l_align: 8.3320e+01 l_total: 5.5521e+02 
2026-05-21 23:23:07,478 INFO: [smal..][epoch:  9, iter:   7,200, lr:(6.891e-04,)][eta: 1:35:57, time (data): 0.561 (0.037)]l_bij: 1.5182e+02 l_orth: 1.5269e+02 l_diff: 2.9369e+02 l_align: 1.1333e+02 l_total: 7.1153e+02 
2026-05-21 23:23:19,780 INFO: [smal..][epoch:  9, iter:   7,220, lr:(6.891e-04,)][eta: 1:35:46, time (data): 0.567 (0.037)]l_bij: 1.0222e+02 l_orth: 1.1098e+02 l_diff: 2.4840e+02 l_align: 7.8457e+01 l_total: 5.4005e+02 
2026-05-21 23:23:29,099 INFO: [smal..][epoch:  9, iter:   7,240, lr:(6.891e-04,)][eta: 1:35:30, time (data): 0.324 (0.038)]l_bij: 1.5301e+02 l_orth: 1.5310e+02 l_diff: 2.8232e+02 l_align: 1.1182e+02 l_total: 7.0025e+02 
2026-05-21 23:23:41,438 INFO: [smal..][epoch:  9, iter:   7,260, lr:(6.891e-04,)][eta: 1:35:19, time (data): 0.568 (0.038)]l_bij: 1.2095e+02 l_orth: 1.2534e+02 l_diff: 2.6127e+02 l_align: 9.0088e+01 l_total: 5.9765e+02 
2026-05-21 23:23:50,843 INFO: [smal..][epoch:  9, iter:   7,280, lr:(6.891e-04,)][eta: 1:35:04, time (data): 0.524 (0.038)]l_bij: 1.2795e+02 l_orth: 1.3177e+02 l_diff: 2.6670e+02 l_align: 9.3204e+01 l_total: 6.1962e+02 
2026-05-21 23:24:01,673 INFO: [smal..][epoch:  9, iter:   7,300, lr:(6.891e-04,)][eta: 1:34:50, time (data): 0.529 (0.038)]l_bij: 8.7151e+01 l_orth: 1.0076e+02 l_diff: 2.5427e+02 l_align: 7.8842e+01 l_total: 5.2103e+02 
2026-05-21 23:24:11,315 INFO: [smal..][epoch:  9, iter:   7,320, lr:(6.891e-04,)][eta: 1:34:35, time (data): 0.518 (0.038)]l_bij: 9.7009e+01 l_orth: 1.0907e+02 l_diff: 2.4787e+02 l_align: 7.7050e+01 l_total: 5.3099e+02 
2026-05-21 23:24:21,962 INFO: [smal..][epoch:  9, iter:   7,340, lr:(6.891e-04,)][eta: 1:34:22, time (data): 0.521 (0.038)]l_bij: 8.8713e+01 l_orth: 1.0066e+02 l_diff: 2.4799e+02 l_align: 7.5874e+01 l_total: 5.1324e+02 
2026-05-21 23:24:32,114 INFO: [smal..][epoch:  9, iter:   7,360, lr:(6.891e-04,)][eta: 1:34:07, time (data): 0.519 (0.038)]l_bij: 9.1752e+01 l_orth: 1.1084e+02 l_diff: 2.4481e+02 l_align: 8.5862e+01 l_total: 5.3327e+02 
2026-05-21 23:24:42,347 INFO: [smal..][epoch:  9, iter:   7,380, lr:(6.891e-04,)][eta: 1:33:53, time (data): 0.518 (0.037)]l_bij: 1.2975e+02 l_orth: 1.3709e+02 l_diff: 2.6657e+02 l_align: 9.5498e+01 l_total: 6.2892e+02 
2026-05-21 23:24:53,430 INFO: [smal..][epoch:  9, iter:   7,400, lr:(6.891e-04,)][eta: 1:33:40, time (data): 0.522 (0.037)]l_bij: 1.1192e+02 l_orth: 1.1864e+02 l_diff: 2.6106e+02 l_align: 8.2198e+01 l_total: 5.7382e+02 
2026-05-21 23:25:04,015 INFO: [smal..][epoch:  9, iter:   7,420, lr:(6.891e-04,)][eta: 1:33:26, time (data): 0.523 (0.037)]l_bij: 1.2446e+02 l_orth: 1.2970e+02 l_diff: 2.6131e+02 l_align: 9.2072e+01 l_total: 6.0754e+02 
2026-05-21 23:25:14,820 INFO: [smal..][epoch:  9, iter:   7,440, lr:(6.891e-04,)][eta: 1:33:13, time (data): 0.451 (0.034)]l_bij: 1.3534e+01 l_orth: 6.1767e+01 l_diff: 2.3214e+02 l_align: 9.1932e+01 l_total: 3.9937e+02 
2026-05-21 23:25:24,392 INFO: [smal..][epoch:  9, iter:   7,460, lr:(6.891e-04,)][eta: 1:32:58, time (data): 0.475 (0.037)]l_bij: 6.7002e+01 l_orth: 8.9087e+01 l_diff: 2.3669e+02 l_align: 8.0974e+01 l_total: 4.7376e+02 
2026-05-21 23:25:35,275 INFO: [smal..][epoch:  9, iter:   7,480, lr:(6.891e-04,)][eta: 1:32:45, time (data): 0.507 (0.037)]l_bij: 1.0352e+02 l_orth: 1.1011e+02 l_diff: 2.5120e+02 l_align: 7.9247e+01 l_total: 5.4408e+02 
2026-05-21 23:25:44,875 INFO: [smal..][epoch:  9, iter:   7,500, lr:(6.891e-04,)][eta: 1:32:30, time (data): 0.498 (0.037)]l_bij: 1.3703e+02 l_orth: 1.4343e+02 l_diff: 2.8470e+02 l_align: 1.0395e+02 l_total: 6.6911e+02 
2026-05-21 23:25:54,779 INFO: [smal..][epoch:  9, iter:   7,520, lr:(6.891e-04,)][eta: 1:32:16, time (data): 0.498 (0.037)]l_bij: 1.4957e+02 l_orth: 1.4836e+02 l_diff: 2.8664e+02 l_align: 1.0499e+02 l_total: 6.8956e+02 
2026-05-21 23:26:03,662 INFO: [smal..][epoch:  9, iter:   7,540, lr:(6.891e-04,)][eta: 1:32:00, time (data): 0.487 (0.037)]l_bij: 1.0977e+02 l_orth: 1.1610e+02 l_diff: 2.5214e+02 l_align: 8.3987e+01 l_total: 5.6200e+02 
2026-05-21 23:26:13,122 INFO: [smal..][epoch:  9, iter:   7,560, lr:(6.891e-04,)][eta: 1:31:45, time (data): 0.485 (0.037)]l_bij: 5.3997e+01 l_orth: 7.7978e+01 l_diff: 2.3631e+02 l_align: 7.7981e+01 l_total: 4.4627e+02 
2026-05-21 23:26:23,584 INFO: [smal..][epoch: 10, iter:   7,580, lr:(6.204e-04,)][eta: 1:31:32, time (data): 0.490 (0.043)]l_bij: 1.3390e+01 l_orth: 6.2935e+01 l_diff: 2.2285e+02 l_align: 9.1784e+01 l_total: 3.9096e+02 
2026-05-21 23:26:33,646 INFO: [smal..][epoch: 10, iter:   7,600, lr:(6.204e-04,)][eta: 1:31:18, time (data): 0.492 (0.041)]l_bij: 1.0292e+02 l_orth: 1.1091e+02 l_diff: 2.4513e+02 l_align: 7.8502e+01 l_total: 5.3746e+02 
2026-05-21 23:26:44,842 INFO: [smal..][epoch: 10, iter:   7,620, lr:(6.204e-04,)][eta: 1:31:05, time (data): 0.499 (0.041)]l_bij: 1.0053e+02 l_orth: 1.1190e+02 l_diff: 2.4281e+02 l_align: 7.9435e+01 l_total: 5.3467e+02 
2026-05-21 23:26:54,607 INFO: [smal..][epoch: 10, iter:   7,640, lr:(6.204e-04,)][eta: 1:30:50, time (data): 0.329 (0.038)]l_bij: 9.0427e+01 l_orth: 9.9932e+01 l_diff: 2.4489e+02 l_align: 7.5359e+01 l_total: 5.1060e+02 
2026-05-21 23:27:05,515 INFO: [smal..][epoch: 10, iter:   7,660, lr:(6.204e-04,)][eta: 1:30:37, time (data): 0.526 (0.037)]l_bij: 6.4356e+01 l_orth: 8.8112e+01 l_diff: 2.2983e+02 l_align: 7.4763e+01 l_total: 4.5706e+02 
2026-05-21 23:27:14,711 INFO: [smal..][epoch: 10, iter:   7,680, lr:(6.204e-04,)][eta: 1:30:22, time (data): 0.494 (0.038)]l_bij: 9.7187e+01 l_orth: 1.0762e+02 l_diff: 2.4684e+02 l_align: 8.1187e+01 l_total: 5.3284e+02 
2026-05-21 23:27:25,390 INFO: [smal..][epoch: 10, iter:   7,700, lr:(6.204e-04,)][eta: 1:30:09, time (data): 0.507 (0.037)]l_bij: 8.6900e+01 l_orth: 9.9518e+01 l_diff: 2.4483e+02 l_align: 7.8678e+01 l_total: 5.0993e+02 
2026-05-21 23:27:35,014 INFO: [smal..][epoch: 10, iter:   7,720, lr:(6.204e-04,)][eta: 1:29:55, time (data): 0.501 (0.037)]l_bij: 9.8709e+01 l_orth: 1.1085e+02 l_diff: 2.4864e+02 l_align: 8.0502e+01 l_total: 5.3871e+02 
2026-05-21 23:27:45,074 INFO: [smal..][epoch: 10, iter:   7,740, lr:(6.204e-04,)][eta: 1:29:41, time (data): 0.501 (0.037)]l_bij: 1.1650e+02 l_orth: 1.2241e+02 l_diff: 2.5434e+02 l_align: 8.8698e+01 l_total: 5.8195e+02 
2026-05-21 23:27:55,074 INFO: [smal..][epoch: 10, iter:   7,760, lr:(6.204e-04,)][eta: 1:29:27, time (data): 0.501 (0.037)]l_bij: 5.1454e+01 l_orth: 8.1790e+01 l_diff: 2.4008e+02 l_align: 8.4578e+01 l_total: 4.5790e+02 
2026-05-21 23:28:05,604 INFO: [smal..][epoch: 10, iter:   7,780, lr:(6.204e-04,)][eta: 1:29:13, time (data): 0.505 (0.037)]l_bij: 1.3010e+02 l_orth: 1.3542e+02 l_diff: 2.7459e+02 l_align: 1.0112e+02 l_total: 6.4123e+02 
2026-05-21 23:28:15,779 INFO: [smal..][epoch: 10, iter:   7,800, lr:(6.204e-04,)][eta: 1:28:59, time (data): 0.505 (0.037)]l_bij: 1.1709e+02 l_orth: 1.2542e+02 l_diff: 2.6059e+02 l_align: 9.1355e+01 l_total: 5.9445e+02 
2026-05-21 23:28:24,702 INFO: [smal..][epoch: 10, iter:   7,820, lr:(6.204e-04,)][eta: 1:28:44, time (data): 0.499 (0.037)]l_bij: 1.1035e+02 l_orth: 1.1468e+02 l_diff: 2.5456e+02 l_align: 8.2926e+01 l_total: 5.6253e+02 
2026-05-21 23:28:34,431 INFO: [smal..][epoch: 10, iter:   7,840, lr:(6.204e-04,)][eta: 1:28:30, time (data): 0.165 (0.028)]l_bij: 9.9610e+01 l_orth: 1.0914e+02 l_diff: 2.4493e+02 l_align: 7.7829e+01 l_total: 5.3150e+02 
2026-05-21 23:28:46,055 INFO: [smal..][epoch: 10, iter:   7,860, lr:(6.204e-04,)][eta: 1:28:18, time (data): 0.561 (0.036)]l_bij: 1.2468e+02 l_orth: 1.2706e+02 l_diff: 2.5373e+02 l_align: 8.7307e+01 l_total: 5.9278e+02 
2026-05-21 23:28:55,895 INFO: [smal..][epoch: 10, iter:   7,880, lr:(6.204e-04,)][eta: 1:28:04, time (data): 0.527 (0.037)]l_bij: 1.0477e+02 l_orth: 1.0881e+02 l_diff: 2.4832e+02 l_align: 7.5481e+01 l_total: 5.3737e+02 
2026-05-21 23:29:06,982 INFO: [smal..][epoch: 10, iter:   7,900, lr:(6.204e-04,)][eta: 1:27:51, time (data): 0.536 (0.038)]l_bij: 8.1301e+01 l_orth: 9.4797e+01 l_diff: 2.3707e+02 l_align: 7.0705e+01 l_total: 4.8388e+02 
2026-05-21 23:29:17,159 INFO: [smal..][epoch: 10, iter:   7,920, lr:(6.204e-04,)][eta: 1:27:38, time (data): 0.529 (0.038)]l_bij: 1.1464e+02 l_orth: 1.2233e+02 l_diff: 2.5297e+02 l_align: 8.3887e+01 l_total: 5.7383e+02 
2026-05-21 23:29:26,704 INFO: [smal..][epoch: 10, iter:   7,940, lr:(6.204e-04,)][eta: 1:27:23, time (data): 0.519 (0.038)]l_bij: 1.3248e+02 l_orth: 1.4032e+02 l_diff: 2.8287e+02 l_align: 1.0235e+02 l_total: 6.5802e+02 
2026-05-21 23:29:36,828 INFO: [smal..][epoch: 10, iter:   7,960, lr:(6.204e-04,)][eta: 1:27:09, time (data): 0.517 (0.037)]l_bij: 1.4303e+02 l_orth: 1.4516e+02 l_diff: 2.7960e+02 l_align: 1.0503e+02 l_total: 6.7282e+02 
2026-05-21 23:29:46,964 INFO: [smal..][epoch: 10, iter:   7,980, lr:(6.204e-04,)][eta: 1:26:56, time (data): 0.515 (0.037)]l_bij: 5.0578e+01 l_orth: 8.6699e+01 l_diff: 2.3522e+02 l_align: 8.3124e+01 l_total: 4.5562e+02 
2026-05-21 23:29:58,915 INFO: [smal..][epoch: 10, iter:   8,000, lr:(6.204e-04,)][eta: 1:26:44, time (data): 0.526 (0.037)]l_bij: 5.3721e+01 l_orth: 8.3451e+01 l_diff: 2.3615e+02 l_align: 8.1960e+01 l_total: 4.5529e+02 
2026-05-21 23:29:58,916 INFO: Saving models and training states.
2026-05-21 23:29:58,931 INFO: Start validation.
2026-05-21 23:34:39,089 INFO: Avg time: 0.4556
2026-05-21 23:34:39,285 INFO: Val auc: 0.6395
2026-05-21 23:34:39,286 INFO: Val avg error: 0.0716
2026-05-21 23:34:39,293 INFO: Best model is updated, average geodesic error: 0.0716
2026-05-21 23:34:51,854 INFO: [smal..][epoch: 10, iter:   8,020, lr:(6.204e-04,)][eta: 1:31:41, time (data): 0.536 (0.037)]l_bij: 9.2219e+01 l_orth: 1.0506e+02 l_diff: 2.4567e+02 l_align: 7.7418e+01 l_total: 5.2037e+02 
2026-05-21 23:35:01,653 INFO: [smal..][epoch: 10, iter:   8,040, lr:(6.204e-04,)][eta: 1:31:25, time (data): 0.532 (0.037)]l_bij: 1.3728e+02 l_orth: 1.3597e+02 l_diff: 2.6326e+02 l_align: 9.4425e+01 l_total: 6.3094e+02 
2026-05-21 23:35:11,923 INFO: [smal..][epoch: 10, iter:   8,060, lr:(6.204e-04,)][eta: 1:31:10, time (data): 0.513 (0.043)]l_bij: 9.6999e+01 l_orth: 1.0496e+02 l_diff: 2.4418e+02 l_align: 7.7553e+01 l_total: 5.2369e+02 
2026-05-21 23:35:22,291 INFO: [smal..][epoch: 10, iter:   8,080, lr:(6.204e-04,)][eta: 1:30:56, time (data): 0.516 (0.041)]l_bij: 5.9602e+01 l_orth: 8.6244e+01 l_diff: 2.3408e+02 l_align: 8.0310e+01 l_total: 4.6023e+02 
2026-05-21 23:35:33,327 INFO: [smal..][epoch: 10, iter:   8,100, lr:(6.204e-04,)][eta: 1:30:42, time (data): 0.528 (0.040)]l_bij: 1.0604e+02 l_orth: 1.1663e+02 l_diff: 2.5357e+02 l_align: 9.3754e+01 l_total: 5.7000e+02 
2026-05-21 23:35:43,381 INFO: [smal..][epoch: 10, iter:   8,120, lr:(6.204e-04,)][eta: 1:30:26, time (data): 0.522 (0.039)]l_bij: 1.1372e+02 l_orth: 1.1882e+02 l_diff: 2.4903e+02 l_align: 8.3293e+01 l_total: 5.6486e+02 
2026-05-21 23:35:52,927 INFO: [smal..][epoch: 10, iter:   8,140, lr:(6.204e-04,)][eta: 1:30:11, time (data): 0.513 (0.039)]l_bij: 6.0965e+01 l_orth: 8.6854e+01 l_diff: 2.3104e+02 l_align: 7.6313e+01 l_total: 4.5517e+02 
2026-05-21 23:36:02,929 INFO: [smal..][epoch: 10, iter:   8,160, lr:(6.204e-04,)][eta: 1:29:56, time (data): 0.511 (0.039)]l_bij: 9.2888e+01 l_orth: 1.0405e+02 l_diff: 2.4797e+02 l_align: 8.6619e+01 l_total: 5.3153e+02 
2026-05-21 23:36:12,822 INFO: [smal..][epoch: 10, iter:   8,180, lr:(6.204e-04,)][eta: 1:29:41, time (data): 0.508 (0.039)]l_bij: 1.0174e+02 l_orth: 1.1231e+02 l_diff: 2.4238e+02 l_align: 8.3924e+01 l_total: 5.4035e+02 
2026-05-21 23:36:23,331 INFO: [smal..][epoch: 10, iter:   8,200, lr:(6.204e-04,)][eta: 1:29:26, time (data): 0.510 (0.039)]l_bij: 8.3479e+01 l_orth: 9.7654e+01 l_diff: 2.3492e+02 l_align: 7.6478e+01 l_total: 4.9253e+02 
2026-05-21 23:36:31,642 INFO: [smal..][epoch: 10, iter:   8,220, lr:(6.204e-04,)][eta: 1:29:09, time (data): 0.500 (0.039)]l_bij: 1.1532e+02 l_orth: 1.2464e+02 l_diff: 2.6405e+02 l_align: 8.8440e+01 l_total: 5.9245e+02 
2026-05-21 23:36:41,316 INFO: [smal..][epoch: 10, iter:   8,240, lr:(6.204e-04,)][eta: 1:28:54, time (data): 0.498 (0.039)]l_bij: 1.3236e+02 l_orth: 1.3499e+02 l_diff: 2.6380e+02 l_align: 9.8043e+01 l_total: 6.2919e+02 
2026-05-21 23:36:51,293 INFO: [smal..][epoch: 10, iter:   8,260, lr:(6.204e-04,)][eta: 1:28:39, time (data): 0.491 (0.036)]l_bij: 1.2225e+02 l_orth: 1.2956e+02 l_diff: 2.5930e+02 l_align: 9.3846e+01 l_total: 6.0495e+02 
2026-05-21 23:37:01,755 INFO: [smal..][epoch: 10, iter:   8,280, lr:(6.204e-04,)][eta: 1:28:25, time (data): 0.508 (0.036)]l_bij: 7.2202e+01 l_orth: 8.8485e+01 l_diff: 2.3334e+02 l_align: 7.4774e+01 l_total: 4.6880e+02 
2026-05-21 23:37:10,803 INFO: [smal..][epoch: 10, iter:   8,300, lr:(6.204e-04,)][eta: 1:28:09, time (data): 0.489 (0.037)]l_bij: 7.5354e+01 l_orth: 9.2377e+01 l_diff: 2.4075e+02 l_align: 7.3723e+01 l_total: 4.8221e+02 
2026-05-21 23:37:18,830 INFO: [smal..][epoch: 10, iter:   8,320, lr:(6.204e-04,)][eta: 1:27:52, time (data): 0.467 (0.038)]l_bij: 1.2375e+02 l_orth: 1.2565e+02 l_diff: 2.5300e+02 l_align: 8.6360e+01 l_total: 5.8876e+02 
2026-05-21 23:37:29,868 INFO: [smal..][epoch: 10, iter:   8,340, lr:(6.204e-04,)][eta: 1:27:38, time (data): 0.484 (0.039)]l_bij: 4.6535e+01 l_orth: 8.3093e+01 l_diff: 2.3887e+02 l_align: 8.5541e+01 l_total: 4.5404e+02 
2026-05-21 23:37:41,542 INFO: [smal..][epoch: 10, iter:   8,360, lr:(6.204e-04,)][eta: 1:27:25, time (data): 0.501 (0.039)]l_bij: 8.7387e+01 l_orth: 1.0121e+02 l_diff: 2.4775e+02 l_align: 7.9453e+01 l_total: 5.1580e+02 
2026-05-21 23:37:51,685 INFO: [smal..][epoch: 10, iter:   8,380, lr:(6.204e-04,)][eta: 1:27:10, time (data): 0.502 (0.039)]l_bij: 1.2969e+02 l_orth: 1.3548e+02 l_diff: 2.7577e+02 l_align: 9.4632e+01 l_total: 6.3557e+02 
2026-05-21 23:38:02,238 INFO: [smal..][epoch: 10, iter:   8,400, lr:(6.204e-04,)][eta: 1:26:56, time (data): 0.505 (0.039)]l_bij: 1.8804e+01 l_orth: 6.3664e+01 l_diff: 2.2598e+02 l_align: 9.1045e+01 l_total: 3.9949e+02 
2026-05-21 23:38:13,733 INFO: [smal..][epoch: 11, iter:   8,420, lr:(5.500e-04,)][eta: 1:26:43, time (data): 0.513 (0.044)]l_bij: 8.8728e+01 l_orth: 1.0293e+02 l_diff: 2.4620e+02 l_align: 8.2713e+01 l_total: 5.2057e+02 
2026-05-21 23:38:23,897 INFO: [smal..][epoch: 11, iter:   8,440, lr:(5.500e-04,)][eta: 1:26:28, time (data): 0.512 (0.044)]l_bij: 1.1590e+02 l_orth: 1.2005e+02 l_diff: 2.5424e+02 l_align: 8.0814e+01 l_total: 5.7101e+02 
2026-05-21 23:38:34,309 INFO: [smal..][epoch: 11, iter:   8,460, lr:(5.500e-04,)][eta: 1:26:14, time (data): 0.510 (0.042)]l_bij: 9.8941e+01 l_orth: 1.0855e+02 l_diff: 2.5180e+02 l_align: 8.7114e+01 l_total: 5.4641e+02 
2026-05-21 23:38:45,679 INFO: [smal..][epoch: 11, iter:   8,480, lr:(5.500e-04,)][eta: 1:26:00, time (data): 0.541 (0.041)]l_bij: 1.3526e+02 l_orth: 1.3405e+02 l_diff: 2.5897e+02 l_align: 9.3385e+01 l_total: 6.2166e+02 
2026-05-21 23:38:54,831 INFO: [smal..][epoch: 11, iter:   8,500, lr:(5.500e-04,)][eta: 1:25:45, time (data): 0.512 (0.040)]l_bij: 7.8355e+01 l_orth: 9.4895e+01 l_diff: 2.4069e+02 l_align: 7.1923e+01 l_total: 4.8587e+02 
2026-05-21 23:39:05,476 INFO: [smal..][epoch: 11, iter:   8,520, lr:(5.500e-04,)][eta: 1:25:31, time (data): 0.517 (0.040)]l_bij: 1.1628e+02 l_orth: 1.2175e+02 l_diff: 2.5916e+02 l_align: 8.9847e+01 l_total: 5.8703e+02 
2026-05-21 23:39:15,187 INFO: [smal..][epoch: 11, iter:   8,540, lr:(5.500e-04,)][eta: 1:25:16, time (data): 0.511 (0.039)]l_bij: 1.0455e+02 l_orth: 1.1449e+02 l_diff: 2.4806e+02 l_align: 8.5056e+01 l_total: 5.5215e+02 
2026-05-21 23:39:24,925 INFO: [smal..][epoch: 11, iter:   8,560, lr:(5.500e-04,)][eta: 1:25:01, time (data): 0.507 (0.039)]l_bij: 1.3370e+02 l_orth: 1.3642e+02 l_diff: 2.7717e+02 l_align: 9.7762e+01 l_total: 6.4506e+02 
2026-05-21 23:39:36,274 INFO: [smal..][epoch: 11, iter:   8,580, lr:(5.500e-04,)][eta: 1:24:48, time (data): 0.516 (0.039)]l_bij: 1.1870e+02 l_orth: 1.2297e+02 l_diff: 2.5066e+02 l_align: 8.2519e+01 l_total: 5.7485e+02 
2026-05-21 23:39:47,071 INFO: [smal..][epoch: 11, iter:   8,600, lr:(5.500e-04,)][eta: 1:24:34, time (data): 0.519 (0.039)]l_bij: 9.9435e+01 l_orth: 1.0989e+02 l_diff: 2.4759e+02 l_align: 7.6445e+01 l_total: 5.3336e+02 
2026-05-21 23:39:56,897 INFO: [smal..][epoch: 11, iter:   8,620, lr:(5.500e-04,)][eta: 1:24:19, time (data): 0.515 (0.039)]l_bij: 1.0245e+02 l_orth: 1.0859e+02 l_diff: 2.4838e+02 l_align: 7.8974e+01 l_total: 5.3839e+02 
2026-05-21 23:40:07,593 INFO: [smal..][epoch: 11, iter:   8,640, lr:(5.500e-04,)][eta: 1:24:05, time (data): 0.517 (0.039)]l_bij: 1.1063e+02 l_orth: 1.2096e+02 l_diff: 2.5424e+02 l_align: 8.7623e+01 l_total: 5.7345e+02 
2026-05-21 23:40:19,166 INFO: [smal..][epoch: 11, iter:   8,660, lr:(5.500e-04,)][eta: 1:23:52, time (data): 0.569 (0.040)]l_bij: 6.1048e+01 l_orth: 8.2860e+01 l_diff: 2.3655e+02 l_align: 7.3654e+01 l_total: 4.5411e+02 
2026-05-21 23:40:31,184 INFO: [smal..][epoch: 11, iter:   8,680, lr:(5.500e-04,)][eta: 1:23:39, time (data): 0.586 (0.039)]l_bij: 1.2364e+02 l_orth: 1.2996e+02 l_diff: 2.6372e+02 l_align: 8.7662e+01 l_total: 6.0498e+02 
2026-05-21 23:40:43,666 INFO: [smal..][epoch: 11, iter:   8,700, lr:(5.500e-04,)][eta: 1:23:27, time (data): 0.600 (0.039)]l_bij: 5.1191e+01 l_orth: 8.4063e+01 l_diff: 2.3478e+02 l_align: 8.0418e+01 l_total: 4.5045e+02 
2026-05-21 23:40:54,019 INFO: [smal..][epoch: 11, iter:   8,720, lr:(5.500e-04,)][eta: 1:23:13, time (data): 0.578 (0.039)]l_bij: 1.0622e+02 l_orth: 1.1219e+02 l_diff: 2.4594e+02 l_align: 7.6744e+01 l_total: 5.4109e+02 
2026-05-21 23:41:04,765 INFO: [smal..][epoch: 11, iter:   8,740, lr:(5.500e-04,)][eta: 1:22:59, time (data): 0.570 (0.039)]l_bij: 9.5075e+01 l_orth: 1.0672e+02 l_diff: 2.4848e+02 l_align: 7.7714e+01 l_total: 5.2799e+02 
2026-05-21 23:41:15,947 INFO: [smal..][epoch: 11, iter:   8,760, lr:(5.500e-04,)][eta: 1:22:46, time (data): 0.568 (0.039)]l_bij: 6.1609e+01 l_orth: 8.4512e+01 l_diff: 2.3687e+02 l_align: 7.5846e+01 l_total: 4.5884e+02 
2026-05-21 23:41:27,722 INFO: [smal..][epoch: 11, iter:   8,780, lr:(5.500e-04,)][eta: 1:22:33, time (data): 0.571 (0.038)]l_bij: 1.3537e+01 l_orth: 6.5985e+01 l_diff: 2.2838e+02 l_align: 8.9395e+01 l_total: 3.9729e+02 
2026-05-21 23:41:40,317 INFO: [smal..][epoch: 11, iter:   8,800, lr:(5.500e-04,)][eta: 1:22:21, time (data): 0.578 (0.039)]l_bij: 7.8117e+01 l_orth: 9.8455e+01 l_diff: 2.4016e+02 l_align: 7.6869e+01 l_total: 4.9360e+02 
2026-05-21 23:41:50,711 INFO: [smal..][epoch: 11, iter:   8,820, lr:(5.500e-04,)][eta: 1:22:07, time (data): 0.572 (0.039)]l_bij: 1.0678e+02 l_orth: 1.1279e+02 l_diff: 2.5431e+02 l_align: 7.5614e+01 l_total: 5.4949e+02 
2026-05-21 23:42:02,840 INFO: [smal..][epoch: 11, iter:   8,840, lr:(5.500e-04,)][eta: 1:21:54, time (data): 0.575 (0.039)]l_bij: 1.3570e+02 l_orth: 1.3417e+02 l_diff: 2.6357e+02 l_align: 9.2465e+01 l_total: 6.2590e+02 
2026-05-21 23:42:15,775 INFO: [smal..][epoch: 11, iter:   8,860, lr:(5.500e-04,)][eta: 1:21:43, time (data): 0.660 (0.037)]l_bij: 7.6193e+01 l_orth: 9.4544e+01 l_diff: 2.3653e+02 l_align: 7.4745e+01 l_total: 4.8201e+02 
2026-05-21 23:42:27,326 INFO: [smal..][epoch: 11, iter:   8,880, lr:(5.500e-04,)][eta: 1:21:30, time (data): 0.614 (0.038)]l_bij: 7.3164e+01 l_orth: 9.5721e+01 l_diff: 2.4204e+02 l_align: 7.8081e+01 l_total: 4.8901e+02 
2026-05-21 23:42:39,529 INFO: [smal..][epoch: 11, iter:   8,900, lr:(5.500e-04,)][eta: 1:21:17, time (data): 0.613 (0.038)]l_bij: 1.0630e+02 l_orth: 1.1235e+02 l_diff: 2.4881e+02 l_align: 7.6593e+01 l_total: 5.4405e+02 
2026-05-21 23:42:52,669 INFO: [smal..][epoch: 11, iter:   8,920, lr:(5.500e-04,)][eta: 1:21:06, time (data): 0.624 (0.037)]l_bij: 1.0961e+02 l_orth: 1.1969e+02 l_diff: 2.5636e+02 l_align: 8.3459e+01 l_total: 5.6911e+02 
2026-05-21 23:43:03,586 INFO: [smal..][epoch: 11, iter:   8,940, lr:(5.500e-04,)][eta: 1:20:52, time (data): 0.608 (0.037)]l_bij: 7.4590e+01 l_orth: 9.4351e+01 l_diff: 2.3842e+02 l_align: 7.8515e+01 l_total: 4.8588e+02 
2026-05-21 23:43:14,068 INFO: [smal..][epoch: 11, iter:   8,960, lr:(5.500e-04,)][eta: 1:20:38, time (data): 0.593 (0.037)]l_bij: 1.0131e+02 l_orth: 1.1048e+02 l_diff: 2.4314e+02 l_align: 7.4501e+01 l_total: 5.2944e+02 
2026-05-21 23:43:26,676 INFO: [smal..][epoch: 11, iter:   8,980, lr:(5.500e-04,)][eta: 1:20:26, time (data): 0.599 (0.037)]l_bij: 1.2085e+02 l_orth: 1.2827e+02 l_diff: 2.5278e+02 l_align: 9.4273e+01 l_total: 5.9617e+02 
2026-05-21 23:43:36,367 INFO: [smal..][epoch: 11, iter:   9,000, lr:(5.500e-04,)][eta: 1:20:11, time (data): 0.584 (0.038)]l_bij: 7.6145e+01 l_orth: 9.7354e+01 l_diff: 2.3709e+02 l_align: 7.6178e+01 l_total: 4.8676e+02 
2026-05-21 23:43:48,027 INFO: [smal..][epoch: 11, iter:   9,020, lr:(5.500e-04,)][eta: 1:19:59, time (data): 0.584 (0.038)]l_bij: 1.1845e+02 l_orth: 1.2477e+02 l_diff: 2.5676e+02 l_align: 9.1011e+01 l_total: 5.9099e+02 
2026-05-21 23:43:59,773 INFO: [smal..][epoch: 11, iter:   9,040, lr:(5.500e-04,)][eta: 1:19:46, time (data): 0.584 (0.038)]l_bij: 1.0135e+02 l_orth: 1.1266e+02 l_diff: 2.4550e+02 l_align: 8.2730e+01 l_total: 5.4225e+02 
2026-05-21 23:44:12,158 INFO: [smal..][epoch: 11, iter:   9,060, lr:(5.500e-04,)][eta: 1:19:34, time (data): 0.598 (0.037)]l_bij: 1.0235e+02 l_orth: 1.1313e+02 l_diff: 2.5133e+02 l_align: 8.5330e+01 l_total: 5.5213e+02 
2026-05-21 23:44:23,499 INFO: [smal..][epoch: 11, iter:   9,080, lr:(5.500e-04,)][eta: 1:19:20, time (data): 0.580 (0.038)]l_bij: 8.7410e+01 l_orth: 9.9446e+01 l_diff: 2.4850e+02 l_align: 7.7211e+01 l_total: 5.1257e+02 
2026-05-21 23:44:35,561 INFO: [smal..][epoch: 11, iter:   9,100, lr:(5.500e-04,)][eta: 1:19:08, time (data): 0.589 (0.037)]l_bij: 1.1297e+02 l_orth: 1.2172e+02 l_diff: 2.5339e+02 l_align: 8.8049e+01 l_total: 5.7614e+02 
2026-05-21 23:44:48,403 INFO: [smal..][epoch: 11, iter:   9,120, lr:(5.500e-04,)][eta: 1:18:56, time (data): 0.603 (0.037)]l_bij: 1.1535e+02 l_orth: 1.1864e+02 l_diff: 2.4977e+02 l_align: 8.6711e+01 l_total: 5.7048e+02 
2026-05-21 23:45:00,290 INFO: [smal..][epoch: 11, iter:   9,140, lr:(5.500e-04,)][eta: 1:18:43, time (data): 0.601 (0.037)]l_bij: 1.1066e+02 l_orth: 1.1914e+02 l_diff: 2.4770e+02 l_align: 9.0550e+01 l_total: 5.6805e+02 
2026-05-21 23:45:13,699 INFO: [smal..][epoch: 11, iter:   9,160, lr:(5.500e-04,)][eta: 1:18:32, time (data): 0.613 (0.037)]l_bij: 6.1388e+01 l_orth: 8.9993e+01 l_diff: 2.4083e+02 l_align: 8.2557e+01 l_total: 4.7477e+02 
2026-05-21 23:45:24,259 INFO: [smal..][epoch: 11, iter:   9,180, lr:(5.500e-04,)][eta: 1:18:18, time (data): 0.601 (0.037)]l_bij: 6.6187e+01 l_orth: 8.6246e+01 l_diff: 2.3909e+02 l_align: 7.4976e+01 l_total: 4.6650e+02 
2026-05-21 23:45:37,232 INFO: [smal..][epoch: 11, iter:   9,200, lr:(5.500e-04,)][eta: 1:18:07, time (data): 0.607 (0.037)]l_bij: 9.6039e+01 l_orth: 1.0634e+02 l_diff: 2.4823e+02 l_align: 7.9416e+01 l_total: 5.3003e+02 
2026-05-21 23:45:49,211 INFO: [smal..][epoch: 11, iter:   9,220, lr:(5.500e-04,)][eta: 1:17:54, time (data): 0.606 (0.037)]l_bij: 6.6881e+01 l_orth: 8.8164e+01 l_diff: 2.3686e+02 l_align: 7.4488e+01 l_total: 4.6639e+02 
2026-05-21 23:46:00,672 INFO: [smal..][epoch: 11, iter:   9,240, lr:(5.500e-04,)][eta: 1:17:41, time (data): 0.602 (0.037)]l_bij: 1.1429e+02 l_orth: 1.1947e+02 l_diff: 2.5521e+02 l_align: 8.4410e+01 l_total: 5.7339e+02 
2026-05-21 23:46:12,160 INFO: [smal..][epoch: 12, iter:   9,260, lr:(4.796e-04,)][eta: 1:17:28, time (data): 0.646 (0.099)]l_bij: 9.2033e+01 l_orth: 1.0486e+02 l_diff: 2.4133e+02 l_align: 7.7593e+01 l_total: 5.1581e+02 
2026-05-21 23:46:21,725 INFO: [smal..][epoch: 12, iter:   9,280, lr:(4.796e-04,)][eta: 1:17:13, time (data): 0.547 (0.062)]l_bij: 1.0436e+02 l_orth: 1.1295e+02 l_diff: 2.5735e+02 l_align: 8.1248e+01 l_total: 5.5590e+02 
2026-05-21 23:46:34,107 INFO: [smal..][epoch: 12, iter:   9,300, lr:(4.796e-04,)][eta: 1:17:01, time (data): 0.574 (0.053)]l_bij: 9.9441e+01 l_orth: 1.1089e+02 l_diff: 2.4701e+02 l_align: 7.9634e+01 l_total: 5.3698e+02 
2026-05-21 23:46:44,225 INFO: [smal..][epoch: 12, iter:   9,320, lr:(4.796e-04,)][eta: 1:16:47, time (data): 0.555 (0.049)]l_bij: 4.9695e+01 l_orth: 8.2575e+01 l_diff: 2.3257e+02 l_align: 7.9604e+01 l_total: 4.4445e+02 
2026-05-21 23:46:56,752 INFO: [smal..][epoch: 12, iter:   9,340, lr:(4.796e-04,)][eta: 1:16:35, time (data): 0.570 (0.047)]l_bij: 9.5884e+01 l_orth: 1.0685e+02 l_diff: 2.5786e+02 l_align: 7.9469e+01 l_total: 5.4007e+02 
2026-05-21 23:47:08,025 INFO: [smal..][epoch: 12, iter:   9,360, lr:(4.796e-04,)][eta: 1:16:22, time (data): 0.569 (0.045)]l_bij: 8.9091e+01 l_orth: 1.0137e+02 l_diff: 2.3708e+02 l_align: 7.4162e+01 l_total: 5.0170e+02 
2026-05-21 23:47:19,454 INFO: [smal..][epoch: 12, iter:   9,380, lr:(4.796e-04,)][eta: 1:16:09, time (data): 0.570 (0.044)]l_bij: 1.0331e+02 l_orth: 1.1166e+02 l_diff: 2.4663e+02 l_align: 7.7237e+01 l_total: 5.3884e+02 
2026-05-21 23:47:31,160 INFO: [smal..][epoch: 12, iter:   9,400, lr:(4.796e-04,)][eta: 1:15:56, time (data): 0.572 (0.043)]l_bij: 1.3176e+02 l_orth: 1.3901e+02 l_diff: 2.7631e+02 l_align: 1.0066e+02 l_total: 6.4774e+02 
2026-05-21 23:47:43,218 INFO: [smal..][epoch: 12, iter:   9,420, lr:(4.796e-04,)][eta: 1:15:44, time (data): 0.575 (0.042)]l_bij: 1.1568e+02 l_orth: 1.1910e+02 l_diff: 2.4797e+02 l_align: 8.1948e+01 l_total: 5.6470e+02 
2026-05-21 23:47:54,359 INFO: [smal..][epoch: 12, iter:   9,440, lr:(4.796e-04,)][eta: 1:15:31, time (data): 0.573 (0.042)]l_bij: 9.5401e+01 l_orth: 1.0684e+02 l_diff: 2.4616e+02 l_align: 7.7883e+01 l_total: 5.2628e+02 
2026-05-21 23:48:04,641 INFO: [smal..][epoch: 12, iter:   9,460, lr:(4.796e-04,)][eta: 1:15:17, time (data): 0.563 (0.037)]l_bij: 9.5070e+01 l_orth: 1.0522e+02 l_diff: 2.3864e+02 l_align: 7.2389e+01 l_total: 5.1132e+02 
2026-05-21 23:48:15,411 INFO: [smal..][epoch: 12, iter:   9,480, lr:(4.796e-04,)][eta: 1:15:03, time (data): 0.548 (0.038)]l_bij: 6.8118e+01 l_orth: 9.3554e+01 l_diff: 2.3582e+02 l_align: 7.6880e+01 l_total: 4.7437e+02 
2026-05-21 23:48:26,346 INFO: [smal..][epoch: 12, iter:   9,500, lr:(4.796e-04,)][eta: 1:14:50, time (data): 0.548 (0.037)]l_bij: 1.2171e+02 l_orth: 1.2762e+02 l_diff: 2.5651e+02 l_align: 8.5052e+01 l_total: 5.9089e+02 
2026-05-21 23:48:37,092 INFO: [smal..][epoch: 12, iter:   9,520, lr:(4.796e-04,)][eta: 1:14:37, time (data): 0.545 (0.037)]l_bij: 9.9544e+01 l_orth: 1.1118e+02 l_diff: 2.4347e+02 l_align: 8.0703e+01 l_total: 5.3490e+02 
2026-05-21 23:48:48,841 INFO: [smal..][epoch: 12, iter:   9,540, lr:(4.796e-04,)][eta: 1:14:24, time (data): 0.554 (0.037)]l_bij: 1.3319e+02 l_orth: 1.3876e+02 l_diff: 2.7739e+02 l_align: 9.7948e+01 l_total: 6.4729e+02 
2026-05-21 23:48:58,044 INFO: [smal..][epoch: 12, iter:   9,560, lr:(4.796e-04,)][eta: 1:14:09, time (data): 0.537 (0.037)]l_bij: 1.2213e+02 l_orth: 1.2613e+02 l_diff: 2.5552e+02 l_align: 8.3860e+01 l_total: 5.8765e+02 
2026-05-21 23:49:09,476 INFO: [smal..][epoch: 12, iter:   9,580, lr:(4.796e-04,)][eta: 1:13:56, time (data): 0.542 (0.038)]l_bij: 1.1141e+02 l_orth: 1.1883e+02 l_diff: 2.5550e+02 l_align: 8.4548e+01 l_total: 5.7028e+02 
2026-05-21 23:49:20,118 INFO: [smal..][epoch: 12, iter:   9,600, lr:(4.796e-04,)][eta: 1:13:43, time (data): 0.541 (0.038)]l_bij: 1.0020e+02 l_orth: 1.0880e+02 l_diff: 2.4640e+02 l_align: 8.3490e+01 l_total: 5.3889e+02 
2026-05-21 23:49:30,534 INFO: [smal..][epoch: 12, iter:   9,620, lr:(4.796e-04,)][eta: 1:13:29, time (data): 0.539 (0.038)]l_bij: 9.6549e+01 l_orth: 1.0752e+02 l_diff: 2.5486e+02 l_align: 8.3384e+01 l_total: 5.4231e+02 
2026-05-21 23:49:39,523 INFO: [smal..][epoch: 12, iter:   9,640, lr:(4.796e-04,)][eta: 1:13:15, time (data): 0.529 (0.038)]l_bij: 1.0654e+02 l_orth: 1.1276e+02 l_diff: 2.4774e+02 l_align: 8.1535e+01 l_total: 5.4857e+02 
2026-05-21 23:49:48,917 INFO: [smal..][epoch: 12, iter:   9,660, lr:(4.796e-04,)][eta: 1:13:00, time (data): 0.441 (0.040)]l_bij: 6.7132e+01 l_orth: 8.9960e+01 l_diff: 2.3849e+02 l_align: 7.4413e+01 l_total: 4.7000e+02 
2026-05-21 23:49:58,962 INFO: [smal..][epoch: 12, iter:   9,680, lr:(4.796e-04,)][eta: 1:12:46, time (data): 0.479 (0.041)]l_bij: 9.5910e+01 l_orth: 1.0622e+02 l_diff: 2.4538e+02 l_align: 7.5840e+01 l_total: 5.2335e+02 
2026-05-21 23:50:11,512 INFO: [smal..][epoch: 12, iter:   9,700, lr:(4.796e-04,)][eta: 1:12:34, time (data): 0.536 (0.039)]l_bij: 6.9997e+01 l_orth: 9.4129e+01 l_diff: 2.4088e+02 l_align: 7.7824e+01 l_total: 4.8283e+02 
2026-05-21 23:50:22,813 INFO: [smal..][epoch: 12, iter:   9,720, lr:(4.796e-04,)][eta: 1:12:22, time (data): 0.544 (0.038)]l_bij: 1.1965e+02 l_orth: 1.2604e+02 l_diff: 2.6081e+02 l_align: 9.1890e+01 l_total: 5.9839e+02 
2026-05-21 23:50:34,396 INFO: [smal..][epoch: 12, iter:   9,740, lr:(4.796e-04,)][eta: 1:12:09, time (data): 0.552 (0.038)]l_bij: 1.1292e+02 l_orth: 1.2016e+02 l_diff: 2.5001e+02 l_align: 8.5100e+01 l_total: 5.6818e+02 
2026-05-21 23:50:44,945 INFO: [smal..][epoch: 12, iter:   9,760, lr:(4.796e-04,)][eta: 1:11:55, time (data): 0.547 (0.038)]l_bij: 9.9070e+01 l_orth: 1.1095e+02 l_diff: 2.4852e+02 l_align: 8.6427e+01 l_total: 5.4497e+02 
2026-05-21 23:50:53,406 INFO: [smal..][epoch: 12, iter:   9,780, lr:(4.796e-04,)][eta: 1:11:40, time (data): 0.529 (0.038)]l_bij: 1.0919e+02 l_orth: 1.1739e+02 l_diff: 2.5832e+02 l_align: 8.0904e+01 l_total: 5.6580e+02 
2026-05-21 23:51:07,399 INFO: [smal..][epoch: 12, iter:   9,800, lr:(4.796e-04,)][eta: 1:11:30, time (data): 0.551 (0.038)]l_bij: 7.7407e+01 l_orth: 9.4471e+01 l_diff: 2.3891e+02 l_align: 7.2705e+01 l_total: 4.8350e+02 
2026-05-21 23:51:18,058 INFO: [smal..][epoch: 12, iter:   9,820, lr:(4.796e-04,)][eta: 1:11:16, time (data): 0.549 (0.038)]l_bij: 9.8819e+01 l_orth: 1.0977e+02 l_diff: 2.4338e+02 l_align: 7.6733e+01 l_total: 5.2871e+02 
2026-05-21 23:51:27,558 INFO: [smal..][epoch: 12, iter:   9,840, lr:(4.796e-04,)][eta: 1:11:02, time (data): 0.541 (0.038)]l_bij: 9.1411e+01 l_orth: 1.0663e+02 l_diff: 2.3814e+02 l_align: 7.6552e+01 l_total: 5.1273e+02 
2026-05-21 23:51:39,140 INFO: [smal..][epoch: 12, iter:   9,860, lr:(4.796e-04,)][eta: 1:10:49, time (data): 0.488 (0.037)]l_bij: 9.8187e+01 l_orth: 1.0987e+02 l_diff: 2.4577e+02 l_align: 8.2115e+01 l_total: 5.3594e+02 
2026-05-21 23:51:50,695 INFO: [smal..][epoch: 12, iter:   9,880, lr:(4.796e-04,)][eta: 1:10:37, time (data): 0.546 (0.038)]l_bij: 9.5041e+01 l_orth: 1.0491e+02 l_diff: 2.4256e+02 l_align: 7.6619e+01 l_total: 5.1913e+02 
2026-05-21 23:52:01,147 INFO: [smal..][epoch: 12, iter:   9,900, lr:(4.796e-04,)][eta: 1:10:23, time (data): 0.537 (0.038)]l_bij: 1.2077e+02 l_orth: 1.2742e+02 l_diff: 2.6161e+02 l_align: 8.2687e+01 l_total: 5.9248e+02 
2026-05-21 23:52:11,368 INFO: [smal..][epoch: 12, iter:   9,920, lr:(4.796e-04,)][eta: 1:10:10, time (data): 0.530 (0.038)]l_bij: 1.0947e+02 l_orth: 1.1905e+02 l_diff: 2.5328e+02 l_align: 8.5353e+01 l_total: 5.6715e+02 
2026-05-21 23:52:23,918 INFO: [smal..][epoch: 12, iter:   9,940, lr:(4.796e-04,)][eta: 1:09:58, time (data): 0.551 (0.038)]l_bij: 1.0822e+02 l_orth: 1.1299e+02 l_diff: 2.3617e+02 l_align: 7.2576e+01 l_total: 5.2996e+02 
2026-05-21 23:52:36,306 INFO: [smal..][epoch: 12, iter:   9,960, lr:(4.796e-04,)][eta: 1:09:46, time (data): 0.563 (0.038)]l_bij: 1.0927e+02 l_orth: 1.1942e+02 l_diff: 2.5329e+02 l_align: 8.9635e+01 l_total: 5.7162e+02 
2026-05-21 23:52:46,694 INFO: [smal..][epoch: 12, iter:   9,980, lr:(4.796e-04,)][eta: 1:09:32, time (data): 0.557 (0.038)]l_bij: 6.5693e+01 l_orth: 9.2428e+01 l_diff: 2.3415e+02 l_align: 7.9315e+01 l_total: 4.7158e+02 
2026-05-21 23:52:57,096 INFO: [smal..][epoch: 12, iter:  10,000, lr:(4.796e-04,)][eta: 1:09:19, time (data): 0.552 (0.038)]l_bij: 9.6337e+01 l_orth: 1.0618e+02 l_diff: 2.4303e+02 l_align: 7.8586e+01 l_total: 5.2413e+02 
2026-05-21 23:52:57,096 INFO: Saving models and training states.
2026-05-21 23:52:57,112 INFO: Start validation.
2026-05-21 23:57:41,236 INFO: Avg time: 0.5051
2026-05-21 23:57:41,424 INFO: Val auc: 0.6247
2026-05-21 23:57:41,439 INFO: Val avg error: 0.0817
2026-05-21 23:57:51,331 INFO: [smal..][epoch: 12, iter:  10,020, lr:(4.796e-04,)][eta: 1:12:18, time (data): 0.544 (0.038)]l_bij: 9.3628e+01 l_orth: 1.0564e+02 l_diff: 2.4356e+02 l_align: 7.7692e+01 l_total: 5.2053e+02 
2026-05-21 23:58:04,629 INFO: [smal..][epoch: 12, iter:  10,040, lr:(4.796e-04,)][eta: 1:12:05, time (data): 0.557 (0.038)]l_bij: 6.8606e+01 l_orth: 8.8105e+01 l_diff: 2.3547e+02 l_align: 7.4100e+01 l_total: 4.6628e+02 
2026-05-21 23:58:16,035 INFO: [smal..][epoch: 12, iter:  10,060, lr:(4.796e-04,)][eta: 1:11:52, time (data): 0.569 (0.038)]l_bij: 1.2052e+02 l_orth: 1.2230e+02 l_diff: 2.5301e+02 l_align: 8.9514e+01 l_total: 5.8534e+02 
2026-05-21 23:58:26,227 INFO: [smal..][epoch: 12, iter:  10,080, lr:(4.796e-04,)][eta: 1:11:37, time (data): 0.529 (0.038)]l_bij: 1.2287e+02 l_orth: 1.2813e+02 l_diff: 2.5940e+02 l_align: 9.1668e+01 l_total: 6.0207e+02 
2026-05-21 23:58:37,576 INFO: [smal..][epoch: 13, iter:  10,100, lr:(4.109e-04,)][eta: 1:11:24, time (data): 0.545 (0.056)]l_bij: 8.8860e+01 l_orth: 1.0193e+02 l_diff: 2.4168e+02 l_align: 7.6452e+01 l_total: 5.0892e+02 
2026-05-21 23:58:50,234 INFO: [smal..][epoch: 13, iter:  10,120, lr:(4.109e-04,)][eta: 1:11:11, time (data): 0.570 (0.050)]l_bij: 1.1261e+01 l_orth: 6.1266e+01 l_diff: 2.1859e+02 l_align: 8.8453e+01 l_total: 3.7957e+02 
2026-05-21 23:59:00,353 INFO: [smal..][epoch: 13, iter:  10,140, lr:(4.109e-04,)][eta: 1:10:56, time (data): 0.556 (0.047)]l_bij: 9.6533e+01 l_orth: 1.0753e+02 l_diff: 2.4125e+02 l_align: 8.1073e+01 l_total: 5.2638e+02 
2026-05-21 23:59:12,209 INFO: [smal..][epoch: 13, iter:  10,160, lr:(4.109e-04,)][eta: 1:10:43, time (data): 0.562 (0.045)]l_bij: 5.2537e+01 l_orth: 8.3757e+01 l_diff: 2.3892e+02 l_align: 8.0346e+01 l_total: 4.5556e+02 
2026-05-21 23:59:24,174 INFO: [smal..][epoch: 13, iter:  10,180, lr:(4.109e-04,)][eta: 1:10:30, time (data): 0.568 (0.044)]l_bij: 1.0764e+02 l_orth: 1.1609e+02 l_diff: 2.4964e+02 l_align: 7.5941e+01 l_total: 5.4931e+02 
2026-05-21 23:59:34,642 INFO: [smal..][epoch: 13, iter:  10,200, lr:(4.109e-04,)][eta: 1:10:16, time (data): 0.562 (0.043)]l_bij: 8.1896e+01 l_orth: 9.7306e+01 l_diff: 2.3595e+02 l_align: 7.2452e+01 l_total: 4.8760e+02 
2026-05-21 23:59:46,485 INFO: [smal..][epoch: 13, iter:  10,220, lr:(4.109e-04,)][eta: 1:10:02, time (data): 0.565 (0.042)]l_bij: 7.9269e+01 l_orth: 9.8713e+01 l_diff: 2.3428e+02 l_align: 7.5990e+01 l_total: 4.8826e+02 
2026-05-22 00:00:00,325 INFO: [smal..][epoch: 13, iter:  10,240, lr:(4.109e-04,)][eta: 1:09:50, time (data): 0.579 (0.041)]l_bij: 9.2327e+01 l_orth: 1.0987e+02 l_diff: 2.4001e+02 l_align: 8.0853e+01 l_total: 5.2306e+02 
2026-05-22 00:00:10,768 INFO: [smal..][epoch: 13, iter:  10,260, lr:(4.109e-04,)][eta: 1:09:36, time (data): 0.548 (0.037)]l_bij: 9.7651e+01 l_orth: 1.0852e+02 l_diff: 2.4667e+02 l_align: 7.9193e+01 l_total: 5.3204e+02 
2026-05-22 00:00:23,301 INFO: [smal..][epoch: 13, iter:  10,280, lr:(4.109e-04,)][eta: 1:09:23, time (data): 0.602 (0.037)]l_bij: 5.1416e+01 l_orth: 8.1741e+01 l_diff: 2.2873e+02 l_align: 7.8437e+01 l_total: 4.4032e+02 
2026-05-22 00:00:34,100 INFO: [smal..][epoch: 13, iter:  10,300, lr:(4.109e-04,)][eta: 1:09:09, time (data): 0.577 (0.037)]l_bij: 1.1331e+02 l_orth: 1.1786e+02 l_diff: 2.5400e+02 l_align: 8.6672e+01 l_total: 5.7185e+02 
2026-05-22 00:00:45,499 INFO: [smal..][epoch: 13, iter:  10,320, lr:(4.109e-04,)][eta: 1:08:56, time (data): 0.575 (0.038)]l_bij: 8.6023e+01 l_orth: 9.8837e+01 l_diff: 2.4218e+02 l_align: 7.2953e+01 l_total: 5.0000e+02 
2026-05-22 00:00:57,230 INFO: [smal..][epoch: 13, iter:  10,340, lr:(4.109e-04,)][eta: 1:08:42, time (data): 0.577 (0.037)]l_bij: 7.3857e+01 l_orth: 8.9602e+01 l_diff: 2.3702e+02 l_align: 6.9584e+01 l_total: 4.7007e+02 
2026-05-22 00:01:07,636 INFO: [smal..][epoch: 13, iter:  10,360, lr:(4.109e-04,)][eta: 1:08:28, time (data): 0.567 (0.037)]l_bij: 1.2479e+02 l_orth: 1.3253e+02 l_diff: 2.6589e+02 l_align: 9.2914e+01 l_total: 6.1612e+02 
2026-05-22 00:01:19,666 INFO: [smal..][epoch: 13, iter:  10,380, lr:(4.109e-04,)][eta: 1:08:15, time (data): 0.572 (0.038)]l_bij: 1.4511e+02 l_orth: 1.4722e+02 l_diff: 2.7953e+02 l_align: 1.0782e+02 l_total: 6.7968e+02 
2026-05-22 00:01:30,967 INFO: [smal..][epoch: 13, iter:  10,400, lr:(4.109e-04,)][eta: 1:08:01, time (data): 0.571 (0.038)]l_bij: 7.2366e+01 l_orth: 9.0744e+01 l_diff: 2.3559e+02 l_align: 7.4711e+01 l_total: 4.7341e+02 
2026-05-22 00:01:42,926 INFO: [smal..][epoch: 13, iter:  10,420, lr:(4.109e-04,)][eta: 1:07:48, time (data): 0.574 (0.037)]l_bij: 1.1258e+02 l_orth: 1.2237e+02 l_diff: 2.5315e+02 l_align: 8.6682e+01 l_total: 5.7479e+02 
2026-05-22 00:01:51,335 INFO: [smal..][epoch: 13, iter:  10,440, lr:(4.109e-04,)][eta: 1:07:33, time (data): 0.558 (0.038)]l_bij: 6.4955e+01 l_orth: 8.8963e+01 l_diff: 2.3216e+02 l_align: 7.4623e+01 l_total: 4.6070e+02 
2026-05-22 00:02:02,755 INFO: [smal..][epoch: 13, iter:  10,460, lr:(4.109e-04,)][eta: 1:07:19, time (data): 0.525 (0.038)]l_bij: 8.5604e+01 l_orth: 1.0655e+02 l_diff: 2.3684e+02 l_align: 7.6266e+01 l_total: 5.0526e+02 
2026-05-22 00:02:13,437 INFO: [smal..][epoch: 13, iter:  10,480, lr:(4.109e-04,)][eta: 1:07:05, time (data): 0.532 (0.038)]l_bij: 1.2844e+02 l_orth: 1.3273e+02 l_diff: 2.7754e+02 l_align: 1.0094e+02 l_total: 6.3965e+02 
2026-05-22 00:02:24,315 INFO: [smal..][epoch: 13, iter:  10,500, lr:(4.109e-04,)][eta: 1:06:52, time (data): 0.537 (0.037)]l_bij: 1.4076e+02 l_orth: 1.4341e+02 l_diff: 2.7440e+02 l_align: 1.0222e+02 l_total: 6.6079e+02 
2026-05-22 00:02:35,939 INFO: [smal..][epoch: 13, iter:  10,520, lr:(4.109e-04,)][eta: 1:06:38, time (data): 0.550 (0.037)]l_bij: 7.4275e+01 l_orth: 9.5171e+01 l_diff: 2.3549e+02 l_align: 7.9783e+01 l_total: 4.8472e+02 
2026-05-22 00:02:46,391 INFO: [smal..][epoch: 13, iter:  10,540, lr:(4.109e-04,)][eta: 1:06:24, time (data): 0.544 (0.037)]l_bij: 1.0516e+02 l_orth: 1.1332e+02 l_diff: 2.4111e+02 l_align: 8.3288e+01 l_total: 5.4287e+02 
2026-05-22 00:02:59,176 INFO: [smal..][epoch: 13, iter:  10,560, lr:(4.109e-04,)][eta: 1:06:12, time (data): 0.561 (0.037)]l_bij: 1.1553e+02 l_orth: 1.2283e+02 l_diff: 2.5322e+02 l_align: 8.6018e+01 l_total: 5.7760e+02 
2026-05-22 00:03:10,784 INFO: [smal..][epoch: 13, iter:  10,580, lr:(4.109e-04,)][eta: 1:05:58, time (data): 0.564 (0.037)]l_bij: 6.0589e+01 l_orth: 8.8421e+01 l_diff: 2.3928e+02 l_align: 7.7750e+01 l_total: 4.6604e+02 
2026-05-22 00:03:25,478 INFO: [smal..][epoch: 13, iter:  10,600, lr:(4.109e-04,)][eta: 1:05:47, time (data): 0.587 (0.037)]l_bij: 8.8938e+01 l_orth: 9.9299e+01 l_diff: 2.4076e+02 l_align: 7.2681e+01 l_total: 5.0168e+02 
2026-05-22 00:03:38,793 INFO: [smal..][epoch: 13, iter:  10,620, lr:(4.109e-04,)][eta: 1:05:34, time (data): 0.597 (0.037)]l_bij: 4.4348e+01 l_orth: 7.7739e+01 l_diff: 2.3378e+02 l_align: 8.0857e+01 l_total: 4.3672e+02 
2026-05-22 00:03:53,153 INFO: [smal..][epoch: 13, iter:  10,640, lr:(4.109e-04,)][eta: 1:05:23, time (data): 0.609 (0.036)]l_bij: 6.2445e+01 l_orth: 8.4979e+01 l_diff: 2.3211e+02 l_align: 7.7626e+01 l_total: 4.5716e+02 
2026-05-22 00:04:05,632 INFO: [smal..][epoch: 13, iter:  10,660, lr:(4.109e-04,)][eta: 1:05:10, time (data): 0.644 (0.036)]l_bij: 1.0628e+02 l_orth: 1.1717e+02 l_diff: 2.4584e+02 l_align: 8.5434e+01 l_total: 5.5473e+02 
2026-05-22 00:04:17,841 INFO: [smal..][epoch: 13, iter:  10,680, lr:(4.109e-04,)][eta: 1:04:57, time (data): 0.619 (0.036)]l_bij: 7.2460e+01 l_orth: 9.0213e+01 l_diff: 2.3409e+02 l_align: 6.9576e+01 l_total: 4.6634e+02 
2026-05-22 00:04:29,301 INFO: [smal..][epoch: 13, iter:  10,700, lr:(4.109e-04,)][eta: 1:04:43, time (data): 0.599 (0.037)]l_bij: 9.3400e+01 l_orth: 1.0410e+02 l_diff: 2.4426e+02 l_align: 7.3132e+01 l_total: 5.1489e+02 
2026-05-22 00:04:40,612 INFO: [smal..][epoch: 13, iter:  10,720, lr:(4.109e-04,)][eta: 1:04:30, time (data): 0.589 (0.037)]l_bij: 8.7237e+01 l_orth: 9.9263e+01 l_diff: 2.4470e+02 l_align: 7.6065e+01 l_total: 5.0727e+02 
2026-05-22 00:04:50,575 INFO: [smal..][epoch: 13, iter:  10,740, lr:(4.109e-04,)][eta: 1:04:16, time (data): 0.568 (0.037)]l_bij: 1.0002e+02 l_orth: 1.1113e+02 l_diff: 2.4337e+02 l_align: 7.9023e+01 l_total: 5.3354e+02 
2026-05-22 00:05:01,810 INFO: [smal..][epoch: 13, iter:  10,760, lr:(4.109e-04,)][eta: 1:04:02, time (data): 0.567 (0.038)]l_bij: 1.0363e+02 l_orth: 1.1051e+02 l_diff: 2.4736e+02 l_align: 8.0300e+01 l_total: 5.4180e+02 
2026-05-22 00:05:12,999 INFO: [smal..][epoch: 13, iter:  10,780, lr:(4.109e-04,)][eta: 1:03:49, time (data): 0.566 (0.038)]l_bij: 1.0276e+02 l_orth: 1.1418e+02 l_diff: 2.4171e+02 l_align: 8.4076e+01 l_total: 5.4272e+02 
2026-05-22 00:05:25,915 INFO: [smal..][epoch: 13, iter:  10,800, lr:(4.109e-04,)][eta: 1:03:36, time (data): 0.577 (0.038)]l_bij: 8.0961e+01 l_orth: 9.6516e+01 l_diff: 2.4490e+02 l_align: 7.9372e+01 l_total: 5.0175e+02 
2026-05-22 00:05:36,573 INFO: [smal..][epoch: 13, iter:  10,820, lr:(4.109e-04,)][eta: 1:03:22, time (data): 0.571 (0.038)]l_bij: 8.2236e+01 l_orth: 1.0171e+02 l_diff: 2.3621e+02 l_align: 7.6776e+01 l_total: 4.9692e+02 
2026-05-22 00:05:49,523 INFO: [smal..][epoch: 13, iter:  10,840, lr:(4.109e-04,)][eta: 1:03:10, time (data): 0.580 (0.038)]l_bij: 7.5659e+01 l_orth: 9.3377e+01 l_diff: 2.3510e+02 l_align: 7.4649e+01 l_total: 4.7879e+02 
2026-05-22 00:06:02,020 INFO: [smal..][epoch: 13, iter:  10,860, lr:(4.109e-04,)][eta: 1:02:57, time (data): 0.546 (0.043)]l_bij: 9.0715e+01 l_orth: 1.0495e+02 l_diff: 2.4833e+02 l_align: 7.9018e+01 l_total: 5.2301e+02 
2026-05-22 00:06:14,112 INFO: [smal..][epoch: 13, iter:  10,880, lr:(4.109e-04,)][eta: 1:02:44, time (data): 0.591 (0.040)]l_bij: 4.7257e+01 l_orth: 7.5543e+01 l_diff: 2.2783e+02 l_align: 7.0812e+01 l_total: 4.2144e+02 
2026-05-22 00:06:26,039 INFO: [smal..][epoch: 13, iter:  10,900, lr:(4.109e-04,)][eta: 1:02:31, time (data): 0.593 (0.039)]l_bij: 1.3955e+02 l_orth: 1.4185e+02 l_diff: 2.7556e+02 l_align: 9.8859e+01 l_total: 6.5583e+02 
2026-05-22 00:06:36,053 INFO: [smal..][epoch: 13, iter:  10,920, lr:(4.109e-04,)][eta: 1:02:17, time (data): 0.565 (0.038)]l_bij: 1.0218e+02 l_orth: 1.1468e+02 l_diff: 2.4212e+02 l_align: 8.2575e+01 l_total: 5.4156e+02 
2026-05-22 00:06:48,664 INFO: [smal..][epoch: 14, iter:  10,940, lr:(3.457e-04,)][eta: 1:02:04, time (data): 0.580 (0.050)]l_bij: 7.2756e+01 l_orth: 9.1352e+01 l_diff: 2.3144e+02 l_align: 7.0504e+01 l_total: 4.6605e+02 
2026-05-22 00:06:59,606 INFO: [smal..][epoch: 14, iter:  10,960, lr:(3.457e-04,)][eta: 1:01:51, time (data): 0.574 (0.047)]l_bij: 6.9134e+01 l_orth: 8.6129e+01 l_diff: 2.3502e+02 l_align: 7.4487e+01 l_total: 4.6477e+02 
2026-05-22 00:07:11,227 INFO: [smal..][epoch: 14, iter:  10,980, lr:(3.457e-04,)][eta: 1:01:37, time (data): 0.575 (0.045)]l_bij: 8.9756e+01 l_orth: 1.0105e+02 l_diff: 2.3467e+02 l_align: 6.9973e+01 l_total: 4.9545e+02 
2026-05-22 00:07:21,041 INFO: [smal..][epoch: 14, iter:  11,000, lr:(3.457e-04,)][eta: 1:01:23, time (data): 0.564 (0.044)]l_bij: 9.8387e+01 l_orth: 1.1054e+02 l_diff: 2.4470e+02 l_align: 8.5656e+01 l_total: 5.3929e+02 
2026-05-22 00:07:31,166 INFO: [smal..][epoch: 14, iter:  11,020, lr:(3.457e-04,)][eta: 1:01:09, time (data): 0.557 (0.043)]l_bij: 7.5339e+01 l_orth: 9.2317e+01 l_diff: 2.2843e+02 l_align: 7.1505e+01 l_total: 4.6760e+02 
2026-05-22 00:07:41,517 INFO: [smal..][epoch: 14, iter:  11,040, lr:(3.457e-04,)][eta: 1:00:55, time (data): 0.552 (0.042)]l_bij: 1.1138e+02 l_orth: 1.1730e+02 l_diff: 2.5148e+02 l_align: 7.8143e+01 l_total: 5.5831e+02 
2026-05-22 00:07:53,106 INFO: [smal..][epoch: 14, iter:  11,060, lr:(3.457e-04,)][eta: 1:00:42, time (data): 0.597 (0.035)]l_bij: 9.3985e+01 l_orth: 1.0718e+02 l_diff: 2.4215e+02 l_align: 7.8023e+01 l_total: 5.2134e+02 
2026-05-22 00:08:03,992 INFO: [smal..][epoch: 14, iter:  11,080, lr:(3.457e-04,)][eta: 1:00:29, time (data): 0.555 (0.038)]l_bij: 9.4122e+01 l_orth: 1.0987e+02 l_diff: 2.3896e+02 l_align: 8.1047e+01 l_total: 5.2400e+02 
2026-05-22 00:08:13,604 INFO: [smal..][epoch: 14, iter:  11,100, lr:(3.457e-04,)][eta: 1:00:14, time (data): 0.522 (0.038)]l_bij: 9.4029e+01 l_orth: 1.0693e+02 l_diff: 2.4514e+02 l_align: 8.0494e+01 l_total: 5.2659e+02 
2026-05-22 00:08:26,694 INFO: [smal..][epoch: 14, iter:  11,120, lr:(3.457e-04,)][eta: 1:00:02, time (data): 0.563 (0.038)]l_bij: 5.7764e+01 l_orth: 8.1458e+01 l_diff: 2.3540e+02 l_align: 6.8303e+01 l_total: 4.4292e+02 
2026-05-22 00:08:39,033 INFO: [smal..][epoch: 14, iter:  11,140, lr:(3.457e-04,)][eta: 0:59:49, time (data): 0.575 (0.038)]l_bij: 1.2091e+02 l_orth: 1.2925e+02 l_diff: 2.6113e+02 l_align: 8.7230e+01 l_total: 5.9852e+02 
2026-05-22 00:08:49,687 INFO: [smal..][epoch: 14, iter:  11,160, lr:(3.457e-04,)][eta: 0:59:35, time (data): 0.567 (0.038)]l_bij: 8.4787e+01 l_orth: 9.7162e+01 l_diff: 2.3440e+02 l_align: 7.5859e+01 l_total: 4.9221e+02 
2026-05-22 00:09:00,574 INFO: [smal..][epoch: 14, iter:  11,180, lr:(3.457e-04,)][eta: 0:59:22, time (data): 0.564 (0.037)]l_bij: 9.8986e+01 l_orth: 1.0987e+02 l_diff: 2.4003e+02 l_align: 7.7511e+01 l_total: 5.2639e+02 
2026-05-22 00:09:10,401 INFO: [smal..][epoch: 14, iter:  11,200, lr:(3.457e-04,)][eta: 0:59:08, time (data): 0.554 (0.038)]l_bij: 8.1317e+01 l_orth: 9.7917e+01 l_diff: 2.4185e+02 l_align: 7.5434e+01 l_total: 4.9652e+02 
2026-05-22 00:09:23,713 INFO: [smal..][epoch: 14, iter:  11,220, lr:(3.457e-04,)][eta: 0:58:56, time (data): 0.567 (0.037)]l_bij: 1.1412e+02 l_orth: 1.2276e+02 l_diff: 2.5643e+02 l_align: 8.5310e+01 l_total: 5.7862e+02 
2026-05-22 00:09:35,249 INFO: [smal..][epoch: 14, iter:  11,240, lr:(3.457e-04,)][eta: 0:58:42, time (data): 0.568 (0.037)]l_bij: 9.5528e+01 l_orth: 1.0605e+02 l_diff: 2.4594e+02 l_align: 8.0565e+01 l_total: 5.2808e+02 
2026-05-22 00:09:44,624 INFO: [smal..][epoch: 14, iter:  11,260, lr:(3.457e-04,)][eta: 0:58:28, time (data): 0.565 (0.036)]l_bij: 9.5532e+01 l_orth: 1.0323e+02 l_diff: 2.3725e+02 l_align: 7.1620e+01 l_total: 5.0764e+02 
2026-05-22 00:09:58,018 INFO: [smal..][epoch: 14, iter:  11,280, lr:(3.457e-04,)][eta: 0:58:16, time (data): 0.652 (0.037)]l_bij: 8.1989e+01 l_orth: 9.6214e+01 l_diff: 2.3823e+02 l_align: 7.6026e+01 l_total: 4.9246e+02 
2026-05-22 00:10:08,186 INFO: [smal..][epoch: 14, iter:  11,300, lr:(3.457e-04,)][eta: 0:58:02, time (data): 0.587 (0.038)]l_bij: 8.8697e+01 l_orth: 9.8957e+01 l_diff: 2.4827e+02 l_align: 8.1686e+01 l_total: 5.1761e+02 
2026-05-22 00:10:19,324 INFO: [smal..][epoch: 14, iter:  11,320, lr:(3.457e-04,)][eta: 0:57:49, time (data): 0.577 (0.037)]l_bij: 1.2168e+01 l_orth: 6.1344e+01 l_diff: 2.0918e+02 l_align: 8.2194e+01 l_total: 3.6489e+02 
2026-05-22 00:10:29,534 INFO: [smal..][epoch: 14, iter:  11,340, lr:(3.457e-04,)][eta: 0:57:35, time (data): 0.561 (0.037)]l_bij: 8.7521e+01 l_orth: 1.0069e+02 l_diff: 2.4652e+02 l_align: 8.5736e+01 l_total: 5.2047e+02 
2026-05-22 00:10:41,695 INFO: [smal..][epoch: 14, iter:  11,360, lr:(3.457e-04,)][eta: 0:57:22, time (data): 0.570 (0.037)]l_bij: 5.7346e+01 l_orth: 8.8014e+01 l_diff: 2.3251e+02 l_align: 7.8356e+01 l_total: 4.5623e+02 
2026-05-22 00:10:51,955 INFO: [smal..][epoch: 14, iter:  11,380, lr:(3.457e-04,)][eta: 0:57:08, time (data): 0.561 (0.037)]l_bij: 8.5434e+01 l_orth: 9.7938e+01 l_diff: 2.3736e+02 l_align: 7.4469e+01 l_total: 4.9520e+02 
2026-05-22 00:11:03,953 INFO: [smal..][epoch: 14, iter:  11,400, lr:(3.457e-04,)][eta: 0:56:56, time (data): 0.567 (0.037)]l_bij: 8.4327e+01 l_orth: 1.0266e+02 l_diff: 2.3958e+02 l_align: 7.6045e+01 l_total: 5.0262e+02 
2026-05-22 00:11:14,937 INFO: [smal..][epoch: 14, iter:  11,420, lr:(3.457e-04,)][eta: 0:56:42, time (data): 0.564 (0.037)]l_bij: 1.0339e+02 l_orth: 1.1402e+02 l_diff: 2.5068e+02 l_align: 8.1053e+01 l_total: 5.4914e+02 
2026-05-22 00:11:27,026 INFO: [smal..][epoch: 14, iter:  11,440, lr:(3.457e-04,)][eta: 0:56:29, time (data): 0.569 (0.037)]l_bij: 1.2756e+02 l_orth: 1.3412e+02 l_diff: 2.7828e+02 l_align: 9.7187e+01 l_total: 6.3715e+02 
2026-05-22 00:11:38,152 INFO: [smal..][epoch: 14, iter:  11,460, lr:(3.457e-04,)][eta: 0:56:16, time (data): 0.476 (0.038)]l_bij: 1.1182e+02 l_orth: 1.1675e+02 l_diff: 2.5067e+02 l_align: 8.9365e+01 l_total: 5.6861e+02 
2026-05-22 00:11:51,947 INFO: [smal..][epoch: 14, iter:  11,480, lr:(3.457e-04,)][eta: 0:56:04, time (data): 0.662 (0.038)]l_bij: 1.0203e+02 l_orth: 1.1307e+02 l_diff: 2.4417e+02 l_align: 8.2664e+01 l_total: 5.4193e+02 
2026-05-22 00:12:04,230 INFO: [smal..][epoch: 14, iter:  11,500, lr:(3.457e-04,)][eta: 0:55:51, time (data): 0.640 (0.038)]l_bij: 9.1430e+01 l_orth: 1.0515e+02 l_diff: 2.4068e+02 l_align: 7.9208e+01 l_total: 5.1647e+02 
2026-05-22 00:12:15,730 INFO: [smal..][epoch: 14, iter:  11,520, lr:(3.457e-04,)][eta: 0:55:38, time (data): 0.619 (0.038)]l_bij: 9.3314e+01 l_orth: 1.0631e+02 l_diff: 2.3459e+02 l_align: 7.7265e+01 l_total: 5.1147e+02 
2026-05-22 00:12:27,083 INFO: [smal..][epoch: 14, iter:  11,540, lr:(3.457e-04,)][eta: 0:55:25, time (data): 0.607 (0.038)]l_bij: 8.7825e+01 l_orth: 9.9170e+01 l_diff: 2.3778e+02 l_align: 7.2366e+01 l_total: 4.9714e+02 
2026-05-22 00:12:38,967 INFO: [smal..][epoch: 14, iter:  11,560, lr:(3.457e-04,)][eta: 0:55:12, time (data): 0.604 (0.038)]l_bij: 1.0409e+02 l_orth: 1.1313e+02 l_diff: 2.4980e+02 l_align: 8.3160e+01 l_total: 5.5018e+02 
2026-05-22 00:12:49,395 INFO: [smal..][epoch: 14, iter:  11,580, lr:(3.457e-04,)][eta: 0:54:58, time (data): 0.591 (0.038)]l_bij: 5.1580e+01 l_orth: 8.6436e+01 l_diff: 2.3799e+02 l_align: 8.1240e+01 l_total: 4.5725e+02 
2026-05-22 00:13:01,279 INFO: [smal..][epoch: 14, iter:  11,600, lr:(3.457e-04,)][eta: 0:54:46, time (data): 0.591 (0.038)]l_bij: 6.1991e+01 l_orth: 8.8254e+01 l_diff: 2.2969e+02 l_align: 7.8489e+01 l_total: 4.5843e+02 
2026-05-22 00:13:13,596 INFO: [smal..][epoch: 14, iter:  11,620, lr:(3.457e-04,)][eta: 0:54:33, time (data): 0.594 (0.038)]l_bij: 8.8691e+01 l_orth: 1.0114e+02 l_diff: 2.3468e+02 l_align: 7.5887e+01 l_total: 5.0041e+02 
2026-05-22 00:13:25,584 INFO: [smal..][epoch: 14, iter:  11,640, lr:(3.457e-04,)][eta: 0:54:20, time (data): 0.595 (0.038)]l_bij: 8.5196e+01 l_orth: 1.0296e+02 l_diff: 2.4363e+02 l_align: 8.2003e+01 l_total: 5.1379e+02 
2026-05-22 00:13:37,967 INFO: [smal..][epoch: 14, iter:  11,660, lr:(3.457e-04,)][eta: 0:54:07, time (data): 0.558 (0.037)]l_bij: 9.6805e+01 l_orth: 1.0912e+02 l_diff: 2.4178e+02 l_align: 8.4049e+01 l_total: 5.3176e+02 
2026-05-22 00:13:48,549 INFO: [smal..][epoch: 14, iter:  11,680, lr:(3.457e-04,)][eta: 0:53:54, time (data): 0.532 (0.036)]l_bij: 8.5149e+01 l_orth: 9.7943e+01 l_diff: 2.3714e+02 l_align: 7.8266e+01 l_total: 4.9850e+02 
2026-05-22 00:13:58,834 INFO: [smal..][epoch: 14, iter:  11,700, lr:(3.457e-04,)][eta: 0:53:40, time (data): 0.523 (0.037)]l_bij: 1.3485e+02 l_orth: 1.4129e+02 l_diff: 2.8111e+02 l_align: 1.0530e+02 l_total: 6.6255e+02 
2026-05-22 00:14:09,586 INFO: [smal..][epoch: 14, iter:  11,720, lr:(3.457e-04,)][eta: 0:53:27, time (data): 0.528 (0.037)]l_bij: 1.1442e+02 l_orth: 1.2481e+02 l_diff: 2.5360e+02 l_align: 8.9843e+01 l_total: 5.8267e+02 
2026-05-22 00:14:20,094 INFO: [smal..][epoch: 14, iter:  11,740, lr:(3.457e-04,)][eta: 0:53:13, time (data): 0.527 (0.037)]l_bij: 1.0293e+02 l_orth: 1.1099e+02 l_diff: 2.4172e+02 l_align: 7.6456e+01 l_total: 5.3210e+02 
2026-05-22 00:14:31,055 INFO: [smal..][epoch: 14, iter:  11,760, lr:(3.457e-04,)][eta: 0:53:00, time (data): 0.531 (0.037)]l_bij: 8.7563e+01 l_orth: 1.0249e+02 l_diff: 2.3874e+02 l_align: 7.5951e+01 l_total: 5.0474e+02 
2026-05-22 00:14:41,561 INFO: [smal..][epoch: 15, iter:  11,780, lr:(2.855e-04,)][eta: 0:52:47, time (data): 0.530 (0.044)]l_bij: 7.2251e+01 l_orth: 9.1128e+01 l_diff: 2.2996e+02 l_align: 7.2127e+01 l_total: 4.6546e+02 
2026-05-22 00:14:51,434 INFO: [smal..][epoch: 15, iter:  11,800, lr:(2.855e-04,)][eta: 0:52:33, time (data): 0.525 (0.042)]l_bij: 5.5134e+01 l_orth: 7.8539e+01 l_diff: 2.2088e+02 l_align: 7.0428e+01 l_total: 4.2498e+02 
2026-05-22 00:15:02,663 INFO: [smal..][epoch: 15, iter:  11,820, lr:(2.855e-04,)][eta: 0:52:20, time (data): 0.530 (0.042)]l_bij: 7.2337e+01 l_orth: 9.1093e+01 l_diff: 2.3627e+02 l_align: 7.0504e+01 l_total: 4.7021e+02 
2026-05-22 00:15:12,057 INFO: [smal..][epoch: 15, iter:  11,840, lr:(2.855e-04,)][eta: 0:52:06, time (data): 0.523 (0.041)]l_bij: 1.2639e+01 l_orth: 6.7145e+01 l_diff: 2.1356e+02 l_align: 8.6104e+01 l_total: 3.7945e+02 
2026-05-22 00:15:22,545 INFO: [smal..][epoch: 15, iter:  11,860, lr:(2.855e-04,)][eta: 0:51:52, time (data): 0.295 (0.033)]l_bij: 7.2296e+01 l_orth: 9.4887e+01 l_diff: 2.3768e+02 l_align: 7.9747e+01 l_total: 4.8461e+02 
2026-05-22 00:15:33,668 INFO: [smal..][epoch: 15, iter:  11,880, lr:(2.855e-04,)][eta: 0:51:39, time (data): 0.543 (0.040)]l_bij: 8.5331e+01 l_orth: 9.9448e+01 l_diff: 2.3592e+02 l_align: 7.4167e+01 l_total: 4.9486e+02 
2026-05-22 00:15:44,435 INFO: [smal..][epoch: 15, iter:  11,900, lr:(2.855e-04,)][eta: 0:51:26, time (data): 0.541 (0.039)]l_bij: 1.2564e+02 l_orth: 1.3128e+02 l_diff: 2.6557e+02 l_align: 9.3981e+01 l_total: 6.1647e+02 
2026-05-22 00:15:55,326 INFO: [smal..][epoch: 15, iter:  11,920, lr:(2.855e-04,)][eta: 0:51:13, time (data): 0.542 (0.039)]l_bij: 9.2357e+01 l_orth: 1.0168e+02 l_diff: 2.4263e+02 l_align: 7.2967e+01 l_total: 5.0963e+02 
2026-05-22 00:16:05,150 INFO: [smal..][epoch: 15, iter:  11,940, lr:(2.855e-04,)][eta: 0:50:59, time (data): 0.530 (0.039)]l_bij: 1.0665e+02 l_orth: 1.1776e+02 l_diff: 2.4777e+02 l_align: 8.9572e+01 l_total: 5.6175e+02 
2026-05-22 00:16:15,807 INFO: [smal..][epoch: 15, iter:  11,960, lr:(2.855e-04,)][eta: 0:50:46, time (data): 0.530 (0.040)]l_bij: 1.1452e+02 l_orth: 1.2162e+02 l_diff: 2.5317e+02 l_align: 8.6225e+01 l_total: 5.7553e+02 
2026-05-22 00:16:25,715 INFO: [smal..][epoch: 15, iter:  11,980, lr:(2.855e-04,)][eta: 0:50:32, time (data): 0.524 (0.039)]l_bij: 1.1588e+02 l_orth: 1.1952e+02 l_diff: 2.5392e+02 l_align: 8.5294e+01 l_total: 5.7461e+02 
2026-05-22 00:16:35,554 INFO: [smal..][epoch: 15, iter:  12,000, lr:(2.855e-04,)][eta: 0:50:19, time (data): 0.520 (0.039)]l_bij: 6.1187e+01 l_orth: 8.3679e+01 l_diff: 2.2183e+02 l_align: 6.8774e+01 l_total: 4.3547e+02 
2026-05-22 00:16:35,554 INFO: Saving models and training states.
2026-05-22 00:16:35,568 INFO: Start validation.
2026-05-22 00:21:16,787 INFO: Avg time: 0.4030
2026-05-22 00:21:16,929 INFO: Val auc: 0.6421
2026-05-22 00:21:16,936 INFO: Val avg error: 0.0685
2026-05-22 00:21:16,945 INFO: Best model is updated, average geodesic error: 0.0685
2026-05-22 00:21:28,248 INFO: [smal..][epoch: 15, iter:  12,020, lr:(2.855e-04,)][eta: 0:51:58, time (data): 0.525 (0.038)]l_bij: 9.6789e+01 l_orth: 1.0486e+02 l_diff: 2.4113e+02 l_align: 7.5185e+01 l_total: 5.1796e+02 
2026-05-22 00:21:36,871 INFO: [smal..][epoch: 15, iter:  12,040, lr:(2.855e-04,)][eta: 0:51:43, time (data): 0.514 (0.038)]l_bij: 9.3878e+01 l_orth: 1.0588e+02 l_diff: 2.4207e+02 l_align: 7.6926e+01 l_total: 5.1876e+02 
2026-05-22 00:21:46,174 INFO: [smal..][epoch: 15, iter:  12,060, lr:(2.855e-04,)][eta: 0:51:29, time (data): 0.510 (0.038)]l_bij: 9.5699e+01 l_orth: 1.0526e+02 l_diff: 2.3867e+02 l_align: 7.7731e+01 l_total: 5.1736e+02 
2026-05-22 00:21:56,499 INFO: [smal..][epoch: 15, iter:  12,080, lr:(2.855e-04,)][eta: 0:51:15, time (data): 0.516 (0.037)]l_bij: 8.1256e+01 l_orth: 9.4933e+01 l_diff: 2.3135e+02 l_align: 7.2526e+01 l_total: 4.8007e+02 
2026-05-22 00:22:06,395 INFO: [smal..][epoch: 15, iter:  12,100, lr:(2.855e-04,)][eta: 0:51:01, time (data): 0.505 (0.039)]l_bij: 1.2610e+02 l_orth: 1.3198e+02 l_diff: 2.5943e+02 l_align: 9.4674e+01 l_total: 6.1218e+02 
2026-05-22 00:22:16,428 INFO: [smal..][epoch: 15, iter:  12,120, lr:(2.855e-04,)][eta: 0:50:46, time (data): 0.504 (0.040)]l_bij: 6.9540e+01 l_orth: 9.1903e+01 l_diff: 2.4727e+02 l_align: 7.7950e+01 l_total: 4.8666e+02 
2026-05-22 00:22:25,177 INFO: [smal..][epoch: 15, iter:  12,140, lr:(2.855e-04,)][eta: 0:50:32, time (data): 0.487 (0.040)]l_bij: 4.3812e+01 l_orth: 7.1067e+01 l_diff: 2.2909e+02 l_align: 7.0745e+01 l_total: 4.1471e+02 
2026-05-22 00:22:34,647 INFO: [smal..][epoch: 15, iter:  12,160, lr:(2.855e-04,)][eta: 0:50:18, time (data): 0.485 (0.039)]l_bij: 7.1571e+01 l_orth: 9.0477e+01 l_diff: 2.2810e+02 l_align: 7.1235e+01 l_total: 4.6139e+02 
2026-05-22 00:22:44,214 INFO: [smal..][epoch: 15, iter:  12,180, lr:(2.855e-04,)][eta: 0:50:03, time (data): 0.484 (0.039)]l_bij: 8.4225e+01 l_orth: 9.9508e+01 l_diff: 2.3729e+02 l_align: 7.8837e+01 l_total: 4.9986e+02 
2026-05-22 00:22:54,121 INFO: [smal..][epoch: 15, iter:  12,200, lr:(2.855e-04,)][eta: 0:49:49, time (data): 0.485 (0.040)]l_bij: 1.0670e+02 l_orth: 1.1750e+02 l_diff: 2.5463e+02 l_align: 8.7395e+01 l_total: 5.6622e+02 
2026-05-22 00:23:04,140 INFO: [smal..][epoch: 15, iter:  12,220, lr:(2.855e-04,)][eta: 0:49:35, time (data): 0.487 (0.039)]l_bij: 1.1049e+02 l_orth: 1.1622e+02 l_diff: 2.4975e+02 l_align: 8.3759e+01 l_total: 5.6021e+02 
2026-05-22 00:23:14,486 INFO: [smal..][epoch: 15, iter:  12,240, lr:(2.855e-04,)][eta: 0:49:21, time (data): 0.491 (0.039)]l_bij: 6.0205e+01 l_orth: 9.2264e+01 l_diff: 2.2389e+02 l_align: 7.6637e+01 l_total: 4.5300e+02 
2026-05-22 00:23:24,975 INFO: [smal..][epoch: 15, iter:  12,260, lr:(2.855e-04,)][eta: 0:49:07, time (data): 0.494 (0.039)]l_bij: 5.8249e+01 l_orth: 8.4208e+01 l_diff: 2.2916e+02 l_align: 7.3160e+01 l_total: 4.4478e+02 
2026-05-22 00:23:34,374 INFO: [smal..][epoch: 15, iter:  12,280, lr:(2.855e-04,)][eta: 0:48:53, time (data): 0.484 (0.037)]l_bij: 9.4814e+01 l_orth: 1.0586e+02 l_diff: 2.4114e+02 l_align: 8.0297e+01 l_total: 5.2210e+02 
2026-05-22 00:23:44,713 INFO: [smal..][epoch: 15, iter:  12,300, lr:(2.855e-04,)][eta: 0:48:39, time (data): 0.501 (0.038)]l_bij: 8.9834e+01 l_orth: 1.0311e+02 l_diff: 2.3745e+02 l_align: 7.8642e+01 l_total: 5.0903e+02 
2026-05-22 00:23:55,104 INFO: [smal..][epoch: 15, iter:  12,320, lr:(2.855e-04,)][eta: 0:48:25, time (data): 0.507 (0.039)]l_bij: 6.0883e+01 l_orth: 8.4428e+01 l_diff: 2.2710e+02 l_align: 6.7035e+01 l_total: 4.3945e+02 
2026-05-22 00:24:03,399 INFO: [smal..][epoch: 15, iter:  12,340, lr:(2.855e-04,)][eta: 0:48:11, time (data): 0.484 (0.039)]l_bij: 1.0993e+02 l_orth: 1.1264e+02 l_diff: 2.4211e+02 l_align: 7.7746e+01 l_total: 5.4242e+02 
2026-05-22 00:24:13,514 INFO: [smal..][epoch: 15, iter:  12,360, lr:(2.855e-04,)][eta: 0:47:57, time (data): 0.488 (0.039)]l_bij: 4.4185e+01 l_orth: 7.8041e+01 l_diff: 2.2498e+02 l_align: 7.7583e+01 l_total: 4.2479e+02 
2026-05-22 00:24:22,884 INFO: [smal..][epoch: 15, iter:  12,380, lr:(2.855e-04,)][eta: 0:47:43, time (data): 0.485 (0.040)]l_bij: 3.0422e+01 l_orth: 7.1732e+01 l_diff: 2.2683e+02 l_align: 8.0360e+01 l_total: 4.0934e+02 
2026-05-22 00:24:33,660 INFO: [smal..][epoch: 15, iter:  12,400, lr:(2.855e-04,)][eta: 0:47:29, time (data): 0.493 (0.040)]l_bij: 1.1679e+01 l_orth: 6.1068e+01 l_diff: 2.0865e+02 l_align: 8.4287e+01 l_total: 3.6568e+02 
2026-05-22 00:24:43,069 INFO: [smal..][epoch: 15, iter:  12,420, lr:(2.855e-04,)][eta: 0:47:15, time (data): 0.490 (0.039)]l_bij: 1.0179e+02 l_orth: 1.1283e+02 l_diff: 2.4977e+02 l_align: 8.1000e+01 l_total: 5.4539e+02 
2026-05-22 00:24:53,470 INFO: [smal..][epoch: 15, iter:  12,440, lr:(2.855e-04,)][eta: 0:47:01, time (data): 0.493 (0.039)]l_bij: 8.2971e+01 l_orth: 1.0045e+02 l_diff: 2.4153e+02 l_align: 8.1587e+01 l_total: 5.0654e+02 
2026-05-22 00:25:04,202 INFO: [smal..][epoch: 15, iter:  12,460, lr:(2.855e-04,)][eta: 0:46:48, time (data): 0.498 (0.039)]l_bij: 9.0047e+01 l_orth: 1.0235e+02 l_diff: 2.3702e+02 l_align: 7.4925e+01 l_total: 5.0434e+02 
2026-05-22 00:25:14,143 INFO: [smal..][epoch: 15, iter:  12,480, lr:(2.855e-04,)][eta: 0:46:34, time (data): 0.530 (0.042)]l_bij: 7.7958e+01 l_orth: 9.6723e+01 l_diff: 2.2897e+02 l_align: 7.4402e+01 l_total: 4.7805e+02 
2026-05-22 00:25:24,579 INFO: [smal..][epoch: 15, iter:  12,500, lr:(2.855e-04,)][eta: 0:46:20, time (data): 0.526 (0.042)]l_bij: 5.7171e+01 l_orth: 8.5802e+01 l_diff: 2.3672e+02 l_align: 7.6614e+01 l_total: 4.5631e+02 
2026-05-22 00:25:34,228 INFO: [smal..][epoch: 15, iter:  12,520, lr:(2.855e-04,)][eta: 0:46:06, time (data): 0.511 (0.040)]l_bij: 1.0079e+02 l_orth: 1.0698e+02 l_diff: 2.4650e+02 l_align: 7.9806e+01 l_total: 5.3407e+02 
2026-05-22 00:25:43,252 INFO: [smal..][epoch: 15, iter:  12,540, lr:(2.855e-04,)][eta: 0:45:52, time (data): 0.495 (0.039)]l_bij: 1.1366e+02 l_orth: 1.1655e+02 l_diff: 2.4474e+02 l_align: 8.0607e+01 l_total: 5.5556e+02 
2026-05-22 00:25:54,318 INFO: [smal..][epoch: 15, iter:  12,560, lr:(2.855e-04,)][eta: 0:45:38, time (data): 0.507 (0.040)]l_bij: 9.9287e+01 l_orth: 1.0970e+02 l_diff: 2.3975e+02 l_align: 8.1037e+01 l_total: 5.2977e+02 
2026-05-22 00:26:04,671 INFO: [smal..][epoch: 15, iter:  12,580, lr:(2.855e-04,)][eta: 0:45:25, time (data): 0.509 (0.040)]l_bij: 8.1938e+01 l_orth: 1.0145e+02 l_diff: 2.3323e+02 l_align: 7.8278e+01 l_total: 4.9490e+02 
2026-05-22 00:26:13,420 INFO: [smal..][epoch: 15, iter:  12,600, lr:(2.855e-04,)][eta: 0:45:10, time (data): 0.499 (0.039)]l_bij: 1.2173e+02 l_orth: 1.2363e+02 l_diff: 2.5140e+02 l_align: 9.0968e+01 l_total: 5.8773e+02 
2026-05-22 00:26:24,734 INFO: [smal..][epoch: 16, iter:  12,620, lr:(2.318e-04,)][eta: 0:44:57, time (data): 0.507 (0.044)]l_bij: 7.8326e+01 l_orth: 9.3125e+01 l_diff: 2.3447e+02 l_align: 7.1231e+01 l_total: 4.7715e+02 
2026-05-22 00:26:35,904 INFO: [smal..][epoch: 16, iter:  12,640, lr:(2.318e-04,)][eta: 0:44:44, time (data): 0.513 (0.044)]l_bij: 8.2340e+01 l_orth: 9.7605e+01 l_diff: 2.4042e+02 l_align: 7.3709e+01 l_total: 4.9407e+02 
2026-05-22 00:26:45,839 INFO: [smal..][epoch: 16, iter:  12,660, lr:(2.318e-04,)][eta: 0:44:30, time (data): 0.511 (0.043)]l_bij: 9.3310e+01 l_orth: 1.0723e+02 l_diff: 2.4226e+02 l_align: 7.9100e+01 l_total: 5.2191e+02 
2026-05-22 00:26:56,201 INFO: [smal..][epoch: 16, iter:  12,680, lr:(2.318e-04,)][eta: 0:44:16, time (data): 0.502 (0.038)]l_bij: 1.1101e+01 l_orth: 6.6767e+01 l_diff: 2.0956e+02 l_align: 8.4607e+01 l_total: 3.7204e+02 
2026-05-22 00:27:06,512 INFO: [smal..][epoch: 16, iter:  12,700, lr:(2.318e-04,)][eta: 0:44:02, time (data): 0.509 (0.039)]l_bij: 5.9819e+01 l_orth: 8.6025e+01 l_diff: 2.2503e+02 l_align: 7.1558e+01 l_total: 4.4244e+02 
2026-05-22 00:27:17,220 INFO: [smal..][epoch: 16, iter:  12,720, lr:(2.318e-04,)][eta: 0:43:49, time (data): 0.518 (0.039)]l_bij: 1.1078e+02 l_orth: 1.1712e+02 l_diff: 2.4816e+02 l_align: 8.4355e+01 l_total: 5.6041e+02 
2026-05-22 00:27:27,790 INFO: [smal..][epoch: 16, iter:  12,740, lr:(2.318e-04,)][eta: 0:43:35, time (data): 0.521 (0.039)]l_bij: 1.1428e+02 l_orth: 1.2166e+02 l_diff: 2.5504e+02 l_align: 8.6636e+01 l_total: 5.7762e+02 
2026-05-22 00:27:37,821 INFO: [smal..][epoch: 16, iter:  12,760, lr:(2.318e-04,)][eta: 0:43:22, time (data): 0.517 (0.039)]l_bij: 9.0412e+01 l_orth: 1.0468e+02 l_diff: 2.3503e+02 l_align: 8.0056e+01 l_total: 5.1017e+02 
2026-05-22 00:27:47,726 INFO: [smal..][epoch: 16, iter:  12,780, lr:(2.318e-04,)][eta: 0:43:08, time (data): 0.513 (0.038)]l_bij: 1.0062e+02 l_orth: 1.0809e+02 l_diff: 2.4130e+02 l_align: 7.6045e+01 l_total: 5.2605e+02 
2026-05-22 00:27:59,725 INFO: [smal..][epoch: 16, iter:  12,800, lr:(2.318e-04,)][eta: 0:42:55, time (data): 0.526 (0.038)]l_bij: 9.2885e+01 l_orth: 1.0439e+02 l_diff: 2.3446e+02 l_align: 7.4389e+01 l_total: 5.0612e+02 
2026-05-22 00:28:11,049 INFO: [smal..][epoch: 16, iter:  12,820, lr:(2.318e-04,)][eta: 0:42:42, time (data): 0.531 (0.038)]l_bij: 8.6764e+01 l_orth: 9.7265e+01 l_diff: 2.3318e+02 l_align: 7.1320e+01 l_total: 4.8853e+02 
2026-05-22 00:28:22,165 INFO: [smal..][epoch: 16, iter:  12,840, lr:(2.318e-04,)][eta: 0:42:28, time (data): 0.534 (0.038)]l_bij: 5.1363e+01 l_orth: 8.0743e+01 l_diff: 2.2226e+02 l_align: 7.1377e+01 l_total: 4.2575e+02 
2026-05-22 00:28:32,801 INFO: [smal..][epoch: 16, iter:  12,860, lr:(2.318e-04,)][eta: 0:42:15, time (data): 0.534 (0.038)]l_bij: 8.7285e+01 l_orth: 9.7314e+01 l_diff: 2.3401e+02 l_align: 7.2457e+01 l_total: 4.9107e+02 
2026-05-22 00:28:43,266 INFO: [smal..][epoch: 16, iter:  12,880, lr:(2.318e-04,)][eta: 0:42:01, time (data): 0.532 (0.036)]l_bij: 1.1334e+02 l_orth: 1.1735e+02 l_diff: 2.4455e+02 l_align: 8.1295e+01 l_total: 5.5653e+02 
2026-05-22 00:28:54,634 INFO: [smal..][epoch: 16, iter:  12,900, lr:(2.318e-04,)][eta: 0:41:48, time (data): 0.552 (0.036)]l_bij: 1.2272e+02 l_orth: 1.2732e+02 l_diff: 2.6321e+02 l_align: 9.1424e+01 l_total: 6.0468e+02 
2026-05-22 00:29:05,279 INFO: [smal..][epoch: 16, iter:  12,920, lr:(2.318e-04,)][eta: 0:41:35, time (data): 0.545 (0.036)]l_bij: 1.2147e+02 l_orth: 1.2279e+02 l_diff: 2.4657e+02 l_align: 8.2325e+01 l_total: 5.7315e+02 
2026-05-22 00:29:17,433 INFO: [smal..][epoch: 16, iter:  12,940, lr:(2.318e-04,)][eta: 0:41:22, time (data): 0.562 (0.037)]l_bij: 5.4302e+01 l_orth: 8.2823e+01 l_diff: 2.2548e+02 l_align: 7.8985e+01 l_total: 4.4159e+02 
2026-05-22 00:29:31,034 INFO: [smal..][epoch: 16, iter:  12,960, lr:(2.318e-04,)][eta: 0:41:09, time (data): 0.586 (0.037)]l_bij: 8.3610e+01 l_orth: 9.8982e+01 l_diff: 2.4538e+02 l_align: 8.5297e+01 l_total: 5.1327e+02 
2026-05-22 00:29:44,013 INFO: [smal..][epoch: 16, iter:  12,980, lr:(2.318e-04,)][eta: 0:40:56, time (data): 0.597 (0.037)]l_bij: 1.1157e+01 l_orth: 5.7476e+01 l_diff: 2.1210e+02 l_align: 7.8797e+01 l_total: 3.5953e+02 
2026-05-22 00:29:54,445 INFO: [smal..][epoch: 16, iter:  13,000, lr:(2.318e-04,)][eta: 0:40:43, time (data): 0.586 (0.038)]l_bij: 5.8661e+01 l_orth: 8.3818e+01 l_diff: 2.2463e+02 l_align: 7.3802e+01 l_total: 4.4091e+02 
2026-05-22 00:30:06,694 INFO: [smal..][epoch: 16, iter:  13,020, lr:(2.318e-04,)][eta: 0:40:30, time (data): 0.589 (0.037)]l_bij: 1.2585e+02 l_orth: 1.3256e+02 l_diff: 2.7880e+02 l_align: 9.9323e+01 l_total: 6.3654e+02 
2026-05-22 00:30:17,892 INFO: [smal..][epoch: 16, iter:  13,040, lr:(2.318e-04,)][eta: 0:40:17, time (data): 0.586 (0.038)]l_bij: 8.1619e+01 l_orth: 9.7617e+01 l_diff: 2.3491e+02 l_align: 7.6375e+01 l_total: 4.9052e+02 
2026-05-22 00:30:28,351 INFO: [smal..][epoch: 16, iter:  13,060, lr:(2.318e-04,)][eta: 0:40:03, time (data): 0.580 (0.038)]l_bij: 1.1236e+02 l_orth: 1.2131e+02 l_diff: 2.5128e+02 l_align: 8.6365e+01 l_total: 5.7132e+02 
2026-05-22 00:30:42,156 INFO: [smal..][epoch: 16, iter:  13,080, lr:(2.318e-04,)][eta: 0:39:51, time (data): 0.663 (0.042)]l_bij: 1.0463e+02 l_orth: 1.1277e+02 l_diff: 2.5164e+02 l_align: 7.6526e+01 l_total: 5.4557e+02 
2026-05-22 00:30:52,420 INFO: [smal..][epoch: 16, iter:  13,100, lr:(2.318e-04,)][eta: 0:39:37, time (data): 0.578 (0.041)]l_bij: 1.0352e+02 l_orth: 1.0918e+02 l_diff: 2.4242e+02 l_align: 7.6971e+01 l_total: 5.3209e+02 
2026-05-22 00:31:02,363 INFO: [smal..][epoch: 16, iter:  13,120, lr:(2.318e-04,)][eta: 0:39:23, time (data): 0.548 (0.040)]l_bij: 1.0199e+02 l_orth: 1.1333e+02 l_diff: 2.4231e+02 l_align: 8.6092e+01 l_total: 5.4372e+02 
2026-05-22 00:31:12,864 INFO: [smal..][epoch: 16, iter:  13,140, lr:(2.318e-04,)][eta: 0:39:10, time (data): 0.542 (0.038)]l_bij: 1.4112e+02 l_orth: 1.4384e+02 l_diff: 2.7494e+02 l_align: 1.0005e+02 l_total: 6.5995e+02 
2026-05-22 00:31:23,934 INFO: [smal..][epoch: 16, iter:  13,160, lr:(2.318e-04,)][eta: 0:38:57, time (data): 0.544 (0.038)]l_bij: 9.2012e+01 l_orth: 1.0320e+02 l_diff: 2.4016e+02 l_align: 7.5206e+01 l_total: 5.1058e+02 
2026-05-22 00:31:35,032 INFO: [smal..][epoch: 16, iter:  13,180, lr:(2.318e-04,)][eta: 0:38:44, time (data): 0.546 (0.038)]l_bij: 1.0030e+02 l_orth: 1.1273e+02 l_diff: 2.4204e+02 l_align: 7.4856e+01 l_total: 5.2993e+02 
2026-05-22 00:31:45,817 INFO: [smal..][epoch: 16, iter:  13,200, lr:(2.318e-04,)][eta: 0:38:30, time (data): 0.545 (0.039)]l_bij: 1.2526e+02 l_orth: 1.3240e+02 l_diff: 2.6784e+02 l_align: 1.0020e+02 l_total: 6.2570e+02 
2026-05-22 00:31:55,549 INFO: [smal..][epoch: 16, iter:  13,220, lr:(2.318e-04,)][eta: 0:38:17, time (data): 0.538 (0.039)]l_bij: 1.0772e+02 l_orth: 1.1456e+02 l_diff: 2.4447e+02 l_align: 7.9926e+01 l_total: 5.4667e+02 
2026-05-22 00:32:06,855 INFO: [smal..][epoch: 16, iter:  13,240, lr:(2.318e-04,)][eta: 0:38:03, time (data): 0.541 (0.038)]l_bij: 1.2140e+02 l_orth: 1.2830e+02 l_diff: 2.6128e+02 l_align: 9.7127e+01 l_total: 6.0810e+02 
2026-05-22 00:32:17,378 INFO: [smal..][epoch: 16, iter:  13,260, lr:(2.318e-04,)][eta: 0:37:50, time (data): 0.539 (0.038)]l_bij: 9.7474e+01 l_orth: 1.0858e+02 l_diff: 2.3896e+02 l_align: 8.0006e+01 l_total: 5.2502e+02 
2026-05-22 00:32:27,594 INFO: [smal..][epoch: 16, iter:  13,280, lr:(2.318e-04,)][eta: 0:37:37, time (data): 0.484 (0.040)]l_bij: 1.0141e+02 l_orth: 1.0654e+02 l_diff: 2.3911e+02 l_align: 7.6700e+01 l_total: 5.2377e+02 
2026-05-22 00:32:37,953 INFO: [smal..][epoch: 16, iter:  13,300, lr:(2.318e-04,)][eta: 0:37:23, time (data): 0.504 (0.037)]l_bij: 1.0911e+02 l_orth: 1.1448e+02 l_diff: 2.5388e+02 l_align: 8.1306e+01 l_total: 5.5878e+02 
2026-05-22 00:32:49,192 INFO: [smal..][epoch: 16, iter:  13,320, lr:(2.318e-04,)][eta: 0:37:10, time (data): 0.525 (0.037)]l_bij: 5.9082e+01 l_orth: 9.0500e+01 l_diff: 2.3284e+02 l_align: 7.7122e+01 l_total: 4.5954e+02 
2026-05-22 00:33:00,178 INFO: [smal..][epoch: 16, iter:  13,340, lr:(2.318e-04,)][eta: 0:36:57, time (data): 0.532 (0.037)]l_bij: 6.1831e+01 l_orth: 8.5464e+01 l_diff: 2.2789e+02 l_align: 7.3002e+01 l_total: 4.4819e+02 
2026-05-22 00:33:10,170 INFO: [smal..][epoch: 16, iter:  13,360, lr:(2.318e-04,)][eta: 0:36:43, time (data): 0.525 (0.037)]l_bij: 9.0440e+01 l_orth: 1.0276e+02 l_diff: 2.4496e+02 l_align: 8.2299e+01 l_total: 5.2047e+02 
2026-05-22 00:33:21,956 INFO: [smal..][epoch: 16, iter:  13,380, lr:(2.318e-04,)][eta: 0:36:30, time (data): 0.536 (0.037)]l_bij: 1.0780e+02 l_orth: 1.1620e+02 l_diff: 2.4381e+02 l_align: 7.7975e+01 l_total: 5.4579e+02 
2026-05-22 00:33:31,798 INFO: [smal..][epoch: 16, iter:  13,400, lr:(2.318e-04,)][eta: 0:36:17, time (data): 0.530 (0.037)]l_bij: 1.2411e+02 l_orth: 1.3344e+02 l_diff: 2.6645e+02 l_align: 9.8457e+01 l_total: 6.2246e+02 
2026-05-22 00:33:40,884 INFO: [smal..][epoch: 16, iter:  13,420, lr:(2.318e-04,)][eta: 0:36:03, time (data): 0.520 (0.038)]l_bij: 8.8757e+01 l_orth: 1.0257e+02 l_diff: 2.4115e+02 l_align: 7.8486e+01 l_total: 5.1096e+02 
2026-05-22 00:33:51,802 INFO: [smal..][epoch: 16, iter:  13,440, lr:(2.318e-04,)][eta: 0:35:50, time (data): 0.523 (0.037)]l_bij: 1.2563e+02 l_orth: 1.3115e+02 l_diff: 2.6933e+02 l_align: 9.3564e+01 l_total: 6.1967e+02 
2026-05-22 00:34:04,093 INFO: [smal..][epoch: 17, iter:  13,460, lr:(1.859e-04,)][eta: 0:35:37, time (data): 0.532 (0.042)]l_bij: 5.3648e+01 l_orth: 8.3931e+01 l_diff: 2.3021e+02 l_align: 8.0480e+01 l_total: 4.4827e+02 
2026-05-22 00:34:16,042 INFO: [smal..][epoch: 17, iter:  13,480, lr:(1.859e-04,)][eta: 0:35:24, time (data): 0.572 (0.037)]l_bij: 7.0182e+01 l_orth: 9.1129e+01 l_diff: 2.3679e+02 l_align: 7.4206e+01 l_total: 4.7231e+02 
2026-05-22 00:34:27,830 INFO: [smal..][epoch: 17, iter:  13,500, lr:(1.859e-04,)][eta: 0:35:11, time (data): 0.582 (0.036)]l_bij: 1.0704e+02 l_orth: 1.1773e+02 l_diff: 2.3916e+02 l_align: 9.1111e+01 l_total: 5.5504e+02 
2026-05-22 00:34:40,728 INFO: [smal..][epoch: 17, iter:  13,520, lr:(1.859e-04,)][eta: 0:34:59, time (data): 0.606 (0.036)]l_bij: 1.1169e+02 l_orth: 1.1416e+02 l_diff: 2.4779e+02 l_align: 7.9577e+01 l_total: 5.5322e+02 
2026-05-22 00:34:52,145 INFO: [smal..][epoch: 17, iter:  13,540, lr:(1.859e-04,)][eta: 0:34:46, time (data): 0.596 (0.037)]l_bij: 1.0919e+02 l_orth: 1.1852e+02 l_diff: 2.4965e+02 l_align: 8.6032e+01 l_total: 5.6340e+02 
2026-05-22 00:35:03,705 INFO: [smal..][epoch: 17, iter:  13,560, lr:(1.859e-04,)][eta: 0:34:33, time (data): 0.592 (0.037)]l_bij: 5.5602e+01 l_orth: 8.2920e+01 l_diff: 2.3410e+02 l_align: 7.8963e+01 l_total: 4.5159e+02 
2026-05-22 00:35:12,875 INFO: [smal..][epoch: 17, iter:  13,580, lr:(1.859e-04,)][eta: 0:34:19, time (data): 0.569 (0.037)]l_bij: 5.8482e+01 l_orth: 8.3682e+01 l_diff: 2.3011e+02 l_align: 7.7257e+01 l_total: 4.4954e+02 
2026-05-22 00:35:24,111 INFO: [smal..][epoch: 17, iter:  13,600, lr:(1.859e-04,)][eta: 0:34:06, time (data): 0.568 (0.037)]l_bij: 9.6288e+01 l_orth: 1.0611e+02 l_diff: 2.3870e+02 l_align: 7.4070e+01 l_total: 5.1516e+02 
2026-05-22 00:35:36,240 INFO: [smal..][epoch: 17, iter:  13,620, lr:(1.859e-04,)][eta: 0:33:53, time (data): 0.573 (0.038)]l_bij: 7.3909e+01 l_orth: 8.9227e+01 l_diff: 2.2571e+02 l_align: 7.0163e+01 l_total: 4.5901e+02 
2026-05-22 00:35:48,989 INFO: [smal..][epoch: 17, iter:  13,640, lr:(1.859e-04,)][eta: 0:33:40, time (data): 0.580 (0.038)]l_bij: 9.2859e+01 l_orth: 1.0575e+02 l_diff: 2.3878e+02 l_align: 7.9452e+01 l_total: 5.1683e+02 
2026-05-22 00:36:00,342 INFO: [smal..][epoch: 17, iter:  13,660, lr:(1.859e-04,)][eta: 0:33:27, time (data): 0.579 (0.038)]l_bij: 1.0611e+02 l_orth: 1.1766e+02 l_diff: 2.4522e+02 l_align: 8.4885e+01 l_total: 5.5388e+02 
2026-05-22 00:36:10,385 INFO: [smal..][epoch: 17, iter:  13,680, lr:(1.859e-04,)][eta: 0:33:14, time (data): 0.461 (0.039)]l_bij: 6.6633e+01 l_orth: 8.9903e+01 l_diff: 2.2464e+02 l_align: 7.3300e+01 l_total: 4.5448e+02 
2026-05-22 00:36:21,599 INFO: [smal..][epoch: 17, iter:  13,700, lr:(1.859e-04,)][eta: 0:33:01, time (data): 0.523 (0.038)]l_bij: 9.6426e+01 l_orth: 1.0600e+02 l_diff: 2.3464e+02 l_align: 7.3211e+01 l_total: 5.1028e+02 
2026-05-22 00:36:32,851 INFO: [smal..][epoch: 17, iter:  13,720, lr:(1.859e-04,)][eta: 0:32:48, time (data): 0.538 (0.038)]l_bij: 1.0378e+02 l_orth: 1.1149e+02 l_diff: 2.5250e+02 l_align: 7.5317e+01 l_total: 5.4308e+02 
2026-05-22 00:36:44,505 INFO: [smal..][epoch: 17, iter:  13,740, lr:(1.859e-04,)][eta: 0:32:35, time (data): 0.551 (0.037)]l_bij: 6.7939e+01 l_orth: 8.8174e+01 l_diff: 2.3152e+02 l_align: 7.5819e+01 l_total: 4.6345e+02 
2026-05-22 00:36:54,819 INFO: [smal..][epoch: 17, iter:  13,760, lr:(1.859e-04,)][eta: 0:32:22, time (data): 0.543 (0.038)]l_bij: 7.7013e+01 l_orth: 9.5591e+01 l_diff: 2.3052e+02 l_align: 7.2855e+01 l_total: 4.7598e+02 
2026-05-22 00:37:05,647 INFO: [smal..][epoch: 17, iter:  13,780, lr:(1.859e-04,)][eta: 0:32:09, time (data): 0.543 (0.038)]l_bij: 7.0126e+01 l_orth: 8.9406e+01 l_diff: 2.3018e+02 l_align: 7.1861e+01 l_total: 4.6157e+02 
2026-05-22 00:37:16,508 INFO: [smal..][epoch: 17, iter:  13,800, lr:(1.859e-04,)][eta: 0:31:56, time (data): 0.543 (0.038)]l_bij: 1.1533e+02 l_orth: 1.2344e+02 l_diff: 2.5216e+02 l_align: 8.8376e+01 l_total: 5.7930e+02 
2026-05-22 00:37:27,442 INFO: [smal..][epoch: 17, iter:  13,820, lr:(1.859e-04,)][eta: 0:31:43, time (data): 0.543 (0.038)]l_bij: 6.7910e+01 l_orth: 9.2544e+01 l_diff: 2.3159e+02 l_align: 7.6818e+01 l_total: 4.6886e+02 
2026-05-22 00:37:39,229 INFO: [smal..][epoch: 17, iter:  13,840, lr:(1.859e-04,)][eta: 0:31:30, time (data): 0.549 (0.038)]l_bij: 9.3978e+01 l_orth: 1.0354e+02 l_diff: 2.3026e+02 l_align: 7.4881e+01 l_total: 5.0265e+02 
2026-05-22 00:37:50,913 INFO: [smal..][epoch: 17, iter:  13,860, lr:(1.859e-04,)][eta: 0:31:17, time (data): 0.552 (0.038)]l_bij: 9.1319e+01 l_orth: 1.0280e+02 l_diff: 2.4298e+02 l_align: 8.2852e+01 l_total: 5.1995e+02 
2026-05-22 00:38:03,762 INFO: [smal..][epoch: 17, iter:  13,880, lr:(1.859e-04,)][eta: 0:31:04, time (data): 0.651 (0.034)]l_bij: 8.6544e+01 l_orth: 1.0279e+02 l_diff: 2.3738e+02 l_align: 7.6828e+01 l_total: 5.0354e+02 
2026-05-22 00:38:14,836 INFO: [smal..][epoch: 17, iter:  13,900, lr:(1.859e-04,)][eta: 0:30:51, time (data): 0.588 (0.035)]l_bij: 8.3917e+01 l_orth: 1.0024e+02 l_diff: 2.3735e+02 l_align: 7.7151e+01 l_total: 4.9866e+02 
2026-05-22 00:38:25,252 INFO: [smal..][epoch: 17, iter:  13,920, lr:(1.859e-04,)][eta: 0:30:38, time (data): 0.562 (0.035)]l_bij: 9.2231e+01 l_orth: 1.0823e+02 l_diff: 2.3427e+02 l_align: 7.6379e+01 l_total: 5.1111e+02 
2026-05-22 00:38:37,339 INFO: [smal..][epoch: 17, iter:  13,940, lr:(1.859e-04,)][eta: 0:30:25, time (data): 0.574 (0.036)]l_bij: 1.0926e+02 l_orth: 1.1534e+02 l_diff: 2.5102e+02 l_align: 8.2650e+01 l_total: 5.5827e+02 
2026-05-22 00:38:48,253 INFO: [smal..][epoch: 17, iter:  13,960, lr:(1.859e-04,)][eta: 0:30:12, time (data): 0.568 (0.037)]l_bij: 5.5244e+01 l_orth: 8.3444e+01 l_diff: 2.3154e+02 l_align: 7.4531e+01 l_total: 4.4476e+02 
2026-05-22 00:38:59,568 INFO: [smal..][epoch: 17, iter:  13,980, lr:(1.859e-04,)][eta: 0:29:59, time (data): 0.567 (0.037)]l_bij: 9.3979e+01 l_orth: 1.0651e+02 l_diff: 2.3423e+02 l_align: 7.6866e+01 l_total: 5.1158e+02 
2026-05-22 00:39:11,981 INFO: [smal..][epoch: 17, iter:  14,000, lr:(1.859e-04,)][eta: 0:29:46, time (data): 0.575 (0.037)]l_bij: 7.2023e+01 l_orth: 8.9162e+01 l_diff: 2.4190e+02 l_align: 7.4702e+01 l_total: 4.7779e+02 
2026-05-22 00:39:11,981 INFO: Saving models and training states.
2026-05-22 00:39:11,999 INFO: Start validation.
2026-05-22 00:43:48,774 INFO: Avg time: 0.4315
2026-05-22 00:43:48,932 INFO: Val auc: 0.6382
2026-05-22 00:43:48,938 INFO: Val avg error: 0.0749
2026-05-22 00:43:57,289 INFO: [smal..][epoch: 17, iter:  14,020, lr:(1.859e-04,)][eta: 0:30:28, time (data): 0.554 (0.038)]l_bij: 6.3133e+01 l_orth: 8.6255e+01 l_diff: 2.3519e+02 l_align: 7.4625e+01 l_total: 4.5920e+02 
2026-05-22 00:44:09,654 INFO: [smal..][epoch: 17, iter:  14,040, lr:(1.859e-04,)][eta: 0:30:15, time (data): 0.561 (0.037)]l_bij: 7.9329e+01 l_orth: 9.7496e+01 l_diff: 2.3133e+02 l_align: 7.4400e+01 l_total: 4.8255e+02 
2026-05-22 00:44:20,683 INFO: [smal..][epoch: 17, iter:  14,060, lr:(1.859e-04,)][eta: 0:30:01, time (data): 0.560 (0.037)]l_bij: 1.0159e+02 l_orth: 1.0980e+02 l_diff: 2.4873e+02 l_align: 8.1760e+01 l_total: 5.4187e+02 
2026-05-22 00:44:32,694 INFO: [smal..][epoch: 17, iter:  14,080, lr:(1.859e-04,)][eta: 0:29:48, time (data): 0.650 (0.037)]l_bij: 9.3063e+01 l_orth: 1.0536e+02 l_diff: 2.3951e+02 l_align: 7.8443e+01 l_total: 5.1638e+02 
2026-05-22 00:44:45,711 INFO: [smal..][epoch: 17, iter:  14,100, lr:(1.859e-04,)][eta: 0:29:35, time (data): 0.650 (0.037)]l_bij: 1.1721e+02 l_orth: 1.2021e+02 l_diff: 2.4700e+02 l_align: 8.6236e+01 l_total: 5.7066e+02 
2026-05-22 00:44:56,120 INFO: [smal..][epoch: 17, iter:  14,120, lr:(1.859e-04,)][eta: 0:29:22, time (data): 0.598 (0.037)]l_bij: 9.8487e+01 l_orth: 1.0852e+02 l_diff: 2.3782e+02 l_align: 8.0554e+01 l_total: 5.2538e+02 
2026-05-22 00:45:08,397 INFO: [smal..][epoch: 17, iter:  14,140, lr:(1.859e-04,)][eta: 0:29:08, time (data): 0.603 (0.037)]l_bij: 8.6562e+01 l_orth: 9.8432e+01 l_diff: 2.3492e+02 l_align: 7.0751e+01 l_total: 4.9067e+02 
2026-05-22 00:45:19,368 INFO: [smal..][epoch: 17, iter:  14,160, lr:(1.859e-04,)][eta: 0:28:55, time (data): 0.591 (0.037)]l_bij: 1.0093e+02 l_orth: 1.1122e+02 l_diff: 2.4116e+02 l_align: 8.3357e+01 l_total: 5.3667e+02 
2026-05-22 00:45:30,804 INFO: [smal..][epoch: 17, iter:  14,180, lr:(1.859e-04,)][eta: 0:28:42, time (data): 0.587 (0.037)]l_bij: 7.0531e+01 l_orth: 8.9637e+01 l_diff: 2.2618e+02 l_align: 7.3347e+01 l_total: 4.5969e+02 
2026-05-22 00:45:42,502 INFO: [smal..][epoch: 17, iter:  14,200, lr:(1.859e-04,)][eta: 0:28:28, time (data): 0.587 (0.037)]l_bij: 1.3765e+02 l_orth: 1.3836e+02 l_diff: 2.7655e+02 l_align: 9.6410e+01 l_total: 6.4896e+02 
2026-05-22 00:45:52,922 INFO: [smal..][epoch: 17, iter:  14,220, lr:(1.859e-04,)][eta: 0:28:15, time (data): 0.578 (0.037)]l_bij: 7.0323e+01 l_orth: 9.1432e+01 l_diff: 2.2683e+02 l_align: 7.1415e+01 l_total: 4.6000e+02 
2026-05-22 00:46:04,416 INFO: [smal..][epoch: 17, iter:  14,240, lr:(1.859e-04,)][eta: 0:28:01, time (data): 0.578 (0.037)]l_bij: 7.9953e+01 l_orth: 9.4093e+01 l_diff: 2.3143e+02 l_align: 7.2931e+01 l_total: 4.7841e+02 
2026-05-22 00:46:15,031 INFO: [smal..][epoch: 17, iter:  14,260, lr:(1.859e-04,)][eta: 0:27:48, time (data): 0.573 (0.037)]l_bij: 8.8933e+01 l_orth: 1.0330e+02 l_diff: 2.3398e+02 l_align: 7.7725e+01 l_total: 5.0394e+02 
2026-05-22 00:46:27,542 INFO: [smal..][epoch: 17, iter:  14,280, lr:(1.859e-04,)][eta: 0:27:35, time (data): 0.629 (0.036)]l_bij: 1.0181e+02 l_orth: 1.0967e+02 l_diff: 2.4201e+02 l_align: 8.1343e+01 l_total: 5.3484e+02 
2026-05-22 00:46:40,031 INFO: [smal..][epoch: 18, iter:  14,300, lr:(1.490e-04,)][eta: 0:27:22, time (data): 0.626 (0.069)]l_bij: 9.4020e+01 l_orth: 1.0583e+02 l_diff: 2.4066e+02 l_align: 7.6329e+01 l_total: 5.1684e+02 
2026-05-22 00:46:52,867 INFO: [smal..][epoch: 18, iter:  14,320, lr:(1.490e-04,)][eta: 0:27:09, time (data): 0.632 (0.055)]l_bij: 5.9835e+01 l_orth: 8.4849e+01 l_diff: 2.3260e+02 l_align: 7.4975e+01 l_total: 4.5226e+02 
2026-05-22 00:47:04,998 INFO: [smal..][epoch: 18, iter:  14,340, lr:(1.490e-04,)][eta: 0:26:55, time (data): 0.625 (0.049)]l_bij: 7.6711e+01 l_orth: 9.3234e+01 l_diff: 2.2922e+02 l_align: 7.1426e+01 l_total: 4.7059e+02 
2026-05-22 00:47:16,350 INFO: [smal..][epoch: 18, iter:  14,360, lr:(1.490e-04,)][eta: 0:26:42, time (data): 0.612 (0.047)]l_bij: 2.8605e+01 l_orth: 7.3285e+01 l_diff: 2.2336e+02 l_align: 8.0388e+01 l_total: 4.0564e+02 
2026-05-22 00:47:27,541 INFO: [smal..][epoch: 18, iter:  14,380, lr:(1.490e-04,)][eta: 0:26:29, time (data): 0.602 (0.045)]l_bij: 6.9630e+01 l_orth: 8.7606e+01 l_diff: 2.2782e+02 l_align: 6.9279e+01 l_total: 4.5433e+02 
2026-05-22 00:47:37,871 INFO: [smal..][epoch: 18, iter:  14,400, lr:(1.490e-04,)][eta: 0:26:15, time (data): 0.589 (0.044)]l_bij: 9.6052e+01 l_orth: 1.0618e+02 l_diff: 2.4382e+02 l_align: 7.5844e+01 l_total: 5.2189e+02 
2026-05-22 00:47:49,892 INFO: [smal..][epoch: 18, iter:  14,420, lr:(1.490e-04,)][eta: 0:26:02, time (data): 0.591 (0.043)]l_bij: 9.0581e+01 l_orth: 9.9384e+01 l_diff: 2.3061e+02 l_align: 6.9558e+01 l_total: 4.9013e+02 
2026-05-22 00:48:03,635 INFO: [smal..][epoch: 18, iter:  14,440, lr:(1.490e-04,)][eta: 0:25:49, time (data): 0.602 (0.043)]l_bij: 8.8869e+01 l_orth: 9.9107e+01 l_diff: 2.3408e+02 l_align: 7.3778e+01 l_total: 4.9584e+02 
2026-05-22 00:48:15,670 INFO: [smal..][epoch: 18, iter:  14,460, lr:(1.490e-04,)][eta: 0:25:36, time (data): 0.602 (0.042)]l_bij: 6.8792e+01 l_orth: 8.8295e+01 l_diff: 2.2748e+02 l_align: 7.7723e+01 l_total: 4.6229e+02 
2026-05-22 00:48:28,108 INFO: [smal..][epoch: 18, iter:  14,480, lr:(1.490e-04,)][eta: 0:25:23, time (data): 0.739 (0.032)]l_bij: 6.7215e+01 l_orth: 8.7620e+01 l_diff: 2.2349e+02 l_align: 7.2083e+01 l_total: 4.5041e+02 
2026-05-22 00:48:37,726 INFO: [smal..][epoch: 18, iter:  14,500, lr:(1.490e-04,)][eta: 0:25:09, time (data): 0.555 (0.037)]l_bij: 8.1511e+01 l_orth: 9.6535e+01 l_diff: 2.3131e+02 l_align: 6.7595e+01 l_total: 4.7695e+02 
2026-05-22 00:48:49,054 INFO: [smal..][epoch: 18, iter:  14,520, lr:(1.490e-04,)][eta: 0:24:56, time (data): 0.559 (0.037)]l_bij: 8.8972e+01 l_orth: 1.0014e+02 l_diff: 2.3923e+02 l_align: 7.4438e+01 l_total: 5.0278e+02 
2026-05-22 00:49:01,045 INFO: [smal..][epoch: 18, iter:  14,540, lr:(1.490e-04,)][eta: 0:24:43, time (data): 0.571 (0.037)]l_bij: 5.6775e+01 l_orth: 8.8713e+01 l_diff: 2.3006e+02 l_align: 7.7053e+01 l_total: 4.5260e+02 
2026-05-22 00:49:13,186 INFO: [smal..][epoch: 18, iter:  14,560, lr:(1.490e-04,)][eta: 0:24:30, time (data): 0.579 (0.037)]l_bij: 9.2031e+01 l_orth: 1.0580e+02 l_diff: 2.3621e+02 l_align: 7.4288e+01 l_total: 5.0833e+02 
2026-05-22 00:49:23,737 INFO: [smal..][epoch: 18, iter:  14,580, lr:(1.490e-04,)][eta: 0:24:16, time (data): 0.570 (0.037)]l_bij: 1.0524e+02 l_orth: 1.1329e+02 l_diff: 2.5472e+02 l_align: 8.4044e+01 l_total: 5.5730e+02 
2026-05-22 00:49:36,621 INFO: [smal..][epoch: 18, iter:  14,600, lr:(1.490e-04,)][eta: 0:24:03, time (data): 0.581 (0.037)]l_bij: 8.0727e+01 l_orth: 9.4459e+01 l_diff: 2.2449e+02 l_align: 7.1399e+01 l_total: 4.7107e+02 
2026-05-22 00:49:47,612 INFO: [smal..][epoch: 18, iter:  14,620, lr:(1.490e-04,)][eta: 0:23:50, time (data): 0.577 (0.037)]l_bij: 8.1158e+01 l_orth: 9.5271e+01 l_diff: 2.2802e+02 l_align: 7.0734e+01 l_total: 4.7518e+02 
2026-05-22 00:49:58,521 INFO: [smal..][epoch: 18, iter:  14,640, lr:(1.490e-04,)][eta: 0:23:37, time (data): 0.573 (0.038)]l_bij: 9.3027e+01 l_orth: 1.0468e+02 l_diff: 2.3617e+02 l_align: 7.6556e+01 l_total: 5.1043e+02 
2026-05-22 00:50:09,782 INFO: [smal..][epoch: 18, iter:  14,660, lr:(1.490e-04,)][eta: 0:23:23, time (data): 0.572 (0.037)]l_bij: 1.1309e+02 l_orth: 1.1935e+02 l_diff: 2.4450e+02 l_align: 8.6776e+01 l_total: 5.6372e+02 
2026-05-22 00:50:21,048 INFO: [smal..][epoch: 18, iter:  14,680, lr:(1.490e-04,)][eta: 0:23:10, time (data): 0.683 (0.038)]l_bij: 1.0310e+02 l_orth: 1.1022e+02 l_diff: 2.4397e+02 l_align: 7.7292e+01 l_total: 5.3458e+02 
2026-05-22 00:50:32,468 INFO: [smal..][epoch: 18, iter:  14,700, lr:(1.490e-04,)][eta: 0:22:57, time (data): 0.600 (0.036)]l_bij: 5.6425e+01 l_orth: 7.9174e+01 l_diff: 2.2420e+02 l_align: 6.6610e+01 l_total: 4.2641e+02 
2026-05-22 00:50:43,367 INFO: [smal..][epoch: 18, iter:  14,720, lr:(1.490e-04,)][eta: 0:22:44, time (data): 0.577 (0.038)]l_bij: 6.6701e+01 l_orth: 8.6832e+01 l_diff: 2.2746e+02 l_align: 7.1751e+01 l_total: 4.5274e+02 
2026-05-22 00:50:54,801 INFO: [smal..][epoch: 18, iter:  14,740, lr:(1.490e-04,)][eta: 0:22:30, time (data): 0.575 (0.037)]l_bij: 7.4672e+01 l_orth: 9.2039e+01 l_diff: 2.2781e+02 l_align: 6.9151e+01 l_total: 4.6367e+02 
2026-05-22 00:51:04,738 INFO: [smal..][epoch: 18, iter:  14,760, lr:(1.490e-04,)][eta: 0:22:17, time (data): 0.557 (0.037)]l_bij: 8.7210e+01 l_orth: 9.9303e+01 l_diff: 2.3019e+02 l_align: 7.6599e+01 l_total: 4.9330e+02 
2026-05-22 00:51:16,124 INFO: [smal..][epoch: 18, iter:  14,780, lr:(1.490e-04,)][eta: 0:22:04, time (data): 0.559 (0.038)]l_bij: 9.6451e+01 l_orth: 1.0743e+02 l_diff: 2.4080e+02 l_align: 8.4548e+01 l_total: 5.2924e+02 
2026-05-22 00:51:27,213 INFO: [smal..][epoch: 18, iter:  14,800, lr:(1.490e-04,)][eta: 0:21:50, time (data): 0.559 (0.038)]l_bij: 8.5062e+01 l_orth: 9.8516e+01 l_diff: 2.3445e+02 l_align: 7.4547e+01 l_total: 4.9257e+02 
2026-05-22 00:51:38,966 INFO: [smal..][epoch: 18, iter:  14,820, lr:(1.490e-04,)][eta: 0:21:37, time (data): 0.563 (0.037)]l_bij: 4.4194e+01 l_orth: 7.9502e+01 l_diff: 2.2522e+02 l_align: 7.8100e+01 l_total: 4.2702e+02 
2026-05-22 00:51:51,425 INFO: [smal..][epoch: 18, iter:  14,840, lr:(1.490e-04,)][eta: 0:21:24, time (data): 0.570 (0.037)]l_bij: 4.1364e+01 l_orth: 7.4967e+01 l_diff: 2.2351e+02 l_align: 7.6250e+01 l_total: 4.1609e+02 
2026-05-22 00:52:03,900 INFO: [smal..][epoch: 18, iter:  14,860, lr:(1.490e-04,)][eta: 0:21:11, time (data): 0.575 (0.037)]l_bij: 1.3318e+02 l_orth: 1.3714e+02 l_diff: 2.7059e+02 l_align: 9.9014e+01 l_total: 6.3992e+02 
2026-05-22 00:52:12,243 INFO: [smal..][epoch: 18, iter:  14,880, lr:(1.490e-04,)][eta: 0:20:58, time (data): 0.343 (0.037)]l_bij: 7.3255e+01 l_orth: 9.6730e+01 l_diff: 2.3384e+02 l_align: 7.9457e+01 l_total: 4.8329e+02 
2026-05-22 00:52:24,274 INFO: [smal..][epoch: 18, iter:  14,900, lr:(1.490e-04,)][eta: 0:20:44, time (data): 0.542 (0.040)]l_bij: 7.7347e+01 l_orth: 9.4823e+01 l_diff: 2.2921e+02 l_align: 7.1745e+01 l_total: 4.7312e+02 
2026-05-22 00:52:34,610 INFO: [smal..][epoch: 18, iter:  14,920, lr:(1.490e-04,)][eta: 0:20:31, time (data): 0.531 (0.038)]l_bij: 5.5408e+01 l_orth: 8.3815e+01 l_diff: 2.3058e+02 l_align: 7.3561e+01 l_total: 4.4336e+02 
2026-05-22 00:52:47,337 INFO: [smal..][epoch: 18, iter:  14,940, lr:(1.490e-04,)][eta: 0:20:18, time (data): 0.563 (0.038)]l_bij: 1.0227e+02 l_orth: 1.0987e+02 l_diff: 2.3919e+02 l_align: 7.8968e+01 l_total: 5.3029e+02 
2026-05-22 00:53:00,132 INFO: [smal..][epoch: 18, iter:  14,960, lr:(1.490e-04,)][eta: 0:20:05, time (data): 0.581 (0.037)]l_bij: 7.2733e+01 l_orth: 9.0803e+01 l_diff: 2.2656e+02 l_align: 7.2440e+01 l_total: 4.6253e+02 
2026-05-22 00:53:12,264 INFO: [smal..][epoch: 18, iter:  14,980, lr:(1.490e-04,)][eta: 0:19:52, time (data): 0.586 (0.037)]l_bij: 9.0355e+01 l_orth: 1.0347e+02 l_diff: 2.3530e+02 l_align: 7.2679e+01 l_total: 5.0181e+02 
2026-05-22 00:53:25,239 INFO: [smal..][epoch: 18, iter:  15,000, lr:(1.490e-04,)][eta: 0:19:39, time (data): 0.596 (0.037)]l_bij: 7.9839e+01 l_orth: 9.5356e+01 l_diff: 2.3085e+02 l_align: 7.2486e+01 l_total: 4.7854e+02 
2026-05-22 00:53:37,155 INFO: [smal..][epoch: 18, iter:  15,020, lr:(1.490e-04,)][eta: 0:19:26, time (data): 0.596 (0.037)]l_bij: 7.0590e+01 l_orth: 9.1420e+01 l_diff: 2.3096e+02 l_align: 7.6577e+01 l_total: 4.6955e+02 
2026-05-22 00:53:50,011 INFO: [smal..][epoch: 18, iter:  15,040, lr:(1.490e-04,)][eta: 0:19:13, time (data): 0.601 (0.037)]l_bij: 7.0586e+01 l_orth: 8.9552e+01 l_diff: 2.2314e+02 l_align: 6.7119e+01 l_total: 4.5040e+02 
2026-05-22 00:54:01,316 INFO: [smal..][epoch: 18, iter:  15,060, lr:(1.490e-04,)][eta: 0:19:00, time (data): 0.597 (0.037)]l_bij: 9.8587e+01 l_orth: 1.0750e+02 l_diff: 2.3634e+02 l_align: 7.7530e+01 l_total: 5.1995e+02 
2026-05-22 00:54:13,999 INFO: [smal..][epoch: 18, iter:  15,080, lr:(1.490e-04,)][eta: 0:18:47, time (data): 0.606 (0.036)]l_bij: 9.4355e+00 l_orth: 5.4122e+01 l_diff: 2.0677e+02 l_align: 7.6310e+01 l_total: 3.4664e+02 
2026-05-22 00:54:25,609 INFO: [smal..][epoch: 18, iter:  15,100, lr:(1.490e-04,)][eta: 0:18:34, time (data): 0.585 (0.036)]l_bij: 1.3245e+02 l_orth: 1.3740e+02 l_diff: 2.7053e+02 l_align: 1.0090e+02 l_total: 6.4128e+02 
2026-05-22 00:54:35,940 INFO: [smal..][epoch: 18, iter:  15,120, lr:(1.490e-04,)][eta: 0:18:21, time (data): 0.555 (0.037)]l_bij: 8.0304e+01 l_orth: 9.4488e+01 l_diff: 2.3116e+02 l_align: 6.8905e+01 l_total: 4.7485e+02 
2026-05-22 00:54:46,981 INFO: [smal..][epoch: 19, iter:  15,140, lr:(1.220e-04,)][eta: 0:18:07, time (data): 0.554 (0.052)]l_bij: 9.8385e+01 l_orth: 1.1155e+02 l_diff: 2.4419e+02 l_align: 8.3231e+01 l_total: 5.3736e+02 
2026-05-22 00:54:57,102 INFO: [smal..][epoch: 19, iter:  15,160, lr:(1.220e-04,)][eta: 0:17:54, time (data): 0.543 (0.048)]l_bij: 1.3120e+02 l_orth: 1.3074e+02 l_diff: 2.5279e+02 l_align: 8.7439e+01 l_total: 6.0217e+02 
2026-05-22 00:55:08,240 INFO: [smal..][epoch: 19, iter:  15,180, lr:(1.220e-04,)][eta: 0:17:41, time (data): 0.545 (0.046)]l_bij: 1.3413e+02 l_orth: 1.3770e+02 l_diff: 2.7069e+02 l_align: 9.5945e+01 l_total: 6.3847e+02 
2026-05-22 00:55:21,809 INFO: [smal..][epoch: 19, iter:  15,200, lr:(1.220e-04,)][eta: 0:17:28, time (data): 0.567 (0.044)]l_bij: 9.2489e+01 l_orth: 1.0628e+02 l_diff: 2.3715e+02 l_align: 8.1121e+01 l_total: 5.1704e+02 
2026-05-22 00:55:32,934 INFO: [smal..][epoch: 19, iter:  15,220, lr:(1.220e-04,)][eta: 0:17:15, time (data): 0.565 (0.043)]l_bij: 6.1219e+01 l_orth: 8.7504e+01 l_diff: 2.3474e+02 l_align: 7.4063e+01 l_total: 4.5752e+02 
2026-05-22 00:55:46,625 INFO: [smal..][epoch: 19, iter:  15,240, lr:(1.220e-04,)][eta: 0:17:02, time (data): 0.580 (0.043)]l_bij: 7.8232e+01 l_orth: 9.9925e+01 l_diff: 2.2939e+02 l_align: 7.4601e+01 l_total: 4.8215e+02 
2026-05-22 00:55:57,244 INFO: [smal..][epoch: 19, iter:  15,260, lr:(1.220e-04,)][eta: 0:16:49, time (data): 0.574 (0.042)]l_bij: 9.6418e+00 l_orth: 6.0267e+01 l_diff: 2.0890e+02 l_align: 8.0033e+01 l_total: 3.5884e+02 
2026-05-22 00:56:09,298 INFO: [smal..][epoch: 19, iter:  15,280, lr:(1.220e-04,)][eta: 0:16:36, time (data): 0.516 (0.039)]l_bij: 9.6017e+01 l_orth: 1.1059e+02 l_diff: 2.4100e+02 l_align: 7.7945e+01 l_total: 5.2555e+02 
2026-05-22 00:56:20,694 INFO: [smal..][epoch: 19, iter:  15,300, lr:(1.220e-04,)][eta: 0:16:23, time (data): 0.561 (0.035)]l_bij: 9.2585e+01 l_orth: 1.0540e+02 l_diff: 2.3797e+02 l_align: 7.8084e+01 l_total: 5.1404e+02 
2026-05-22 00:56:31,262 INFO: [smal..][epoch: 19, iter:  15,320, lr:(1.220e-04,)][eta: 0:16:10, time (data): 0.546 (0.036)]l_bij: 9.7319e+01 l_orth: 1.0734e+02 l_diff: 2.4062e+02 l_align: 7.8398e+01 l_total: 5.2368e+02 
2026-05-22 00:56:43,328 INFO: [smal..][epoch: 19, iter:  15,340, lr:(1.220e-04,)][eta: 0:15:56, time (data): 0.564 (0.037)]l_bij: 8.5943e+01 l_orth: 9.8772e+01 l_diff: 2.2699e+02 l_align: 7.2171e+01 l_total: 4.8388e+02 
2026-05-22 00:56:53,306 INFO: [smal..][epoch: 19, iter:  15,360, lr:(1.220e-04,)][eta: 0:15:43, time (data): 0.548 (0.038)]l_bij: 4.5085e+01 l_orth: 7.3662e+01 l_diff: 2.2394e+02 l_align: 6.9453e+01 l_total: 4.1214e+02 
2026-05-22 00:57:04,822 INFO: [smal..][epoch: 19, iter:  15,380, lr:(1.220e-04,)][eta: 0:15:30, time (data): 0.554 (0.039)]l_bij: 7.8023e+01 l_orth: 9.6842e+01 l_diff: 2.3382e+02 l_align: 7.5386e+01 l_total: 4.8407e+02 
2026-05-22 00:57:14,821 INFO: [smal..][epoch: 19, iter:  15,400, lr:(1.220e-04,)][eta: 0:15:17, time (data): 0.545 (0.039)]l_bij: 1.0019e+02 l_orth: 1.0935e+02 l_diff: 2.4116e+02 l_align: 7.3419e+01 l_total: 5.2412e+02 
2026-05-22 00:57:26,095 INFO: [smal..][epoch: 19, iter:  15,420, lr:(1.220e-04,)][eta: 0:15:04, time (data): 0.548 (0.039)]l_bij: 7.6550e+01 l_orth: 9.2974e+01 l_diff: 2.2739e+02 l_align: 7.0973e+01 l_total: 4.6789e+02 
2026-05-22 00:57:35,377 INFO: [smal..][epoch: 19, iter:  15,440, lr:(1.220e-04,)][eta: 0:14:51, time (data): 0.537 (0.039)]l_bij: 8.0042e+01 l_orth: 9.7891e+01 l_diff: 2.4078e+02 l_align: 7.2963e+01 l_total: 4.9168e+02 
2026-05-22 00:57:46,879 INFO: [smal..][epoch: 19, iter:  15,460, lr:(1.220e-04,)][eta: 0:14:38, time (data): 0.541 (0.039)]l_bij: 1.2342e+02 l_orth: 1.2866e+02 l_diff: 2.6958e+02 l_align: 9.8295e+01 l_total: 6.1995e+02 
2026-05-22 00:57:59,122 INFO: [smal..][epoch: 19, iter:  15,480, lr:(1.220e-04,)][eta: 0:14:25, time (data): 0.522 (0.037)]l_bij: 1.0594e+02 l_orth: 1.1714e+02 l_diff: 2.4683e+02 l_align: 8.1708e+01 l_total: 5.5162e+02 
2026-05-22 00:58:09,302 INFO: [smal..][epoch: 19, iter:  15,500, lr:(1.220e-04,)][eta: 0:14:11, time (data): 0.511 (0.038)]l_bij: 8.6214e+01 l_orth: 9.6801e+01 l_diff: 2.3201e+02 l_align: 7.3445e+01 l_total: 4.8847e+02 
2026-05-22 00:58:19,657 INFO: [smal..][epoch: 19, iter:  15,520, lr:(1.220e-04,)][eta: 0:13:58, time (data): 0.514 (0.039)]l_bij: 7.1239e+01 l_orth: 9.0009e+01 l_diff: 2.2709e+02 l_align: 6.8115e+01 l_total: 4.5645e+02 
2026-05-22 00:58:29,312 INFO: [smal..][epoch: 19, iter:  15,540, lr:(1.220e-04,)][eta: 0:13:45, time (data): 0.504 (0.039)]l_bij: 8.5039e+01 l_orth: 9.7242e+01 l_diff: 2.3140e+02 l_align: 7.1068e+01 l_total: 4.8475e+02 
2026-05-22 00:58:39,733 INFO: [smal..][epoch: 19, iter:  15,560, lr:(1.220e-04,)][eta: 0:13:32, time (data): 0.508 (0.039)]l_bij: 8.8231e+01 l_orth: 1.0198e+02 l_diff: 2.3241e+02 l_align: 7.7679e+01 l_total: 5.0030e+02 
2026-05-22 00:58:49,623 INFO: [smal..][epoch: 19, iter:  15,580, lr:(1.220e-04,)][eta: 0:13:19, time (data): 0.505 (0.040)]l_bij: 6.9285e+01 l_orth: 8.8022e+01 l_diff: 2.2688e+02 l_align: 6.6909e+01 l_total: 4.5109e+02 
2026-05-22 00:59:00,767 INFO: [smal..][epoch: 19, iter:  15,600, lr:(1.220e-04,)][eta: 0:13:06, time (data): 0.514 (0.039)]l_bij: 9.8070e+01 l_orth: 1.0746e+02 l_diff: 2.3666e+02 l_align: 7.8376e+01 l_total: 5.2057e+02 
2026-05-22 00:59:12,849 INFO: [smal..][epoch: 19, iter:  15,620, lr:(1.220e-04,)][eta: 0:12:53, time (data): 0.526 (0.039)]l_bij: 8.8116e+01 l_orth: 1.0042e+02 l_diff: 2.3112e+02 l_align: 7.5903e+01 l_total: 4.9556e+02 
2026-05-22 00:59:22,172 INFO: [smal..][epoch: 19, iter:  15,640, lr:(1.220e-04,)][eta: 0:12:40, time (data): 0.519 (0.039)]l_bij: 8.3913e+01 l_orth: 9.4665e+01 l_diff: 2.2983e+02 l_align: 6.9164e+01 l_total: 4.7757e+02 
2026-05-22 00:59:33,910 INFO: [smal..][epoch: 19, iter:  15,660, lr:(1.220e-04,)][eta: 0:12:27, time (data): 0.526 (0.039)]l_bij: 9.9899e+01 l_orth: 1.0810e+02 l_diff: 2.4001e+02 l_align: 7.8544e+01 l_total: 5.2655e+02 
2026-05-22 00:59:44,907 INFO: [smal..][epoch: 19, iter:  15,680, lr:(1.220e-04,)][eta: 0:12:14, time (data): 0.593 (0.040)]l_bij: 9.4844e+01 l_orth: 1.0433e+02 l_diff: 2.4316e+02 l_align: 7.7577e+01 l_total: 5.1991e+02 
2026-05-22 00:59:55,090 INFO: [smal..][epoch: 19, iter:  15,700, lr:(1.220e-04,)][eta: 0:12:01, time (data): 0.517 (0.039)]l_bij: 8.3298e+01 l_orth: 9.8311e+01 l_diff: 2.3856e+02 l_align: 7.8181e+01 l_total: 4.9835e+02 
2026-05-22 01:00:06,405 INFO: [smal..][epoch: 19, iter:  15,720, lr:(1.220e-04,)][eta: 0:11:48, time (data): 0.540 (0.039)]l_bij: 7.1240e+01 l_orth: 9.0807e+01 l_diff: 2.2667e+02 l_align: 6.9962e+01 l_total: 4.5868e+02 
2026-05-22 01:00:16,669 INFO: [smal..][epoch: 19, iter:  15,740, lr:(1.220e-04,)][eta: 0:11:35, time (data): 0.531 (0.038)]l_bij: 8.0329e+01 l_orth: 9.5725e+01 l_diff: 2.3191e+02 l_align: 7.7725e+01 l_total: 4.8569e+02 
2026-05-22 01:00:28,915 INFO: [smal..][epoch: 19, iter:  15,760, lr:(1.220e-04,)][eta: 0:11:22, time (data): 0.551 (0.039)]l_bij: 4.1859e+01 l_orth: 7.0419e+01 l_diff: 2.2258e+02 l_align: 6.8635e+01 l_total: 4.0349e+02 
2026-05-22 01:00:41,059 INFO: [smal..][epoch: 19, iter:  15,780, lr:(1.220e-04,)][eta: 0:11:09, time (data): 0.562 (0.039)]l_bij: 1.0739e+02 l_orth: 1.1356e+02 l_diff: 2.4071e+02 l_align: 8.8325e+01 l_total: 5.4999e+02 
2026-05-22 01:00:51,986 INFO: [smal..][epoch: 19, iter:  15,800, lr:(1.220e-04,)][eta: 0:10:56, time (data): 0.559 (0.038)]l_bij: 5.1243e+01 l_orth: 8.1516e+01 l_diff: 2.2538e+02 l_align: 7.4773e+01 l_total: 4.3291e+02 
2026-05-22 01:01:02,835 INFO: [smal..][epoch: 19, iter:  15,820, lr:(1.220e-04,)][eta: 0:10:43, time (data): 0.557 (0.039)]l_bij: 8.2580e+01 l_orth: 9.6748e+01 l_diff: 2.3488e+02 l_align: 7.2726e+01 l_total: 4.8693e+02 
2026-05-22 01:01:11,352 INFO: [smal..][epoch: 19, iter:  15,840, lr:(1.220e-04,)][eta: 0:10:30, time (data): 0.541 (0.039)]l_bij: 1.1154e+02 l_orth: 1.1780e+02 l_diff: 2.5134e+02 l_align: 8.0945e+01 l_total: 5.6162e+02 
2026-05-22 01:01:21,152 INFO: [smal..][epoch: 19, iter:  15,860, lr:(1.220e-04,)][eta: 0:10:16, time (data): 0.535 (0.039)]l_bij: 8.5233e+01 l_orth: 1.0005e+02 l_diff: 2.3995e+02 l_align: 7.7859e+01 l_total: 5.0309e+02 
2026-05-22 01:01:32,965 INFO: [smal..][epoch: 19, iter:  15,880, lr:(1.220e-04,)][eta: 0:10:04, time (data): 0.686 (0.028)]l_bij: 7.9468e+01 l_orth: 9.8808e+01 l_diff: 2.3117e+02 l_align: 7.5691e+01 l_total: 4.8514e+02 
2026-05-22 01:01:43,606 INFO: [smal..][epoch: 19, iter:  15,900, lr:(1.220e-04,)][eta: 0:09:51, time (data): 0.539 (0.037)]l_bij: 4.1116e+01 l_orth: 7.7344e+01 l_diff: 2.2369e+02 l_align: 7.4825e+01 l_total: 4.1698e+02 
2026-05-22 01:01:54,633 INFO: [smal..][epoch: 19, iter:  15,920, lr:(1.220e-04,)][eta: 0:09:38, time (data): 0.545 (0.037)]l_bij: 9.1454e+01 l_orth: 1.0175e+02 l_diff: 2.3422e+02 l_align: 7.0054e+01 l_total: 4.9747e+02 
2026-05-22 01:02:05,528 INFO: [smal..][epoch: 19, iter:  15,940, lr:(1.220e-04,)][eta: 0:09:25, time (data): 0.545 (0.037)]l_bij: 1.0746e+02 l_orth: 1.1266e+02 l_diff: 2.4808e+02 l_align: 8.3215e+01 l_total: 5.5141e+02 
2026-05-22 01:02:16,358 INFO: [smal..][epoch: 19, iter:  15,960, lr:(1.220e-04,)][eta: 0:09:12, time (data): 0.544 (0.037)]l_bij: 1.3315e+01 l_orth: 6.5944e+01 l_diff: 2.1304e+02 l_align: 8.3583e+01 l_total: 3.7589e+02 
2026-05-22 01:02:26,512 INFO: [smal..][epoch: 20, iter:  15,980, lr:(1.055e-04,)][eta: 0:08:59, time (data): 0.537 (0.046)]l_bij: 8.3313e+01 l_orth: 9.4999e+01 l_diff: 2.2601e+02 l_align: 6.7148e+01 l_total: 4.7147e+02 
2026-05-22 01:02:36,704 INFO: [smal..][epoch: 20, iter:  16,000, lr:(1.055e-04,)][eta: 0:08:46, time (data): 0.532 (0.045)]l_bij: 1.2836e+02 l_orth: 1.3129e+02 l_diff: 2.6021e+02 l_align: 9.2521e+01 l_total: 6.1239e+02 
2026-05-22 01:02:36,705 INFO: Saving models and training states.
2026-05-22 01:02:36,719 INFO: Start validation.
2026-05-22 01:07:20,375 INFO: Avg time: 0.4654
2026-05-22 01:07:20,520 INFO: Val auc: 0.6338
2026-05-22 01:07:20,525 INFO: Val avg error: 0.0741
2026-05-22 01:07:31,278 INFO: [smal..][epoch: 20, iter:  16,020, lr:(1.055e-04,)][eta: 0:08:47, time (data): 0.532 (0.043)]l_bij: 1.1632e+02 l_orth: 1.2470e+02 l_diff: 2.5615e+02 l_align: 8.3405e+01 l_total: 5.8058e+02 
2026-05-22 01:07:41,411 INFO: [smal..][epoch: 20, iter:  16,040, lr:(1.055e-04,)][eta: 0:08:34, time (data): 0.529 (0.043)]l_bij: 5.5421e+01 l_orth: 8.0346e+01 l_diff: 2.2705e+02 l_align: 6.8957e+01 l_total: 4.3178e+02 
2026-05-22 01:07:51,363 INFO: [smal..][epoch: 20, iter:  16,060, lr:(1.055e-04,)][eta: 0:08:20, time (data): 0.526 (0.042)]l_bij: 9.9273e+01 l_orth: 1.0789e+02 l_diff: 2.3729e+02 l_align: 7.6815e+01 l_total: 5.2128e+02 
2026-05-22 01:08:01,506 INFO: [smal..][epoch: 20, iter:  16,080, lr:(1.055e-04,)][eta: 0:08:07, time (data): 0.524 (0.041)]l_bij: 9.1263e+01 l_orth: 1.0695e+02 l_diff: 2.4077e+02 l_align: 7.7800e+01 l_total: 5.1678e+02 
2026-05-22 01:08:10,011 INFO: [smal..][epoch: 20, iter:  16,100, lr:(1.055e-04,)][eta: 0:07:53, time (data): 0.425 (0.035)]l_bij: 5.6828e+01 l_orth: 8.1252e+01 l_diff: 2.2187e+02 l_align: 7.3164e+01 l_total: 4.3311e+02 
2026-05-22 01:08:20,080 INFO: [smal..][epoch: 20, iter:  16,120, lr:(1.055e-04,)][eta: 0:07:40, time (data): 0.464 (0.035)]l_bij: 1.1764e+02 l_orth: 1.2321e+02 l_diff: 2.5407e+02 l_align: 8.4852e+01 l_total: 5.7977e+02 
2026-05-22 01:08:30,537 INFO: [smal..][epoch: 20, iter:  16,140, lr:(1.055e-04,)][eta: 0:07:27, time (data): 0.484 (0.037)]l_bij: 1.3312e+02 l_orth: 1.3887e+02 l_diff: 2.7253e+02 l_align: 1.0171e+02 l_total: 6.4623e+02 
2026-05-22 01:08:40,812 INFO: [smal..][epoch: 20, iter:  16,160, lr:(1.055e-04,)][eta: 0:07:14, time (data): 0.491 (0.037)]l_bij: 1.0252e+02 l_orth: 1.1325e+02 l_diff: 2.4765e+02 l_align: 8.4215e+01 l_total: 5.4763e+02 
2026-05-22 01:08:49,846 INFO: [smal..][epoch: 20, iter:  16,180, lr:(1.055e-04,)][eta: 0:07:00, time (data): 0.483 (0.038)]l_bij: 1.0229e+02 l_orth: 1.0977e+02 l_diff: 2.3881e+02 l_align: 7.9170e+01 l_total: 5.3004e+02 
2026-05-22 01:08:59,653 INFO: [smal..][epoch: 20, iter:  16,200, lr:(1.055e-04,)][eta: 0:06:47, time (data): 0.484 (0.038)]l_bij: 1.0101e+02 l_orth: 1.1202e+02 l_diff: 2.4324e+02 l_align: 8.5082e+01 l_total: 5.4136e+02 
2026-05-22 01:09:10,000 INFO: [smal..][epoch: 20, iter:  16,220, lr:(1.055e-04,)][eta: 0:06:34, time (data): 0.489 (0.038)]l_bij: 9.7891e+01 l_orth: 1.0598e+02 l_diff: 2.4145e+02 l_align: 7.6934e+01 l_total: 5.2226e+02 
2026-05-22 01:09:22,046 INFO: [smal..][epoch: 20, iter:  16,240, lr:(1.055e-04,)][eta: 0:06:20, time (data): 0.503 (0.038)]l_bij: 1.0733e+02 l_orth: 1.1446e+02 l_diff: 2.4534e+02 l_align: 8.2426e+01 l_total: 5.4956e+02 
2026-05-22 01:09:31,075 INFO: [smal..][epoch: 20, iter:  16,260, lr:(1.055e-04,)][eta: 0:06:07, time (data): 0.497 (0.038)]l_bij: 8.6062e+01 l_orth: 9.8549e+01 l_diff: 2.3540e+02 l_align: 7.4098e+01 l_total: 4.9411e+02 
2026-05-22 01:09:41,287 INFO: [smal..][epoch: 20, iter:  16,280, lr:(1.055e-04,)][eta: 0:05:54, time (data): 0.499 (0.037)]l_bij: 8.9919e+01 l_orth: 1.0280e+02 l_diff: 2.3634e+02 l_align: 7.4314e+01 l_total: 5.0338e+02 
2026-05-22 01:09:51,896 INFO: [smal..][epoch: 20, iter:  16,300, lr:(1.055e-04,)][eta: 0:05:41, time (data): 0.522 (0.040)]l_bij: 6.8500e+01 l_orth: 9.2634e+01 l_diff: 2.3249e+02 l_align: 7.4445e+01 l_total: 4.6807e+02 
2026-05-22 01:10:01,456 INFO: [smal..][epoch: 20, iter:  16,320, lr:(1.055e-04,)][eta: 0:05:27, time (data): 0.499 (0.040)]l_bij: 7.1567e+01 l_orth: 8.9855e+01 l_diff: 2.2554e+02 l_align: 7.0424e+01 l_total: 4.5739e+02 
2026-05-22 01:10:11,532 INFO: [smal..][epoch: 20, iter:  16,340, lr:(1.055e-04,)][eta: 0:05:14, time (data): 0.501 (0.038)]l_bij: 7.9558e+01 l_orth: 9.5313e+01 l_diff: 2.3177e+02 l_align: 7.2311e+01 l_total: 4.7895e+02 
2026-05-22 01:10:21,695 INFO: [smal..][epoch: 20, iter:  16,360, lr:(1.055e-04,)][eta: 0:05:01, time (data): 0.503 (0.037)]l_bij: 1.0368e+02 l_orth: 1.1167e+02 l_diff: 2.4585e+02 l_align: 7.8767e+01 l_total: 5.3996e+02 
2026-05-22 01:10:33,828 INFO: [smal..][epoch: 20, iter:  16,380, lr:(1.055e-04,)][eta: 0:04:48, time (data): 0.524 (0.037)]l_bij: 8.8257e+01 l_orth: 1.0345e+02 l_diff: 2.3034e+02 l_align: 7.5946e+01 l_total: 4.9799e+02 
2026-05-22 01:10:44,639 INFO: [smal..][epoch: 20, iter:  16,400, lr:(1.055e-04,)][eta: 0:04:35, time (data): 0.527 (0.037)]l_bij: 9.9053e+01 l_orth: 1.0613e+02 l_diff: 2.3756e+02 l_align: 7.0089e+01 l_total: 5.1282e+02 
2026-05-22 01:10:53,598 INFO: [smal..][epoch: 20, iter:  16,420, lr:(1.055e-04,)][eta: 0:04:21, time (data): 0.515 (0.037)]l_bij: 9.6147e+01 l_orth: 1.0628e+02 l_diff: 2.3587e+02 l_align: 7.8882e+01 l_total: 5.1718e+02 
2026-05-22 01:11:03,691 INFO: [smal..][epoch: 20, iter:  16,440, lr:(1.055e-04,)][eta: 0:04:08, time (data): 0.514 (0.037)]l_bij: 1.1781e+02 l_orth: 1.2902e+02 l_diff: 2.5458e+02 l_align: 9.0990e+01 l_total: 5.9240e+02 
2026-05-22 01:11:12,682 INFO: [smal..][epoch: 20, iter:  16,460, lr:(1.055e-04,)][eta: 0:03:55, time (data): 0.507 (0.037)]l_bij: 6.2042e+01 l_orth: 8.3448e+01 l_diff: 2.2594e+02 l_align: 7.0184e+01 l_total: 4.4161e+02 
2026-05-22 01:11:25,491 INFO: [smal..][epoch: 20, iter:  16,480, lr:(1.055e-04,)][eta: 0:03:42, time (data): 0.520 (0.037)]l_bij: 9.9871e+01 l_orth: 1.0986e+02 l_diff: 2.4684e+02 l_align: 7.6521e+01 l_total: 5.3309e+02 
2026-05-22 01:11:36,166 INFO: [smal..][epoch: 20, iter:  16,500, lr:(1.055e-04,)][eta: 0:03:29, time (data): 0.528 (0.040)]l_bij: 7.5985e+01 l_orth: 9.3677e+01 l_diff: 2.3413e+02 l_align: 7.4003e+01 l_total: 4.7780e+02 
2026-05-22 01:11:48,182 INFO: [smal..][epoch: 20, iter:  16,520, lr:(1.055e-04,)][eta: 0:03:16, time (data): 0.566 (0.040)]l_bij: 1.2185e+02 l_orth: 1.3177e+02 l_diff: 2.6725e+02 l_align: 9.8786e+01 l_total: 6.1965e+02 
2026-05-22 01:11:58,468 INFO: [smal..][epoch: 20, iter:  16,540, lr:(1.055e-04,)][eta: 0:03:02, time (data): 0.548 (0.039)]l_bij: 1.2636e+02 l_orth: 1.3143e+02 l_diff: 2.6595e+02 l_align: 9.7941e+01 l_total: 6.2169e+02 
2026-05-22 01:12:09,245 INFO: [smal..][epoch: 20, iter:  16,560, lr:(1.055e-04,)][eta: 0:02:49, time (data): 0.546 (0.038)]l_bij: 9.8351e+01 l_orth: 1.0594e+02 l_diff: 2.4140e+02 l_align: 7.3713e+01 l_total: 5.1941e+02 
2026-05-22 01:12:20,169 INFO: [smal..][epoch: 20, iter:  16,580, lr:(1.055e-04,)][eta: 0:02:36, time (data): 0.546 (0.038)]l_bij: 8.8488e+01 l_orth: 9.9557e+01 l_diff: 2.3977e+02 l_align: 7.2626e+01 l_total: 5.0044e+02 
2026-05-22 01:12:29,258 INFO: [smal..][epoch: 20, iter:  16,600, lr:(1.055e-04,)][eta: 0:02:23, time (data): 0.530 (0.038)]l_bij: 7.7055e+01 l_orth: 9.4086e+01 l_diff: 2.3291e+02 l_align: 7.6253e+01 l_total: 4.8030e+02 
2026-05-22 01:12:37,746 INFO: [smal..][epoch: 20, iter:  16,620, lr:(1.055e-04,)][eta: 0:02:10, time (data): 0.515 (0.039)]l_bij: 5.3388e+01 l_orth: 7.9931e+01 l_diff: 2.2376e+02 l_align: 7.9585e+01 l_total: 4.3666e+02 
2026-05-22 01:12:46,477 INFO: [smal..][epoch: 20, iter:  16,640, lr:(1.055e-04,)][eta: 0:01:57, time (data): 0.505 (0.038)]l_bij: 9.2635e+01 l_orth: 1.0271e+02 l_diff: 2.3336e+02 l_align: 7.1745e+01 l_total: 5.0045e+02 
2026-05-22 01:12:55,552 INFO: [smal..][epoch: 20, iter:  16,660, lr:(1.055e-04,)][eta: 0:01:44, time (data): 0.499 (0.039)]l_bij: 1.1278e+02 l_orth: 1.1590e+02 l_diff: 2.4545e+02 l_align: 7.6873e+01 l_total: 5.5100e+02 
2026-05-22 01:13:05,635 INFO: [smal..][epoch: 20, iter:  16,680, lr:(1.055e-04,)][eta: 0:01:30, time (data): 0.500 (0.038)]l_bij: 1.0288e+02 l_orth: 1.1234e+02 l_diff: 2.4291e+02 l_align: 8.0204e+01 l_total: 5.3833e+02 
2026-05-22 01:13:14,649 INFO: [smal..][epoch: 20, iter:  16,700, lr:(1.055e-04,)][eta: 0:01:17, time (data): 0.463 (0.038)]l_bij: 1.0068e+02 l_orth: 1.0774e+02 l_diff: 2.3587e+02 l_align: 7.9444e+01 l_total: 5.2374e+02 
2026-05-22 01:13:25,362 INFO: [smal..][epoch: 20, iter:  16,720, lr:(1.055e-04,)][eta: 0:01:04, time (data): 0.502 (0.038)]l_bij: 1.1221e+02 l_orth: 1.1776e+02 l_diff: 2.5032e+02 l_align: 8.7911e+01 l_total: 5.6821e+02 
2026-05-22 01:13:36,455 INFO: [smal..][epoch: 20, iter:  16,740, lr:(1.055e-04,)][eta: 0:00:51, time (data): 0.520 (0.037)]l_bij: 1.3462e+02 l_orth: 1.3814e+02 l_diff: 2.7137e+02 l_align: 9.7512e+01 l_total: 6.4165e+02 
2026-05-22 01:13:47,202 INFO: [smal..][epoch: 20, iter:  16,760, lr:(1.055e-04,)][eta: 0:00:38, time (data): 0.525 (0.037)]l_bij: 9.1962e+01 l_orth: 1.0454e+02 l_diff: 2.3763e+02 l_align: 8.0785e+01 l_total: 5.1492e+02 
2026-05-22 01:13:58,605 INFO: [smal..][epoch: 20, iter:  16,780, lr:(1.055e-04,)][eta: 0:00:25, time (data): 0.534 (0.038)]l_bij: 6.9279e+01 l_orth: 9.0966e+01 l_diff: 2.2504e+02 l_align: 7.7626e+01 l_total: 4.6292e+02 
2026-05-22 01:14:08,489 INFO: [smal..][epoch: 20, iter:  16,800, lr:(1.055e-04,)][eta: 0:00:12, time (data): 0.527 (0.037)]l_bij: 1.0568e+02 l_orth: 1.1359e+02 l_diff: 2.5143e+02 l_align: 8.2820e+01 l_total: 5.5352e+02 
2026-05-22 01:14:19,617 INFO: [smal..][epoch: 20, iter:  16,820, lr:(1.055e-04,)][eta: 0:00:00, time (data): 0.532 (0.037)]l_bij: 9.8811e+01 l_orth: 1.0867e+02 l_diff: 2.4443e+02 l_align: 7.8323e+01 l_total: 5.3024e+02 
2026-05-22 01:14:19,702 INFO: End of training. Time consumed: 3:03:08
2026-05-22 01:14:19,702 INFO: Last Validation.
2026-05-22 01:18:47,500 INFO: Avg time: 0.4763
2026-05-22 01:18:47,669 INFO: Val auc: 0.6348
2026-05-22 01:18:47,669 INFO: Val avg error: 0.0736
2026-05-22 01:18:47,768 INFO: Save the best model.
