2026-05-22 11:14:07,981 INFO: 
Version Information: 
	Python: 3.8.13
	PyTorch: 2.0.1+cu118
	TorchVision: 0.15.2+cu118
2026-05-22 11:14:07,981 INFO: 
  name: topkids
  backend: dp
  type: FMNetModel
  num_gpu: 1
  manual_seed: 1234
  non-isometric: False
  partial: False
  path:[
    resume_state: None
    experiments_root: /data/ytw/Methods/Learning_based/Sync_Diff_Reproduce/experiments/topkids
    models: /data/ytw/Methods/Learning_based/Sync_Diff_Reproduce/experiments/topkids/models
    log: /data/ytw/Methods/Learning_based/Sync_Diff_Reproduce/experiments/topkids/log
  ]
  datasets:[
    train_dataset:[
      name: Train
      type: PairTopKidsDataset
      phase: train
      data_root: /data/ytw/datasets/TOPKIDS/
      return_evecs: True
      return_faces: True
      num_evecs: 200
      return_dist: False
    ]
    test_dataset:[
      name: Test
      type: PairTopKidsDataset
      phase: test
      data_root: /data/ytw/datasets/TOPKIDS/
      return_evecs: True
      return_faces: True
      num_evecs: 200
      return_dist: True
    ]
    batch_size: 1
    num_worker: 16
  ]
  networks:[
    feature_extractor:[
      type: DiffusionNet
      in_channels: 128
      out_channels: 256
      cache_dir: /data/ytw/datasets/TOPKIDS/diffusion
      input_type: wks
    ]
    fmap_net:[
      type: FasterRegularizedFMNet
      bidirectional: True
    ]
    permutation:[
      type: Similarity
      tau: 0.07
    ]
  ]
  train:[
    total_epochs: 100
    optims:[
      feature_extractor:[
        type: Adam
        lr: 0.001
      ]
    ]
    schedulers:[
      feature_extractor:[
        type: CosineAnnealingLR
        eta_min: 0.0001
        T_max: 100
      ]
    ]
    losses:[
      surfmnet_loss:[
        type: SURFMNetLoss
        w_bij: 1.0
        w_orth: 1.0
        w_lap: 0.0
      ]
      align_loss:[
        type: SquaredFrobeniusLoss
        loss_weight: 1.0
      ]
      diffusion_loss:[
        type: SynchronousDiffusionLoss
        loss_weight: 1.0
        num_random: 128
        max_time: 0.01
      ]
    ]
  ]
  val:[
    val_freq: 4000
    metrics:[
      geo_error:[
        type: calculate_geodesic_error
      ]
      plot_pck:[
        type: plot_pck
      ]
    ]
  ]
  logger:[
    print_freq: 20
    save_checkpoint_freq: 4000
  ]
  is_train: True
  dist: False
  rank: 0
  world_size: 1
  root_path: /data/ytw/Methods/Learning_based/Sync_Diff_Reproduce

2026-05-22 11:14:08,044 INFO: Dataset [PairTopKidsDataset]-[Train] is built.
2026-05-22 11:14:08,045 INFO: Dataset [PairTopKidsDataset]-[Test] is built.
2026-05-22 11:14:08,045 INFO: Training statistics:
	Number of train images: 676
	Dataset enlarge ratio: 1
	Batch size: 1
	World size (gpu number): 1
	Require iter number per epoch: 676
	Total epochs: 100; iters: 67600.
2026-05-22 11:14:08,045 INFO: Validation statistics:
	Number of val images: 25
2026-05-22 11:14:08,051 INFO: Network [DiffusionNet] is created.
2026-05-22 11:14:08,051 INFO: Network [FasterRegularizedFMNet] is created.
2026-05-22 11:14:08,051 INFO: Network [Similarity] is created.
2026-05-22 11:14:08,158 INFO: Network: DiffusionNet, with parameters: 510,336
2026-05-22 11:14:08,159 INFO: Network: FasterRegularizedFMNet, with parameters: 0
2026-05-22 11:14:08,159 INFO: Network: Similarity, with parameters: 0
2026-05-22 11:14:08,159 INFO: Metric [function] is created.
2026-05-22 11:14:08,159 INFO: Metric [function] is created.
2026-05-22 11:14:08,159 INFO: Network fmap_net has no param to optimize. Ignore it.
2026-05-22 11:14:08,159 INFO: Network permutation has no param to optimize. Ignore it.
2026-05-22 11:14:08,159 INFO: Loss [SURFMNetLoss] is created.
2026-05-22 11:14:08,159 INFO: Loss [SquaredFrobeniusLoss] is created.
2026-05-22 11:14:08,159 INFO: Loss [SynchronousDiffusionLoss] is created.
2026-05-22 11:14:08,162 INFO: Model [FMNetModel] is created.
2026-05-22 11:14:08,162 INFO: Start training from epoch: 0, iter: 0
2026-05-22 11:14:18,963 INFO: [topki..][epoch:  1, iter:      20, lr:(1.000e-03,)][eta: 7:30:01, time (data): 0.540 (0.196)]l_bij: 2.8595e+02 l_orth: 2.7352e+02 l_diff: 4.4754e+01 l_align: 9.8411e+01 l_total: 7.0264e+02 
2026-05-22 11:14:27,337 INFO: [topki..][epoch:  1, iter:      40, lr:(1.000e-03,)][eta: 7:40:25, time (data): 0.479 (0.149)]l_bij: 2.7225e+02 l_orth: 2.5741e+02 l_diff: 5.1927e+01 l_align: 1.1568e+02 l_total: 6.9727e+02 
2026-05-22 11:14:35,885 INFO: [topki..][epoch:  1, iter:      60, lr:(1.000e-03,)][eta: 7:47:06, time (data): 0.462 (0.135)]l_bij: 2.6520e+02 l_orth: 2.4519e+02 l_diff: 5.1325e+01 l_align: 1.1066e+02 l_total: 6.7237e+02 
2026-05-22 11:14:43,684 INFO: [topki..][epoch:  1, iter:      80, lr:(1.000e-03,)][eta: 7:40:01, time (data): 0.444 (0.126)]l_bij: 2.6812e+02 l_orth: 2.5780e+02 l_diff: 4.2855e+01 l_align: 1.3020e+02 l_total: 6.9897e+02 
2026-05-22 11:14:52,366 INFO: [topki..][epoch:  1, iter:     100, lr:(1.000e-03,)][eta: 7:45:31, time (data): 0.442 (0.122)]l_bij: 2.6543e+02 l_orth: 2.5493e+02 l_diff: 4.6434e+01 l_align: 1.2630e+02 l_total: 6.9309e+02 
2026-05-22 11:15:03,016 INFO: [topki..][epoch:  1, iter:     120, lr:(1.000e-03,)][eta: 8:07:26, time (data): 0.457 (0.124)]l_bij: 2.5143e+02 l_orth: 2.3412e+02 l_diff: 4.5478e+01 l_align: 1.3289e+02 l_total: 6.6392e+02 
2026-05-22 11:15:14,103 INFO: [topki..][epoch:  1, iter:     140, lr:(1.000e-03,)][eta: 8:26:35, time (data): 0.471 (0.126)]l_bij: 2.6380e+02 l_orth: 2.4268e+02 l_diff: 4.7592e+01 l_align: 1.2088e+02 l_total: 6.7495e+02 
2026-05-22 11:15:24,935 INFO: [topki..][epoch:  1, iter:     160, lr:(1.000e-03,)][eta: 8:39:09, time (data): 0.480 (0.126)]l_bij: 2.4800e+02 l_orth: 2.3073e+02 l_diff: 5.8565e+01 l_align: 1.3802e+02 l_total: 6.7532e+02 
2026-05-22 11:15:35,006 INFO: [topki..][epoch:  1, iter:     180, lr:(1.000e-03,)][eta: 8:44:09, time (data): 0.482 (0.126)]l_bij: 2.4760e+02 l_orth: 2.2842e+02 l_diff: 5.3626e+01 l_align: 1.3126e+02 l_total: 6.6091e+02 
2026-05-22 11:15:45,952 INFO: [topki..][epoch:  1, iter:     200, lr:(1.000e-03,)][eta: 8:53:02, time (data): 0.489 (0.127)]l_bij: 2.6251e+02 l_orth: 2.4710e+02 l_diff: 4.9012e+01 l_align: 1.3470e+02 l_total: 6.9332e+02 
2026-05-22 11:15:56,474 INFO: [topki..][epoch:  1, iter:     220, lr:(1.000e-03,)][eta: 8:58:07, time (data): 0.517 (0.126)]l_bij: 2.5669e+02 l_orth: 2.3863e+02 l_diff: 4.7094e+01 l_align: 1.3104e+02 l_total: 6.7345e+02 
2026-05-22 11:16:06,820 INFO: [topki..][epoch:  1, iter:     240, lr:(1.000e-03,)][eta: 9:01:30, time (data): 0.517 (0.127)]l_bij: 2.4468e+02 l_orth: 2.2972e+02 l_diff: 4.2517e+01 l_align: 1.3524e+02 l_total: 6.5216e+02 
2026-05-22 11:16:17,239 INFO: [topki..][epoch:  1, iter:     260, lr:(1.000e-03,)][eta: 9:04:40, time (data): 0.518 (0.128)]l_bij: 2.4078e+02 l_orth: 2.2465e+02 l_diff: 4.9165e+01 l_align: 1.3026e+02 l_total: 6.4485e+02 
2026-05-22 11:16:27,921 INFO: [topki..][epoch:  1, iter:     280, lr:(1.000e-03,)][eta: 9:08:24, time (data): 0.522 (0.131)]l_bij: 2.5891e+02 l_orth: 2.3680e+02 l_diff: 5.3322e+01 l_align: 1.2561e+02 l_total: 6.7464e+02 
2026-05-22 11:16:38,714 INFO: [topki..][epoch:  1, iter:     300, lr:(1.000e-03,)][eta: 9:12:02, time (data): 0.526 (0.132)]l_bij: 2.5360e+02 l_orth: 2.2994e+02 l_diff: 3.9042e+01 l_align: 1.2677e+02 l_total: 6.4935e+02 
2026-05-22 11:16:49,252 INFO: [topki..][epoch:  1, iter:     320, lr:(1.000e-03,)][eta: 9:14:17, time (data): 0.526 (0.133)]l_bij: 2.5684e+02 l_orth: 2.3552e+02 l_diff: 4.0662e+01 l_align: 1.1983e+02 l_total: 6.5285e+02 
2026-05-22 11:16:59,414 INFO: [topki..][epoch:  1, iter:     340, lr:(1.000e-03,)][eta: 9:15:02, time (data): 0.523 (0.133)]l_bij: 2.3425e+02 l_orth: 2.1776e+02 l_diff: 4.5435e+01 l_align: 1.3395e+02 l_total: 6.3140e+02 
2026-05-22 11:17:09,575 INFO: [topki..][epoch:  1, iter:     360, lr:(1.000e-03,)][eta: 9:15:40, time (data): 0.521 (0.132)]l_bij: 2.5286e+02 l_orth: 2.3430e+02 l_diff: 4.8769e+01 l_align: 1.2697e+02 l_total: 6.6290e+02 
2026-05-22 11:17:19,873 INFO: [topki..][epoch:  1, iter:     380, lr:(1.000e-03,)][eta: 9:16:38, time (data): 0.521 (0.132)]l_bij: 2.4402e+02 l_orth: 2.2579e+02 l_diff: 3.8859e+01 l_align: 1.2801e+02 l_total: 6.3668e+02 
2026-05-22 11:17:30,506 INFO: [topki..][epoch:  1, iter:     400, lr:(1.000e-03,)][eta: 9:18:24, time (data): 0.522 (0.132)]l_bij: 2.4734e+02 l_orth: 2.2577e+02 l_diff: 3.4173e+01 l_align: 1.3064e+02 l_total: 6.3792e+02 
2026-05-22 11:17:41,090 INFO: [topki..][epoch:  1, iter:     420, lr:(1.000e-03,)][eta: 9:19:52, time (data): 0.535 (0.131)]l_bij: 2.4012e+02 l_orth: 2.2350e+02 l_diff: 5.0099e+01 l_align: 1.3308e+02 l_total: 6.4680e+02 
2026-05-22 11:17:51,724 INFO: [topki..][epoch:  1, iter:     440, lr:(1.000e-03,)][eta: 9:21:18, time (data): 0.533 (0.131)]l_bij: 2.3031e+02 l_orth: 2.1219e+02 l_diff: 4.5230e+01 l_align: 1.3483e+02 l_total: 6.2255e+02 
2026-05-22 11:18:02,241 INFO: [topki..][epoch:  1, iter:     460, lr:(1.000e-03,)][eta: 9:22:19, time (data): 0.531 (0.131)]l_bij: 2.3427e+02 l_orth: 2.1576e+02 l_diff: 4.8058e+01 l_align: 1.3711e+02 l_total: 6.3520e+02 
2026-05-22 11:18:12,402 INFO: [topki..][epoch:  1, iter:     480, lr:(1.000e-03,)][eta: 9:22:25, time (data): 0.525 (0.131)]l_bij: 2.4551e+02 l_orth: 2.2852e+02 l_diff: 4.4024e+01 l_align: 1.3865e+02 l_total: 6.5671e+02 
2026-05-22 11:18:23,697 INFO: [topki..][epoch:  1, iter:     500, lr:(1.000e-03,)][eta: 9:25:01, time (data): 0.533 (0.132)]l_bij: 2.3660e+02 l_orth: 2.1828e+02 l_diff: 3.6151e+01 l_align: 1.3323e+02 l_total: 6.2427e+02 
2026-05-22 11:18:34,378 INFO: [topki..][epoch:  1, iter:     520, lr:(1.000e-03,)][eta: 9:26:05, time (data): 0.533 (0.133)]l_bij: 2.5105e+02 l_orth: 2.3159e+02 l_diff: 4.2843e+01 l_align: 1.2590e+02 l_total: 6.5139e+02 
2026-05-22 11:18:44,844 INFO: [topki..][epoch:  1, iter:     540, lr:(1.000e-03,)][eta: 9:26:37, time (data): 0.532 (0.133)]l_bij: 2.5070e+02 l_orth: 2.3021e+02 l_diff: 4.6034e+01 l_align: 1.2967e+02 l_total: 6.5661e+02 
2026-05-22 11:18:55,066 INFO: [topki..][epoch:  1, iter:     560, lr:(1.000e-03,)][eta: 9:26:36, time (data): 0.529 (0.134)]l_bij: 2.3882e+02 l_orth: 2.2082e+02 l_diff: 4.5857e+01 l_align: 1.3925e+02 l_total: 6.4475e+02 
2026-05-22 11:19:06,253 INFO: [topki..][epoch:  1, iter:     580, lr:(1.000e-03,)][eta: 9:28:27, time (data): 0.532 (0.134)]l_bij: 2.4777e+02 l_orth: 2.2466e+02 l_diff: 4.7962e+01 l_align: 1.3715e+02 l_total: 6.5754e+02 
2026-05-22 11:19:16,625 INFO: [topki..][epoch:  1, iter:     600, lr:(1.000e-03,)][eta: 9:28:38, time (data): 0.531 (0.134)]l_bij: 2.4994e+02 l_orth: 2.2859e+02 l_diff: 5.1310e+01 l_align: 1.3130e+02 l_total: 6.6114e+02 
2026-05-22 11:19:27,227 INFO: [topki..][epoch:  1, iter:     620, lr:(1.000e-03,)][eta: 9:29:13, time (data): 0.530 (0.131)]l_bij: 2.4076e+02 l_orth: 2.2075e+02 l_diff: 4.8255e+01 l_align: 1.3640e+02 l_total: 6.4616e+02 
2026-05-22 11:19:37,891 INFO: [topki..][epoch:  1, iter:     640, lr:(1.000e-03,)][eta: 9:29:51, time (data): 0.532 (0.133)]l_bij: 2.3348e+02 l_orth: 2.1500e+02 l_diff: 4.5226e+01 l_align: 1.2961e+02 l_total: 6.2333e+02 
2026-05-22 11:19:48,435 INFO: [topki..][epoch:  1, iter:     660, lr:(1.000e-03,)][eta: 9:30:15, time (data): 0.530 (0.134)]l_bij: 2.4341e+02 l_orth: 2.2381e+02 l_diff: 4.0914e+01 l_align: 1.3747e+02 l_total: 6.4561e+02 
2026-05-22 11:20:00,397 INFO: [topki..][epoch:  2, iter:     680, lr:(9.998e-04,)][eta: 9:32:55, time (data): 0.548 (0.158)]l_bij: 2.4055e+02 l_orth: 2.2259e+02 l_diff: 4.5440e+01 l_align: 1.3461e+02 l_total: 6.4319e+02 
2026-05-22 11:20:11,313 INFO: [topki..][epoch:  2, iter:     700, lr:(9.998e-04,)][eta: 9:33:46, time (data): 0.547 (0.153)]l_bij: 2.4022e+02 l_orth: 2.2182e+02 l_diff: 5.1009e+01 l_align: 1.3513e+02 l_total: 6.4817e+02 
2026-05-22 11:20:22,645 INFO: [topki..][epoch:  2, iter:     720, lr:(9.998e-04,)][eta: 9:35:12, time (data): 0.551 (0.150)]l_bij: 1.8870e+01 l_orth: 3.5636e+01 l_diff: 4.0901e+01 l_align: 2.6194e+02 l_total: 3.5735e+02 
2026-05-22 11:20:33,875 INFO: [topki..][epoch:  2, iter:     740, lr:(9.998e-04,)][eta: 9:36:24, time (data): 0.552 (0.149)]l_bij: 2.3439e+02 l_orth: 2.1717e+02 l_diff: 4.1736e+01 l_align: 1.3475e+02 l_total: 6.2805e+02 
2026-05-22 11:20:44,349 INFO: [topki..][epoch:  2, iter:     760, lr:(9.998e-04,)][eta: 9:36:25, time (data): 0.549 (0.147)]l_bij: 2.3623e+02 l_orth: 2.1903e+02 l_diff: 4.5694e+01 l_align: 1.4261e+02 l_total: 6.4357e+02 
2026-05-22 11:20:55,094 INFO: [topki..][epoch:  2, iter:     780, lr:(9.998e-04,)][eta: 9:36:49, time (data): 0.547 (0.146)]l_bij: 2.3856e+02 l_orth: 2.1913e+02 l_diff: 4.4859e+01 l_align: 1.3611e+02 l_total: 6.3867e+02 
2026-05-22 11:21:05,489 INFO: [topki..][epoch:  2, iter:     800, lr:(9.998e-04,)][eta: 9:36:41, time (data): 0.544 (0.144)]l_bij: 2.2901e+02 l_orth: 2.0996e+02 l_diff: 4.8453e+01 l_align: 1.2955e+02 l_total: 6.1697e+02 
2026-05-22 11:21:15,870 INFO: [topki..][epoch:  2, iter:     820, lr:(9.998e-04,)][eta: 9:36:33, time (data): 0.506 (0.134)]l_bij: 2.3378e+02 l_orth: 2.1641e+02 l_diff: 4.1873e+01 l_align: 1.3880e+02 l_total: 6.3087e+02 
2026-05-22 11:21:26,559 INFO: [topki..][epoch:  2, iter:     840, lr:(9.998e-04,)][eta: 9:36:48, time (data): 0.522 (0.135)]l_bij: 2.3037e+02 l_orth: 2.1269e+02 l_diff: 5.0449e+01 l_align: 1.3482e+02 l_total: 6.2833e+02 
2026-05-22 11:21:38,301 INFO: [topki..][epoch:  2, iter:     860, lr:(9.998e-04,)][eta: 9:38:24, time (data): 0.545 (0.143)]l_bij: 2.0705e+02 l_orth: 1.9453e+02 l_diff: 4.0941e+01 l_align: 1.3668e+02 l_total: 5.7921e+02 
2026-05-22 11:21:48,719 INFO: [topki..][epoch:  2, iter:     880, lr:(9.998e-04,)][eta: 9:38:15, time (data): 0.539 (0.140)]l_bij: 2.1022e+01 l_orth: 3.4098e+01 l_diff: 3.5124e+01 l_align: 2.0467e+02 l_total: 2.9491e+02 
2026-05-22 11:21:58,789 INFO: [topki..][epoch:  2, iter:     900, lr:(9.998e-04,)][eta: 9:37:41, time (data): 0.531 (0.138)]l_bij: 2.1697e+02 l_orth: 2.0126e+02 l_diff: 4.0609e+01 l_align: 1.3934e+02 l_total: 5.9818e+02 
2026-05-22 11:22:09,132 INFO: [topki..][epoch:  2, iter:     920, lr:(9.998e-04,)][eta: 9:37:27, time (data): 0.529 (0.137)]l_bij: 2.2525e+02 l_orth: 2.0836e+02 l_diff: 4.0582e+01 l_align: 1.3532e+02 l_total: 6.0951e+02 
2026-05-22 11:22:19,641 INFO: [topki..][epoch:  2, iter:     940, lr:(9.998e-04,)][eta: 9:37:24, time (data): 0.528 (0.137)]l_bij: 2.3199e+02 l_orth: 2.1457e+02 l_diff: 3.8825e+01 l_align: 1.3039e+02 l_total: 6.1578e+02 
2026-05-22 11:22:30,030 INFO: [topki..][epoch:  2, iter:     960, lr:(9.998e-04,)][eta: 9:37:14, time (data): 0.527 (0.137)]l_bij: 2.2310e+02 l_orth: 2.0835e+02 l_diff: 3.5323e+01 l_align: 1.3175e+02 l_total: 5.9852e+02 
2026-05-22 11:22:41,224 INFO: [topki..][epoch:  2, iter:     980, lr:(9.998e-04,)][eta: 9:37:58, time (data): 0.531 (0.138)]l_bij: 2.1682e+02 l_orth: 2.0163e+02 l_diff: 3.5935e+01 l_align: 1.3730e+02 l_total: 5.9169e+02 
2026-05-22 11:22:51,811 INFO: [topki..][epoch:  2, iter:   1,000, lr:(9.998e-04,)][eta: 9:37:59, time (data): 0.531 (0.138)]l_bij: 2.2425e+02 l_orth: 2.0943e+02 l_diff: 3.6080e+01 l_align: 1.3671e+02 l_total: 6.0646e+02 
2026-05-22 11:23:02,288 INFO: [topki..][epoch:  2, iter:   1,020, lr:(9.998e-04,)][eta: 9:37:53, time (data): 0.518 (0.143)]l_bij: 2.2994e+02 l_orth: 2.1284e+02 l_diff: 4.8322e+01 l_align: 1.3671e+02 l_total: 6.2782e+02 
2026-05-22 11:23:13,054 INFO: [topki..][epoch:  2, iter:   1,040, lr:(9.998e-04,)][eta: 9:38:04, time (data): 0.530 (0.140)]l_bij: 2.2197e+02 l_orth: 2.0498e+02 l_diff: 3.9179e+01 l_align: 1.3420e+02 l_total: 6.0033e+02 
2026-05-22 11:23:23,646 INFO: [topki..][epoch:  2, iter:   1,060, lr:(9.998e-04,)][eta: 9:38:05, time (data): 0.530 (0.138)]l_bij: 2.0831e+02 l_orth: 1.9542e+02 l_diff: 4.3332e+01 l_align: 1.4029e+02 l_total: 5.8735e+02 
2026-05-22 11:23:34,667 INFO: [topki..][epoch:  2, iter:   1,080, lr:(9.998e-04,)][eta: 9:38:31, time (data): 0.535 (0.140)]l_bij: 2.2821e+02 l_orth: 2.1186e+02 l_diff: 4.5209e+01 l_align: 1.3301e+02 l_total: 6.1830e+02 
2026-05-22 11:23:45,319 INFO: [topki..][epoch:  2, iter:   1,100, lr:(9.998e-04,)][eta: 9:38:33, time (data): 0.535 (0.138)]l_bij: 2.1829e+02 l_orth: 2.0020e+02 l_diff: 3.4624e+01 l_align: 1.3806e+02 l_total: 5.9116e+02 
2026-05-22 11:23:55,917 INFO: [topki..][epoch:  2, iter:   1,120, lr:(9.998e-04,)][eta: 9:38:32, time (data): 0.534 (0.138)]l_bij: 2.2189e+02 l_orth: 2.0350e+02 l_diff: 4.0144e+01 l_align: 1.3489e+02 l_total: 6.0043e+02 
2026-05-22 11:24:06,568 INFO: [topki..][epoch:  2, iter:   1,140, lr:(9.998e-04,)][eta: 9:38:34, time (data): 0.534 (0.139)]l_bij: 2.1821e+02 l_orth: 2.0217e+02 l_diff: 5.1780e+01 l_align: 1.3922e+02 l_total: 6.1138e+02 
2026-05-22 11:24:16,834 INFO: [topki..][epoch:  2, iter:   1,160, lr:(9.998e-04,)][eta: 9:38:13, time (data): 0.531 (0.138)]l_bij: 2.2535e+02 l_orth: 2.0779e+02 l_diff: 4.0986e+01 l_align: 1.4031e+02 l_total: 6.1443e+02 
2026-05-22 11:24:27,572 INFO: [topki..][epoch:  2, iter:   1,180, lr:(9.998e-04,)][eta: 9:38:19, time (data): 0.532 (0.138)]l_bij: 2.0855e+02 l_orth: 1.9338e+02 l_diff: 3.9995e+01 l_align: 1.3422e+02 l_total: 5.7615e+02 
2026-05-22 11:24:38,140 INFO: [topki..][epoch:  2, iter:   1,200, lr:(9.998e-04,)][eta: 9:38:15, time (data): 0.531 (0.138)]l_bij: 2.1632e+02 l_orth: 2.0049e+02 l_diff: 5.1045e+01 l_align: 1.3325e+02 l_total: 6.0110e+02 
2026-05-22 11:24:48,294 INFO: [topki..][epoch:  2, iter:   1,220, lr:(9.998e-04,)][eta: 9:37:49, time (data): 0.508 (0.123)]l_bij: 2.1119e+02 l_orth: 1.9564e+02 l_diff: 4.3478e+01 l_align: 1.2895e+02 l_total: 5.7927e+02 
2026-05-22 11:24:59,672 INFO: [topki..][epoch:  2, iter:   1,240, lr:(9.998e-04,)][eta: 9:38:28, time (data): 0.544 (0.139)]l_bij: 2.0717e+02 l_orth: 1.9325e+02 l_diff: 4.5081e+01 l_align: 1.3485e+02 l_total: 5.8035e+02 
2026-05-22 11:25:10,626 INFO: [topki..][epoch:  2, iter:   1,260, lr:(9.998e-04,)][eta: 9:38:44, time (data): 0.545 (0.140)]l_bij: 2.0010e+02 l_orth: 1.8953e+02 l_diff: 4.0608e+01 l_align: 1.3817e+02 l_total: 5.6840e+02 
2026-05-22 11:25:21,666 INFO: [topki..][epoch:  2, iter:   1,280, lr:(9.998e-04,)][eta: 9:39:03, time (data): 0.547 (0.140)]l_bij: 2.1776e+02 l_orth: 2.0146e+02 l_diff: 4.4886e+01 l_align: 1.3673e+02 l_total: 6.0084e+02 
2026-05-22 11:25:32,126 INFO: [topki..][epoch:  2, iter:   1,300, lr:(9.998e-04,)][eta: 9:38:52, time (data): 0.542 (0.140)]l_bij: 2.0971e+02 l_orth: 1.9492e+02 l_diff: 4.2337e+01 l_align: 1.4104e+02 l_total: 5.8801e+02 
2026-05-22 11:25:42,393 INFO: [topki..][epoch:  2, iter:   1,320, lr:(9.998e-04,)][eta: 9:38:30, time (data): 0.537 (0.138)]l_bij: 2.1864e+02 l_orth: 2.0035e+02 l_diff: 4.2235e+01 l_align: 1.4267e+02 l_total: 6.0389e+02 
2026-05-22 11:25:52,879 INFO: [topki..][epoch:  2, iter:   1,340, lr:(9.998e-04,)][eta: 9:38:21, time (data): 0.535 (0.137)]l_bij: 1.9950e+02 l_orth: 1.8767e+02 l_diff: 4.1286e+01 l_align: 1.3720e+02 l_total: 5.6566e+02 
2026-05-22 11:26:05,932 INFO: [topki..][epoch:  3, iter:   1,360, lr:(9.991e-04,)][eta: 9:40:16, time (data): 0.550 (0.149)]l_bij: 2.0740e+02 l_orth: 1.9214e+02 l_diff: 3.8139e+01 l_align: 1.3152e+02 l_total: 5.6921e+02 
2026-05-22 11:26:16,944 INFO: [topki..][epoch:  3, iter:   1,380, lr:(9.991e-04,)][eta: 9:40:29, time (data): 0.550 (0.148)]l_bij: 2.1336e+02 l_orth: 1.9806e+02 l_diff: 4.0627e+01 l_align: 1.3168e+02 l_total: 5.8373e+02 
2026-05-22 11:26:27,876 INFO: [topki..][epoch:  3, iter:   1,400, lr:(9.991e-04,)][eta: 9:40:38, time (data): 0.550 (0.146)]l_bij: 2.1829e+02 l_orth: 2.0169e+02 l_diff: 4.2002e+01 l_align: 1.3160e+02 l_total: 5.9358e+02 
2026-05-22 11:26:38,614 INFO: [topki..][epoch:  3, iter:   1,420, lr:(9.991e-04,)][eta: 9:40:37, time (data): 0.542 (0.142)]l_bij: 2.0605e+02 l_orth: 1.9140e+02 l_diff: 3.4202e+01 l_align: 1.3908e+02 l_total: 5.7074e+02 
2026-05-22 11:26:49,184 INFO: [topki..][epoch:  3, iter:   1,440, lr:(9.991e-04,)][eta: 9:40:29, time (data): 0.534 (0.141)]l_bij: 2.1143e+02 l_orth: 1.9427e+02 l_diff: 3.8925e+01 l_align: 1.3497e+02 l_total: 5.7959e+02 
2026-05-22 11:27:00,095 INFO: [topki..][epoch:  3, iter:   1,460, lr:(9.991e-04,)][eta: 9:40:36, time (data): 0.538 (0.139)]l_bij: 1.9990e+02 l_orth: 1.8599e+02 l_diff: 4.0505e+01 l_align: 1.3890e+02 l_total: 5.6530e+02 
2026-05-22 11:27:10,841 INFO: [topki..][epoch:  3, iter:   1,480, lr:(9.991e-04,)][eta: 9:40:34, time (data): 0.538 (0.140)]l_bij: 1.9444e+02 l_orth: 1.8142e+02 l_diff: 4.5000e+01 l_align: 1.4065e+02 l_total: 5.6152e+02 
2026-05-22 11:27:20,951 INFO: [topki..][epoch:  3, iter:   1,500, lr:(9.991e-04,)][eta: 9:40:05, time (data): 0.531 (0.137)]l_bij: 2.0554e+02 l_orth: 1.9132e+02 l_diff: 4.6755e+01 l_align: 1.3570e+02 l_total: 5.7932e+02 
2026-05-22 11:27:32,087 INFO: [topki..][epoch:  3, iter:   1,520, lr:(9.991e-04,)][eta: 9:40:21, time (data): 0.535 (0.139)]l_bij: 2.0786e+02 l_orth: 1.9170e+02 l_diff: 4.0014e+01 l_align: 1.3361e+02 l_total: 5.7319e+02 
2026-05-22 11:27:42,703 INFO: [topki..][epoch:  3, iter:   1,540, lr:(9.991e-04,)][eta: 9:40:14, time (data): 0.535 (0.138)]l_bij: 2.0794e+02 l_orth: 1.9170e+02 l_diff: 4.2315e+01 l_align: 1.3477e+02 l_total: 5.7672e+02 
2026-05-22 11:27:53,436 INFO: [topki..][epoch:  3, iter:   1,560, lr:(9.991e-04,)][eta: 9:40:11, time (data): 0.535 (0.138)]l_bij: 1.9562e+02 l_orth: 1.8221e+02 l_diff: 4.5915e+01 l_align: 1.3115e+02 l_total: 5.5490e+02 
2026-05-22 11:28:03,744 INFO: [topki..][epoch:  3, iter:   1,580, lr:(9.991e-04,)][eta: 9:39:51, time (data): 0.533 (0.137)]l_bij: 2.1743e+02 l_orth: 1.9956e+02 l_diff: 4.4036e+01 l_align: 1.4008e+02 l_total: 6.0111e+02 
2026-05-22 11:28:13,965 INFO: [topki..][epoch:  3, iter:   1,600, lr:(9.991e-04,)][eta: 9:39:27, time (data): 0.530 (0.137)]l_bij: 2.0505e+02 l_orth: 1.9046e+02 l_diff: 4.1591e+01 l_align: 1.2928e+02 l_total: 5.6639e+02 
2026-05-22 11:28:24,630 INFO: [topki..][epoch:  3, iter:   1,620, lr:(9.991e-04,)][eta: 9:39:22, time (data): 0.547 (0.135)]l_bij: 1.8788e+02 l_orth: 1.7566e+02 l_diff: 3.3166e+01 l_align: 1.3421e+02 l_total: 5.3091e+02 
2026-05-22 11:28:35,707 INFO: [topki..][epoch:  3, iter:   1,640, lr:(9.991e-04,)][eta: 9:39:33, time (data): 0.551 (0.138)]l_bij: 2.1680e+02 l_orth: 2.0044e+02 l_diff: 4.4053e+01 l_align: 1.3092e+02 l_total: 5.9223e+02 
2026-05-22 11:28:46,347 INFO: [topki..][epoch:  3, iter:   1,660, lr:(9.991e-04,)][eta: 9:39:26, time (data): 0.544 (0.136)]l_bij: 1.9528e+02 l_orth: 1.8266e+02 l_diff: 3.6527e+01 l_align: 1.3494e+02 l_total: 5.4941e+02 
2026-05-22 11:28:56,919 INFO: [topki..][epoch:  3, iter:   1,680, lr:(9.991e-04,)][eta: 9:39:17, time (data): 0.539 (0.137)]l_bij: 1.9350e+02 l_orth: 1.8335e+02 l_diff: 4.7314e+01 l_align: 1.3451e+02 l_total: 5.5868e+02 
2026-05-22 11:29:07,404 INFO: [topki..][epoch:  3, iter:   1,700, lr:(9.991e-04,)][eta: 9:39:04, time (data): 0.536 (0.136)]l_bij: 1.8506e+02 l_orth: 1.7404e+02 l_diff: 3.2991e+01 l_align: 1.3765e+02 l_total: 5.2974e+02 
2026-05-22 11:29:18,087 INFO: [topki..][epoch:  3, iter:   1,720, lr:(9.991e-04,)][eta: 9:38:59, time (data): 0.536 (0.136)]l_bij: 1.9802e+02 l_orth: 1.8366e+02 l_diff: 4.4442e+01 l_align: 1.3367e+02 l_total: 5.5980e+02 
2026-05-22 11:29:29,144 INFO: [topki..][epoch:  3, iter:   1,740, lr:(9.991e-04,)][eta: 9:39:07, time (data): 0.538 (0.137)]l_bij: 1.9883e+02 l_orth: 1.8457e+02 l_diff: 4.0266e+01 l_align: 1.2991e+02 l_total: 5.5358e+02 
2026-05-22 11:29:39,744 INFO: [topki..][epoch:  3, iter:   1,760, lr:(9.991e-04,)][eta: 9:38:59, time (data): 0.537 (0.136)]l_bij: 1.8764e+02 l_orth: 1.7654e+02 l_diff: 4.0986e+01 l_align: 1.2632e+02 l_total: 5.3149e+02 
2026-05-22 11:29:50,764 INFO: [topki..][epoch:  3, iter:   1,780, lr:(9.991e-04,)][eta: 9:39:05, time (data): 0.539 (0.137)]l_bij: 1.8828e+02 l_orth: 1.7761e+02 l_diff: 4.4019e+01 l_align: 1.2734e+02 l_total: 5.3725e+02 
2026-05-22 11:30:01,011 INFO: [topki..][epoch:  3, iter:   1,800, lr:(9.991e-04,)][eta: 9:38:44, time (data): 0.536 (0.136)]l_bij: 2.1234e+02 l_orth: 1.9537e+02 l_diff: 4.2918e+01 l_align: 1.3941e+02 l_total: 5.9004e+02 
2026-05-22 11:30:11,194 INFO: [topki..][epoch:  3, iter:   1,820, lr:(9.991e-04,)][eta: 9:38:20, time (data): 0.487 (0.123)]l_bij: 1.8749e+02 l_orth: 1.7729e+02 l_diff: 4.0765e+01 l_align: 1.3442e+02 l_total: 5.3996e+02 
2026-05-22 11:30:21,542 INFO: [topki..][epoch:  3, iter:   1,840, lr:(9.991e-04,)][eta: 9:38:02, time (data): 0.507 (0.134)]l_bij: 1.9450e+02 l_orth: 1.8073e+02 l_diff: 3.4649e+01 l_align: 1.3453e+02 l_total: 5.4441e+02 
2026-05-22 11:30:32,272 INFO: [topki..][epoch:  3, iter:   1,860, lr:(9.991e-04,)][eta: 9:37:58, time (data): 0.518 (0.135)]l_bij: 1.9710e+02 l_orth: 1.8502e+02 l_diff: 3.7151e+01 l_align: 1.3630e+02 l_total: 5.5557e+02 
2026-05-22 11:30:43,158 INFO: [topki..][epoch:  3, iter:   1,880, lr:(9.991e-04,)][eta: 9:37:59, time (data): 0.526 (0.137)]l_bij: 2.0062e+02 l_orth: 1.8548e+02 l_diff: 4.0504e+01 l_align: 1.3679e+02 l_total: 5.6339e+02 
2026-05-22 11:30:54,016 INFO: [topki..][epoch:  3, iter:   1,900, lr:(9.991e-04,)][eta: 9:37:59, time (data): 0.529 (0.138)]l_bij: 1.9205e+02 l_orth: 1.7890e+02 l_diff: 4.1121e+01 l_align: 1.3420e+02 l_total: 5.4627e+02 
2026-05-22 11:31:05,127 INFO: [topki..][epoch:  3, iter:   1,920, lr:(9.991e-04,)][eta: 9:38:07, time (data): 0.534 (0.139)]l_bij: 2.0766e+02 l_orth: 1.9101e+02 l_diff: 3.2989e+01 l_align: 1.3045e+02 l_total: 5.6211e+02 
2026-05-22 11:31:15,713 INFO: [topki..][epoch:  3, iter:   1,940, lr:(9.991e-04,)][eta: 9:37:57, time (data): 0.533 (0.139)]l_bij: 2.0919e+02 l_orth: 1.9310e+02 l_diff: 4.0974e+01 l_align: 1.3511e+02 l_total: 5.7837e+02 
2026-05-22 11:31:26,330 INFO: [topki..][epoch:  3, iter:   1,960, lr:(9.991e-04,)][eta: 9:37:49, time (data): 0.533 (0.139)]l_bij: 2.0651e+02 l_orth: 1.9084e+02 l_diff: 3.9884e+01 l_align: 1.3685e+02 l_total: 5.7409e+02 
2026-05-22 11:31:36,839 INFO: [topki..][epoch:  3, iter:   1,980, lr:(9.991e-04,)][eta: 9:37:36, time (data): 0.532 (0.139)]l_bij: 1.9755e+02 l_orth: 1.8486e+02 l_diff: 4.7953e+01 l_align: 1.3105e+02 l_total: 5.6142e+02 
2026-05-22 11:31:47,692 INFO: [topki..][epoch:  3, iter:   2,000, lr:(9.991e-04,)][eta: 9:37:35, time (data): 0.533 (0.139)]l_bij: 1.9845e+02 l_orth: 1.8302e+02 l_diff: 3.9890e+01 l_align: 1.2526e+02 l_total: 5.4662e+02 
2026-05-22 11:31:58,033 INFO: [topki..][epoch:  3, iter:   2,020, lr:(9.991e-04,)][eta: 9:37:17, time (data): 0.506 (0.132)]l_bij: 1.9459e+02 l_orth: 1.8168e+02 l_diff: 3.7608e+01 l_align: 1.3355e+02 l_total: 5.4742e+02 
2026-05-22 11:32:10,770 INFO: [topki..][epoch:  4, iter:   2,040, lr:(9.980e-04,)][eta: 9:38:17, time (data): 0.593 (0.198)]l_bij: 2.0093e+02 l_orth: 1.8803e+02 l_diff: 4.3251e+01 l_align: 1.2996e+02 l_total: 5.6218e+02 
2026-05-22 11:32:20,855 INFO: [topki..][epoch:  4, iter:   2,060, lr:(9.980e-04,)][eta: 9:37:50, time (data): 0.558 (0.170)]l_bij: 1.2807e+01 l_orth: 3.1881e+01 l_diff: 3.1576e+01 l_align: 1.8952e+02 l_total: 2.6578e+02 
2026-05-22 11:32:31,555 INFO: [topki..][epoch:  4, iter:   2,080, lr:(9.980e-04,)][eta: 9:37:43, time (data): 0.551 (0.163)]l_bij: 1.8800e+02 l_orth: 1.7462e+02 l_diff: 4.0112e+01 l_align: 1.3219e+02 l_total: 5.3492e+02 
2026-05-22 11:32:42,603 INFO: [topki..][epoch:  4, iter:   2,100, lr:(9.980e-04,)][eta: 9:37:47, time (data): 0.551 (0.157)]l_bij: 1.9776e+02 l_orth: 1.8440e+02 l_diff: 4.4258e+01 l_align: 1.2940e+02 l_total: 5.5581e+02 
2026-05-22 11:32:53,555 INFO: [topki..][epoch:  4, iter:   2,120, lr:(9.980e-04,)][eta: 9:37:48, time (data): 0.551 (0.155)]l_bij: 1.9139e+02 l_orth: 1.7758e+02 l_diff: 3.8369e+01 l_align: 1.2863e+02 l_total: 5.3596e+02 
2026-05-22 11:33:04,080 INFO: [topki..][epoch:  4, iter:   2,140, lr:(9.980e-04,)][eta: 9:37:35, time (data): 0.547 (0.152)]l_bij: 1.8869e+02 l_orth: 1.7575e+02 l_diff: 3.6865e+01 l_align: 1.2777e+02 l_total: 5.2907e+02 
2026-05-22 11:33:15,533 INFO: [topki..][epoch:  4, iter:   2,160, lr:(9.980e-04,)][eta: 9:37:51, time (data): 0.550 (0.151)]l_bij: 1.8361e+02 l_orth: 1.7276e+02 l_diff: 4.1583e+01 l_align: 1.3413e+02 l_total: 5.3209e+02 
2026-05-22 11:33:26,076 INFO: [topki..][epoch:  4, iter:   2,180, lr:(9.980e-04,)][eta: 9:37:39, time (data): 0.548 (0.149)]l_bij: 1.9834e+02 l_orth: 1.8411e+02 l_diff: 3.9203e+01 l_align: 1.3345e+02 l_total: 5.5509e+02 
2026-05-22 11:33:36,291 INFO: [topki..][epoch:  4, iter:   2,200, lr:(9.980e-04,)][eta: 9:37:17, time (data): 0.544 (0.148)]l_bij: 1.6923e+02 l_orth: 1.6077e+02 l_diff: 3.5687e+01 l_align: 1.2691e+02 l_total: 4.9260e+02 
2026-05-22 11:33:46,654 INFO: [topki..][epoch:  4, iter:   2,220, lr:(9.980e-04,)][eta: 9:37:00, time (data): 0.510 (0.135)]l_bij: 1.6361e+02 l_orth: 1.5645e+02 l_diff: 2.8157e+01 l_align: 1.3086e+02 l_total: 4.7907e+02 
2026-05-22 11:33:57,490 INFO: [topki..][epoch:  4, iter:   2,240, lr:(9.980e-04,)][eta: 9:36:56, time (data): 0.532 (0.138)]l_bij: 2.0021e+02 l_orth: 1.8629e+02 l_diff: 3.5744e+01 l_align: 1.3244e+02 l_total: 5.5469e+02 
2026-05-22 11:34:07,733 INFO: [topki..][epoch:  4, iter:   2,260, lr:(9.980e-04,)][eta: 9:36:35, time (data): 0.524 (0.138)]l_bij: 1.8070e+02 l_orth: 1.7068e+02 l_diff: 4.4150e+01 l_align: 1.3327e+02 l_total: 5.2879e+02 
2026-05-22 11:34:18,729 INFO: [topki..][epoch:  4, iter:   2,280, lr:(9.980e-04,)][eta: 9:36:36, time (data): 0.531 (0.139)]l_bij: 1.8506e+02 l_orth: 1.7307e+02 l_diff: 3.8182e+01 l_align: 1.2595e+02 l_total: 5.2226e+02 
2026-05-22 11:34:29,099 INFO: [topki..][epoch:  4, iter:   2,300, lr:(9.980e-04,)][eta: 9:36:20, time (data): 0.528 (0.139)]l_bij: 2.0409e+02 l_orth: 1.8722e+02 l_diff: 4.3432e+01 l_align: 1.3407e+02 l_total: 5.6881e+02 
2026-05-22 11:34:40,184 INFO: [topki..][epoch:  4, iter:   2,320, lr:(9.980e-04,)][eta: 9:36:23, time (data): 0.533 (0.139)]l_bij: 1.7402e+02 l_orth: 1.6560e+02 l_diff: 4.2953e+01 l_align: 1.2659e+02 l_total: 5.0916e+02 
2026-05-22 11:34:51,065 INFO: [topki..][epoch:  4, iter:   2,340, lr:(9.980e-04,)][eta: 9:36:20, time (data): 0.535 (0.140)]l_bij: 1.6292e+02 l_orth: 1.5515e+02 l_diff: 3.9731e+01 l_align: 1.1516e+02 l_total: 4.7297e+02 
2026-05-22 11:35:01,838 INFO: [topki..][epoch:  4, iter:   2,360, lr:(9.980e-04,)][eta: 9:36:14, time (data): 0.535 (0.140)]l_bij: 1.7710e+02 l_orth: 1.6868e+02 l_diff: 3.7105e+01 l_align: 1.2893e+02 l_total: 5.1182e+02 
2026-05-22 11:35:13,449 INFO: [topki..][epoch:  4, iter:   2,380, lr:(9.980e-04,)][eta: 9:36:32, time (data): 0.541 (0.142)]l_bij: 1.7994e+02 l_orth: 1.6916e+02 l_diff: 3.8820e+01 l_align: 1.2340e+02 l_total: 5.1131e+02 
2026-05-22 11:35:24,461 INFO: [topki..][epoch:  4, iter:   2,400, lr:(9.980e-04,)][eta: 9:36:32, time (data): 0.542 (0.142)]l_bij: 1.8256e+02 l_orth: 1.7035e+02 l_diff: 3.7415e+01 l_align: 1.2322e+02 l_total: 5.1355e+02 
2026-05-22 11:35:35,668 INFO: [topki..][epoch:  4, iter:   2,420, lr:(9.980e-04,)][eta: 9:36:37, time (data): 0.571 (0.147)]l_bij: 1.7743e+02 l_orth: 1.6557e+02 l_diff: 3.4708e+01 l_align: 1.2415e+02 l_total: 5.0186e+02 
2026-05-22 11:35:46,263 INFO: [topki..][epoch:  4, iter:   2,440, lr:(9.980e-04,)][eta: 9:36:26, time (data): 0.541 (0.140)]l_bij: 1.6633e+02 l_orth: 1.5747e+02 l_diff: 3.6542e+01 l_align: 1.3179e+02 l_total: 4.9214e+02 
2026-05-22 11:35:57,120 INFO: [topki..][epoch:  4, iter:   2,460, lr:(9.980e-04,)][eta: 9:36:22, time (data): 0.542 (0.139)]l_bij: 1.8960e+02 l_orth: 1.7679e+02 l_diff: 4.0647e+01 l_align: 1.2666e+02 l_total: 5.3370e+02 
2026-05-22 11:36:07,620 INFO: [topki..][epoch:  4, iter:   2,480, lr:(9.980e-04,)][eta: 9:36:08, time (data): 0.537 (0.138)]l_bij: 1.6978e+02 l_orth: 1.6017e+02 l_diff: 4.0038e+01 l_align: 1.1986e+02 l_total: 4.8985e+02 
2026-05-22 11:36:18,782 INFO: [topki..][epoch:  4, iter:   2,500, lr:(9.980e-04,)][eta: 9:36:12, time (data): 0.542 (0.139)]l_bij: 1.8480e+02 l_orth: 1.7271e+02 l_diff: 3.6812e+01 l_align: 1.2062e+02 l_total: 5.1494e+02 
2026-05-22 11:36:29,224 INFO: [topki..][epoch:  4, iter:   2,520, lr:(9.980e-04,)][eta: 9:35:56, time (data): 0.538 (0.139)]l_bij: 1.6636e+02 l_orth: 1.6020e+02 l_diff: 2.8342e+01 l_align: 1.2662e+02 l_total: 4.8152e+02 
2026-05-22 11:36:40,393 INFO: [topki..][epoch:  4, iter:   2,540, lr:(9.980e-04,)][eta: 9:36:00, time (data): 0.541 (0.139)]l_bij: 1.6663e+02 l_orth: 1.5695e+02 l_diff: 4.0399e+01 l_align: 1.1903e+02 l_total: 4.8301e+02 
2026-05-22 11:36:50,765 INFO: [topki..][epoch:  4, iter:   2,560, lr:(9.980e-04,)][eta: 9:35:43, time (data): 0.538 (0.138)]l_bij: 1.9494e+02 l_orth: 1.8077e+02 l_diff: 4.2550e+01 l_align: 1.2536e+02 l_total: 5.4363e+02 
2026-05-22 11:37:01,717 INFO: [topki..][epoch:  4, iter:   2,580, lr:(9.980e-04,)][eta: 9:35:41, time (data): 0.539 (0.138)]l_bij: 1.6420e+02 l_orth: 1.5709e+02 l_diff: 3.3991e+01 l_align: 1.2378e+02 l_total: 4.7906e+02 
2026-05-22 11:37:12,735 INFO: [topki..][epoch:  4, iter:   2,600, lr:(9.980e-04,)][eta: 9:35:40, time (data): 0.541 (0.140)]l_bij: 1.9066e+02 l_orth: 1.7828e+02 l_diff: 2.8800e+01 l_align: 1.2665e+02 l_total: 5.2439e+02 
2026-05-22 11:37:23,790 INFO: [topki..][epoch:  4, iter:   2,620, lr:(9.980e-04,)][eta: 9:35:40, time (data): 0.573 (0.142)]l_bij: 1.6412e+02 l_orth: 1.5509e+02 l_diff: 3.3531e+01 l_align: 1.1691e+02 l_total: 4.6965e+02 
2026-05-22 11:37:34,274 INFO: [topki..][epoch:  4, iter:   2,640, lr:(9.980e-04,)][eta: 9:35:25, time (data): 0.537 (0.143)]l_bij: 1.8172e+02 l_orth: 1.7143e+02 l_diff: 3.6583e+01 l_align: 1.1911e+02 l_total: 5.0884e+02 
2026-05-22 11:37:44,931 INFO: [topki..][epoch:  4, iter:   2,660, lr:(9.980e-04,)][eta: 9:35:15, time (data): 0.535 (0.143)]l_bij: 1.4040e+02 l_orth: 1.3565e+02 l_diff: 3.2511e+01 l_align: 1.1071e+02 l_total: 4.1927e+02 
2026-05-22 11:37:55,335 INFO: [topki..][epoch:  4, iter:   2,680, lr:(9.980e-04,)][eta: 9:34:59, time (data): 0.531 (0.139)]l_bij: 1.8447e+02 l_orth: 1.7218e+02 l_diff: 4.1195e+01 l_align: 1.1872e+02 l_total: 5.1656e+02 
2026-05-22 11:38:05,717 INFO: [topki..][epoch:  4, iter:   2,700, lr:(9.980e-04,)][eta: 9:34:43, time (data): 0.528 (0.139)]l_bij: 1.6718e+02 l_orth: 1.5975e+02 l_diff: 4.4087e+01 l_align: 1.2149e+02 l_total: 4.9251e+02 
2026-05-22 11:38:18,267 INFO: [topki..][epoch:  5, iter:   2,720, lr:(9.965e-04,)][eta: 9:35:18, time (data): 0.547 (0.155)]l_bij: 1.8504e+01 l_orth: 4.3188e+01 l_diff: 3.0135e+01 l_align: 1.8027e+02 l_total: 2.7209e+02 
2026-05-22 11:38:28,575 INFO: [topki..][epoch:  5, iter:   2,740, lr:(9.965e-04,)][eta: 9:35:00, time (data): 0.542 (0.151)]l_bij: 1.7871e+02 l_orth: 1.6774e+02 l_diff: 4.1055e+01 l_align: 1.1935e+02 l_total: 5.0685e+02 
2026-05-22 11:38:39,341 INFO: [topki..][epoch:  5, iter:   2,760, lr:(9.965e-04,)][eta: 9:34:52, time (data): 0.541 (0.150)]l_bij: 1.7115e+02 l_orth: 1.6289e+02 l_diff: 3.3467e+01 l_align: 1.1474e+02 l_total: 4.8224e+02 
2026-05-22 11:38:50,132 INFO: [topki..][epoch:  5, iter:   2,780, lr:(9.965e-04,)][eta: 9:34:45, time (data): 0.541 (0.149)]l_bij: 1.7996e+02 l_orth: 1.6979e+02 l_diff: 3.2355e+01 l_align: 1.2183e+02 l_total: 5.0394e+02 
2026-05-22 11:39:01,240 INFO: [topki..][epoch:  5, iter:   2,800, lr:(9.965e-04,)][eta: 9:34:45, time (data): 0.542 (0.148)]l_bij: 1.4939e+02 l_orth: 1.4530e+02 l_diff: 3.2398e+01 l_align: 1.1493e+02 l_total: 4.4202e+02 
2026-05-22 11:39:12,129 INFO: [topki..][epoch:  5, iter:   2,820, lr:(9.965e-04,)][eta: 9:34:40, time (data): 0.518 (0.150)]l_bij: 1.5716e+02 l_orth: 1.5163e+02 l_diff: 2.9492e+01 l_align: 1.1926e+02 l_total: 4.5755e+02 
2026-05-22 11:39:21,769 INFO: [topki..][epoch:  5, iter:   2,840, lr:(9.965e-04,)][eta: 9:34:06, time (data): 0.490 (0.140)]l_bij: 1.4831e+02 l_orth: 1.4372e+02 l_diff: 2.9275e+01 l_align: 1.0934e+02 l_total: 4.3065e+02 
2026-05-22 11:39:31,342 INFO: [topki..][epoch:  5, iter:   2,860, lr:(9.965e-04,)][eta: 9:33:32, time (data): 0.485 (0.134)]l_bij: 1.6016e+02 l_orth: 1.5348e+02 l_diff: 3.8338e+01 l_align: 1.1696e+02 l_total: 4.6894e+02 
2026-05-22 11:39:40,880 INFO: [topki..][epoch:  5, iter:   2,880, lr:(9.965e-04,)][eta: 9:32:56, time (data): 0.483 (0.133)]l_bij: 1.8330e+02 l_orth: 1.7299e+02 l_diff: 3.3974e+01 l_align: 1.2521e+02 l_total: 5.1547e+02 
2026-05-22 11:39:50,469 INFO: [topki..][epoch:  5, iter:   2,900, lr:(9.965e-04,)][eta: 9:32:23, time (data): 0.482 (0.133)]l_bij: 1.5338e+02 l_orth: 1.4638e+02 l_diff: 2.8168e+01 l_align: 1.1569e+02 l_total: 4.4362e+02 
2026-05-22 11:40:00,345 INFO: [topki..][epoch:  5, iter:   2,920, lr:(9.965e-04,)][eta: 9:31:56, time (data): 0.484 (0.135)]l_bij: 1.4271e+02 l_orth: 1.3781e+02 l_diff: 3.3125e+01 l_align: 1.0820e+02 l_total: 4.2185e+02 
2026-05-22 11:40:09,963 INFO: [topki..][epoch:  5, iter:   2,940, lr:(9.965e-04,)][eta: 9:31:23, time (data): 0.484 (0.134)]l_bij: 1.7162e+02 l_orth: 1.6204e+02 l_diff: 2.8329e+01 l_align: 1.1418e+02 l_total: 4.7617e+02 
2026-05-22 11:40:19,641 INFO: [topki..][epoch:  5, iter:   2,960, lr:(9.965e-04,)][eta: 9:30:52, time (data): 0.484 (0.134)]l_bij: 1.3052e+02 l_orth: 1.2763e+02 l_diff: 3.5994e+01 l_align: 1.0220e+02 l_total: 3.9634e+02 
2026-05-22 11:40:28,924 INFO: [topki..][epoch:  5, iter:   2,980, lr:(9.965e-04,)][eta: 9:30:13, time (data): 0.481 (0.132)]l_bij: 1.5232e+02 l_orth: 1.4633e+02 l_diff: 3.7975e+01 l_align: 1.1291e+02 l_total: 4.4953e+02 
2026-05-22 11:40:37,770 INFO: [topki..][epoch:  5, iter:   3,000, lr:(9.965e-04,)][eta: 9:29:25, time (data): 0.477 (0.131)]l_bij: 1.0206e+02 l_orth: 1.0641e+02 l_diff: 3.0593e+01 l_align: 1.1078e+02 l_total: 3.4984e+02 
2026-05-22 11:40:47,553 INFO: [topki..][epoch:  5, iter:   3,020, lr:(9.965e-04,)][eta: 9:28:58, time (data): 0.506 (0.139)]l_bij: 1.1375e+01 l_orth: 3.6433e+01 l_diff: 2.6483e+01 l_align: 1.5051e+02 l_total: 2.2480e+02 
2026-05-22 11:40:56,914 INFO: [topki..][epoch:  5, iter:   3,040, lr:(9.965e-04,)][eta: 9:28:21, time (data): 0.476 (0.134)]l_bij: 1.7992e+02 l_orth: 1.7020e+02 l_diff: 4.1914e+01 l_align: 1.2300e+02 l_total: 5.1503e+02 
2026-05-22 11:41:06,588 INFO: [topki..][epoch:  5, iter:   3,060, lr:(9.965e-04,)][eta: 9:27:52, time (data): 0.479 (0.133)]l_bij: 1.6217e+02 l_orth: 1.5525e+02 l_diff: 3.3701e+01 l_align: 1.1504e+02 l_total: 4.6616e+02 
2026-05-22 11:41:15,817 INFO: [topki..][epoch:  5, iter:   3,080, lr:(9.965e-04,)][eta: 9:27:14, time (data): 0.474 (0.131)]l_bij: 1.6887e+02 l_orth: 1.6019e+02 l_diff: 3.4036e+01 l_align: 1.1532e+02 l_total: 4.7842e+02 
2026-05-22 11:41:25,438 INFO: [topki..][epoch:  5, iter:   3,100, lr:(9.965e-04,)][eta: 9:26:44, time (data): 0.475 (0.132)]l_bij: 1.7481e+02 l_orth: 1.6510e+02 l_diff: 3.9772e+01 l_align: 1.2084e+02 l_total: 5.0052e+02 
2026-05-22 11:41:35,094 INFO: [topki..][epoch:  5, iter:   3,120, lr:(9.965e-04,)][eta: 9:26:15, time (data): 0.477 (0.132)]l_bij: 1.5716e+02 l_orth: 1.4961e+02 l_diff: 3.0308e+01 l_align: 1.0943e+02 l_total: 4.4651e+02 
2026-05-22 11:41:44,935 INFO: [topki..][epoch:  5, iter:   3,140, lr:(9.965e-04,)][eta: 9:25:50, time (data): 0.479 (0.133)]l_bij: 1.6552e+02 l_orth: 1.5800e+02 l_diff: 3.8259e+01 l_align: 1.1628e+02 l_total: 4.7805e+02 
2026-05-22 11:41:54,488 INFO: [topki..][epoch:  5, iter:   3,160, lr:(9.965e-04,)][eta: 9:25:19, time (data): 0.479 (0.132)]l_bij: 1.3289e+02 l_orth: 1.3137e+02 l_diff: 3.3361e+01 l_align: 1.0388e+02 l_total: 4.0151e+02 
2026-05-22 11:42:04,058 INFO: [topki..][epoch:  5, iter:   3,180, lr:(9.965e-04,)][eta: 9:24:50, time (data): 0.479 (0.132)]l_bij: 1.1670e+02 l_orth: 1.1625e+02 l_diff: 3.4247e+01 l_align: 9.3371e+01 l_total: 3.6057e+02 
2026-05-22 11:42:13,889 INFO: [topki..][epoch:  5, iter:   3,200, lr:(9.965e-04,)][eta: 9:24:25, time (data): 0.480 (0.132)]l_bij: 1.4238e+02 l_orth: 1.3672e+02 l_diff: 2.7048e+01 l_align: 1.0021e+02 l_total: 4.0636e+02 
2026-05-22 11:42:24,121 INFO: [topki..][epoch:  5, iter:   3,220, lr:(9.965e-04,)][eta: 9:24:09, time (data): 0.528 (0.133)]l_bij: 1.5214e+02 l_orth: 1.4708e+02 l_diff: 3.9050e+01 l_align: 1.1315e+02 l_total: 4.5141e+02 
2026-05-22 11:42:34,103 INFO: [topki..][epoch:  5, iter:   3,240, lr:(9.965e-04,)][eta: 9:23:48, time (data): 0.504 (0.135)]l_bij: 1.7911e+02 l_orth: 1.6830e+02 l_diff: 3.8396e+01 l_align: 1.2222e+02 l_total: 5.0803e+02 
2026-05-22 11:42:43,549 INFO: [topki..][epoch:  5, iter:   3,260, lr:(9.965e-04,)][eta: 9:23:16, time (data): 0.489 (0.132)]l_bij: 1.5317e+02 l_orth: 1.4729e+02 l_diff: 2.9397e+01 l_align: 1.0592e+02 l_total: 4.3578e+02 
2026-05-22 11:42:53,606 INFO: [topki..][epoch:  5, iter:   3,280, lr:(9.965e-04,)][eta: 9:22:57, time (data): 0.494 (0.134)]l_bij: 1.2651e+02 l_orth: 1.2531e+02 l_diff: 3.4239e+01 l_align: 1.0540e+02 l_total: 3.9146e+02 
2026-05-22 11:43:02,998 INFO: [topki..][epoch:  5, iter:   3,300, lr:(9.965e-04,)][eta: 9:22:25, time (data): 0.488 (0.133)]l_bij: 1.3562e+02 l_orth: 1.3379e+02 l_diff: 3.2280e+01 l_align: 1.0388e+02 l_total: 4.0557e+02 
2026-05-22 11:43:13,077 INFO: [topki..][epoch:  5, iter:   3,320, lr:(9.965e-04,)][eta: 9:22:06, time (data): 0.491 (0.133)]l_bij: 1.7839e+02 l_orth: 1.6692e+02 l_diff: 3.0263e+01 l_align: 1.1927e+02 l_total: 4.9484e+02 
2026-05-22 11:43:23,607 INFO: [topki..][epoch:  5, iter:   3,340, lr:(9.965e-04,)][eta: 9:21:56, time (data): 0.497 (0.133)]l_bij: 1.5661e+02 l_orth: 1.4800e+02 l_diff: 3.7679e+01 l_align: 1.0982e+02 l_total: 4.5210e+02 
2026-05-22 11:43:33,328 INFO: [topki..][epoch:  5, iter:   3,360, lr:(9.965e-04,)][eta: 9:21:31, time (data): 0.495 (0.132)]l_bij: 1.3839e+02 l_orth: 1.3470e+02 l_diff: 3.0008e+01 l_align: 1.1241e+02 l_total: 4.1551e+02 
2026-05-22 11:43:42,894 INFO: [topki..][epoch:  5, iter:   3,380, lr:(9.965e-04,)][eta: 9:21:03, time (data): 0.493 (0.132)]l_bij: 1.3424e+02 l_orth: 1.3268e+02 l_diff: 3.2256e+01 l_align: 1.0023e+02 l_total: 3.9941e+02 
2026-05-22 11:43:54,338 INFO: [topki..][epoch:  6, iter:   3,400, lr:(9.945e-04,)][eta: 9:21:11, time (data): 0.502 (0.142)]l_bij: 1.2523e+02 l_orth: 1.2747e+02 l_diff: 3.0812e+01 l_align: 1.0018e+02 l_total: 3.8370e+02 
2026-05-22 11:44:03,376 INFO: [topki..][epoch:  6, iter:   3,420, lr:(9.945e-04,)][eta: 9:20:33, time (data): 0.506 (0.135)]l_bij: 1.2283e+02 l_orth: 1.2401e+02 l_diff: 3.4281e+01 l_align: 1.0171e+02 l_total: 3.8283e+02 
2026-05-22 11:44:12,812 INFO: [topki..][epoch:  6, iter:   3,440, lr:(9.945e-04,)][eta: 9:20:03, time (data): 0.476 (0.126)]l_bij: 9.9997e+00 l_orth: 3.4086e+01 l_diff: 2.5356e+01 l_align: 1.3792e+02 l_total: 2.0737e+02 
2026-05-22 11:44:21,903 INFO: [topki..][epoch:  6, iter:   3,460, lr:(9.945e-04,)][eta: 9:19:27, time (data): 0.466 (0.124)]l_bij: 1.1914e+02 l_orth: 1.1830e+02 l_diff: 3.5001e+01 l_align: 9.8484e+01 l_total: 3.7092e+02 
2026-05-22 11:44:30,828 INFO: [topki..][epoch:  6, iter:   3,480, lr:(9.945e-04,)][eta: 9:18:48, time (data): 0.460 (0.122)]l_bij: 1.2974e+02 l_orth: 1.2774e+02 l_diff: 3.2243e+01 l_align: 9.8069e+01 l_total: 3.8779e+02 
2026-05-22 11:44:40,468 INFO: [topki..][epoch:  6, iter:   3,500, lr:(9.945e-04,)][eta: 9:18:23, time (data): 0.465 (0.124)]l_bij: 1.4763e+02 l_orth: 1.4456e+02 l_diff: 2.9519e+01 l_align: 1.1004e+02 l_total: 4.3175e+02 
2026-05-22 11:44:50,209 INFO: [topki..][epoch:  6, iter:   3,520, lr:(9.945e-04,)][eta: 9:17:59, time (data): 0.469 (0.125)]l_bij: 1.5951e+02 l_orth: 1.5438e+02 l_diff: 3.3976e+01 l_align: 1.1307e+02 l_total: 4.6094e+02 
2026-05-22 11:45:00,086 INFO: [topki..][epoch:  6, iter:   3,540, lr:(9.945e-04,)][eta: 9:17:38, time (data): 0.473 (0.127)]l_bij: 1.4802e+02 l_orth: 1.4363e+02 l_diff: 3.5867e+01 l_align: 1.0646e+02 l_total: 4.3398e+02 
2026-05-22 11:45:10,397 INFO: [topki..][epoch:  6, iter:   3,560, lr:(9.945e-04,)][eta: 9:17:26, time (data): 0.479 (0.128)]l_bij: 1.5129e+02 l_orth: 1.4593e+02 l_diff: 3.3063e+01 l_align: 1.1088e+02 l_total: 4.4116e+02 
2026-05-22 11:45:20,112 INFO: [topki..][epoch:  6, iter:   3,580, lr:(9.945e-04,)][eta: 9:17:02, time (data): 0.480 (0.129)]l_bij: 1.4488e+02 l_orth: 1.4262e+02 l_diff: 3.3447e+01 l_align: 1.1329e+02 l_total: 4.3424e+02 
2026-05-22 11:45:29,896 INFO: [topki..][epoch:  6, iter:   3,600, lr:(9.945e-04,)][eta: 9:16:40, time (data): 0.481 (0.129)]l_bij: 1.2794e+02 l_orth: 1.2709e+02 l_diff: 3.1012e+01 l_align: 1.0321e+02 l_total: 3.8924e+02 
2026-05-22 11:45:39,436 INFO: [topki..][epoch:  6, iter:   3,620, lr:(9.945e-04,)][eta: 9:16:14, time (data): 0.458 (0.121)]l_bij: 1.6639e+02 l_orth: 1.5979e+02 l_diff: 3.4541e+01 l_align: 1.1335e+02 l_total: 4.7407e+02 
2026-05-22 11:45:48,571 INFO: [topki..][epoch:  6, iter:   3,640, lr:(9.945e-04,)][eta: 9:15:40, time (data): 0.457 (0.122)]l_bij: 1.5340e+02 l_orth: 1.4719e+02 l_diff: 3.7845e+01 l_align: 1.1141e+02 l_total: 4.4984e+02 
2026-05-22 11:45:58,026 INFO: [topki..][epoch:  6, iter:   3,660, lr:(9.945e-04,)][eta: 9:15:13, time (data): 0.464 (0.120)]l_bij: 1.7061e+02 l_orth: 1.6135e+02 l_diff: 3.1774e+01 l_align: 1.1356e+02 l_total: 4.7730e+02 
2026-05-22 11:46:07,123 INFO: [topki..][epoch:  6, iter:   3,680, lr:(9.945e-04,)][eta: 9:14:40, time (data): 0.461 (0.121)]l_bij: 1.5990e+02 l_orth: 1.5533e+02 l_diff: 3.3227e+01 l_align: 1.0973e+02 l_total: 4.5818e+02 
2026-05-22 11:46:15,872 INFO: [topki..][epoch:  6, iter:   3,700, lr:(9.945e-04,)][eta: 9:14:00, time (data): 0.455 (0.119)]l_bij: 1.4572e+02 l_orth: 1.4231e+02 l_diff: 2.7727e+01 l_align: 1.0967e+02 l_total: 4.2543e+02 
2026-05-22 11:46:25,097 INFO: [topki..][epoch:  6, iter:   3,720, lr:(9.945e-04,)][eta: 9:13:30, time (data): 0.457 (0.121)]l_bij: 1.2975e+02 l_orth: 1.2870e+02 l_diff: 3.5480e+01 l_align: 9.8647e+01 l_total: 3.9257e+02 
2026-05-22 11:46:34,279 INFO: [topki..][epoch:  6, iter:   3,740, lr:(9.945e-04,)][eta: 9:12:59, time (data): 0.457 (0.122)]l_bij: 1.5893e+02 l_orth: 1.5351e+02 l_diff: 3.0084e+01 l_align: 1.1021e+02 l_total: 4.5273e+02 
2026-05-22 11:46:42,862 INFO: [topki..][epoch:  6, iter:   3,760, lr:(9.945e-04,)][eta: 9:12:18, time (data): 0.453 (0.120)]l_bij: 1.5734e+02 l_orth: 1.5256e+02 l_diff: 2.8985e+01 l_align: 1.0324e+02 l_total: 4.4213e+02 
2026-05-22 11:46:51,621 INFO: [topki..][epoch:  6, iter:   3,780, lr:(9.945e-04,)][eta: 9:11:40, time (data): 0.451 (0.119)]l_bij: 1.5781e+02 l_orth: 1.5504e+02 l_diff: 2.6590e+01 l_align: 1.1229e+02 l_total: 4.5173e+02 
2026-05-22 11:47:01,157 INFO: [topki..][epoch:  6, iter:   3,800, lr:(9.945e-04,)][eta: 9:11:15, time (data): 0.454 (0.120)]l_bij: 1.6301e+02 l_orth: 1.5572e+02 l_diff: 2.9983e+01 l_align: 1.1139e+02 l_total: 4.6010e+02 
2026-05-22 11:47:10,652 INFO: [topki..][epoch:  6, iter:   3,820, lr:(9.945e-04,)][eta: 9:10:50, time (data): 0.485 (0.112)]l_bij: 1.3685e+02 l_orth: 1.3548e+02 l_diff: 3.0164e+01 l_align: 1.0139e+02 l_total: 4.0389e+02 
2026-05-22 11:47:20,393 INFO: [topki..][epoch:  6, iter:   3,840, lr:(9.945e-04,)][eta: 9:10:30, time (data): 0.487 (0.135)]l_bij: 9.6668e+01 l_orth: 1.0116e+02 l_diff: 3.0085e+01 l_align: 9.7128e+01 l_total: 3.2504e+02 
2026-05-22 11:47:30,113 INFO: [topki..][epoch:  6, iter:   3,860, lr:(9.945e-04,)][eta: 9:10:09, time (data): 0.486 (0.133)]l_bij: 1.4371e+02 l_orth: 1.3970e+02 l_diff: 3.6633e+01 l_align: 1.0616e+02 l_total: 4.2621e+02 
2026-05-22 11:47:40,219 INFO: [topki..][epoch:  6, iter:   3,880, lr:(9.945e-04,)][eta: 9:09:54, time (data): 0.493 (0.133)]l_bij: 1.5094e+02 l_orth: 1.4569e+02 l_diff: 4.6247e+01 l_align: 1.0918e+02 l_total: 4.5206e+02 
2026-05-22 11:47:49,453 INFO: [topki..][epoch:  6, iter:   3,900, lr:(9.945e-04,)][eta: 9:09:26, time (data): 0.485 (0.130)]l_bij: 1.3761e+02 l_orth: 1.3425e+02 l_diff: 2.6047e+01 l_align: 9.5167e+01 l_total: 3.9308e+02 
2026-05-22 11:47:58,254 INFO: [topki..][epoch:  6, iter:   3,920, lr:(9.945e-04,)][eta: 9:08:50, time (data): 0.476 (0.128)]l_bij: 1.6120e+02 l_orth: 1.5585e+02 l_diff: 3.6528e+01 l_align: 1.0589e+02 l_total: 4.5948e+02 
2026-05-22 11:48:07,079 INFO: [topki..][epoch:  6, iter:   3,940, lr:(9.945e-04,)][eta: 9:08:15, time (data): 0.470 (0.126)]l_bij: 1.4242e+02 l_orth: 1.4125e+02 l_diff: 3.5923e+01 l_align: 1.0371e+02 l_total: 4.2330e+02 
2026-05-22 11:48:17,346 INFO: [topki..][epoch:  6, iter:   3,960, lr:(9.945e-04,)][eta: 9:08:04, time (data): 0.476 (0.127)]l_bij: 1.1788e+02 l_orth: 1.2009e+02 l_diff: 3.1456e+01 l_align: 1.0128e+02 l_total: 3.7071e+02 
2026-05-22 11:48:27,453 INFO: [topki..][epoch:  6, iter:   3,980, lr:(9.945e-04,)][eta: 9:07:50, time (data): 0.480 (0.128)]l_bij: 1.6027e+02 l_orth: 1.5376e+02 l_diff: 3.1749e+01 l_align: 1.0903e+02 l_total: 4.5481e+02 
2026-05-22 11:48:36,763 INFO: [topki..][epoch:  6, iter:   4,000, lr:(9.945e-04,)][eta: 9:07:23, time (data): 0.478 (0.128)]l_bij: 8.1633e+01 l_orth: 9.1638e+01 l_diff: 3.1158e+01 l_align: 9.3122e+01 l_total: 2.9755e+02 
2026-05-22 11:48:36,764 INFO: Saving models and training states.
2026-05-22 11:48:36,783 INFO: Start validation.
2026-05-22 11:50:29,026 INFO: Avg time: 0.1050
2026-05-22 11:50:29,162 INFO: Val auc: 0.6739
2026-05-22 11:50:29,168 INFO: Val avg error: 0.0680
2026-05-22 11:50:29,173 INFO: Best model is updated, average geodesic error: 0.0680
2026-05-22 11:50:39,339 INFO: [topki..][epoch:  6, iter:   4,020, lr:(9.945e-04,)][eta: 9:36:48, time (data): 0.480 (0.128)]l_bij: 1.2900e+02 l_orth: 1.2815e+02 l_diff: 3.3974e+01 l_align: 1.0005e+02 l_total: 3.9118e+02 
2026-05-22 11:50:49,928 INFO: [topki..][epoch:  6, iter:   4,040, lr:(9.945e-04,)][eta: 9:36:32, time (data): 0.529 (0.135)]l_bij: 1.4398e+02 l_orth: 1.4125e+02 l_diff: 3.5067e+01 l_align: 1.0525e+02 l_total: 4.2555e+02 
2026-05-22 11:51:01,307 INFO: [topki..][epoch:  7, iter:   4,060, lr:(9.920e-04,)][eta: 9:36:29, time (data): 0.549 (0.173)]l_bij: 1.2035e+02 l_orth: 1.2159e+02 l_diff: 2.8363e+01 l_align: 1.0103e+02 l_total: 3.7134e+02 
2026-05-22 11:51:10,553 INFO: [topki..][epoch:  7, iter:   4,080, lr:(9.920e-04,)][eta: 9:35:53, time (data): 0.520 (0.156)]l_bij: 1.4659e+02 l_orth: 1.4327e+02 l_diff: 3.1544e+01 l_align: 1.0467e+02 l_total: 4.2607e+02 
2026-05-22 11:51:19,584 INFO: [topki..][epoch:  7, iter:   4,100, lr:(9.920e-04,)][eta: 9:35:13, time (data): 0.503 (0.145)]l_bij: 1.4425e+02 l_orth: 1.4157e+02 l_diff: 3.7719e+01 l_align: 1.1012e+02 l_total: 4.3366e+02 
2026-05-22 11:51:28,705 INFO: [topki..][epoch:  7, iter:   4,120, lr:(9.920e-04,)][eta: 9:34:35, time (data): 0.494 (0.138)]l_bij: 8.9369e+01 l_orth: 9.6077e+01 l_diff: 2.8616e+01 l_align: 1.0013e+02 l_total: 3.1419e+02 
2026-05-22 11:51:38,205 INFO: [topki..][epoch:  7, iter:   4,140, lr:(9.920e-04,)][eta: 9:34:03, time (data): 0.490 (0.136)]l_bij: 8.7949e+01 l_orth: 9.3624e+01 l_diff: 2.3229e+01 l_align: 8.5285e+01 l_total: 2.9009e+02 
2026-05-22 11:51:47,849 INFO: [topki..][epoch:  7, iter:   4,160, lr:(9.920e-04,)][eta: 9:33:34, time (data): 0.489 (0.135)]l_bij: 1.2652e+02 l_orth: 1.2520e+02 l_diff: 2.7712e+01 l_align: 9.8792e+01 l_total: 3.7823e+02 
2026-05-22 11:51:57,303 INFO: [topki..][epoch:  7, iter:   4,180, lr:(9.920e-04,)][eta: 9:33:02, time (data): 0.487 (0.135)]l_bij: 1.3868e+02 l_orth: 1.3381e+02 l_diff: 3.6658e+01 l_align: 1.0020e+02 l_total: 4.0935e+02 
2026-05-22 11:52:07,694 INFO: [topki..][epoch:  7, iter:   4,200, lr:(9.920e-04,)][eta: 9:32:44, time (data): 0.491 (0.135)]l_bij: 1.3763e+02 l_orth: 1.3443e+02 l_diff: 3.2951e+01 l_align: 1.0214e+02 l_total: 4.0714e+02 
2026-05-22 11:52:17,527 INFO: [topki..][epoch:  7, iter:   4,220, lr:(9.920e-04,)][eta: 9:32:19, time (data): 0.491 (0.134)]l_bij: 1.1527e+02 l_orth: 1.1590e+02 l_diff: 3.2472e+01 l_align: 9.1949e+01 l_total: 3.5559e+02 
2026-05-22 11:52:27,379 INFO: [topki..][epoch:  7, iter:   4,240, lr:(9.920e-04,)][eta: 9:31:53, time (data): 0.492 (0.126)]l_bij: 1.2812e+02 l_orth: 1.2752e+02 l_diff: 2.7311e+01 l_align: 9.9749e+01 l_total: 3.8270e+02 
2026-05-22 11:52:36,938 INFO: [topki..][epoch:  7, iter:   4,260, lr:(9.920e-04,)][eta: 9:31:23, time (data): 0.485 (0.127)]l_bij: 1.1133e+02 l_orth: 1.1381e+02 l_diff: 3.3596e+01 l_align: 1.0389e+02 l_total: 3.6263e+02 
2026-05-22 11:52:46,718 INFO: [topki..][epoch:  7, iter:   4,280, lr:(9.920e-04,)][eta: 9:30:57, time (data): 0.486 (0.130)]l_bij: 1.1408e+02 l_orth: 1.1623e+02 l_diff: 3.0822e+01 l_align: 9.8588e+01 l_total: 3.5972e+02 
2026-05-22 11:52:56,206 INFO: [topki..][epoch:  7, iter:   4,300, lr:(9.920e-04,)][eta: 9:30:27, time (data): 0.483 (0.130)]l_bij: 7.6136e+01 l_orth: 8.7280e+01 l_diff: 2.7805e+01 l_align: 1.0337e+02 l_total: 2.9460e+02 
2026-05-22 11:53:05,854 INFO: [topki..][epoch:  7, iter:   4,320, lr:(9.920e-04,)][eta: 9:29:59, time (data): 0.483 (0.130)]l_bij: 1.1525e+02 l_orth: 1.1632e+02 l_diff: 2.9484e+01 l_align: 8.9461e+01 l_total: 3.5052e+02 
2026-05-22 11:53:15,371 INFO: [topki..][epoch:  7, iter:   4,340, lr:(9.920e-04,)][eta: 9:29:29, time (data): 0.482 (0.130)]l_bij: 1.2489e+02 l_orth: 1.2301e+02 l_diff: 2.7890e+01 l_align: 8.4353e+01 l_total: 3.6014e+02 
2026-05-22 11:53:25,733 INFO: [topki..][epoch:  7, iter:   4,360, lr:(9.920e-04,)][eta: 9:29:12, time (data): 0.487 (0.131)]l_bij: 1.1649e+02 l_orth: 1.1814e+02 l_diff: 2.9684e+01 l_align: 9.6267e+01 l_total: 3.6059e+02 
2026-05-22 11:53:35,150 INFO: [topki..][epoch:  7, iter:   4,380, lr:(9.920e-04,)][eta: 9:28:41, time (data): 0.485 (0.130)]l_bij: 1.2277e+02 l_orth: 1.2307e+02 l_diff: 3.2455e+01 l_align: 9.8732e+01 l_total: 3.7703e+02 
2026-05-22 11:53:44,794 INFO: [topki..][epoch:  7, iter:   4,400, lr:(9.920e-04,)][eta: 9:28:14, time (data): 0.485 (0.130)]l_bij: 1.2842e+02 l_orth: 1.2986e+02 l_diff: 3.6720e+01 l_align: 9.9277e+01 l_total: 3.9428e+02 
2026-05-22 11:53:54,571 INFO: [topki..][epoch:  7, iter:   4,420, lr:(9.920e-04,)][eta: 9:27:48, time (data): 0.485 (0.129)]l_bij: 1.2695e+02 l_orth: 1.2933e+02 l_diff: 3.5610e+01 l_align: 9.9190e+01 l_total: 3.9108e+02 
2026-05-22 11:54:04,245 INFO: [topki..][epoch:  7, iter:   4,440, lr:(9.920e-04,)][eta: 9:27:22, time (data): 0.483 (0.129)]l_bij: 1.3731e+02 l_orth: 1.3614e+02 l_diff: 3.5071e+01 l_align: 1.0045e+02 l_total: 4.0897e+02 
2026-05-22 11:54:13,873 INFO: [topki..][epoch:  7, iter:   4,460, lr:(9.920e-04,)][eta: 9:26:55, time (data): 0.482 (0.130)]l_bij: 1.0535e+02 l_orth: 1.0916e+02 l_diff: 3.0446e+01 l_align: 9.3968e+01 l_total: 3.3892e+02 
2026-05-22 11:54:23,325 INFO: [topki..][epoch:  7, iter:   4,480, lr:(9.920e-04,)][eta: 9:26:25, time (data): 0.479 (0.129)]l_bij: 1.1222e+02 l_orth: 1.1585e+02 l_diff: 2.2768e+01 l_align: 9.2271e+01 l_total: 3.4311e+02 
2026-05-22 11:54:33,827 INFO: [topki..][epoch:  7, iter:   4,500, lr:(9.920e-04,)][eta: 9:26:11, time (data): 0.491 (0.132)]l_bij: 9.8514e+01 l_orth: 1.0688e+02 l_diff: 2.3121e+01 l_align: 9.6134e+01 l_total: 3.2465e+02 
2026-05-22 11:54:43,226 INFO: [topki..][epoch:  7, iter:   4,520, lr:(9.920e-04,)][eta: 9:25:41, time (data): 0.486 (0.131)]l_bij: 1.1080e+02 l_orth: 1.1174e+02 l_diff: 3.4899e+01 l_align: 9.3234e+01 l_total: 3.5067e+02 
2026-05-22 11:54:52,577 INFO: [topki..][epoch:  7, iter:   4,540, lr:(9.920e-04,)][eta: 9:25:11, time (data): 0.483 (0.130)]l_bij: 1.2678e+02 l_orth: 1.2673e+02 l_diff: 3.1503e+01 l_align: 9.3821e+01 l_total: 3.7883e+02 
2026-05-22 11:55:01,002 INFO: [topki..][epoch:  7, iter:   4,560, lr:(9.920e-04,)][eta: 9:24:28, time (data): 0.474 (0.127)]l_bij: 1.0464e+02 l_orth: 1.0820e+02 l_diff: 2.7014e+01 l_align: 8.8742e+01 l_total: 3.2860e+02 
2026-05-22 11:55:10,459 INFO: [topki..][epoch:  7, iter:   4,580, lr:(9.920e-04,)][eta: 9:23:59, time (data): 0.474 (0.126)]l_bij: 1.3603e+02 l_orth: 1.3478e+02 l_diff: 3.1015e+01 l_align: 1.0130e+02 l_total: 4.0312e+02 
2026-05-22 11:55:20,092 INFO: [topki..][epoch:  7, iter:   4,600, lr:(9.920e-04,)][eta: 9:23:33, time (data): 0.475 (0.126)]l_bij: 1.0739e+02 l_orth: 1.1300e+02 l_diff: 3.0638e+01 l_align: 9.4023e+01 l_total: 3.4505e+02 
2026-05-22 11:55:28,774 INFO: [topki..][epoch:  7, iter:   4,620, lr:(9.920e-04,)][eta: 9:22:55, time (data): 0.471 (0.125)]l_bij: 1.0695e+02 l_orth: 1.1151e+02 l_diff: 2.8319e+01 l_align: 9.7427e+01 l_total: 3.4421e+02 
2026-05-22 11:55:37,798 INFO: [topki..][epoch:  7, iter:   4,640, lr:(9.920e-04,)][eta: 9:22:21, time (data): 0.457 (0.124)]l_bij: 1.0459e+02 l_orth: 1.0905e+02 l_diff: 2.8598e+01 l_align: 9.0758e+01 l_total: 3.3299e+02 
2026-05-22 11:55:47,628 INFO: [topki..][epoch:  7, iter:   4,660, lr:(9.920e-04,)][eta: 9:21:58, time (data): 0.476 (0.130)]l_bij: 1.0374e+02 l_orth: 1.0735e+02 l_diff: 2.5755e+01 l_align: 9.1259e+01 l_total: 3.2810e+02 
2026-05-22 11:55:57,293 INFO: [topki..][epoch:  7, iter:   4,680, lr:(9.920e-04,)][eta: 9:21:33, time (data): 0.478 (0.129)]l_bij: 1.2029e+02 l_orth: 1.2524e+02 l_diff: 2.4629e+01 l_align: 9.8788e+01 l_total: 3.6895e+02 
2026-05-22 11:56:07,252 INFO: [topki..][epoch:  7, iter:   4,700, lr:(9.920e-04,)][eta: 9:21:12, time (data): 0.483 (0.133)]l_bij: 1.3262e+02 l_orth: 1.3197e+02 l_diff: 3.4693e+01 l_align: 1.0004e+02 l_total: 3.9932e+02 
2026-05-22 11:56:17,128 INFO: [topki..][epoch:  7, iter:   4,720, lr:(9.920e-04,)][eta: 9:20:51, time (data): 0.485 (0.132)]l_bij: 1.0766e+02 l_orth: 1.0988e+02 l_diff: 2.9220e+01 l_align: 8.4629e+01 l_total: 3.3138e+02 
2026-05-22 11:56:28,862 INFO: [topki..][epoch:  8, iter:   4,740, lr:(9.892e-04,)][eta: 9:20:54, time (data): 0.503 (0.148)]l_bij: 1.0591e+02 l_orth: 1.1002e+02 l_diff: 2.6305e+01 l_align: 8.9629e+01 l_total: 3.3187e+02 
2026-05-22 11:56:37,831 INFO: [topki..][epoch:  8, iter:   4,760, lr:(9.892e-04,)][eta: 9:20:20, time (data): 0.495 (0.143)]l_bij: 1.3472e+02 l_orth: 1.3316e+02 l_diff: 3.8864e+01 l_align: 9.8928e+01 l_total: 4.0566e+02 
2026-05-22 11:56:46,402 INFO: [topki..][epoch:  8, iter:   4,780, lr:(9.892e-04,)][eta: 9:19:41, time (data): 0.486 (0.138)]l_bij: 1.4162e+02 l_orth: 1.4028e+02 l_diff: 3.2996e+01 l_align: 1.0655e+02 l_total: 4.2144e+02 
2026-05-22 11:56:56,051 INFO: [topki..][epoch:  8, iter:   4,800, lr:(9.892e-04,)][eta: 9:19:17, time (data): 0.486 (0.137)]l_bij: 1.4571e+02 l_orth: 1.4375e+02 l_diff: 3.1528e+01 l_align: 1.1012e+02 l_total: 4.3110e+02 
2026-05-22 11:57:05,769 INFO: [topki..][epoch:  8, iter:   4,820, lr:(9.892e-04,)][eta: 9:18:54, time (data): 0.486 (0.136)]l_bij: 1.2260e+02 l_orth: 1.2527e+02 l_diff: 3.1560e+01 l_align: 9.3171e+01 l_total: 3.7260e+02 
2026-05-22 11:57:16,092 INFO: [topki..][epoch:  8, iter:   4,840, lr:(9.892e-04,)][eta: 9:18:38, time (data): 0.523 (0.137)]l_bij: 7.7765e+00 l_orth: 3.8988e+01 l_diff: 2.1630e+01 l_align: 1.2075e+02 l_total: 1.8915e+02 
2026-05-22 11:57:26,033 INFO: [topki..][epoch:  8, iter:   4,860, lr:(9.892e-04,)][eta: 9:18:18, time (data): 0.509 (0.133)]l_bij: 1.2147e+02 l_orth: 1.2428e+02 l_diff: 3.4274e+01 l_align: 9.6612e+01 l_total: 3.7664e+02 
2026-05-22 11:57:35,518 INFO: [topki..][epoch:  8, iter:   4,880, lr:(9.892e-04,)][eta: 9:17:52, time (data): 0.496 (0.130)]l_bij: 1.0952e+02 l_orth: 1.1145e+02 l_diff: 2.9023e+01 l_align: 9.6222e+01 l_total: 3.4622e+02 
2026-05-22 11:57:45,182 INFO: [topki..][epoch:  8, iter:   4,900, lr:(9.892e-04,)][eta: 9:17:28, time (data): 0.493 (0.129)]l_bij: 8.9062e+01 l_orth: 9.5393e+01 l_diff: 2.6286e+01 l_align: 8.8840e+01 l_total: 2.9958e+02 
2026-05-22 11:57:55,321 INFO: [topki..][epoch:  8, iter:   4,920, lr:(9.892e-04,)][eta: 9:17:11, time (data): 0.496 (0.130)]l_bij: 1.0965e+02 l_orth: 1.1571e+02 l_diff: 3.0338e+01 l_align: 9.5539e+01 l_total: 3.5124e+02 
2026-05-22 11:58:04,614 INFO: [topki..][epoch:  8, iter:   4,940, lr:(9.892e-04,)][eta: 9:16:43, time (data): 0.490 (0.128)]l_bij: 1.0161e+02 l_orth: 1.0556e+02 l_diff: 3.2477e+01 l_align: 8.4395e+01 l_total: 3.2404e+02 
2026-05-22 11:58:14,250 INFO: [topki..][epoch:  8, iter:   4,960, lr:(9.892e-04,)][eta: 9:16:19, time (data): 0.489 (0.128)]l_bij: 1.1614e+02 l_orth: 1.2124e+02 l_diff: 2.9709e+01 l_align: 1.0032e+02 l_total: 3.6742e+02 
2026-05-22 11:58:23,233 INFO: [topki..][epoch:  8, iter:   4,980, lr:(9.892e-04,)][eta: 9:15:48, time (data): 0.484 (0.126)]l_bij: 9.9025e+01 l_orth: 1.0652e+02 l_diff: 3.2506e+01 l_align: 9.7461e+01 l_total: 3.3551e+02 
2026-05-22 11:58:33,032 INFO: [topki..][epoch:  8, iter:   5,000, lr:(9.892e-04,)][eta: 9:15:26, time (data): 0.485 (0.127)]l_bij: 1.4711e+02 l_orth: 1.4400e+02 l_diff: 3.6402e+01 l_align: 1.0312e+02 l_total: 4.3062e+02 
2026-05-22 11:58:42,815 INFO: [topki..][epoch:  8, iter:   5,020, lr:(9.892e-04,)][eta: 9:15:05, time (data): 0.485 (0.128)]l_bij: 1.1763e+02 l_orth: 1.1976e+02 l_diff: 2.8216e+01 l_align: 8.9368e+01 l_total: 3.5498e+02 
2026-05-22 11:58:52,386 INFO: [topki..][epoch:  8, iter:   5,040, lr:(9.892e-04,)][eta: 9:14:41, time (data): 0.486 (0.129)]l_bij: 1.2443e+02 l_orth: 1.2589e+02 l_diff: 3.5335e+01 l_align: 1.0106e+02 l_total: 3.8671e+02 
2026-05-22 11:59:02,176 INFO: [topki..][epoch:  8, iter:   5,060, lr:(9.892e-04,)][eta: 9:14:20, time (data): 0.488 (0.128)]l_bij: 1.0368e+02 l_orth: 1.0949e+02 l_diff: 3.5926e+01 l_align: 9.2927e+01 l_total: 3.4202e+02 
2026-05-22 11:59:11,619 INFO: [topki..][epoch:  8, iter:   5,080, lr:(9.892e-04,)][eta: 9:13:54, time (data): 0.482 (0.128)]l_bij: 1.1573e+02 l_orth: 1.1869e+02 l_diff: 3.5380e+01 l_align: 9.7849e+01 l_total: 3.6765e+02 
2026-05-22 11:59:21,209 INFO: [topki..][epoch:  8, iter:   5,100, lr:(9.892e-04,)][eta: 9:13:31, time (data): 0.481 (0.128)]l_bij: 1.2633e+02 l_orth: 1.2635e+02 l_diff: 2.7129e+01 l_align: 9.5320e+01 l_total: 3.7513e+02 
2026-05-22 11:59:30,663 INFO: [topki..][epoch:  8, iter:   5,120, lr:(9.892e-04,)][eta: 9:13:06, time (data): 0.480 (0.128)]l_bij: 1.1236e+02 l_orth: 1.1701e+02 l_diff: 3.5951e+01 l_align: 9.9410e+01 l_total: 3.6473e+02 
2026-05-22 11:59:40,130 INFO: [topki..][epoch:  8, iter:   5,140, lr:(9.892e-04,)][eta: 9:12:41, time (data): 0.478 (0.126)]l_bij: 1.1690e+02 l_orth: 1.1785e+02 l_diff: 2.5794e+01 l_align: 9.4089e+01 l_total: 3.5463e+02 
2026-05-22 11:59:50,206 INFO: [topki..][epoch:  8, iter:   5,160, lr:(9.892e-04,)][eta: 9:12:24, time (data): 0.482 (0.129)]l_bij: 1.1224e+02 l_orth: 1.1514e+02 l_diff: 3.0469e+01 l_align: 9.2142e+01 l_total: 3.4999e+02 
2026-05-22 12:00:00,193 INFO: [topki..][epoch:  8, iter:   5,180, lr:(9.892e-04,)][eta: 9:12:06, time (data): 0.484 (0.130)]l_bij: 1.0018e+02 l_orth: 1.0625e+02 l_diff: 3.2740e+01 l_align: 9.7365e+01 l_total: 3.3653e+02 
2026-05-22 12:00:10,138 INFO: [topki..][epoch:  8, iter:   5,200, lr:(9.892e-04,)][eta: 9:11:47, time (data): 0.486 (0.130)]l_bij: 1.0293e+02 l_orth: 1.0796e+02 l_diff: 2.9607e+01 l_align: 8.9777e+01 l_total: 3.3027e+02 
2026-05-22 12:00:19,687 INFO: [topki..][epoch:  8, iter:   5,220, lr:(9.892e-04,)][eta: 9:11:24, time (data): 0.485 (0.130)]l_bij: 1.3975e+02 l_orth: 1.3918e+02 l_diff: 3.0473e+01 l_align: 1.0287e+02 l_total: 4.1226e+02 
2026-05-22 12:00:29,732 INFO: [topki..][epoch:  8, iter:   5,240, lr:(9.892e-04,)][eta: 9:11:07, time (data): 0.497 (0.130)]l_bij: 9.4752e+01 l_orth: 1.0180e+02 l_diff: 2.9194e+01 l_align: 9.8173e+01 l_total: 3.2391e+02 
2026-05-22 12:00:39,203 INFO: [topki..][epoch:  8, iter:   5,260, lr:(9.892e-04,)][eta: 9:10:43, time (data): 0.483 (0.130)]l_bij: 1.0189e+02 l_orth: 1.0425e+02 l_diff: 4.0546e+01 l_align: 8.1568e+01 l_total: 3.2825e+02 
2026-05-22 12:00:48,970 INFO: [topki..][epoch:  8, iter:   5,280, lr:(9.892e-04,)][eta: 9:10:22, time (data): 0.485 (0.132)]l_bij: 1.1270e+02 l_orth: 1.1316e+02 l_diff: 2.5750e+01 l_align: 8.8398e+01 l_total: 3.4001e+02 
2026-05-22 12:00:59,261 INFO: [topki..][epoch:  8, iter:   5,300, lr:(9.892e-04,)][eta: 9:10:08, time (data): 0.493 (0.133)]l_bij: 1.2882e+02 l_orth: 1.2850e+02 l_diff: 3.3670e+01 l_align: 9.9075e+01 l_total: 3.9007e+02 
2026-05-22 12:01:09,636 INFO: [topki..][epoch:  8, iter:   5,320, lr:(9.892e-04,)][eta: 9:09:55, time (data): 0.498 (0.136)]l_bij: 1.3428e+02 l_orth: 1.3590e+02 l_diff: 3.1109e+01 l_align: 1.0216e+02 l_total: 4.0345e+02 
2026-05-22 12:01:19,027 INFO: [topki..][epoch:  8, iter:   5,340, lr:(9.892e-04,)][eta: 9:09:30, time (data): 0.493 (0.134)]l_bij: 1.0236e+02 l_orth: 1.0775e+02 l_diff: 3.1264e+01 l_align: 8.4044e+01 l_total: 3.2542e+02 
2026-05-22 12:01:29,209 INFO: [topki..][epoch:  8, iter:   5,360, lr:(9.892e-04,)][eta: 9:09:15, time (data): 0.496 (0.134)]l_bij: 1.0918e+02 l_orth: 1.1190e+02 l_diff: 3.0634e+01 l_align: 9.0715e+01 l_total: 3.4242e+02 
2026-05-22 12:01:38,751 INFO: [topki..][epoch:  8, iter:   5,380, lr:(9.892e-04,)][eta: 9:08:52, time (data): 0.493 (0.134)]l_bij: 9.2759e+01 l_orth: 9.9440e+01 l_diff: 2.6279e+01 l_align: 8.7041e+01 l_total: 3.0552e+02 
2026-05-22 12:01:48,821 INFO: [topki..][epoch:  8, iter:   5,400, lr:(9.892e-04,)][eta: 9:08:36, time (data): 0.494 (0.134)]l_bij: 8.7856e+01 l_orth: 9.8412e+01 l_diff: 2.9127e+01 l_align: 9.0243e+01 l_total: 3.0564e+02 
2026-05-22 12:02:01,068 INFO: [topki..][epoch:  9, iter:   5,420, lr:(9.859e-04,)][eta: 9:08:44, time (data): 0.507 (0.145)]l_bij: 1.3437e+02 l_orth: 1.3305e+02 l_diff: 3.1581e+01 l_align: 9.8201e+01 l_total: 3.9720e+02 
2026-05-22 12:02:10,424 INFO: [topki..][epoch:  9, iter:   5,440, lr:(9.859e-04,)][eta: 9:08:19, time (data): 0.469 (0.123)]l_bij: 1.2161e+02 l_orth: 1.2451e+02 l_diff: 3.0649e+01 l_align: 9.7000e+01 l_total: 3.7377e+02 
2026-05-22 12:02:20,541 INFO: [topki..][epoch:  9, iter:   5,460, lr:(9.859e-04,)][eta: 9:08:04, time (data): 0.491 (0.128)]l_bij: 1.0787e+02 l_orth: 1.1318e+02 l_diff: 3.1632e+01 l_align: 9.2146e+01 l_total: 3.4483e+02 
2026-05-22 12:02:30,004 INFO: [topki..][epoch:  9, iter:   5,480, lr:(9.859e-04,)][eta: 9:07:40, time (data): 0.484 (0.129)]l_bij: 1.0897e+02 l_orth: 1.1170e+02 l_diff: 3.4590e+01 l_align: 8.8605e+01 l_total: 3.4386e+02 
2026-05-22 12:02:39,401 INFO: [topki..][epoch:  9, iter:   5,500, lr:(9.859e-04,)][eta: 9:07:16, time (data): 0.480 (0.129)]l_bij: 1.0050e+02 l_orth: 1.0661e+02 l_diff: 3.3968e+01 l_align: 9.2225e+01 l_total: 3.3330e+02 
2026-05-22 12:02:49,399 INFO: [topki..][epoch:  9, iter:   5,520, lr:(9.859e-04,)][eta: 9:06:59, time (data): 0.485 (0.130)]l_bij: 1.0040e+02 l_orth: 1.0457e+02 l_diff: 3.2243e+01 l_align: 8.4696e+01 l_total: 3.2191e+02 
2026-05-22 12:02:58,688 INFO: [topki..][epoch:  9, iter:   5,540, lr:(9.859e-04,)][eta: 9:06:34, time (data): 0.481 (0.128)]l_bij: 1.1716e+02 l_orth: 1.1930e+02 l_diff: 3.0849e+01 l_align: 9.4433e+01 l_total: 3.6174e+02 
2026-05-22 12:03:08,295 INFO: [topki..][epoch:  9, iter:   5,560, lr:(9.859e-04,)][eta: 9:06:13, time (data): 0.481 (0.128)]l_bij: 9.2885e+01 l_orth: 1.0125e+02 l_diff: 3.1554e+01 l_align: 8.9416e+01 l_total: 3.1510e+02 
2026-05-22 12:03:17,774 INFO: [topki..][epoch:  9, iter:   5,580, lr:(9.859e-04,)][eta: 9:05:50, time (data): 0.480 (0.128)]l_bij: 1.3247e+02 l_orth: 1.3085e+02 l_diff: 3.4348e+01 l_align: 9.1796e+01 l_total: 3.8947e+02 
2026-05-22 12:03:26,444 INFO: [topki..][epoch:  9, iter:   5,600, lr:(9.859e-04,)][eta: 9:05:19, time (data): 0.475 (0.126)]l_bij: 9.9518e+01 l_orth: 1.0625e+02 l_diff: 3.0515e+01 l_align: 8.8451e+01 l_total: 3.2473e+02 
2026-05-22 12:03:35,676 INFO: [topki..][epoch:  9, iter:   5,620, lr:(9.859e-04,)][eta: 9:04:54, time (data): 0.473 (0.126)]l_bij: 9.0706e+01 l_orth: 9.7785e+01 l_diff: 3.1837e+01 l_align: 8.7959e+01 l_total: 3.0829e+02 
2026-05-22 12:03:45,311 INFO: [topki..][epoch:  9, iter:   5,640, lr:(9.859e-04,)][eta: 9:04:33, time (data): 0.475 (0.127)]l_bij: 8.8659e+01 l_orth: 9.7056e+01 l_diff: 2.5714e+01 l_align: 8.6464e+01 l_total: 2.9789e+02 
2026-05-22 12:03:55,512 INFO: [topki..][epoch:  9, iter:   5,660, lr:(9.859e-04,)][eta: 9:04:19, time (data): 0.497 (0.131)]l_bij: 1.1019e+02 l_orth: 1.1539e+02 l_diff: 3.1093e+01 l_align: 9.4508e+01 l_total: 3.5117e+02 
2026-05-22 12:04:05,278 INFO: [topki..][epoch:  9, iter:   5,680, lr:(9.859e-04,)][eta: 9:04:00, time (data): 0.493 (0.131)]l_bij: 1.0511e+02 l_orth: 1.0967e+02 l_diff: 3.0512e+01 l_align: 9.0883e+01 l_total: 3.3617e+02 
2026-05-22 12:04:14,831 INFO: [topki..][epoch:  9, iter:   5,700, lr:(9.859e-04,)][eta: 9:03:38, time (data): 0.489 (0.132)]l_bij: 1.1427e+02 l_orth: 1.1554e+02 l_diff: 2.6556e+01 l_align: 9.1217e+01 l_total: 3.4759e+02 
2026-05-22 12:04:24,406 INFO: [topki..][epoch:  9, iter:   5,720, lr:(9.859e-04,)][eta: 9:03:17, time (data): 0.487 (0.132)]l_bij: 1.2181e+02 l_orth: 1.2539e+02 l_diff: 2.3658e+01 l_align: 1.0207e+02 l_total: 3.7292e+02 
2026-05-22 12:04:33,798 INFO: [topki..][epoch:  9, iter:   5,740, lr:(9.859e-04,)][eta: 9:02:55, time (data): 0.484 (0.130)]l_bij: 7.3233e+01 l_orth: 8.1061e+01 l_diff: 2.7670e+01 l_align: 7.6047e+01 l_total: 2.5801e+02 
2026-05-22 12:04:43,863 INFO: [topki..][epoch:  9, iter:   5,760, lr:(9.859e-04,)][eta: 9:02:39, time (data): 0.487 (0.130)]l_bij: 1.1590e+02 l_orth: 1.1796e+02 l_diff: 3.1695e+01 l_align: 9.0993e+01 l_total: 3.5655e+02 
2026-05-22 12:04:54,163 INFO: [topki..][epoch:  9, iter:   5,780, lr:(9.859e-04,)][eta: 9:02:26, time (data): 0.490 (0.131)]l_bij: 6.1285e+01 l_orth: 7.4681e+01 l_diff: 3.2083e+01 l_align: 8.4721e+01 l_total: 2.5277e+02 
2026-05-22 12:05:03,773 INFO: [topki..][epoch:  9, iter:   5,800, lr:(9.859e-04,)][eta: 9:02:06, time (data): 0.489 (0.132)]l_bij: 1.1897e+02 l_orth: 1.2372e+02 l_diff: 3.5793e+01 l_align: 9.8445e+01 l_total: 3.7694e+02 
2026-05-22 12:05:13,974 INFO: [topki..][epoch:  9, iter:   5,820, lr:(9.859e-04,)][eta: 9:01:52, time (data): 0.491 (0.131)]l_bij: 6.1606e+01 l_orth: 7.3453e+01 l_diff: 2.9168e+01 l_align: 8.7933e+01 l_total: 2.5216e+02 
2026-05-22 12:05:24,642 INFO: [topki..][epoch:  9, iter:   5,840, lr:(9.859e-04,)][eta: 9:01:43, time (data): 0.562 (0.144)]l_bij: 1.0523e+02 l_orth: 1.1068e+02 l_diff: 2.7530e+01 l_align: 8.8507e+01 l_total: 3.3195e+02 
2026-05-22 12:05:35,459 INFO: [topki..][epoch:  9, iter:   5,860, lr:(9.859e-04,)][eta: 9:01:35, time (data): 0.548 (0.136)]l_bij: 1.0795e+02 l_orth: 1.1347e+02 l_diff: 3.1741e+01 l_align: 9.3415e+01 l_total: 3.4657e+02 
2026-05-22 12:05:45,871 INFO: [topki..][epoch:  9, iter:   5,880, lr:(9.859e-04,)][eta: 9:01:24, time (data): 0.537 (0.136)]l_bij: 1.4357e+02 l_orth: 1.4024e+02 l_diff: 3.6286e+01 l_align: 1.0055e+02 l_total: 4.2065e+02 
2026-05-22 12:05:56,550 INFO: [topki..][epoch:  9, iter:   5,900, lr:(9.859e-04,)][eta: 9:01:15, time (data): 0.536 (0.137)]l_bij: 1.3288e+02 l_orth: 1.3360e+02 l_diff: 3.1911e+01 l_align: 9.9574e+01 l_total: 3.9796e+02 
2026-05-22 12:06:07,219 INFO: [topki..][epoch:  9, iter:   5,920, lr:(9.859e-04,)][eta: 9:01:06, time (data): 0.536 (0.138)]l_bij: 8.2386e+01 l_orth: 9.3561e+01 l_diff: 2.7757e+01 l_align: 8.0683e+01 l_total: 2.8439e+02 
2026-05-22 12:06:17,968 INFO: [topki..][epoch:  9, iter:   5,940, lr:(9.859e-04,)][eta: 9:00:57, time (data): 0.536 (0.137)]l_bij: 1.1775e+02 l_orth: 1.2051e+02 l_diff: 4.0074e+01 l_align: 9.1882e+01 l_total: 3.7022e+02 
2026-05-22 12:06:28,424 INFO: [topki..][epoch:  9, iter:   5,960, lr:(9.859e-04,)][eta: 9:00:46, time (data): 0.534 (0.138)]l_bij: 1.1833e+02 l_orth: 1.2229e+02 l_diff: 2.9908e+01 l_align: 9.9148e+01 l_total: 3.6967e+02 
2026-05-22 12:06:39,174 INFO: [topki..][epoch:  9, iter:   5,980, lr:(9.859e-04,)][eta: 9:00:38, time (data): 0.534 (0.138)]l_bij: 1.0062e+02 l_orth: 1.0371e+02 l_diff: 3.4576e+01 l_align: 7.9199e+01 l_total: 3.1811e+02 
2026-05-22 12:06:50,599 INFO: [topki..][epoch:  9, iter:   6,000, lr:(9.859e-04,)][eta: 9:00:37, time (data): 0.539 (0.138)]l_bij: 1.2360e+02 l_orth: 1.2620e+02 l_diff: 3.3840e+01 l_align: 9.9986e+01 l_total: 3.8363e+02 
2026-05-22 12:07:01,107 INFO: [topki..][epoch:  9, iter:   6,020, lr:(9.859e-04,)][eta: 9:00:26, time (data): 0.537 (0.138)]l_bij: 1.0256e+02 l_orth: 1.0910e+02 l_diff: 2.5472e+01 l_align: 9.0736e+01 l_total: 3.2788e+02 
2026-05-22 12:07:11,089 INFO: [topki..][epoch:  9, iter:   6,040, lr:(9.859e-04,)][eta: 9:00:10, time (data): 0.481 (0.123)]l_bij: 1.0844e+02 l_orth: 1.1342e+02 l_diff: 3.3061e+01 l_align: 9.1101e+01 l_total: 3.4602e+02 
2026-05-22 12:07:22,121 INFO: [topki..][epoch:  9, iter:   6,060, lr:(9.859e-04,)][eta: 9:00:04, time (data): 0.528 (0.132)]l_bij: 1.0680e+02 l_orth: 1.1072e+02 l_diff: 3.1353e+01 l_align: 9.1248e+01 l_total: 3.4012e+02 
2026-05-22 12:07:32,014 INFO: [topki..][epoch:  9, iter:   6,080, lr:(9.859e-04,)][eta: 8:59:47, time (data): 0.515 (0.131)]l_bij: 6.8755e+01 l_orth: 8.4042e+01 l_diff: 3.0156e+01 l_align: 8.5542e+01 l_total: 2.6850e+02 
2026-05-22 12:07:44,821 INFO: [topki..][epoch: 10, iter:   6,100, lr:(9.821e-04,)][eta: 9:00:00, time (data): 0.550 (0.159)]l_bij: 7.7118e+01 l_orth: 8.6558e+01 l_diff: 2.9522e+01 l_align: 7.9905e+01 l_total: 2.7310e+02 
2026-05-22 12:07:54,704 INFO: [topki..][epoch: 10, iter:   6,120, lr:(9.821e-04,)][eta: 8:59:43, time (data): 0.538 (0.150)]l_bij: 1.0301e+02 l_orth: 1.0684e+02 l_diff: 2.6356e+01 l_align: 8.0491e+01 l_total: 3.1669e+02 
2026-05-22 12:08:04,901 INFO: [topki..][epoch: 10, iter:   6,140, lr:(9.821e-04,)][eta: 8:59:29, time (data): 0.533 (0.148)]l_bij: 1.1291e+02 l_orth: 1.1576e+02 l_diff: 2.9400e+01 l_align: 8.9426e+01 l_total: 3.4750e+02 
2026-05-22 12:08:15,079 INFO: [topki..][epoch: 10, iter:   6,160, lr:(9.821e-04,)][eta: 8:59:15, time (data): 0.529 (0.147)]l_bij: 8.4456e+01 l_orth: 9.3550e+01 l_diff: 2.7329e+01 l_align: 8.8222e+01 l_total: 2.9356e+02 
2026-05-22 12:08:25,561 INFO: [topki..][epoch: 10, iter:   6,180, lr:(9.821e-04,)][eta: 8:59:03, time (data): 0.528 (0.147)]l_bij: 1.3751e+02 l_orth: 1.3537e+02 l_diff: 3.1795e+01 l_align: 1.0040e+02 l_total: 4.0508e+02 
2026-05-22 12:08:36,185 INFO: [topki..][epoch: 10, iter:   6,200, lr:(9.821e-04,)][eta: 8:58:54, time (data): 0.529 (0.145)]l_bij: 1.1699e+02 l_orth: 1.1864e+02 l_diff: 2.9329e+01 l_align: 8.9101e+01 l_total: 3.5406e+02 
2026-05-22 12:08:46,593 INFO: [topki..][epoch: 10, iter:   6,220, lr:(9.821e-04,)][eta: 8:58:42, time (data): 0.528 (0.144)]l_bij: 8.5649e+01 l_orth: 9.3921e+01 l_diff: 3.3834e+01 l_align: 8.7644e+01 l_total: 3.0105e+02 
2026-05-22 12:08:57,557 INFO: [topki..][epoch: 10, iter:   6,240, lr:(9.821e-04,)][eta: 8:58:36, time (data): 0.525 (0.125)]l_bij: 1.0443e+02 l_orth: 1.0787e+02 l_diff: 3.2413e+01 l_align: 8.5417e+01 l_total: 3.3013e+02 
2026-05-22 12:09:08,464 INFO: [topki..][epoch: 10, iter:   6,260, lr:(9.821e-04,)][eta: 8:58:29, time (data): 0.539 (0.133)]l_bij: 1.2415e+02 l_orth: 1.2568e+02 l_diff: 3.2733e+01 l_align: 9.4157e+01 l_total: 3.7672e+02 
2026-05-22 12:09:19,642 INFO: [topki..][epoch: 10, iter:   6,280, lr:(9.821e-04,)][eta: 8:58:25, time (data): 0.547 (0.135)]l_bij: 5.8578e+01 l_orth: 7.3110e+01 l_diff: 2.4149e+01 l_align: 8.4823e+01 l_total: 2.4066e+02 
2026-05-22 12:09:30,809 INFO: [topki..][epoch: 10, iter:   6,300, lr:(9.821e-04,)][eta: 8:58:20, time (data): 0.550 (0.139)]l_bij: 1.1924e+02 l_orth: 1.2020e+02 l_diff: 3.0582e+01 l_align: 9.2057e+01 l_total: 3.6208e+02 
2026-05-22 12:09:41,559 INFO: [topki..][epoch: 10, iter:   6,320, lr:(9.821e-04,)][eta: 8:58:12, time (data): 0.547 (0.139)]l_bij: 1.0397e+02 l_orth: 1.0786e+02 l_diff: 3.5647e+01 l_align: 8.9505e+01 l_total: 3.3698e+02 
2026-05-22 12:09:51,870 INFO: [topki..][epoch: 10, iter:   6,340, lr:(9.821e-04,)][eta: 8:57:59, time (data): 0.542 (0.138)]l_bij: 9.7292e+01 l_orth: 1.0246e+02 l_diff: 2.8023e+01 l_align: 8.3753e+01 l_total: 3.1153e+02 
2026-05-22 12:10:02,559 INFO: [topki..][epoch: 10, iter:   6,360, lr:(9.821e-04,)][eta: 8:57:50, time (data): 0.540 (0.139)]l_bij: 9.5617e+01 l_orth: 1.0401e+02 l_diff: 3.3311e+01 l_align: 8.5167e+01 l_total: 3.1810e+02 
2026-05-22 12:10:13,160 INFO: [topki..][epoch: 10, iter:   6,380, lr:(9.821e-04,)][eta: 8:57:40, time (data): 0.539 (0.139)]l_bij: 1.1009e+02 l_orth: 1.1300e+02 l_diff: 2.8526e+01 l_align: 8.7383e+01 l_total: 3.3900e+02 
2026-05-22 12:10:23,919 INFO: [topki..][epoch: 10, iter:   6,400, lr:(9.821e-04,)][eta: 8:57:32, time (data): 0.539 (0.139)]l_bij: 1.0794e+02 l_orth: 1.1296e+02 l_diff: 2.4283e+01 l_align: 9.0645e+01 l_total: 3.3583e+02 
2026-05-22 12:10:34,446 INFO: [topki..][epoch: 10, iter:   6,420, lr:(9.821e-04,)][eta: 8:57:21, time (data): 0.538 (0.140)]l_bij: 1.0876e+02 l_orth: 1.1625e+02 l_diff: 3.1829e+01 l_align: 9.7003e+01 l_total: 3.5384e+02 
2026-05-22 12:10:45,269 INFO: [topki..][epoch: 10, iter:   6,440, lr:(9.821e-04,)][eta: 8:57:13, time (data): 0.545 (0.143)]l_bij: 1.2130e+02 l_orth: 1.2290e+02 l_diff: 3.9063e+01 l_align: 9.1571e+01 l_total: 3.7484e+02 
2026-05-22 12:10:56,338 INFO: [topki..][epoch: 10, iter:   6,460, lr:(9.821e-04,)][eta: 8:57:07, time (data): 0.551 (0.147)]l_bij: 9.5287e+01 l_orth: 1.0101e+02 l_diff: 2.6452e+01 l_align: 8.5641e+01 l_total: 3.0839e+02 
2026-05-22 12:11:07,094 INFO: [topki..][epoch: 10, iter:   6,480, lr:(9.821e-04,)][eta: 8:56:59, time (data): 0.545 (0.143)]l_bij: 1.1592e+02 l_orth: 1.1815e+02 l_diff: 3.4340e+01 l_align: 9.2185e+01 l_total: 3.6060e+02 
2026-05-22 12:11:17,792 INFO: [topki..][epoch: 10, iter:   6,500, lr:(9.821e-04,)][eta: 8:56:50, time (data): 0.542 (0.141)]l_bij: 1.0367e+02 l_orth: 1.0665e+02 l_diff: 2.5873e+01 l_align: 7.9550e+01 l_total: 3.1575e+02 
2026-05-22 12:11:28,444 INFO: [topki..][epoch: 10, iter:   6,520, lr:(9.821e-04,)][eta: 8:56:40, time (data): 0.540 (0.140)]l_bij: 7.7911e+01 l_orth: 8.4913e+01 l_diff: 2.8430e+01 l_align: 7.0951e+01 l_total: 2.6221e+02 
2026-05-22 12:11:39,168 INFO: [topki..][epoch: 10, iter:   6,540, lr:(9.821e-04,)][eta: 8:56:31, time (data): 0.539 (0.140)]l_bij: 8.8794e+01 l_orth: 9.3108e+01 l_diff: 2.6295e+01 l_align: 8.0089e+01 l_total: 2.8829e+02 
2026-05-22 12:11:50,220 INFO: [topki..][epoch: 10, iter:   6,560, lr:(9.821e-04,)][eta: 8:56:26, time (data): 0.541 (0.140)]l_bij: 1.0198e+02 l_orth: 1.0570e+02 l_diff: 2.9800e+01 l_align: 7.8654e+01 l_total: 3.1613e+02 
2026-05-22 12:12:00,891 INFO: [topki..][epoch: 10, iter:   6,580, lr:(9.821e-04,)][eta: 8:56:16, time (data): 0.540 (0.140)]l_bij: 8.4860e+01 l_orth: 9.2236e+01 l_diff: 3.0340e+01 l_align: 8.1244e+01 l_total: 2.8868e+02 
2026-05-22 12:12:11,309 INFO: [topki..][epoch: 10, iter:   6,600, lr:(9.821e-04,)][eta: 8:56:05, time (data): 0.538 (0.140)]l_bij: 9.6080e+01 l_orth: 1.0295e+02 l_diff: 3.3369e+01 l_align: 8.8324e+01 l_total: 3.2072e+02 
2026-05-22 12:12:22,441 INFO: [topki..][epoch: 10, iter:   6,620, lr:(9.821e-04,)][eta: 8:55:59, time (data): 0.540 (0.140)]l_bij: 9.8825e+01 l_orth: 1.0473e+02 l_diff: 2.8966e+01 l_align: 8.9249e+01 l_total: 3.2177e+02 
2026-05-22 12:12:33,407 INFO: [topki..][epoch: 10, iter:   6,640, lr:(9.821e-04,)][eta: 8:55:53, time (data): 0.552 (0.136)]l_bij: 9.2367e+01 l_orth: 9.8101e+01 l_diff: 2.6768e+01 l_align: 8.3735e+01 l_total: 3.0097e+02 
2026-05-22 12:12:44,355 INFO: [topki..][epoch: 10, iter:   6,660, lr:(9.821e-04,)][eta: 8:55:46, time (data): 0.549 (0.140)]l_bij: 1.2720e+02 l_orth: 1.2686e+02 l_diff: 3.3150e+01 l_align: 8.9250e+01 l_total: 3.7646e+02 
2026-05-22 12:12:55,043 INFO: [topki..][epoch: 10, iter:   6,680, lr:(9.821e-04,)][eta: 8:55:36, time (data): 0.543 (0.140)]l_bij: 1.1015e+02 l_orth: 1.1714e+02 l_diff: 2.7005e+01 l_align: 1.0543e+02 l_total: 3.5973e+02 
2026-05-22 12:13:05,952 INFO: [topki..][epoch: 10, iter:   6,700, lr:(9.821e-04,)][eta: 8:55:29, time (data): 0.543 (0.140)]l_bij: 9.7518e+01 l_orth: 1.0172e+02 l_diff: 2.7386e+01 l_align: 8.5208e+01 l_total: 3.1184e+02 
2026-05-22 12:13:16,403 INFO: [topki..][epoch: 10, iter:   6,720, lr:(9.821e-04,)][eta: 8:55:18, time (data): 0.539 (0.140)]l_bij: 9.8610e+01 l_orth: 1.0633e+02 l_diff: 3.1108e+01 l_align: 8.9097e+01 l_total: 3.2514e+02 
2026-05-22 12:13:26,603 INFO: [topki..][epoch: 10, iter:   6,740, lr:(9.821e-04,)][eta: 8:55:04, time (data): 0.533 (0.139)]l_bij: 9.2471e+01 l_orth: 9.8969e+01 l_diff: 3.1843e+01 l_align: 8.7506e+01 l_total: 3.1079e+02 
2026-05-22 12:13:37,400 INFO: [topki..][epoch: 10, iter:   6,760, lr:(9.821e-04,)][eta: 8:54:56, time (data): 0.534 (0.139)]l_bij: 8.7722e+01 l_orth: 9.6051e+01 l_diff: 2.5868e+01 l_align: 8.4953e+01 l_total: 2.9459e+02 
2026-05-22 12:13:49,728 INFO: [topki..][epoch: 11, iter:   6,780, lr:(9.780e-04,)][eta: 8:55:01, time (data): 0.545 (0.150)]l_bij: 6.2467e+01 l_orth: 7.6787e+01 l_diff: 1.9766e+01 l_align: 8.3108e+01 l_total: 2.4213e+02 
2026-05-22 12:13:59,914 INFO: [topki..][epoch: 11, iter:   6,800, lr:(9.780e-04,)][eta: 8:54:47, time (data): 0.541 (0.148)]l_bij: 1.0479e+02 l_orth: 1.0995e+02 l_diff: 3.3863e+01 l_align: 9.4323e+01 l_total: 3.4293e+02 
2026-05-22 12:14:10,512 INFO: [topki..][epoch: 11, iter:   6,820, lr:(9.780e-04,)][eta: 8:54:37, time (data): 0.540 (0.147)]l_bij: 1.1449e+02 l_orth: 1.1931e+02 l_diff: 3.5687e+01 l_align: 1.0045e+02 l_total: 3.6994e+02 
2026-05-22 12:14:21,113 INFO: [topki..][epoch: 11, iter:   6,840, lr:(9.780e-04,)][eta: 8:54:27, time (data): 0.526 (0.148)]l_bij: 9.7329e+01 l_orth: 1.0412e+02 l_diff: 3.1570e+01 l_align: 8.8657e+01 l_total: 3.2167e+02 
2026-05-22 12:14:32,087 INFO: [topki..][epoch: 11, iter:   6,860, lr:(9.780e-04,)][eta: 8:54:20, time (data): 0.543 (0.145)]l_bij: 1.0837e+02 l_orth: 1.1466e+02 l_diff: 3.1432e+01 l_align: 9.3352e+01 l_total: 3.4782e+02 
2026-05-22 12:14:42,904 INFO: [topki..][epoch: 11, iter:   6,880, lr:(9.780e-04,)][eta: 8:54:12, time (data): 0.542 (0.143)]l_bij: 9.6210e+01 l_orth: 1.0649e+02 l_diff: 2.5757e+01 l_align: 9.1430e+01 l_total: 3.1988e+02 
2026-05-22 12:14:53,406 INFO: [topki..][epoch: 11, iter:   6,900, lr:(9.780e-04,)][eta: 8:54:01, time (data): 0.537 (0.140)]l_bij: 1.1027e+02 l_orth: 1.1483e+02 l_diff: 3.3643e+01 l_align: 8.8509e+01 l_total: 3.4725e+02 
2026-05-22 12:15:03,965 INFO: [topki..][epoch: 11, iter:   6,920, lr:(9.780e-04,)][eta: 8:53:50, time (data): 0.535 (0.140)]l_bij: 5.7533e+01 l_orth: 7.3187e+01 l_diff: 2.4872e+01 l_align: 8.3458e+01 l_total: 2.3905e+02 
2026-05-22 12:15:14,238 INFO: [topki..][epoch: 11, iter:   6,940, lr:(9.780e-04,)][eta: 8:53:37, time (data): 0.531 (0.138)]l_bij: 1.1779e+02 l_orth: 1.2007e+02 l_diff: 2.9125e+01 l_align: 8.8330e+01 l_total: 3.5531e+02 
2026-05-22 12:15:25,103 INFO: [topki..][epoch: 11, iter:   6,960, lr:(9.780e-04,)][eta: 8:53:29, time (data): 0.533 (0.138)]l_bij: 8.7399e+01 l_orth: 9.6631e+01 l_diff: 2.9589e+01 l_align: 8.5287e+01 l_total: 2.9891e+02 
2026-05-22 12:15:35,683 INFO: [topki..][epoch: 11, iter:   6,980, lr:(9.780e-04,)][eta: 8:53:19, time (data): 0.532 (0.138)]l_bij: 1.1397e+02 l_orth: 1.1937e+02 l_diff: 3.0766e+01 l_align: 9.0443e+01 l_total: 3.5455e+02 
2026-05-22 12:15:46,918 INFO: [topki..][epoch: 11, iter:   7,000, lr:(9.780e-04,)][eta: 8:53:14, time (data): 0.536 (0.139)]l_bij: 8.8726e+01 l_orth: 9.9647e+01 l_diff: 2.8716e+01 l_align: 8.9241e+01 l_total: 3.0633e+02 
2026-05-22 12:15:58,159 INFO: [topki..][epoch: 11, iter:   7,020, lr:(9.780e-04,)][eta: 8:53:10, time (data): 0.539 (0.140)]l_bij: 8.4931e+01 l_orth: 9.3285e+01 l_diff: 2.8380e+01 l_align: 8.0452e+01 l_total: 2.8705e+02 
2026-05-22 12:16:08,112 INFO: [topki..][epoch: 11, iter:   7,040, lr:(9.780e-04,)][eta: 8:52:54, time (data): 0.522 (0.142)]l_bij: 1.0214e+02 l_orth: 1.0710e+02 l_diff: 3.1753e+01 l_align: 8.6588e+01 l_total: 3.2757e+02 
2026-05-22 12:16:19,178 INFO: [topki..][epoch: 11, iter:   7,060, lr:(9.780e-04,)][eta: 8:52:48, time (data): 0.547 (0.147)]l_bij: 8.3502e+01 l_orth: 8.9603e+01 l_diff: 2.5129e+01 l_align: 7.5798e+01 l_total: 2.7403e+02 
2026-05-22 12:16:30,088 INFO: [topki..][epoch: 11, iter:   7,080, lr:(9.780e-04,)][eta: 8:52:40, time (data): 0.546 (0.143)]l_bij: 1.0447e+02 l_orth: 1.0830e+02 l_diff: 3.4672e+01 l_align: 8.6719e+01 l_total: 3.3416e+02 
2026-05-22 12:16:40,423 INFO: [topki..][epoch: 11, iter:   7,100, lr:(9.780e-04,)][eta: 8:52:27, time (data): 0.537 (0.141)]l_bij: 1.2375e+02 l_orth: 1.2717e+02 l_diff: 3.3063e+01 l_align: 9.6378e+01 l_total: 3.8036e+02 
2026-05-22 12:16:51,512 INFO: [topki..][epoch: 11, iter:   7,120, lr:(9.780e-04,)][eta: 8:52:21, time (data): 0.541 (0.141)]l_bij: 9.1986e+01 l_orth: 1.0037e+02 l_diff: 2.9759e+01 l_align: 8.4684e+01 l_total: 3.0680e+02 
2026-05-22 12:17:02,867 INFO: [topki..][epoch: 11, iter:   7,140, lr:(9.780e-04,)][eta: 8:52:17, time (data): 0.546 (0.141)]l_bij: 8.2658e+01 l_orth: 9.1660e+01 l_diff: 2.7604e+01 l_align: 8.0515e+01 l_total: 2.8244e+02 
2026-05-22 12:17:13,614 INFO: [topki..][epoch: 11, iter:   7,160, lr:(9.780e-04,)][eta: 8:52:08, time (data): 0.545 (0.141)]l_bij: 8.1804e+01 l_orth: 9.2170e+01 l_diff: 2.2026e+01 l_align: 8.3945e+01 l_total: 2.7995e+02 
2026-05-22 12:17:24,491 INFO: [topki..][epoch: 11, iter:   7,180, lr:(9.780e-04,)][eta: 8:52:01, time (data): 0.545 (0.140)]l_bij: 1.0838e+02 l_orth: 1.1306e+02 l_diff: 2.4434e+01 l_align: 8.8356e+01 l_total: 3.3423e+02 
2026-05-22 12:17:34,804 INFO: [topki..][epoch: 11, iter:   7,200, lr:(9.780e-04,)][eta: 8:51:48, time (data): 0.541 (0.140)]l_bij: 8.5673e+01 l_orth: 9.4635e+01 l_diff: 2.5767e+01 l_align: 8.4041e+01 l_total: 2.9012e+02 
2026-05-22 12:17:45,453 INFO: [topki..][epoch: 11, iter:   7,220, lr:(9.780e-04,)][eta: 8:51:38, time (data): 0.540 (0.140)]l_bij: 8.7717e+01 l_orth: 9.5359e+01 l_diff: 2.5311e+01 l_align: 8.1192e+01 l_total: 2.8958e+02 
2026-05-22 12:17:56,283 INFO: [topki..][epoch: 11, iter:   7,240, lr:(9.780e-04,)][eta: 8:51:30, time (data): 0.470 (0.121)]l_bij: 8.4608e+01 l_orth: 9.3952e+01 l_diff: 3.3732e+01 l_align: 8.4454e+01 l_total: 2.9675e+02 
2026-05-22 12:18:07,021 INFO: [topki..][epoch: 11, iter:   7,260, lr:(9.780e-04,)][eta: 8:51:20, time (data): 0.526 (0.145)]l_bij: 1.1437e+02 l_orth: 1.2020e+02 l_diff: 3.9039e+01 l_align: 9.2061e+01 l_total: 3.6567e+02 
2026-05-22 12:18:17,675 INFO: [topki..][epoch: 11, iter:   7,280, lr:(9.780e-04,)][eta: 8:51:11, time (data): 0.529 (0.144)]l_bij: 9.5864e+01 l_orth: 1.0475e+02 l_diff: 2.4624e+01 l_align: 8.8634e+01 l_total: 3.1387e+02 
2026-05-22 12:18:28,681 INFO: [topki..][epoch: 11, iter:   7,300, lr:(9.780e-04,)][eta: 8:51:04, time (data): 0.536 (0.144)]l_bij: 1.1173e+02 l_orth: 1.1613e+02 l_diff: 2.8552e+01 l_align: 9.2539e+01 l_total: 3.4896e+02 
2026-05-22 12:18:39,329 INFO: [topki..][epoch: 11, iter:   7,320, lr:(9.780e-04,)][eta: 8:50:54, time (data): 0.535 (0.143)]l_bij: 9.8634e+01 l_orth: 1.0573e+02 l_diff: 3.2910e+01 l_align: 8.9971e+01 l_total: 3.2724e+02 
2026-05-22 12:18:50,708 INFO: [topki..][epoch: 11, iter:   7,340, lr:(9.780e-04,)][eta: 8:50:50, time (data): 0.541 (0.145)]l_bij: 1.1497e+02 l_orth: 1.2099e+02 l_diff: 3.0599e+01 l_align: 9.6402e+01 l_total: 3.6296e+02 
2026-05-22 12:19:02,166 INFO: [topki..][epoch: 11, iter:   7,360, lr:(9.780e-04,)][eta: 8:50:46, time (data): 0.546 (0.147)]l_bij: 1.0241e+02 l_orth: 1.0759e+02 l_diff: 3.2109e+01 l_align: 8.6328e+01 l_total: 3.2843e+02 
2026-05-22 12:19:13,243 INFO: [topki..][epoch: 11, iter:   7,380, lr:(9.780e-04,)][eta: 8:50:40, time (data): 0.547 (0.147)]l_bij: 7.1555e+01 l_orth: 8.3077e+01 l_diff: 2.8833e+01 l_align: 8.5225e+01 l_total: 2.6869e+02 
2026-05-22 12:19:24,277 INFO: [topki..][epoch: 11, iter:   7,400, lr:(9.780e-04,)][eta: 8:50:33, time (data): 0.548 (0.146)]l_bij: 8.7645e+01 l_orth: 9.6432e+01 l_diff: 2.8215e+01 l_align: 8.3204e+01 l_total: 2.9550e+02 
2026-05-22 12:19:35,842 INFO: [topki..][epoch: 11, iter:   7,420, lr:(9.780e-04,)][eta: 8:50:31, time (data): 0.551 (0.147)]l_bij: 7.9802e+01 l_orth: 8.9601e+01 l_diff: 2.5822e+01 l_align: 8.0838e+01 l_total: 2.7606e+02 
2026-05-22 12:19:48,813 INFO: [topki..][epoch: 12, iter:   7,440, lr:(9.734e-04,)][eta: 8:50:39, time (data): 0.624 (0.163)]l_bij: 1.1596e+02 l_orth: 1.1982e+02 l_diff: 3.1766e+01 l_align: 9.4009e+01 l_total: 3.6156e+02 
2026-05-22 12:19:58,809 INFO: [topki..][epoch: 12, iter:   7,460, lr:(9.734e-04,)][eta: 8:50:24, time (data): 0.516 (0.128)]l_bij: 9.5672e+01 l_orth: 1.0211e+02 l_diff: 2.9335e+01 l_align: 8.4946e+01 l_total: 3.1206e+02 
2026-05-22 12:20:09,723 INFO: [topki..][epoch: 12, iter:   7,480, lr:(9.734e-04,)][eta: 8:50:16, time (data): 0.530 (0.132)]l_bij: 9.1349e+01 l_orth: 1.0005e+02 l_diff: 2.6991e+01 l_align: 8.9367e+01 l_total: 3.0775e+02 
2026-05-22 12:20:20,982 INFO: [topki..][epoch: 12, iter:   7,500, lr:(9.734e-04,)][eta: 8:50:11, time (data): 0.540 (0.136)]l_bij: 8.9978e+01 l_orth: 9.6891e+01 l_diff: 2.9979e+01 l_align: 8.3412e+01 l_total: 3.0026e+02 
2026-05-22 12:20:32,357 INFO: [topki..][epoch: 12, iter:   7,520, lr:(9.734e-04,)][eta: 8:50:07, time (data): 0.547 (0.140)]l_bij: 9.8034e+01 l_orth: 1.0440e+02 l_diff: 3.2564e+01 l_align: 8.0065e+01 l_total: 3.1506e+02 
2026-05-22 12:20:42,524 INFO: [topki..][epoch: 12, iter:   7,540, lr:(9.734e-04,)][eta: 8:49:53, time (data): 0.540 (0.138)]l_bij: 4.8379e+00 l_orth: 4.2965e+01 l_diff: 2.5903e+01 l_align: 1.0722e+02 l_total: 1.8093e+02 
2026-05-22 12:20:53,320 INFO: [topki..][epoch: 12, iter:   7,560, lr:(9.734e-04,)][eta: 8:49:44, time (data): 0.540 (0.138)]l_bij: 8.7110e+01 l_orth: 9.7600e+01 l_diff: 2.7053e+01 l_align: 8.5328e+01 l_total: 2.9709e+02 
2026-05-22 12:21:03,906 INFO: [topki..][epoch: 12, iter:   7,580, lr:(9.734e-04,)][eta: 8:49:33, time (data): 0.538 (0.139)]l_bij: 8.7086e+01 l_orth: 9.8358e+01 l_diff: 3.1399e+01 l_align: 8.4961e+01 l_total: 3.0180e+02 
2026-05-22 12:21:14,906 INFO: [topki..][epoch: 12, iter:   7,600, lr:(9.734e-04,)][eta: 8:49:26, time (data): 0.540 (0.139)]l_bij: 1.2268e+02 l_orth: 1.2535e+02 l_diff: 2.8618e+01 l_align: 9.2632e+01 l_total: 3.6928e+02 
2026-05-22 12:21:25,748 INFO: [topki..][epoch: 12, iter:   7,620, lr:(9.734e-04,)][eta: 8:49:17, time (data): 0.540 (0.140)]l_bij: 1.0640e+02 l_orth: 1.1343e+02 l_diff: 2.9595e+01 l_align: 9.8992e+01 l_total: 3.4842e+02 
2026-05-22 12:21:36,038 INFO: [topki..][epoch: 12, iter:   7,640, lr:(9.734e-04,)][eta: 8:49:04, time (data): 0.502 (0.129)]l_bij: 1.2542e+02 l_orth: 1.2669e+02 l_diff: 3.2409e+01 l_align: 9.8854e+01 l_total: 3.8338e+02 
2026-05-22 12:21:46,440 INFO: [topki..][epoch: 12, iter:   7,660, lr:(9.734e-04,)][eta: 8:48:52, time (data): 0.518 (0.139)]l_bij: 6.9113e+01 l_orth: 8.1704e+01 l_diff: 2.6970e+01 l_align: 8.2504e+01 l_total: 2.6029e+02 
2026-05-22 12:21:56,826 INFO: [topki..][epoch: 12, iter:   7,680, lr:(9.734e-04,)][eta: 8:48:40, time (data): 0.519 (0.139)]l_bij: 6.4951e+01 l_orth: 7.7185e+01 l_diff: 2.9176e+01 l_align: 8.3329e+01 l_total: 2.5464e+02 
2026-05-22 12:22:07,968 INFO: [topki..][epoch: 12, iter:   7,700, lr:(9.734e-04,)][eta: 8:48:34, time (data): 0.531 (0.143)]l_bij: 1.1401e+02 l_orth: 1.1861e+02 l_diff: 2.7986e+01 l_align: 9.1739e+01 l_total: 3.5234e+02 
2026-05-22 12:22:18,700 INFO: [topki..][epoch: 12, iter:   7,720, lr:(9.734e-04,)][eta: 8:48:24, time (data): 0.532 (0.142)]l_bij: 1.0750e+02 l_orth: 1.1202e+02 l_diff: 2.9015e+01 l_align: 8.8833e+01 l_total: 3.3736e+02 
2026-05-22 12:22:29,947 INFO: [topki..][epoch: 12, iter:   7,740, lr:(9.734e-04,)][eta: 8:48:19, time (data): 0.538 (0.143)]l_bij: 1.1772e+02 l_orth: 1.1971e+02 l_diff: 2.6592e+01 l_align: 9.3231e+01 l_total: 3.5725e+02 
2026-05-22 12:22:40,675 INFO: [topki..][epoch: 12, iter:   7,760, lr:(9.734e-04,)][eta: 8:48:09, time (data): 0.538 (0.142)]l_bij: 9.8751e+01 l_orth: 1.0359e+02 l_diff: 2.9231e+01 l_align: 8.4718e+01 l_total: 3.1629e+02 
2026-05-22 12:22:51,013 INFO: [topki..][epoch: 12, iter:   7,780, lr:(9.734e-04,)][eta: 8:47:57, time (data): 0.535 (0.141)]l_bij: 1.1332e+02 l_orth: 1.1591e+02 l_diff: 3.4497e+01 l_align: 8.9156e+01 l_total: 3.5288e+02 
2026-05-22 12:23:02,277 INFO: [topki..][epoch: 12, iter:   7,800, lr:(9.734e-04,)][eta: 8:47:51, time (data): 0.538 (0.141)]l_bij: 8.3725e+01 l_orth: 9.6223e+01 l_diff: 2.9551e+01 l_align: 8.5343e+01 l_total: 2.9484e+02 
2026-05-22 12:23:12,690 INFO: [topki..][epoch: 12, iter:   7,820, lr:(9.734e-04,)][eta: 8:47:39, time (data): 0.536 (0.140)]l_bij: 1.0829e+02 l_orth: 1.1208e+02 l_diff: 2.4901e+01 l_align: 8.8524e+01 l_total: 3.3379e+02 
2026-05-22 12:23:23,331 INFO: [topki..][epoch: 12, iter:   7,840, lr:(9.734e-04,)][eta: 8:47:29, time (data): 0.531 (0.158)]l_bij: 9.2546e+01 l_orth: 9.7886e+01 l_diff: 2.7741e+01 l_align: 8.0667e+01 l_total: 2.9884e+02 
2026-05-22 12:23:34,869 INFO: [topki..][epoch: 12, iter:   7,860, lr:(9.734e-04,)][eta: 8:47:26, time (data): 0.575 (0.151)]l_bij: 7.9769e+01 l_orth: 8.8750e+01 l_diff: 2.7727e+01 l_align: 7.6809e+01 l_total: 2.7305e+02 
2026-05-22 12:23:45,682 INFO: [topki..][epoch: 12, iter:   7,880, lr:(9.734e-04,)][eta: 8:47:17, time (data): 0.558 (0.149)]l_bij: 9.5547e+01 l_orth: 1.0617e+02 l_diff: 2.8134e+01 l_align: 9.3839e+01 l_total: 3.2369e+02 
2026-05-22 12:23:56,574 INFO: [topki..][epoch: 12, iter:   7,900, lr:(9.734e-04,)][eta: 8:47:08, time (data): 0.554 (0.145)]l_bij: 9.0132e+01 l_orth: 9.7048e+01 l_diff: 3.2730e+01 l_align: 8.0115e+01 l_total: 3.0002e+02 
2026-05-22 12:24:07,102 INFO: [topki..][epoch: 12, iter:   7,920, lr:(9.734e-04,)][eta: 8:46:57, time (data): 0.547 (0.142)]l_bij: 9.2397e+01 l_orth: 9.8056e+01 l_diff: 2.8264e+01 l_align: 7.9390e+01 l_total: 2.9811e+02 
2026-05-22 12:24:18,409 INFO: [topki..][epoch: 12, iter:   7,940, lr:(9.734e-04,)][eta: 8:46:52, time (data): 0.551 (0.142)]l_bij: 3.5006e+00 l_orth: 3.6021e+01 l_diff: 2.4351e+01 l_align: 9.7379e+01 l_total: 1.6125e+02 
2026-05-22 12:24:29,363 INFO: [topki..][epoch: 12, iter:   7,960, lr:(9.734e-04,)][eta: 8:46:44, time (data): 0.550 (0.142)]l_bij: 7.0913e+01 l_orth: 8.1268e+01 l_diff: 3.5391e+01 l_align: 7.2379e+01 l_total: 2.5995e+02 
2026-05-22 12:24:39,583 INFO: [topki..][epoch: 12, iter:   7,980, lr:(9.734e-04,)][eta: 8:46:31, time (data): 0.544 (0.141)]l_bij: 9.9503e+01 l_orth: 1.0611e+02 l_diff: 3.2598e+01 l_align: 8.9713e+01 l_total: 3.2793e+02 
2026-05-22 12:24:50,167 INFO: [topki..][epoch: 12, iter:   8,000, lr:(9.734e-04,)][eta: 8:46:20, time (data): 0.543 (0.141)]l_bij: 1.1522e+02 l_orth: 1.2094e+02 l_diff: 3.0349e+01 l_align: 1.0031e+02 l_total: 3.6681e+02 
2026-05-22 12:24:50,167 INFO: Saving models and training states.
2026-05-22 12:24:50,186 INFO: Start validation.
2026-05-22 12:26:05,267 INFO: Avg time: 0.1509
2026-05-22 12:26:05,380 INFO: Val auc: 0.6905
2026-05-22 12:26:05,380 INFO: Val avg error: 0.0600
2026-05-22 12:26:05,391 INFO: Best model is updated, average geodesic error: 0.0600
2026-05-22 12:26:16,280 INFO: [topki..][epoch: 12, iter:   8,020, lr:(9.734e-04,)][eta: 8:55:30, time (data): 0.541 (0.140)]l_bij: 1.0910e+02 l_orth: 1.1471e+02 l_diff: 3.5060e+01 l_align: 8.9546e+01 l_total: 3.4842e+02 
2026-05-22 12:26:27,074 INFO: [topki..][epoch: 12, iter:   8,040, lr:(9.734e-04,)][eta: 8:55:20, time (data): 0.541 (0.140)]l_bij: 8.8832e+01 l_orth: 9.6305e+01 l_diff: 3.0322e+01 l_align: 7.6695e+01 l_total: 2.9215e+02 
2026-05-22 12:26:37,531 INFO: [topki..][epoch: 12, iter:   8,060, lr:(9.734e-04,)][eta: 8:55:06, time (data): 0.523 (0.137)]l_bij: 1.0212e+02 l_orth: 1.0875e+02 l_diff: 2.8293e+01 l_align: 8.9092e+01 l_total: 3.2825e+02 
2026-05-22 12:26:48,608 INFO: [topki..][epoch: 12, iter:   8,080, lr:(9.734e-04,)][eta: 8:54:58, time (data): 0.538 (0.139)]l_bij: 8.4770e+01 l_orth: 9.2797e+01 l_diff: 2.4306e+01 l_align: 8.2223e+01 l_total: 2.8410e+02 
2026-05-22 12:26:59,257 INFO: [topki..][epoch: 12, iter:   8,100, lr:(9.734e-04,)][eta: 8:54:46, time (data): 0.536 (0.140)]l_bij: 6.6962e+01 l_orth: 7.8043e+01 l_diff: 2.4818e+01 l_align: 7.9226e+01 l_total: 2.4905e+02 
2026-05-22 12:27:11,767 INFO: [topki..][epoch: 13, iter:   8,120, lr:(9.684e-04,)][eta: 8:54:48, time (data): 0.559 (0.164)]l_bij: 1.1213e+02 l_orth: 1.1497e+02 l_diff: 3.5007e+01 l_align: 8.8934e+01 l_total: 3.5104e+02 
2026-05-22 12:27:21,810 INFO: [topki..][epoch: 13, iter:   8,140, lr:(9.684e-04,)][eta: 8:54:32, time (data): 0.547 (0.155)]l_bij: 8.0418e+01 l_orth: 8.8569e+01 l_diff: 2.8033e+01 l_align: 8.2534e+01 l_total: 2.7955e+02 
2026-05-22 12:27:32,178 INFO: [topki..][epoch: 13, iter:   8,160, lr:(9.684e-04,)][eta: 8:54:18, time (data): 0.542 (0.152)]l_bij: 1.0149e+02 l_orth: 1.0674e+02 l_diff: 2.8666e+01 l_align: 8.7494e+01 l_total: 3.2438e+02 
2026-05-22 12:27:42,571 INFO: [topki..][epoch: 13, iter:   8,180, lr:(9.684e-04,)][eta: 8:54:04, time (data): 0.539 (0.150)]l_bij: 9.7769e+01 l_orth: 1.0412e+02 l_diff: 2.3807e+01 l_align: 8.6444e+01 l_total: 3.1213e+02 
2026-05-22 12:27:53,963 INFO: [topki..][epoch: 13, iter:   8,200, lr:(9.684e-04,)][eta: 8:53:58, time (data): 0.543 (0.150)]l_bij: 9.4921e+01 l_orth: 1.0069e+02 l_diff: 3.0938e+01 l_align: 8.1739e+01 l_total: 3.0829e+02 
2026-05-22 12:28:04,449 INFO: [topki..][epoch: 13, iter:   8,220, lr:(9.684e-04,)][eta: 8:53:45, time (data): 0.541 (0.149)]l_bij: 1.0222e+02 l_orth: 1.1178e+02 l_diff: 3.2303e+01 l_align: 9.4084e+01 l_total: 3.4039e+02 
2026-05-22 12:28:15,174 INFO: [topki..][epoch: 13, iter:   8,240, lr:(9.684e-04,)][eta: 8:53:33, time (data): 0.540 (0.148)]l_bij: 8.7895e+01 l_orth: 9.9966e+01 l_diff: 2.7848e+01 l_align: 8.5294e+01 l_total: 3.0100e+02 
2026-05-22 12:28:25,844 INFO: [topki..][epoch: 13, iter:   8,260, lr:(9.684e-04,)][eta: 8:53:22, time (data): 0.531 (0.142)]l_bij: 9.2377e+01 l_orth: 9.8503e+01 l_diff: 2.7414e+01 l_align: 8.1413e+01 l_total: 2.9971e+02 
2026-05-22 12:28:36,636 INFO: [topki..][epoch: 13, iter:   8,280, lr:(9.684e-04,)][eta: 8:53:11, time (data): 0.535 (0.138)]l_bij: 1.0511e+02 l_orth: 1.0980e+02 l_diff: 2.9864e+01 l_align: 8.5236e+01 l_total: 3.3002e+02 
2026-05-22 12:28:47,282 INFO: [topki..][epoch: 13, iter:   8,300, lr:(9.684e-04,)][eta: 8:52:59, time (data): 0.534 (0.139)]l_bij: 1.0675e+02 l_orth: 1.1312e+02 l_diff: 3.9474e+01 l_align: 9.1683e+01 l_total: 3.5103e+02 
2026-05-22 12:28:58,133 INFO: [topki..][epoch: 13, iter:   8,320, lr:(9.684e-04,)][eta: 8:52:49, time (data): 0.536 (0.139)]l_bij: 5.8907e+01 l_orth: 7.5366e+01 l_diff: 2.1006e+01 l_align: 8.2291e+01 l_total: 2.3757e+02 
2026-05-22 12:29:09,062 INFO: [topki..][epoch: 13, iter:   8,340, lr:(9.684e-04,)][eta: 8:52:39, time (data): 0.538 (0.139)]l_bij: 9.2620e+01 l_orth: 1.0189e+02 l_diff: 3.4465e+01 l_align: 8.4732e+01 l_total: 3.1371e+02 
2026-05-22 12:29:20,557 INFO: [topki..][epoch: 13, iter:   8,360, lr:(9.684e-04,)][eta: 8:52:33, time (data): 0.544 (0.141)]l_bij: 1.0213e+02 l_orth: 1.0802e+02 l_diff: 2.4724e+01 l_align: 8.9160e+01 l_total: 3.2403e+02 
2026-05-22 12:29:30,093 INFO: [topki..][epoch: 13, iter:   8,380, lr:(9.684e-04,)][eta: 8:52:14, time (data): 0.535 (0.140)]l_bij: 9.0945e+01 l_orth: 1.0205e+02 l_diff: 2.8608e+01 l_align: 9.0586e+01 l_total: 3.1219e+02 
2026-05-22 12:29:39,773 INFO: [topki..][epoch: 13, iter:   8,400, lr:(9.684e-04,)][eta: 8:51:55, time (data): 0.528 (0.139)]l_bij: 8.6913e+01 l_orth: 9.5588e+01 l_diff: 2.7818e+01 l_align: 8.4379e+01 l_total: 2.9470e+02 
2026-05-22 12:29:49,771 INFO: [topki..][epoch: 13, iter:   8,420, lr:(9.684e-04,)][eta: 8:51:39, time (data): 0.525 (0.138)]l_bij: 9.4383e+01 l_orth: 1.0437e+02 l_diff: 3.3181e+01 l_align: 8.9732e+01 l_total: 3.2166e+02 
2026-05-22 12:29:59,142 INFO: [topki..][epoch: 13, iter:   8,440, lr:(9.684e-04,)][eta: 8:51:18, time (data): 0.519 (0.137)]l_bij: 6.4182e+01 l_orth: 7.6666e+01 l_diff: 2.6987e+01 l_align: 7.3306e+01 l_total: 2.4114e+02 
2026-05-22 12:30:09,327 INFO: [topki..][epoch: 13, iter:   8,460, lr:(9.684e-04,)][eta: 8:51:03, time (data): 0.508 (0.141)]l_bij: 9.0669e+01 l_orth: 1.0012e+02 l_diff: 2.4122e+01 l_align: 8.7191e+01 l_total: 3.0210e+02 
2026-05-22 12:30:18,889 INFO: [topki..][epoch: 13, iter:   8,480, lr:(9.684e-04,)][eta: 8:50:44, time (data): 0.492 (0.135)]l_bij: 8.5683e+01 l_orth: 9.4832e+01 l_diff: 3.3938e+01 l_align: 8.0063e+01 l_total: 2.9452e+02 
2026-05-22 12:30:28,723 INFO: [topki..][epoch: 13, iter:   8,500, lr:(9.684e-04,)][eta: 8:50:27, time (data): 0.492 (0.134)]l_bij: 8.3103e+01 l_orth: 9.1390e+01 l_diff: 2.6705e+01 l_align: 7.8149e+01 l_total: 2.7935e+02 
2026-05-22 12:30:37,931 INFO: [topki..][epoch: 13, iter:   8,520, lr:(9.684e-04,)][eta: 8:50:05, time (data): 0.484 (0.132)]l_bij: 8.8562e+01 l_orth: 9.7082e+01 l_diff: 3.1412e+01 l_align: 8.4577e+01 l_total: 3.0163e+02 
2026-05-22 12:30:47,609 INFO: [topki..][epoch: 13, iter:   8,540, lr:(9.684e-04,)][eta: 8:49:47, time (data): 0.484 (0.131)]l_bij: 9.9787e+01 l_orth: 1.0719e+02 l_diff: 3.2822e+01 l_align: 8.9262e+01 l_total: 3.2906e+02 
2026-05-22 12:30:56,620 INFO: [topki..][epoch: 13, iter:   8,560, lr:(9.684e-04,)][eta: 8:49:24, time (data): 0.478 (0.129)]l_bij: 8.1501e+01 l_orth: 9.0755e+01 l_diff: 2.9617e+01 l_align: 8.1304e+01 l_total: 2.8318e+02 
2026-05-22 12:31:06,423 INFO: [topki..][epoch: 13, iter:   8,580, lr:(9.684e-04,)][eta: 8:49:07, time (data): 0.480 (0.130)]l_bij: 1.2486e+02 l_orth: 1.2656e+02 l_diff: 3.1582e+01 l_align: 9.2757e+01 l_total: 3.7576e+02 
2026-05-22 12:31:16,550 INFO: [topki..][epoch: 13, iter:   8,600, lr:(9.684e-04,)][eta: 8:48:52, time (data): 0.483 (0.131)]l_bij: 1.0703e+02 l_orth: 1.1460e+02 l_diff: 3.1158e+01 l_align: 9.2549e+01 l_total: 3.4534e+02 
2026-05-22 12:31:26,453 INFO: [topki..][epoch: 13, iter:   8,620, lr:(9.684e-04,)][eta: 8:48:35, time (data): 0.485 (0.131)]l_bij: 8.1798e+01 l_orth: 9.2269e+01 l_diff: 2.5288e+01 l_align: 8.1877e+01 l_total: 2.8123e+02 
2026-05-22 12:31:36,117 INFO: [topki..][epoch: 13, iter:   8,640, lr:(9.684e-04,)][eta: 8:48:17, time (data): 0.484 (0.132)]l_bij: 1.0633e+02 l_orth: 1.1084e+02 l_diff: 3.1736e+01 l_align: 8.6735e+01 l_total: 3.3564e+02 
2026-05-22 12:31:46,110 INFO: [topki..][epoch: 13, iter:   8,660, lr:(9.684e-04,)][eta: 8:48:01, time (data): 0.506 (0.137)]l_bij: 8.9704e+01 l_orth: 9.9571e+01 l_diff: 3.2818e+01 l_align: 8.4558e+01 l_total: 3.0665e+02 
2026-05-22 12:31:55,731 INFO: [topki..][epoch: 13, iter:   8,680, lr:(9.684e-04,)][eta: 8:47:43, time (data): 0.493 (0.134)]l_bij: 7.1159e+01 l_orth: 8.5948e+01 l_diff: 2.6864e+01 l_align: 8.1944e+01 l_total: 2.6592e+02 
2026-05-22 12:32:06,163 INFO: [topki..][epoch: 13, iter:   8,700, lr:(9.684e-04,)][eta: 8:47:30, time (data): 0.503 (0.140)]l_bij: 9.7159e+01 l_orth: 1.0440e+02 l_diff: 3.5240e+01 l_align: 8.4715e+01 l_total: 3.2151e+02 
2026-05-22 12:32:15,918 INFO: [topki..][epoch: 13, iter:   8,720, lr:(9.684e-04,)][eta: 8:47:12, time (data): 0.499 (0.138)]l_bij: 8.0292e+01 l_orth: 9.0484e+01 l_diff: 2.7350e+01 l_align: 8.2715e+01 l_total: 2.8084e+02 
2026-05-22 12:32:24,483 INFO: [topki..][epoch: 13, iter:   8,740, lr:(9.684e-04,)][eta: 8:46:47, time (data): 0.484 (0.132)]l_bij: 9.6213e+01 l_orth: 1.0575e+02 l_diff: 3.8337e+01 l_align: 8.9333e+01 l_total: 3.2963e+02 
2026-05-22 12:32:33,908 INFO: [topki..][epoch: 13, iter:   8,760, lr:(9.684e-04,)][eta: 8:46:27, time (data): 0.482 (0.132)]l_bij: 1.0873e+02 l_orth: 1.1191e+02 l_diff: 3.2809e+01 l_align: 8.5191e+01 l_total: 3.3864e+02 
2026-05-22 12:32:43,345 INFO: [topki..][epoch: 13, iter:   8,780, lr:(9.684e-04,)][eta: 8:46:08, time (data): 0.480 (0.132)]l_bij: 1.0219e+02 l_orth: 1.1295e+02 l_diff: 3.4084e+01 l_align: 9.9451e+01 l_total: 3.4868e+02 
2026-05-22 12:32:55,034 INFO: [topki..][epoch: 14, iter:   8,800, lr:(9.630e-04,)][eta: 8:46:03, time (data): 0.494 (0.144)]l_bij: 7.9954e+01 l_orth: 8.9605e+01 l_diff: 2.5810e+01 l_align: 8.1537e+01 l_total: 2.7691e+02 
2026-05-22 12:33:03,564 INFO: [topki..][epoch: 14, iter:   8,820, lr:(9.630e-04,)][eta: 8:45:38, time (data): 0.486 (0.138)]l_bij: 8.9300e+01 l_orth: 9.7319e+01 l_diff: 2.9719e+01 l_align: 8.3251e+01 l_total: 2.9959e+02 
2026-05-22 12:33:13,159 INFO: [topki..][epoch: 14, iter:   8,840, lr:(9.630e-04,)][eta: 8:45:20, time (data): 0.485 (0.137)]l_bij: 8.1134e+01 l_orth: 9.1322e+01 l_diff: 2.4655e+01 l_align: 8.1352e+01 l_total: 2.7846e+02 
2026-05-22 12:33:22,825 INFO: [topki..][epoch: 14, iter:   8,860, lr:(9.630e-04,)][eta: 8:45:02, time (data): 0.482 (0.136)]l_bij: 8.7332e+01 l_orth: 9.6193e+01 l_diff: 2.1950e+01 l_align: 7.8879e+01 l_total: 2.8435e+02 
2026-05-22 12:33:32,466 INFO: [topki..][epoch: 14, iter:   8,880, lr:(9.630e-04,)][eta: 8:44:44, time (data): 0.482 (0.135)]l_bij: 7.4569e+01 l_orth: 8.4165e+01 l_diff: 2.5420e+01 l_align: 7.8649e+01 l_total: 2.6280e+02 
2026-05-22 12:33:42,927 INFO: [topki..][epoch: 14, iter:   8,900, lr:(9.630e-04,)][eta: 8:44:32, time (data): 0.497 (0.136)]l_bij: 9.6862e+01 l_orth: 1.0327e+02 l_diff: 2.6639e+01 l_align: 8.1795e+01 l_total: 3.0857e+02 
2026-05-22 12:33:53,194 INFO: [topki..][epoch: 14, iter:   8,920, lr:(9.630e-04,)][eta: 8:44:18, time (data): 0.501 (0.137)]l_bij: 8.9277e+01 l_orth: 9.6231e+01 l_diff: 3.1761e+01 l_align: 8.1769e+01 l_total: 2.9904e+02 
2026-05-22 12:34:02,781 INFO: [topki..][epoch: 14, iter:   8,940, lr:(9.630e-04,)][eta: 8:44:00, time (data): 0.497 (0.135)]l_bij: 9.3454e+01 l_orth: 1.0414e+02 l_diff: 3.6592e+01 l_align: 8.8580e+01 l_total: 3.2277e+02 
2026-05-22 12:34:12,588 INFO: [topki..][epoch: 14, iter:   8,960, lr:(9.630e-04,)][eta: 8:43:43, time (data): 0.495 (0.135)]l_bij: 7.7387e+01 l_orth: 8.7676e+01 l_diff: 2.7465e+01 l_align: 8.2090e+01 l_total: 2.7462e+02 
2026-05-22 12:34:22,160 INFO: [topki..][epoch: 14, iter:   8,980, lr:(9.630e-04,)][eta: 8:43:25, time (data): 0.493 (0.134)]l_bij: 8.0630e+01 l_orth: 8.9473e+01 l_diff: 2.4889e+01 l_align: 7.5507e+01 l_total: 2.7050e+02 
2026-05-22 12:34:32,317 INFO: [topki..][epoch: 14, iter:   9,000, lr:(9.630e-04,)][eta: 8:43:10, time (data): 0.495 (0.135)]l_bij: 7.3619e+01 l_orth: 8.4531e+01 l_diff: 2.6568e+01 l_align: 8.0829e+01 l_total: 2.6555e+02 
2026-05-22 12:34:42,222 INFO: [topki..][epoch: 14, iter:   9,020, lr:(9.630e-04,)][eta: 8:42:54, time (data): 0.495 (0.135)]l_bij: 9.6753e+01 l_orth: 1.0394e+02 l_diff: 3.6528e+01 l_align: 7.9656e+01 l_total: 3.1688e+02 
2026-05-22 12:34:52,042 INFO: [topki..][epoch: 14, iter:   9,040, lr:(9.630e-04,)][eta: 8:42:38, time (data): 0.494 (0.134)]l_bij: 9.1818e+01 l_orth: 9.7142e+01 l_diff: 2.0993e+01 l_align: 7.6456e+01 l_total: 2.8641e+02 
2026-05-22 12:35:02,246 INFO: [topki..][epoch: 14, iter:   9,060, lr:(9.630e-04,)][eta: 8:42:24, time (data): 0.523 (0.139)]l_bij: 1.1578e+02 l_orth: 1.1837e+02 l_diff: 2.5072e+01 l_align: 9.2529e+01 l_total: 3.5176e+02 
2026-05-22 12:35:11,665 INFO: [topki..][epoch: 14, iter:   9,080, lr:(9.630e-04,)][eta: 8:42:05, time (data): 0.493 (0.133)]l_bij: 8.8504e+01 l_orth: 9.6825e+01 l_diff: 2.5729e+01 l_align: 7.8706e+01 l_total: 2.8976e+02 
2026-05-22 12:35:21,224 INFO: [topki..][epoch: 14, iter:   9,100, lr:(9.630e-04,)][eta: 8:41:47, time (data): 0.488 (0.132)]l_bij: 9.2649e+01 l_orth: 9.8275e+01 l_diff: 2.7377e+01 l_align: 7.7783e+01 l_total: 2.9608e+02 
2026-05-22 12:35:31,708 INFO: [topki..][epoch: 14, iter:   9,120, lr:(9.630e-04,)][eta: 8:41:35, time (data): 0.497 (0.132)]l_bij: 7.2185e+01 l_orth: 8.5188e+01 l_diff: 1.9546e+01 l_align: 8.2736e+01 l_total: 2.5965e+02 
2026-05-22 12:35:41,671 INFO: [topki..][epoch: 14, iter:   9,140, lr:(9.630e-04,)][eta: 8:41:19, time (data): 0.498 (0.133)]l_bij: 6.6242e+01 l_orth: 7.9387e+01 l_diff: 2.4876e+01 l_align: 8.2464e+01 l_total: 2.5297e+02 
2026-05-22 12:35:50,932 INFO: [topki..][epoch: 14, iter:   9,160, lr:(9.630e-04,)][eta: 8:40:59, time (data): 0.492 (0.130)]l_bij: 6.3474e+01 l_orth: 7.6373e+01 l_diff: 2.6747e+01 l_align: 8.0515e+01 l_total: 2.4711e+02 
2026-05-22 12:35:59,836 INFO: [topki..][epoch: 14, iter:   9,180, lr:(9.630e-04,)][eta: 8:40:37, time (data): 0.485 (0.128)]l_bij: 1.0914e+02 l_orth: 1.1842e+02 l_diff: 3.8072e+01 l_align: 1.0301e+02 l_total: 3.6864e+02 
2026-05-22 12:36:09,401 INFO: [topki..][epoch: 14, iter:   9,200, lr:(9.630e-04,)][eta: 8:40:19, time (data): 0.484 (0.128)]l_bij: 6.3481e+00 l_orth: 4.5410e+01 l_diff: 2.4415e+01 l_align: 1.1361e+02 l_total: 1.8979e+02 
2026-05-22 12:36:19,806 INFO: [topki..][epoch: 14, iter:   9,220, lr:(9.630e-04,)][eta: 8:40:07, time (data): 0.488 (0.129)]l_bij: 8.1822e+01 l_orth: 9.0799e+01 l_diff: 2.6883e+01 l_align: 8.0137e+01 l_total: 2.7964e+02 
2026-05-22 12:36:29,645 INFO: [topki..][epoch: 14, iter:   9,240, lr:(9.630e-04,)][eta: 8:39:51, time (data): 0.488 (0.129)]l_bij: 9.4974e+01 l_orth: 1.0137e+02 l_diff: 3.1658e+01 l_align: 7.9619e+01 l_total: 3.0762e+02 
2026-05-22 12:36:39,320 INFO: [topki..][epoch: 14, iter:   9,260, lr:(9.630e-04,)][eta: 8:39:34, time (data): 0.483 (0.134)]l_bij: 8.5089e+01 l_orth: 9.4753e+01 l_diff: 2.6517e+01 l_align: 8.3801e+01 l_total: 2.9016e+02 
2026-05-22 12:36:48,867 INFO: [topki..][epoch: 14, iter:   9,280, lr:(9.630e-04,)][eta: 8:39:16, time (data): 0.480 (0.132)]l_bij: 1.1670e+02 l_orth: 1.2067e+02 l_diff: 3.1418e+01 l_align: 9.4357e+01 l_total: 3.6315e+02 
2026-05-22 12:36:57,836 INFO: [topki..][epoch: 14, iter:   9,300, lr:(9.630e-04,)][eta: 8:38:54, time (data): 0.468 (0.125)]l_bij: 7.8083e+01 l_orth: 8.6721e+01 l_diff: 2.7641e+01 l_align: 7.7958e+01 l_total: 2.7040e+02 
2026-05-22 12:37:06,804 INFO: [topki..][epoch: 14, iter:   9,320, lr:(9.630e-04,)][eta: 8:38:33, time (data): 0.463 (0.123)]l_bij: 9.4127e+01 l_orth: 9.8497e+01 l_diff: 2.6457e+01 l_align: 6.9924e+01 l_total: 2.8901e+02 
2026-05-22 12:37:16,818 INFO: [topki..][epoch: 14, iter:   9,340, lr:(9.630e-04,)][eta: 8:38:18, time (data): 0.471 (0.124)]l_bij: 6.7891e+01 l_orth: 8.0731e+01 l_diff: 3.3246e+01 l_align: 7.6243e+01 l_total: 2.5811e+02 
2026-05-22 12:37:26,662 INFO: [topki..][epoch: 14, iter:   9,360, lr:(9.630e-04,)][eta: 8:38:02, time (data): 0.475 (0.125)]l_bij: 1.0134e+02 l_orth: 1.0887e+02 l_diff: 3.2234e+01 l_align: 9.0042e+01 l_total: 3.3248e+02 
2026-05-22 12:37:36,560 INFO: [topki..][epoch: 14, iter:   9,380, lr:(9.630e-04,)][eta: 8:37:47, time (data): 0.478 (0.126)]l_bij: 1.0848e+02 l_orth: 1.1241e+02 l_diff: 2.9269e+01 l_align: 8.5910e+01 l_total: 3.3607e+02 
2026-05-22 12:37:46,263 INFO: [topki..][epoch: 14, iter:   9,400, lr:(9.630e-04,)][eta: 8:37:30, time (data): 0.479 (0.126)]l_bij: 1.1280e+02 l_orth: 1.1840e+02 l_diff: 3.0848e+01 l_align: 8.6678e+01 l_total: 3.4872e+02 
2026-05-22 12:37:56,085 INFO: [topki..][epoch: 14, iter:   9,420, lr:(9.630e-04,)][eta: 8:37:14, time (data): 0.480 (0.126)]l_bij: 8.2120e+01 l_orth: 8.9857e+01 l_diff: 2.6814e+01 l_align: 7.6131e+01 l_total: 2.7492e+02 
2026-05-22 12:38:05,988 INFO: [topki..][epoch: 14, iter:   9,440, lr:(9.630e-04,)][eta: 8:36:59, time (data): 0.482 (0.127)]l_bij: 5.5820e+01 l_orth: 7.0230e+01 l_diff: 2.2318e+01 l_align: 7.9247e+01 l_total: 2.2761e+02 
2026-05-22 12:38:15,639 INFO: [topki..][epoch: 14, iter:   9,460, lr:(9.630e-04,)][eta: 8:36:42, time (data): 0.477 (0.132)]l_bij: 8.0796e+01 l_orth: 9.1823e+01 l_diff: 2.8725e+01 l_align: 8.4294e+01 l_total: 2.8564e+02 
2026-05-22 12:38:27,274 INFO: [topki..][epoch: 15, iter:   9,480, lr:(9.572e-04,)][eta: 8:36:37, time (data): 0.540 (0.189)]l_bij: 9.1078e+01 l_orth: 9.7835e+01 l_diff: 3.4980e+01 l_align: 7.8535e+01 l_total: 3.0243e+02 
2026-05-22 12:38:36,600 INFO: [topki..][epoch: 15, iter:   9,500, lr:(9.572e-04,)][eta: 8:36:18, time (data): 0.512 (0.164)]l_bij: 7.4670e+01 l_orth: 8.5354e+01 l_diff: 3.2387e+01 l_align: 7.8826e+01 l_total: 2.7124e+02 
2026-05-22 12:38:46,150 INFO: [topki..][epoch: 15, iter:   9,520, lr:(9.572e-04,)][eta: 8:36:01, time (data): 0.503 (0.153)]l_bij: 8.4220e+01 l_orth: 9.4400e+01 l_diff: 2.5372e+01 l_align: 8.1309e+01 l_total: 2.8530e+02 
2026-05-22 12:38:55,547 INFO: [topki..][epoch: 15, iter:   9,540, lr:(9.572e-04,)][eta: 8:35:43, time (data): 0.496 (0.147)]l_bij: 1.0522e+02 l_orth: 1.1106e+02 l_diff: 2.9229e+01 l_align: 8.9901e+01 l_total: 3.3542e+02 
2026-05-22 12:39:05,069 INFO: [topki..][epoch: 15, iter:   9,560, lr:(9.572e-04,)][eta: 8:35:25, time (data): 0.492 (0.144)]l_bij: 5.8175e+01 l_orth: 7.3211e+01 l_diff: 2.5841e+01 l_align: 7.5627e+01 l_total: 2.3285e+02 
2026-05-22 12:39:15,018 INFO: [topki..][epoch: 15, iter:   9,580, lr:(9.572e-04,)][eta: 8:35:10, time (data): 0.493 (0.142)]l_bij: 9.8909e+01 l_orth: 1.0409e+02 l_diff: 3.1196e+01 l_align: 8.5878e+01 l_total: 3.2007e+02 
2026-05-22 12:39:25,082 INFO: [topki..][epoch: 15, iter:   9,600, lr:(9.572e-04,)][eta: 8:34:56, time (data): 0.494 (0.141)]l_bij: 9.6837e+01 l_orth: 1.0394e+02 l_diff: 2.7555e+01 l_align: 8.1332e+01 l_total: 3.0966e+02 
2026-05-22 12:39:35,227 INFO: [topki..][epoch: 15, iter:   9,620, lr:(9.572e-04,)][eta: 8:34:42, time (data): 0.496 (0.140)]l_bij: 8.7926e+01 l_orth: 9.8180e+01 l_diff: 2.9471e+01 l_align: 8.4377e+01 l_total: 2.9995e+02 
2026-05-22 12:39:44,887 INFO: [topki..][epoch: 15, iter:   9,640, lr:(9.572e-04,)][eta: 8:34:26, time (data): 0.494 (0.140)]l_bij: 7.0854e+01 l_orth: 8.3993e+01 l_diff: 2.5895e+01 l_align: 7.9463e+01 l_total: 2.6020e+02 
2026-05-22 12:39:54,956 INFO: [topki..][epoch: 15, iter:   9,660, lr:(9.572e-04,)][eta: 8:34:11, time (data): 0.503 (0.135)]l_bij: 9.9160e+01 l_orth: 1.1051e+02 l_diff: 2.9791e+01 l_align: 1.0047e+02 l_total: 3.3994e+02 
2026-05-22 12:40:05,080 INFO: [topki..][epoch: 15, iter:   9,680, lr:(9.572e-04,)][eta: 8:33:58, time (data): 0.505 (0.134)]l_bij: 9.4514e+01 l_orth: 9.9646e+01 l_diff: 3.2096e+01 l_align: 7.8560e+01 l_total: 3.0482e+02 
2026-05-22 12:40:14,907 INFO: [topki..][epoch: 15, iter:   9,700, lr:(9.572e-04,)][eta: 8:33:42, time (data): 0.500 (0.133)]l_bij: 9.4885e+01 l_orth: 9.9742e+01 l_diff: 3.0186e+01 l_align: 6.8904e+01 l_total: 2.9372e+02 
2026-05-22 12:40:24,721 INFO: [topki..][epoch: 15, iter:   9,720, lr:(9.572e-04,)][eta: 8:33:26, time (data): 0.497 (0.132)]l_bij: 1.0206e+02 l_orth: 1.0763e+02 l_diff: 2.9597e+01 l_align: 8.7473e+01 l_total: 3.2676e+02 
2026-05-22 12:40:34,571 INFO: [topki..][epoch: 15, iter:   9,740, lr:(9.572e-04,)][eta: 8:33:11, time (data): 0.496 (0.133)]l_bij: 7.7751e+01 l_orth: 8.9532e+01 l_diff: 2.8306e+01 l_align: 7.5148e+01 l_total: 2.7074e+02 
2026-05-22 12:40:44,656 INFO: [topki..][epoch: 15, iter:   9,760, lr:(9.572e-04,)][eta: 8:32:57, time (data): 0.498 (0.133)]l_bij: 1.1942e+02 l_orth: 1.2126e+02 l_diff: 3.6758e+01 l_align: 8.3889e+01 l_total: 3.6133e+02 
2026-05-22 12:40:54,539 INFO: [topki..][epoch: 15, iter:   9,780, lr:(9.572e-04,)][eta: 8:32:42, time (data): 0.497 (0.132)]l_bij: 1.0975e+02 l_orth: 1.1358e+02 l_diff: 2.8458e+01 l_align: 8.2049e+01 l_total: 3.3384e+02 
2026-05-22 12:41:04,408 INFO: [topki..][epoch: 15, iter:   9,800, lr:(9.572e-04,)][eta: 8:32:27, time (data): 0.497 (0.132)]l_bij: 1.0847e+02 l_orth: 1.1466e+02 l_diff: 3.2820e+01 l_align: 9.4550e+01 l_total: 3.5050e+02 
2026-05-22 12:41:14,261 INFO: [topki..][epoch: 15, iter:   9,820, lr:(9.572e-04,)][eta: 8:32:12, time (data): 0.496 (0.132)]l_bij: 1.0694e+02 l_orth: 1.1290e+02 l_diff: 2.7422e+01 l_align: 8.9291e+01 l_total: 3.3655e+02 
2026-05-22 12:41:24,106 INFO: [topki..][epoch: 15, iter:   9,840, lr:(9.572e-04,)][eta: 8:31:56, time (data): 0.496 (0.132)]l_bij: 8.7212e+01 l_orth: 9.4999e+01 l_diff: 2.9911e+01 l_align: 8.0480e+01 l_total: 2.9260e+02 
2026-05-22 12:41:34,394 INFO: [topki..][epoch: 15, iter:   9,860, lr:(9.572e-04,)][eta: 8:31:44, time (data): 0.523 (0.135)]l_bij: 8.5833e+01 l_orth: 9.3633e+01 l_diff: 2.6835e+01 l_align: 7.8424e+01 l_total: 2.8473e+02 
2026-05-22 12:41:45,034 INFO: [topki..][epoch: 15, iter:   9,880, lr:(9.572e-04,)][eta: 8:31:33, time (data): 0.529 (0.137)]l_bij: 6.9588e+01 l_orth: 8.0653e+01 l_diff: 2.8843e+01 l_align: 7.5689e+01 l_total: 2.5477e+02 
2026-05-22 12:41:54,933 INFO: [topki..][epoch: 15, iter:   9,900, lr:(9.572e-04,)][eta: 8:31:18, time (data): 0.516 (0.135)]l_bij: 7.2821e+01 l_orth: 8.4391e+01 l_diff: 2.3899e+01 l_align: 7.5988e+01 l_total: 2.5710e+02 
2026-05-22 12:42:04,505 INFO: [topki..][epoch: 15, iter:   9,920, lr:(9.572e-04,)][eta: 8:31:01, time (data): 0.505 (0.134)]l_bij: 9.6912e+01 l_orth: 1.0426e+02 l_diff: 3.3046e+01 l_align: 8.4895e+01 l_total: 3.1911e+02 
2026-05-22 12:42:14,073 INFO: [topki..][epoch: 15, iter:   9,940, lr:(9.572e-04,)][eta: 8:30:44, time (data): 0.499 (0.132)]l_bij: 1.0562e+02 l_orth: 1.1112e+02 l_diff: 3.0130e+01 l_align: 9.4211e+01 l_total: 3.4108e+02 
2026-05-22 12:42:23,564 INFO: [topki..][epoch: 15, iter:   9,960, lr:(9.572e-04,)][eta: 8:30:27, time (data): 0.495 (0.131)]l_bij: 9.3839e+01 l_orth: 1.0236e+02 l_diff: 3.1889e+01 l_align: 8.5333e+01 l_total: 3.1342e+02 
2026-05-22 12:42:33,392 INFO: [topki..][epoch: 15, iter:   9,980, lr:(9.572e-04,)][eta: 8:30:12, time (data): 0.494 (0.131)]l_bij: 6.2504e+01 l_orth: 8.1402e+01 l_diff: 2.9739e+01 l_align: 8.4356e+01 l_total: 2.5800e+02 
2026-05-22 12:42:43,410 INFO: [topki..][epoch: 15, iter:  10,000, lr:(9.572e-04,)][eta: 8:29:58, time (data): 0.495 (0.132)]l_bij: 9.2463e+01 l_orth: 9.8902e+01 l_diff: 3.0604e+01 l_align: 7.7987e+01 l_total: 2.9996e+02 
2026-05-22 12:42:53,160 INFO: [topki..][epoch: 15, iter:  10,020, lr:(9.572e-04,)][eta: 8:29:42, time (data): 0.494 (0.133)]l_bij: 1.0732e+02 l_orth: 1.1153e+02 l_diff: 3.1721e+01 l_align: 8.5939e+01 l_total: 3.3651e+02 
2026-05-22 12:43:03,016 INFO: [topki..][epoch: 15, iter:  10,040, lr:(9.572e-04,)][eta: 8:29:27, time (data): 0.494 (0.133)]l_bij: 8.9863e+01 l_orth: 9.8164e+01 l_diff: 2.5908e+01 l_align: 7.8916e+01 l_total: 2.9285e+02 
2026-05-22 12:43:12,167 INFO: [topki..][epoch: 15, iter:  10,060, lr:(9.572e-04,)][eta: 8:29:08, time (data): 0.486 (0.128)]l_bij: 8.1010e+01 l_orth: 9.0189e+01 l_diff: 2.6650e+01 l_align: 7.5673e+01 l_total: 2.7352e+02 
2026-05-22 12:43:21,952 INFO: [topki..][epoch: 15, iter:  10,080, lr:(9.572e-04,)][eta: 8:28:53, time (data): 0.488 (0.130)]l_bij: 8.2887e+01 l_orth: 9.1271e+01 l_diff: 2.6328e+01 l_align: 7.4284e+01 l_total: 2.7477e+02 
2026-05-22 12:43:31,446 INFO: [topki..][epoch: 15, iter:  10,100, lr:(9.572e-04,)][eta: 8:28:36, time (data): 0.483 (0.130)]l_bij: 8.7665e+01 l_orth: 9.7065e+01 l_diff: 3.2221e+01 l_align: 7.7963e+01 l_total: 2.9491e+02 
2026-05-22 12:43:41,044 INFO: [topki..][epoch: 15, iter:  10,120, lr:(9.572e-04,)][eta: 8:28:19, time (data): 0.482 (0.130)]l_bij: 8.7050e+01 l_orth: 9.5747e+01 l_diff: 2.8033e+01 l_align: 8.5180e+01 l_total: 2.9601e+02 
2026-05-22 12:43:50,713 INFO: [topki..][epoch: 15, iter:  10,140, lr:(9.572e-04,)][eta: 8:28:03, time (data): 0.482 (0.130)]l_bij: 9.3534e+01 l_orth: 1.0174e+02 l_diff: 2.8836e+01 l_align: 8.8320e+01 l_total: 3.1243e+02 
2026-05-22 12:44:02,215 INFO: [topki..][epoch: 16, iter:  10,160, lr:(9.510e-04,)][eta: 8:27:58, time (data): 0.499 (0.146)]l_bij: 9.8990e+01 l_orth: 1.0605e+02 l_diff: 2.8973e+01 l_align: 8.8983e+01 l_total: 3.2300e+02 
2026-05-22 12:44:11,193 INFO: [topki..][epoch: 16, iter:  10,180, lr:(9.510e-04,)][eta: 8:27:38, time (data): 0.491 (0.141)]l_bij: 5.8554e+01 l_orth: 7.4408e+01 l_diff: 2.9998e+01 l_align: 8.0653e+01 l_total: 2.4361e+02 
2026-05-22 12:44:20,355 INFO: [topki..][epoch: 16, iter:  10,200, lr:(9.510e-04,)][eta: 8:27:19, time (data): 0.487 (0.138)]l_bij: 1.0074e+02 l_orth: 1.0398e+02 l_diff: 2.9006e+01 l_align: 8.4508e+01 l_total: 3.1824e+02 
2026-05-22 12:44:30,205 INFO: [topki..][epoch: 16, iter:  10,220, lr:(9.510e-04,)][eta: 8:27:04, time (data): 0.488 (0.137)]l_bij: 1.1450e+02 l_orth: 1.2055e+02 l_diff: 3.3535e+01 l_align: 9.4166e+01 l_total: 3.6276e+02 
2026-05-22 12:44:39,581 INFO: [topki..][epoch: 16, iter:  10,240, lr:(9.510e-04,)][eta: 8:26:47, time (data): 0.486 (0.136)]l_bij: 7.8700e+01 l_orth: 9.0431e+01 l_diff: 2.4180e+01 l_align: 8.3180e+01 l_total: 2.7649e+02 
2026-05-22 12:44:49,370 INFO: [topki..][epoch: 16, iter:  10,260, lr:(9.510e-04,)][eta: 8:26:32, time (data): 0.497 (0.133)]l_bij: 9.7232e+01 l_orth: 1.0298e+02 l_diff: 3.2763e+01 l_align: 8.0752e+01 l_total: 3.1373e+02 
2026-05-22 12:44:58,944 INFO: [topki..][epoch: 16, iter:  10,280, lr:(9.510e-04,)][eta: 8:26:15, time (data): 0.484 (0.128)]l_bij: 6.9784e+01 l_orth: 8.1349e+01 l_diff: 2.3221e+01 l_align: 6.8347e+01 l_total: 2.4270e+02 
2026-05-22 12:45:08,837 INFO: [topki..][epoch: 16, iter:  10,300, lr:(9.510e-04,)][eta: 8:26:01, time (data): 0.488 (0.129)]l_bij: 6.7972e+01 l_orth: 7.9880e+01 l_diff: 2.2298e+01 l_align: 7.3706e+01 l_total: 2.4386e+02 
2026-05-22 12:45:18,712 INFO: [topki..][epoch: 16, iter:  10,320, lr:(9.510e-04,)][eta: 8:25:46, time (data): 0.490 (0.130)]l_bij: 8.3749e+01 l_orth: 9.3574e+01 l_diff: 3.4382e+01 l_align: 7.8311e+01 l_total: 2.9002e+02 
2026-05-22 12:45:29,124 INFO: [topki..][epoch: 16, iter:  10,340, lr:(9.510e-04,)][eta: 8:25:35, time (data): 0.497 (0.132)]l_bij: 1.2066e+02 l_orth: 1.2394e+02 l_diff: 3.3857e+01 l_align: 9.7600e+01 l_total: 3.7606e+02 
2026-05-22 12:45:38,537 INFO: [topki..][epoch: 16, iter:  10,360, lr:(9.510e-04,)][eta: 8:25:18, time (data): 0.492 (0.131)]l_bij: 9.2638e+01 l_orth: 1.0083e+02 l_diff: 2.8500e+01 l_align: 8.7994e+01 l_total: 3.0996e+02 
2026-05-22 12:45:48,208 INFO: [topki..][epoch: 16, iter:  10,380, lr:(9.510e-04,)][eta: 8:25:02, time (data): 0.491 (0.131)]l_bij: 5.7151e+01 l_orth: 7.1788e+01 l_diff: 2.5073e+01 l_align: 7.5714e+01 l_total: 2.2973e+02 
2026-05-22 12:45:58,086 INFO: [topki..][epoch: 16, iter:  10,400, lr:(9.510e-04,)][eta: 8:24:47, time (data): 0.491 (0.131)]l_bij: 6.9263e+01 l_orth: 7.9581e+01 l_diff: 2.6045e+01 l_align: 7.3615e+01 l_total: 2.4850e+02 
2026-05-22 12:46:07,332 INFO: [topki..][epoch: 16, iter:  10,420, lr:(9.510e-04,)][eta: 8:24:29, time (data): 0.488 (0.131)]l_bij: 6.9305e+01 l_orth: 8.3032e+01 l_diff: 2.7937e+01 l_align: 8.2772e+01 l_total: 2.6305e+02 
2026-05-22 12:46:16,586 INFO: [topki..][epoch: 16, iter:  10,440, lr:(9.510e-04,)][eta: 8:24:12, time (data): 0.485 (0.130)]l_bij: 9.3158e+01 l_orth: 9.7722e+01 l_diff: 3.0360e+01 l_align: 7.6448e+01 l_total: 2.9769e+02 
2026-05-22 12:46:26,706 INFO: [topki..][epoch: 16, iter:  10,460, lr:(9.510e-04,)][eta: 8:23:58, time (data): 0.489 (0.137)]l_bij: 2.9807e+00 l_orth: 3.7737e+01 l_diff: 2.4273e+01 l_align: 9.8288e+01 l_total: 1.6328e+02 
2026-05-22 12:46:36,642 INFO: [topki..][epoch: 16, iter:  10,480, lr:(9.510e-04,)][eta: 8:23:44, time (data): 0.495 (0.133)]l_bij: 1.0557e+02 l_orth: 1.1129e+02 l_diff: 3.1370e+01 l_align: 9.3381e+01 l_total: 3.4161e+02 
2026-05-22 12:46:46,430 INFO: [topki..][epoch: 16, iter:  10,500, lr:(9.510e-04,)][eta: 8:23:29, time (data): 0.492 (0.134)]l_bij: 1.0772e+02 l_orth: 1.1530e+02 l_diff: 3.2675e+01 l_align: 8.7593e+01 l_total: 3.4328e+02 
2026-05-22 12:46:56,175 INFO: [topki..][epoch: 16, iter:  10,520, lr:(9.510e-04,)][eta: 8:23:14, time (data): 0.491 (0.133)]l_bij: 8.0694e+01 l_orth: 9.2994e+01 l_diff: 3.7374e+01 l_align: 8.2796e+01 l_total: 2.9386e+02 
2026-05-22 12:47:05,986 INFO: [topki..][epoch: 16, iter:  10,540, lr:(9.510e-04,)][eta: 8:23:00, time (data): 0.491 (0.133)]l_bij: 7.2900e+01 l_orth: 8.7499e+01 l_diff: 2.6003e+01 l_align: 7.9568e+01 l_total: 2.6597e+02 
2026-05-22 12:47:15,734 INFO: [topki..][epoch: 16, iter:  10,560, lr:(9.510e-04,)][eta: 8:22:44, time (data): 0.490 (0.131)]l_bij: 1.0549e+02 l_orth: 1.1519e+02 l_diff: 3.3023e+01 l_align: 9.8620e+01 l_total: 3.5233e+02 
2026-05-22 12:47:26,236 INFO: [topki..][epoch: 16, iter:  10,580, lr:(9.510e-04,)][eta: 8:22:33, time (data): 0.496 (0.132)]l_bij: 7.7627e+01 l_orth: 8.8720e+01 l_diff: 2.8062e+01 l_align: 8.1304e+01 l_total: 2.7571e+02 
2026-05-22 12:47:36,211 INFO: [topki..][epoch: 16, iter:  10,600, lr:(9.510e-04,)][eta: 8:22:20, time (data): 0.496 (0.132)]l_bij: 8.6196e+01 l_orth: 9.3694e+01 l_diff: 3.1923e+01 l_align: 7.8258e+01 l_total: 2.9007e+02 
2026-05-22 12:47:45,181 INFO: [topki..][epoch: 16, iter:  10,620, lr:(9.510e-04,)][eta: 8:22:00, time (data): 0.490 (0.131)]l_bij: 9.3470e+01 l_orth: 9.9832e+01 l_diff: 2.5351e+01 l_align: 7.7671e+01 l_total: 2.9632e+02 
2026-05-22 12:47:55,588 INFO: [topki..][epoch: 16, iter:  10,640, lr:(9.510e-04,)][eta: 8:21:49, time (data): 0.494 (0.132)]l_bij: 8.3372e+01 l_orth: 9.3272e+01 l_diff: 2.9433e+01 l_align: 7.8492e+01 l_total: 2.8457e+02 
2026-05-22 12:48:04,799 INFO: [topki..][epoch: 16, iter:  10,660, lr:(9.510e-04,)][eta: 8:21:31, time (data): 0.462 (0.119)]l_bij: 9.7978e+01 l_orth: 1.0850e+02 l_diff: 3.3151e+01 l_align: 8.7028e+01 l_total: 3.2666e+02 
2026-05-22 12:48:14,985 INFO: [topki..][epoch: 16, iter:  10,680, lr:(9.510e-04,)][eta: 8:21:19, time (data): 0.497 (0.134)]l_bij: 1.0614e+02 l_orth: 1.1021e+02 l_diff: 3.1251e+01 l_align: 8.2043e+01 l_total: 3.2964e+02 
2026-05-22 12:48:24,603 INFO: [topki..][epoch: 16, iter:  10,700, lr:(9.510e-04,)][eta: 8:21:03, time (data): 0.490 (0.133)]l_bij: 1.0509e+02 l_orth: 1.1322e+02 l_diff: 2.5007e+01 l_align: 9.6692e+01 l_total: 3.4000e+02 
2026-05-22 12:48:34,379 INFO: [topki..][epoch: 16, iter:  10,720, lr:(9.510e-04,)][eta: 8:20:48, time (data): 0.490 (0.132)]l_bij: 9.8117e+01 l_orth: 1.0419e+02 l_diff: 2.8372e+01 l_align: 8.5912e+01 l_total: 3.1660e+02 
2026-05-22 12:48:44,654 INFO: [topki..][epoch: 16, iter:  10,740, lr:(9.510e-04,)][eta: 8:20:36, time (data): 0.495 (0.132)]l_bij: 7.8886e+01 l_orth: 8.8070e+01 l_diff: 2.6984e+01 l_align: 7.5914e+01 l_total: 2.6985e+02 
2026-05-22 12:48:54,539 INFO: [topki..][epoch: 16, iter:  10,760, lr:(9.510e-04,)][eta: 8:20:22, time (data): 0.495 (0.133)]l_bij: 6.4974e+00 l_orth: 4.6067e+01 l_diff: 2.5131e+01 l_align: 1.0948e+02 l_total: 1.8718e+02 
2026-05-22 12:49:03,901 INFO: [topki..][epoch: 16, iter:  10,780, lr:(9.510e-04,)][eta: 8:20:05, time (data): 0.491 (0.131)]l_bij: 7.7446e+01 l_orth: 8.6223e+01 l_diff: 2.6061e+01 l_align: 7.9682e+01 l_total: 2.6941e+02 
2026-05-22 12:49:12,502 INFO: [topki..][epoch: 16, iter:  10,800, lr:(9.510e-04,)][eta: 8:19:44, time (data): 0.482 (0.128)]l_bij: 8.6257e+01 l_orth: 9.7908e+01 l_diff: 2.9618e+01 l_align: 8.6102e+01 l_total: 2.9989e+02 
2026-05-22 12:49:23,877 INFO: [topki..][epoch: 17, iter:  10,820, lr:(9.443e-04,)][eta: 8:19:38, time (data): 0.493 (0.139)]l_bij: 9.5148e+01 l_orth: 1.0160e+02 l_diff: 3.1301e+01 l_align: 8.0225e+01 l_total: 3.0828e+02 
2026-05-22 12:49:33,148 INFO: [topki..][epoch: 17, iter:  10,840, lr:(9.443e-04,)][eta: 8:19:21, time (data): 0.490 (0.137)]l_bij: 6.3466e+01 l_orth: 7.5970e+01 l_diff: 2.5454e+01 l_align: 7.8747e+01 l_total: 2.4364e+02 
2026-05-22 12:49:42,619 INFO: [topki..][epoch: 17, iter:  10,860, lr:(9.443e-04,)][eta: 8:19:04, time (data): 0.474 (0.125)]l_bij: 6.9493e+01 l_orth: 7.9412e+01 l_diff: 2.1316e+01 l_align: 7.5361e+01 l_total: 2.4558e+02 
2026-05-22 12:49:52,154 INFO: [topki..][epoch: 17, iter:  10,880, lr:(9.443e-04,)][eta: 8:18:48, time (data): 0.476 (0.128)]l_bij: 8.8449e+01 l_orth: 9.4761e+01 l_diff: 3.3480e+01 l_align: 7.7291e+01 l_total: 2.9398e+02 
2026-05-22 12:50:01,911 INFO: [topki..][epoch: 17, iter:  10,900, lr:(9.443e-04,)][eta: 8:18:34, time (data): 0.481 (0.131)]l_bij: 7.5473e+01 l_orth: 8.5448e+01 l_diff: 2.7744e+01 l_align: 8.0043e+01 l_total: 2.6871e+02 
2026-05-22 12:50:11,582 INFO: [topki..][epoch: 17, iter:  10,920, lr:(9.443e-04,)][eta: 8:18:19, time (data): 0.482 (0.131)]l_bij: 7.8763e+01 l_orth: 8.9976e+01 l_diff: 2.8510e+01 l_align: 8.0274e+01 l_total: 2.7752e+02 
2026-05-22 12:50:21,573 INFO: [topki..][epoch: 17, iter:  10,940, lr:(9.443e-04,)][eta: 8:18:05, time (data): 0.486 (0.132)]l_bij: 7.7515e+01 l_orth: 8.6276e+01 l_diff: 2.9438e+01 l_align: 7.9548e+01 l_total: 2.7278e+02 
2026-05-22 12:50:31,132 INFO: [topki..][epoch: 17, iter:  10,960, lr:(9.443e-04,)][eta: 8:17:50, time (data): 0.484 (0.131)]l_bij: 8.4637e+01 l_orth: 9.4867e+01 l_diff: 2.9740e+01 l_align: 8.2754e+01 l_total: 2.9200e+02 
2026-05-22 12:50:41,233 INFO: [topki..][epoch: 17, iter:  10,980, lr:(9.443e-04,)][eta: 8:17:37, time (data): 0.488 (0.132)]l_bij: 6.0384e+01 l_orth: 7.3891e+01 l_diff: 2.9577e+01 l_align: 7.6327e+01 l_total: 2.4018e+02 
2026-05-22 12:50:50,810 INFO: [topki..][epoch: 17, iter:  11,000, lr:(9.443e-04,)][eta: 8:17:21, time (data): 0.486 (0.131)]l_bij: 8.2136e+01 l_orth: 9.3951e+01 l_diff: 2.4789e+01 l_align: 8.7836e+01 l_total: 2.8871e+02 
2026-05-22 12:51:00,427 INFO: [topki..][epoch: 17, iter:  11,020, lr:(9.443e-04,)][eta: 8:17:06, time (data): 0.486 (0.132)]l_bij: 1.0271e+02 l_orth: 1.0738e+02 l_diff: 3.3037e+01 l_align: 8.4763e+01 l_total: 3.2788e+02 
2026-05-22 12:51:10,210 INFO: [topki..][epoch: 17, iter:  11,040, lr:(9.443e-04,)][eta: 8:16:51, time (data): 0.486 (0.131)]l_bij: 9.3929e+01 l_orth: 9.9890e+01 l_diff: 2.9905e+01 l_align: 7.9318e+01 l_total: 3.0304e+02 
2026-05-22 12:51:20,201 INFO: [topki..][epoch: 17, iter:  11,060, lr:(9.443e-04,)][eta: 8:16:38, time (data): 0.485 (0.139)]l_bij: 1.0600e+02 l_orth: 1.1122e+02 l_diff: 3.2772e+01 l_align: 8.4327e+01 l_total: 3.3432e+02 
2026-05-22 12:51:29,854 INFO: [topki..][epoch: 17, iter:  11,080, lr:(9.443e-04,)][eta: 8:16:23, time (data): 0.483 (0.134)]l_bij: 6.8679e+01 l_orth: 8.0482e+01 l_diff: 2.5586e+01 l_align: 7.5253e+01 l_total: 2.5000e+02 
2026-05-22 12:51:39,266 INFO: [topki..][epoch: 17, iter:  11,100, lr:(9.443e-04,)][eta: 8:16:07, time (data): 0.478 (0.131)]l_bij: 4.9666e+01 l_orth: 6.8917e+01 l_diff: 2.1236e+01 l_align: 7.8023e+01 l_total: 2.1784e+02 
2026-05-22 12:51:49,279 INFO: [topki..][epoch: 17, iter:  11,120, lr:(9.443e-04,)][eta: 8:15:53, time (data): 0.485 (0.134)]l_bij: 9.2089e+01 l_orth: 1.0131e+02 l_diff: 2.5568e+01 l_align: 8.5952e+01 l_total: 3.0491e+02 
2026-05-22 12:51:58,785 INFO: [topki..][epoch: 17, iter:  11,140, lr:(9.443e-04,)][eta: 8:15:38, time (data): 0.482 (0.133)]l_bij: 8.8624e+01 l_orth: 9.5203e+01 l_diff: 3.1022e+01 l_align: 7.8576e+01 l_total: 2.9343e+02 
2026-05-22 12:52:08,789 INFO: [topki..][epoch: 17, iter:  11,160, lr:(9.443e-04,)][eta: 8:15:24, time (data): 0.486 (0.133)]l_bij: 9.5715e+01 l_orth: 1.0338e+02 l_diff: 2.4310e+01 l_align: 8.9033e+01 l_total: 3.1244e+02 
2026-05-22 12:52:18,454 INFO: [topki..][epoch: 17, iter:  11,180, lr:(9.443e-04,)][eta: 8:15:10, time (data): 0.485 (0.133)]l_bij: 8.9894e+01 l_orth: 9.9899e+01 l_diff: 3.3713e+01 l_align: 8.3593e+01 l_total: 3.0710e+02 
2026-05-22 12:52:28,378 INFO: [topki..][epoch: 17, iter:  11,200, lr:(9.443e-04,)][eta: 8:14:56, time (data): 0.487 (0.133)]l_bij: 7.6623e+01 l_orth: 8.8576e+01 l_diff: 2.6678e+01 l_align: 7.4220e+01 l_total: 2.6610e+02 
2026-05-22 12:52:38,149 INFO: [topki..][epoch: 17, iter:  11,220, lr:(9.443e-04,)][eta: 8:14:42, time (data): 0.487 (0.133)]l_bij: 1.1150e+02 l_orth: 1.1576e+02 l_diff: 3.3726e+01 l_align: 8.7595e+01 l_total: 3.4859e+02 
2026-05-22 12:52:47,748 INFO: [topki..][epoch: 17, iter:  11,240, lr:(9.443e-04,)][eta: 8:14:26, time (data): 0.486 (0.133)]l_bij: 7.8905e+01 l_orth: 9.0362e+01 l_diff: 3.3321e+01 l_align: 7.9443e+01 l_total: 2.8203e+02 
2026-05-22 12:52:57,393 INFO: [topki..][epoch: 17, iter:  11,260, lr:(9.443e-04,)][eta: 8:14:12, time (data): 0.483 (0.136)]l_bij: 8.3193e+01 l_orth: 9.3835e+01 l_diff: 2.7727e+01 l_align: 7.9477e+01 l_total: 2.8423e+02 
2026-05-22 12:53:07,497 INFO: [topki..][epoch: 17, iter:  11,280, lr:(9.443e-04,)][eta: 8:13:59, time (data): 0.501 (0.135)]l_bij: 8.6217e+01 l_orth: 9.3701e+01 l_diff: 2.7078e+01 l_align: 7.4395e+01 l_total: 2.8139e+02 
2026-05-22 12:53:16,792 INFO: [topki..][epoch: 17, iter:  11,300, lr:(9.443e-04,)][eta: 8:13:42, time (data): 0.485 (0.128)]l_bij: 5.8534e+01 l_orth: 7.2848e+01 l_diff: 2.2260e+01 l_align: 7.3969e+01 l_total: 2.2761e+02 
2026-05-22 12:53:26,605 INFO: [topki..][epoch: 17, iter:  11,320, lr:(9.443e-04,)][eta: 8:13:28, time (data): 0.487 (0.133)]l_bij: 1.0329e+02 l_orth: 1.0924e+02 l_diff: 2.9650e+01 l_align: 8.6110e+01 l_total: 3.2829e+02 
2026-05-22 12:53:35,760 INFO: [topki..][epoch: 17, iter:  11,340, lr:(9.443e-04,)][eta: 8:13:11, time (data): 0.480 (0.129)]l_bij: 9.7380e+01 l_orth: 1.0393e+02 l_diff: 2.9982e+01 l_align: 8.5102e+01 l_total: 3.1639e+02 
2026-05-22 12:53:45,192 INFO: [topki..][epoch: 17, iter:  11,360, lr:(9.443e-04,)][eta: 8:12:55, time (data): 0.478 (0.130)]l_bij: 8.4523e+01 l_orth: 9.3978e+01 l_diff: 2.5843e+01 l_align: 8.1057e+01 l_total: 2.8540e+02 
2026-05-22 12:53:55,404 INFO: [topki..][epoch: 17, iter:  11,380, lr:(9.443e-04,)][eta: 8:12:43, time (data): 0.483 (0.132)]l_bij: 9.7362e+01 l_orth: 1.0748e+02 l_diff: 3.1806e+01 l_align: 9.0769e+01 l_total: 3.2741e+02 
2026-05-22 12:54:06,287 INFO: [topki..][epoch: 17, iter:  11,400, lr:(9.443e-04,)][eta: 8:12:34, time (data): 0.492 (0.132)]l_bij: 8.3663e+01 l_orth: 9.4547e+01 l_diff: 2.7306e+01 l_align: 8.3363e+01 l_total: 2.8888e+02 
2026-05-22 12:54:17,011 INFO: [topki..][epoch: 17, iter:  11,420, lr:(9.443e-04,)][eta: 8:12:25, time (data): 0.497 (0.133)]l_bij: 9.2387e+01 l_orth: 9.7559e+01 l_diff: 2.9320e+01 l_align: 8.1018e+01 l_total: 3.0028e+02 
2026-05-22 12:54:27,292 INFO: [topki..][epoch: 17, iter:  11,440, lr:(9.443e-04,)][eta: 8:12:13, time (data): 0.499 (0.133)]l_bij: 8.5844e+01 l_orth: 9.4818e+01 l_diff: 2.7443e+01 l_align: 8.1251e+01 l_total: 2.8936e+02 
2026-05-22 12:54:38,611 INFO: [topki..][epoch: 17, iter:  11,460, lr:(9.443e-04,)][eta: 8:12:06, time (data): 0.531 (0.142)]l_bij: 8.5926e+01 l_orth: 9.5458e+01 l_diff: 3.0814e+01 l_align: 8.1037e+01 l_total: 2.9323e+02 
2026-05-22 12:54:49,484 INFO: [topki..][epoch: 17, iter:  11,480, lr:(9.443e-04,)][eta: 8:11:58, time (data): 0.542 (0.143)]l_bij: 5.4610e+01 l_orth: 7.1762e+01 l_diff: 2.5768e+01 l_align: 7.9053e+01 l_total: 2.3119e+02 
2026-05-22 12:55:02,682 INFO: [topki..][epoch: 18, iter:  11,500, lr:(9.373e-04,)][eta: 8:12:00, time (data): 0.597 (0.192)]l_bij: 9.7202e+01 l_orth: 1.0246e+02 l_diff: 3.4590e+01 l_align: 8.1264e+01 l_total: 3.1551e+02 
2026-05-22 12:55:12,899 INFO: [topki..][epoch: 18, iter:  11,520, lr:(9.373e-04,)][eta: 8:11:48, time (data): 0.569 (0.171)]l_bij: 1.0458e+02 l_orth: 1.1304e+02 l_diff: 2.5677e+01 l_align: 9.0035e+01 l_total: 3.3333e+02 
2026-05-22 12:55:23,331 INFO: [topki..][epoch: 18, iter:  11,540, lr:(9.373e-04,)][eta: 8:11:37, time (data): 0.558 (0.162)]l_bij: 7.2121e+01 l_orth: 8.3154e+01 l_diff: 2.9247e+01 l_align: 7.6100e+01 l_total: 2.6062e+02 
2026-05-22 12:55:33,960 INFO: [topki..][epoch: 18, iter:  11,560, lr:(9.373e-04,)][eta: 8:11:27, time (data): 0.553 (0.157)]l_bij: 6.8517e+01 l_orth: 8.1663e+01 l_diff: 2.4521e+01 l_align: 8.0420e+01 l_total: 2.5512e+02 
2026-05-22 12:55:44,571 INFO: [topki..][epoch: 18, iter:  11,580, lr:(9.373e-04,)][eta: 8:11:17, time (data): 0.549 (0.153)]l_bij: 9.1991e+01 l_orth: 9.8512e+01 l_diff: 3.5205e+01 l_align: 7.9931e+01 l_total: 3.0564e+02 
2026-05-22 12:55:55,158 INFO: [topki..][epoch: 18, iter:  11,600, lr:(9.373e-04,)][eta: 8:11:07, time (data): 0.546 (0.151)]l_bij: 8.7177e+01 l_orth: 9.8985e+01 l_diff: 2.6500e+01 l_align: 8.8271e+01 l_total: 3.0093e+02 
2026-05-22 12:56:05,736 INFO: [topki..][epoch: 18, iter:  11,620, lr:(9.373e-04,)][eta: 8:10:57, time (data): 0.544 (0.149)]l_bij: 1.2301e+02 l_orth: 1.2519e+02 l_diff: 3.8691e+01 l_align: 9.3425e+01 l_total: 3.8031e+02 
2026-05-22 12:56:16,946 INFO: [topki..][epoch: 18, iter:  11,640, lr:(9.373e-04,)][eta: 8:10:49, time (data): 0.546 (0.148)]l_bij: 8.8713e+01 l_orth: 9.6449e+01 l_diff: 3.2967e+01 l_align: 7.5098e+01 l_total: 2.9323e+02 
2026-05-22 12:56:28,078 INFO: [topki..][epoch: 18, iter:  11,660, lr:(9.373e-04,)][eta: 8:10:42, time (data): 0.552 (0.145)]l_bij: 1.0628e+02 l_orth: 1.1127e+02 l_diff: 3.0755e+01 l_align: 8.0513e+01 l_total: 3.2882e+02 
2026-05-22 12:56:39,032 INFO: [topki..][epoch: 18, iter:  11,680, lr:(9.373e-04,)][eta: 8:10:33, time (data): 0.548 (0.142)]l_bij: 8.0026e+01 l_orth: 9.0999e+01 l_diff: 3.4079e+01 l_align: 7.8234e+01 l_total: 2.8334e+02 
2026-05-22 12:56:50,030 INFO: [topki..][epoch: 18, iter:  11,700, lr:(9.373e-04,)][eta: 8:10:25, time (data): 0.549 (0.144)]l_bij: 1.0556e+02 l_orth: 1.1263e+02 l_diff: 2.8548e+01 l_align: 9.6797e+01 l_total: 3.4354e+02 
2026-05-22 12:57:01,581 INFO: [topki..][epoch: 18, iter:  11,720, lr:(9.373e-04,)][eta: 8:10:19, time (data): 0.558 (0.144)]l_bij: 7.2078e+01 l_orth: 8.5168e+01 l_diff: 2.3441e+01 l_align: 7.4927e+01 l_total: 2.5561e+02 
2026-05-22 12:57:12,399 INFO: [topki..][epoch: 18, iter:  11,740, lr:(9.373e-04,)][eta: 8:10:10, time (data): 0.554 (0.143)]l_bij: 1.0900e+02 l_orth: 1.1248e+02 l_diff: 3.4254e+01 l_align: 8.8748e+01 l_total: 3.4448e+02 
2026-05-22 12:57:23,491 INFO: [topki..][epoch: 18, iter:  11,760, lr:(9.373e-04,)][eta: 8:10:02, time (data): 0.554 (0.144)]l_bij: 1.0963e+02 l_orth: 1.1519e+02 l_diff: 3.0526e+01 l_align: 9.6107e+01 l_total: 3.5145e+02 
2026-05-22 12:57:34,344 INFO: [topki..][epoch: 18, iter:  11,780, lr:(9.373e-04,)][eta: 8:09:53, time (data): 0.552 (0.144)]l_bij: 7.9183e+01 l_orth: 8.8619e+01 l_diff: 2.5681e+01 l_align: 7.7553e+01 l_total: 2.7104e+02 
2026-05-22 12:57:45,255 INFO: [topki..][epoch: 18, iter:  11,800, lr:(9.373e-04,)][eta: 8:09:45, time (data): 0.551 (0.144)]l_bij: 7.5235e+01 l_orth: 8.8176e+01 l_diff: 2.6536e+01 l_align: 8.2130e+01 l_total: 2.7208e+02 
2026-05-22 12:57:55,902 INFO: [topki..][epoch: 18, iter:  11,820, lr:(9.373e-04,)][eta: 8:09:35, time (data): 0.549 (0.143)]l_bij: 8.9426e+01 l_orth: 9.9232e+01 l_diff: 3.2610e+01 l_align: 8.6428e+01 l_total: 3.0770e+02 
2026-05-22 12:58:06,432 INFO: [topki..][epoch: 18, iter:  11,840, lr:(9.373e-04,)][eta: 8:09:24, time (data): 0.546 (0.143)]l_bij: 7.9878e+01 l_orth: 8.9393e+01 l_diff: 3.0271e+01 l_align: 7.4004e+01 l_total: 2.7355e+02 
2026-05-22 12:58:16,806 INFO: [topki..][epoch: 18, iter:  11,860, lr:(9.373e-04,)][eta: 8:09:13, time (data): 0.484 (0.134)]l_bij: 7.8868e+01 l_orth: 8.8213e+01 l_diff: 2.3294e+01 l_align: 7.5134e+01 l_total: 2.6551e+02 
2026-05-22 12:58:27,243 INFO: [topki..][epoch: 18, iter:  11,880, lr:(9.373e-04,)][eta: 8:09:02, time (data): 0.520 (0.135)]l_bij: 9.0180e+01 l_orth: 9.7069e+01 l_diff: 3.2226e+01 l_align: 7.8215e+01 l_total: 2.9769e+02 
2026-05-22 12:58:38,224 INFO: [topki..][epoch: 18, iter:  11,900, lr:(9.373e-04,)][eta: 8:08:53, time (data): 0.534 (0.141)]l_bij: 5.0249e+01 l_orth: 6.6541e+01 l_diff: 2.3219e+01 l_align: 7.4402e+01 l_total: 2.1441e+02 
2026-05-22 12:58:49,426 INFO: [topki..][epoch: 18, iter:  11,920, lr:(9.373e-04,)][eta: 8:08:46, time (data): 0.543 (0.143)]l_bij: 6.0824e+01 l_orth: 7.3311e+01 l_diff: 2.1323e+01 l_align: 7.0523e+01 l_total: 2.2598e+02 
2026-05-22 12:58:59,906 INFO: [topki..][epoch: 18, iter:  11,940, lr:(9.373e-04,)][eta: 8:08:35, time (data): 0.538 (0.142)]l_bij: 4.9997e+01 l_orth: 6.6873e+01 l_diff: 2.4022e+01 l_align: 7.2874e+01 l_total: 2.1377e+02 
2026-05-22 12:59:09,955 INFO: [topki..][epoch: 18, iter:  11,960, lr:(9.373e-04,)][eta: 8:08:22, time (data): 0.531 (0.140)]l_bij: 5.9615e+01 l_orth: 7.3978e+01 l_diff: 2.1244e+01 l_align: 7.6026e+01 l_total: 2.3086e+02 
2026-05-22 12:59:21,603 INFO: [topki..][epoch: 18, iter:  11,980, lr:(9.373e-04,)][eta: 8:08:17, time (data): 0.539 (0.144)]l_bij: 2.3686e+00 l_orth: 3.5164e+01 l_diff: 2.2376e+01 l_align: 9.3940e+01 l_total: 1.5385e+02 
2026-05-22 12:59:32,559 INFO: [topki..][epoch: 18, iter:  12,000, lr:(9.373e-04,)][eta: 8:08:08, time (data): 0.541 (0.145)]l_bij: 9.4270e+01 l_orth: 1.0277e+02 l_diff: 3.1462e+01 l_align: 8.3655e+01 l_total: 3.1216e+02 
2026-05-22 12:59:32,560 INFO: Saving models and training states.
2026-05-22 12:59:32,579 INFO: Start validation.
2026-05-22 13:00:44,562 INFO: Avg time: 0.1349
2026-05-22 13:00:44,672 INFO: Val auc: 0.6903
2026-05-22 13:00:44,678 INFO: Val avg error: 0.0593
2026-05-22 13:00:44,683 INFO: Best model is updated, average geodesic error: 0.0593
2026-05-22 13:00:55,124 INFO: [topki..][epoch: 18, iter:  12,020, lr:(9.373e-04,)][eta: 8:13:31, time (data): 0.536 (0.143)]l_bij: 9.1529e+01 l_orth: 1.0208e+02 l_diff: 2.4095e+01 l_align: 8.5744e+01 l_total: 3.0344e+02 
2026-05-22 13:01:05,375 INFO: [topki..][epoch: 18, iter:  12,040, lr:(9.373e-04,)][eta: 8:13:18, time (data): 0.534 (0.143)]l_bij: 9.4929e+01 l_orth: 1.0797e+02 l_diff: 2.9571e+01 l_align: 1.0113e+02 l_total: 3.3360e+02 
2026-05-22 13:01:15,701 INFO: [topki..][epoch: 18, iter:  12,060, lr:(9.373e-04,)][eta: 8:13:06, time (data): 0.532 (0.142)]l_bij: 7.5187e+01 l_orth: 9.1083e+01 l_diff: 2.7389e+01 l_align: 8.2140e+01 l_total: 2.7580e+02 
2026-05-22 13:01:26,429 INFO: [topki..][epoch: 18, iter:  12,080, lr:(9.373e-04,)][eta: 8:12:56, time (data): 0.536 (0.132)]l_bij: 7.5640e+01 l_orth: 8.5007e+01 l_diff: 2.6079e+01 l_align: 6.9558e+01 l_total: 2.5628e+02 
2026-05-22 13:01:37,374 INFO: [topki..][epoch: 18, iter:  12,100, lr:(9.373e-04,)][eta: 8:12:47, time (data): 0.542 (0.141)]l_bij: 8.5431e+01 l_orth: 9.3979e+01 l_diff: 2.8603e+01 l_align: 8.0025e+01 l_total: 2.8804e+02 
2026-05-22 13:01:48,546 INFO: [topki..][epoch: 18, iter:  12,120, lr:(9.373e-04,)][eta: 8:12:38, time (data): 0.547 (0.143)]l_bij: 1.0329e+02 l_orth: 1.0955e+02 l_diff: 3.2802e+01 l_align: 8.3823e+01 l_total: 3.2947e+02 
2026-05-22 13:01:59,490 INFO: [topki..][epoch: 18, iter:  12,140, lr:(9.373e-04,)][eta: 8:12:29, time (data): 0.547 (0.143)]l_bij: 8.1775e+01 l_orth: 8.8653e+01 l_diff: 2.8431e+01 l_align: 7.3199e+01 l_total: 2.7206e+02 
2026-05-22 13:02:09,551 INFO: [topki..][epoch: 18, iter:  12,160, lr:(9.373e-04,)][eta: 8:12:16, time (data): 0.538 (0.142)]l_bij: 7.2066e+01 l_orth: 8.4273e+01 l_diff: 2.3824e+01 l_align: 7.4261e+01 l_total: 2.5442e+02 
2026-05-22 13:02:22,113 INFO: [topki..][epoch: 19, iter:  12,180, lr:(9.299e-04,)][eta: 8:12:14, time (data): 0.553 (0.157)]l_bij: 6.9821e+01 l_orth: 8.1035e+01 l_diff: 2.5533e+01 l_align: 7.5354e+01 l_total: 2.5174e+02 
2026-05-22 13:02:32,770 INFO: [topki..][epoch: 19, iter:  12,200, lr:(9.299e-04,)][eta: 8:12:03, time (data): 0.550 (0.154)]l_bij: 9.8572e+01 l_orth: 1.0578e+02 l_diff: 2.9964e+01 l_align: 9.1489e+01 l_total: 3.2580e+02 
2026-05-22 13:02:43,973 INFO: [topki..][epoch: 19, iter:  12,220, lr:(9.299e-04,)][eta: 8:11:55, time (data): 0.552 (0.153)]l_bij: 6.3769e+01 l_orth: 7.7364e+01 l_diff: 2.7238e+01 l_align: 7.7156e+01 l_total: 2.4553e+02 
2026-05-22 13:02:54,665 INFO: [topki..][epoch: 19, iter:  12,240, lr:(9.299e-04,)][eta: 8:11:44, time (data): 0.550 (0.152)]l_bij: 1.0106e+02 l_orth: 1.0825e+02 l_diff: 2.5995e+01 l_align: 9.4039e+01 l_total: 3.2933e+02 
2026-05-22 13:03:05,220 INFO: [topki..][epoch: 19, iter:  12,260, lr:(9.299e-04,)][eta: 8:11:33, time (data): 0.548 (0.152)]l_bij: 1.0198e+02 l_orth: 1.0717e+02 l_diff: 3.2186e+01 l_align: 8.4536e+01 l_total: 3.2587e+02 
2026-05-22 13:03:15,965 INFO: [topki..][epoch: 19, iter:  12,280, lr:(9.299e-04,)][eta: 8:11:23, time (data): 0.538 (0.134)]l_bij: 1.0998e+02 l_orth: 1.1447e+02 l_diff: 3.1541e+01 l_align: 9.2571e+01 l_total: 3.4856e+02 
2026-05-22 13:03:27,349 INFO: [topki..][epoch: 19, iter:  12,300, lr:(9.299e-04,)][eta: 8:11:15, time (data): 0.554 (0.140)]l_bij: 6.7878e+01 l_orth: 7.8782e+01 l_diff: 2.5563e+01 l_align: 7.3677e+01 l_total: 2.4590e+02 
2026-05-22 13:03:38,022 INFO: [topki..][epoch: 19, iter:  12,320, lr:(9.299e-04,)][eta: 8:11:05, time (data): 0.547 (0.139)]l_bij: 6.2295e+01 l_orth: 7.3956e+01 l_diff: 2.7017e+01 l_align: 6.8115e+01 l_total: 2.3138e+02 
2026-05-22 13:03:48,329 INFO: [topki..][epoch: 19, iter:  12,340, lr:(9.299e-04,)][eta: 8:10:53, time (data): 0.539 (0.139)]l_bij: 1.1404e+02 l_orth: 1.1979e+02 l_diff: 3.7403e+01 l_align: 9.8375e+01 l_total: 3.6961e+02 
2026-05-22 13:03:59,517 INFO: [topki..][epoch: 19, iter:  12,360, lr:(9.299e-04,)][eta: 8:10:44, time (data): 0.543 (0.140)]l_bij: 8.5407e+01 l_orth: 9.5606e+01 l_diff: 2.8296e+01 l_align: 7.7670e+01 l_total: 2.8698e+02 
2026-05-22 13:04:10,638 INFO: [topki..][epoch: 19, iter:  12,380, lr:(9.299e-04,)][eta: 8:10:36, time (data): 0.545 (0.141)]l_bij: 7.1623e+00 l_orth: 5.0016e+01 l_diff: 2.8988e+01 l_align: 1.1638e+02 l_total: 2.0255e+02 
2026-05-22 13:04:21,108 INFO: [topki..][epoch: 19, iter:  12,400, lr:(9.299e-04,)][eta: 8:10:24, time (data): 0.542 (0.140)]l_bij: 7.8212e+01 l_orth: 8.9467e+01 l_diff: 2.8026e+01 l_align: 8.3908e+01 l_total: 2.7961e+02 
2026-05-22 13:04:31,481 INFO: [topki..][epoch: 19, iter:  12,420, lr:(9.299e-04,)][eta: 8:10:12, time (data): 0.539 (0.140)]l_bij: 8.0179e+01 l_orth: 8.7196e+01 l_diff: 2.9218e+01 l_align: 7.9038e+01 l_total: 2.7563e+02 
2026-05-22 13:04:42,484 INFO: [topki..][epoch: 19, iter:  12,440, lr:(9.299e-04,)][eta: 8:10:03, time (data): 0.540 (0.140)]l_bij: 9.3274e+01 l_orth: 9.9028e+01 l_diff: 3.0395e+01 l_align: 8.1518e+01 l_total: 3.0422e+02 
2026-05-22 13:04:53,712 INFO: [topki..][epoch: 19, iter:  12,460, lr:(9.299e-04,)][eta: 8:09:55, time (data): 0.542 (0.140)]l_bij: 8.4438e+01 l_orth: 9.2707e+01 l_diff: 3.0371e+01 l_align: 7.8980e+01 l_total: 2.8650e+02 
2026-05-22 13:05:05,175 INFO: [topki..][epoch: 19, iter:  12,480, lr:(9.299e-04,)][eta: 8:09:48, time (data): 0.580 (0.135)]l_bij: 7.4186e+01 l_orth: 8.6108e+01 l_diff: 2.7888e+01 l_align: 7.8573e+01 l_total: 2.6675e+02 
2026-05-22 13:05:16,100 INFO: [topki..][epoch: 19, iter:  12,500, lr:(9.299e-04,)][eta: 8:09:38, time (data): 0.562 (0.139)]l_bij: 8.2513e+01 l_orth: 9.1551e+01 l_diff: 2.8432e+01 l_align: 7.9348e+01 l_total: 2.8184e+02 
2026-05-22 13:05:26,841 INFO: [topki..][epoch: 19, iter:  12,520, lr:(9.299e-04,)][eta: 8:09:28, time (data): 0.554 (0.138)]l_bij: 7.2044e+01 l_orth: 8.2804e+01 l_diff: 2.2200e+01 l_align: 7.8896e+01 l_total: 2.5594e+02 
2026-05-22 13:05:37,859 INFO: [topki..][epoch: 19, iter:  12,540, lr:(9.299e-04,)][eta: 8:09:19, time (data): 0.553 (0.139)]l_bij: 7.9140e+01 l_orth: 9.2863e+01 l_diff: 3.0434e+01 l_align: 9.0287e+01 l_total: 2.9272e+02 
2026-05-22 13:05:48,397 INFO: [topki..][epoch: 19, iter:  12,560, lr:(9.299e-04,)][eta: 8:09:08, time (data): 0.548 (0.139)]l_bij: 9.7040e+01 l_orth: 1.0203e+02 l_diff: 2.5339e+01 l_align: 8.2871e+01 l_total: 3.0728e+02 
2026-05-22 13:05:59,381 INFO: [topki..][epoch: 19, iter:  12,580, lr:(9.299e-04,)][eta: 8:08:58, time (data): 0.548 (0.141)]l_bij: 7.5708e+01 l_orth: 8.6676e+01 l_diff: 2.4135e+01 l_align: 7.6653e+01 l_total: 2.6317e+02 
2026-05-22 13:06:10,107 INFO: [topki..][epoch: 19, iter:  12,600, lr:(9.299e-04,)][eta: 8:08:48, time (data): 0.546 (0.141)]l_bij: 7.8444e+01 l_orth: 8.9325e+01 l_diff: 2.9391e+01 l_align: 7.8953e+01 l_total: 2.7611e+02 
2026-05-22 13:06:21,481 INFO: [topki..][epoch: 19, iter:  12,620, lr:(9.299e-04,)][eta: 8:08:40, time (data): 0.549 (0.141)]l_bij: 9.6735e+01 l_orth: 1.0558e+02 l_diff: 2.8969e+01 l_align: 8.9637e+01 l_total: 3.2092e+02 
2026-05-22 13:06:31,990 INFO: [topki..][epoch: 19, iter:  12,640, lr:(9.299e-04,)][eta: 8:08:29, time (data): 0.546 (0.141)]l_bij: 7.1715e+01 l_orth: 8.3817e+01 l_diff: 2.5823e+01 l_align: 7.7870e+01 l_total: 2.5923e+02 
2026-05-22 13:06:42,807 INFO: [topki..][epoch: 19, iter:  12,660, lr:(9.299e-04,)][eta: 8:08:19, time (data): 0.546 (0.142)]l_bij: 6.6091e+01 l_orth: 8.0239e+01 l_diff: 2.5641e+01 l_align: 7.6739e+01 l_total: 2.4871e+02 
2026-05-22 13:06:53,823 INFO: [topki..][epoch: 19, iter:  12,680, lr:(9.299e-04,)][eta: 8:08:10, time (data): 0.549 (0.143)]l_bij: 7.9764e+01 l_orth: 8.7339e+01 l_diff: 2.9456e+01 l_align: 7.4185e+01 l_total: 2.7074e+02 
2026-05-22 13:07:04,423 INFO: [topki..][epoch: 19, iter:  12,700, lr:(9.299e-04,)][eta: 8:07:59, time (data): 0.539 (0.141)]l_bij: 8.8949e+00 l_orth: 4.4941e+01 l_diff: 3.9819e+01 l_align: 9.0520e+01 l_total: 1.8417e+02 
2026-05-22 13:07:15,412 INFO: [topki..][epoch: 19, iter:  12,720, lr:(9.299e-04,)][eta: 8:07:50, time (data): 0.542 (0.142)]l_bij: 1.1053e+02 l_orth: 1.1547e+02 l_diff: 2.7825e+01 l_align: 9.2363e+01 l_total: 3.4620e+02 
2026-05-22 13:07:26,252 INFO: [topki..][epoch: 19, iter:  12,740, lr:(9.299e-04,)][eta: 8:07:40, time (data): 0.542 (0.142)]l_bij: 9.2142e+01 l_orth: 9.8760e+01 l_diff: 3.1351e+01 l_align: 7.9937e+01 l_total: 3.0219e+02 
2026-05-22 13:07:37,316 INFO: [topki..][epoch: 19, iter:  12,760, lr:(9.299e-04,)][eta: 8:07:31, time (data): 0.545 (0.142)]l_bij: 5.3608e+01 l_orth: 6.9348e+01 l_diff: 2.6429e+01 l_align: 7.6218e+01 l_total: 2.2560e+02 
2026-05-22 13:07:48,284 INFO: [topki..][epoch: 19, iter:  12,780, lr:(9.299e-04,)][eta: 8:07:21, time (data): 0.545 (0.143)]l_bij: 7.0088e+01 l_orth: 8.4337e+01 l_diff: 2.9729e+01 l_align: 7.9993e+01 l_total: 2.6415e+02 
2026-05-22 13:07:58,694 INFO: [topki..][epoch: 19, iter:  12,800, lr:(9.299e-04,)][eta: 8:07:10, time (data): 0.542 (0.142)]l_bij: 8.9214e+01 l_orth: 1.0087e+02 l_diff: 3.0403e+01 l_align: 8.6732e+01 l_total: 3.0722e+02 
2026-05-22 13:08:08,663 INFO: [topki..][epoch: 19, iter:  12,820, lr:(9.299e-04,)][eta: 8:06:56, time (data): 0.536 (0.140)]l_bij: 2.8348e+00 l_orth: 3.5407e+01 l_diff: 2.7097e+01 l_align: 9.7922e+01 l_total: 1.6326e+02 
2026-05-22 13:08:19,231 INFO: [topki..][epoch: 19, iter:  12,840, lr:(9.299e-04,)][eta: 8:06:45, time (data): 0.535 (0.140)]l_bij: 8.0541e+01 l_orth: 9.1932e+01 l_diff: 2.7851e+01 l_align: 8.2602e+01 l_total: 2.8293e+02 
2026-05-22 13:08:31,540 INFO: [topki..][epoch: 20, iter:  12,860, lr:(9.222e-04,)][eta: 8:06:41, time (data): 0.543 (0.148)]l_bij: 5.9401e+01 l_orth: 7.7392e+01 l_diff: 2.6061e+01 l_align: 8.0012e+01 l_total: 2.4287e+02 
2026-05-22 13:08:42,091 INFO: [topki..][epoch: 20, iter:  12,880, lr:(9.222e-04,)][eta: 8:06:30, time (data): 0.521 (0.125)]l_bij: 7.7486e+01 l_orth: 9.1026e+01 l_diff: 2.7484e+01 l_align: 8.0003e+01 l_total: 2.7600e+02 
2026-05-22 13:08:52,782 INFO: [topki..][epoch: 20, iter:  12,900, lr:(9.222e-04,)][eta: 8:06:19, time (data): 0.529 (0.131)]l_bij: 6.9684e+01 l_orth: 7.9353e+01 l_diff: 2.8510e+01 l_align: 7.4640e+01 l_total: 2.5219e+02 
2026-05-22 13:09:03,615 INFO: [topki..][epoch: 20, iter:  12,920, lr:(9.222e-04,)][eta: 8:06:09, time (data): 0.533 (0.135)]l_bij: 7.0324e+01 l_orth: 8.2951e+01 l_diff: 3.5350e+01 l_align: 7.7756e+01 l_total: 2.6638e+02 
2026-05-22 13:09:14,235 INFO: [topki..][epoch: 20, iter:  12,940, lr:(9.222e-04,)][eta: 8:05:59, time (data): 0.533 (0.134)]l_bij: 9.0988e+01 l_orth: 9.9550e+01 l_diff: 3.1488e+01 l_align: 8.5373e+01 l_total: 3.0740e+02 
2026-05-22 13:09:24,580 INFO: [topki..][epoch: 20, iter:  12,960, lr:(9.222e-04,)][eta: 8:05:47, time (data): 0.529 (0.134)]l_bij: 2.1792e+00 l_orth: 3.5674e+01 l_diff: 2.9639e+01 l_align: 9.3489e+01 l_total: 1.6098e+02 
2026-05-22 13:09:35,171 INFO: [topki..][epoch: 20, iter:  12,980, lr:(9.222e-04,)][eta: 8:05:36, time (data): 0.529 (0.134)]l_bij: 8.3500e+01 l_orth: 9.3861e+01 l_diff: 2.9732e+01 l_align: 8.5508e+01 l_total: 2.9260e+02 
2026-05-22 13:09:46,009 INFO: [topki..][epoch: 20, iter:  13,000, lr:(9.222e-04,)][eta: 8:05:26, time (data): 0.531 (0.135)]l_bij: 8.7777e+01 l_orth: 9.5729e+01 l_diff: 2.1926e+01 l_align: 7.6411e+01 l_total: 2.8184e+02 
2026-05-22 13:09:56,505 INFO: [topki..][epoch: 20, iter:  13,020, lr:(9.222e-04,)][eta: 8:05:14, time (data): 0.530 (0.136)]l_bij: 9.3550e+01 l_orth: 1.0463e+02 l_diff: 2.2482e+01 l_align: 8.6255e+01 l_total: 3.0692e+02 
2026-05-22 13:10:06,692 INFO: [topki..][epoch: 20, iter:  13,040, lr:(9.222e-04,)][eta: 8:05:01, time (data): 0.528 (0.135)]l_bij: 1.0628e+02 l_orth: 1.1146e+02 l_diff: 3.3953e+01 l_align: 8.9729e+01 l_total: 3.4142e+02 
2026-05-22 13:10:17,489 INFO: [topki..][epoch: 20, iter:  13,060, lr:(9.222e-04,)][eta: 8:04:51, time (data): 0.529 (0.135)]l_bij: 8.0624e+01 l_orth: 9.0653e+01 l_diff: 3.1911e+01 l_align: 7.5179e+01 l_total: 2.7837e+02 
2026-05-22 13:10:27,820 INFO: [topki..][epoch: 20, iter:  13,080, lr:(9.222e-04,)][eta: 8:04:39, time (data): 0.509 (0.132)]l_bij: 9.1139e+01 l_orth: 1.0245e+02 l_diff: 3.2716e+01 l_align: 8.9358e+01 l_total: 3.1567e+02 
2026-05-22 13:10:38,294 INFO: [topki..][epoch: 20, iter:  13,100, lr:(9.222e-04,)][eta: 8:04:28, time (data): 0.517 (0.135)]l_bij: 8.1887e+01 l_orth: 9.0517e+01 l_diff: 2.5143e+01 l_align: 7.5473e+01 l_total: 2.7302e+02 
2026-05-22 13:10:49,006 INFO: [topki..][epoch: 20, iter:  13,120, lr:(9.222e-04,)][eta: 8:04:17, time (data): 0.524 (0.136)]l_bij: 6.5167e+01 l_orth: 8.1149e+01 l_diff: 2.3403e+01 l_align: 7.8301e+01 l_total: 2.4802e+02 
2026-05-22 13:10:59,624 INFO: [topki..][epoch: 20, iter:  13,140, lr:(9.222e-04,)][eta: 8:04:06, time (data): 0.526 (0.136)]l_bij: 9.8435e+01 l_orth: 1.0376e+02 l_diff: 3.1927e+01 l_align: 8.2722e+01 l_total: 3.1684e+02 
2026-05-22 13:11:09,812 INFO: [topki..][epoch: 20, iter:  13,160, lr:(9.222e-04,)][eta: 8:03:54, time (data): 0.522 (0.135)]l_bij: 6.3544e+01 l_orth: 7.5414e+01 l_diff: 2.6763e+01 l_align: 7.1598e+01 l_total: 2.3732e+02 
2026-05-22 13:11:20,566 INFO: [topki..][epoch: 20, iter:  13,180, lr:(9.222e-04,)][eta: 8:03:43, time (data): 0.525 (0.136)]l_bij: 5.7366e+00 l_orth: 4.7470e+01 l_diff: 4.0250e+01 l_align: 9.3619e+01 l_total: 1.8708e+02 
2026-05-22 13:11:31,585 INFO: [topki..][epoch: 20, iter:  13,200, lr:(9.222e-04,)][eta: 8:03:34, time (data): 0.529 (0.137)]l_bij: 9.7481e+01 l_orth: 1.0711e+02 l_diff: 2.6193e+01 l_align: 8.9225e+01 l_total: 3.2001e+02 
2026-05-22 13:11:42,442 INFO: [topki..][epoch: 20, iter:  13,220, lr:(9.222e-04,)][eta: 8:03:24, time (data): 0.531 (0.137)]l_bij: 9.4632e+01 l_orth: 1.0286e+02 l_diff: 2.9975e+01 l_align: 8.5861e+01 l_total: 3.1333e+02 
2026-05-22 13:11:53,563 INFO: [topki..][epoch: 20, iter:  13,240, lr:(9.222e-04,)][eta: 8:03:16, time (data): 0.533 (0.138)]l_bij: 1.1403e+02 l_orth: 1.1673e+02 l_diff: 3.2604e+01 l_align: 8.7462e+01 l_total: 3.5083e+02 
2026-05-22 13:12:04,533 INFO: [topki..][epoch: 20, iter:  13,260, lr:(9.222e-04,)][eta: 8:03:06, time (data): 0.535 (0.138)]l_bij: 1.1214e+02 l_orth: 1.1677e+02 l_diff: 2.9478e+01 l_align: 9.2153e+01 l_total: 3.5054e+02 
2026-05-22 13:12:14,693 INFO: [topki..][epoch: 20, iter:  13,280, lr:(9.222e-04,)][eta: 8:02:53, time (data): 0.510 (0.130)]l_bij: 6.8814e+01 l_orth: 8.1572e+01 l_diff: 2.9465e+01 l_align: 7.6871e+01 l_total: 2.5672e+02 
2026-05-22 13:12:25,618 INFO: [topki..][epoch: 20, iter:  13,300, lr:(9.222e-04,)][eta: 8:02:44, time (data): 0.531 (0.139)]l_bij: 7.5533e+01 l_orth: 8.5034e+01 l_diff: 2.4722e+01 l_align: 7.4117e+01 l_total: 2.5940e+02 
2026-05-22 13:12:36,983 INFO: [topki..][epoch: 20, iter:  13,320, lr:(9.222e-04,)][eta: 8:02:36, time (data): 0.545 (0.142)]l_bij: 5.3697e+01 l_orth: 6.8363e+01 l_diff: 1.9909e+01 l_align: 7.2299e+01 l_total: 2.1427e+02 
2026-05-22 13:12:47,493 INFO: [topki..][epoch: 20, iter:  13,340, lr:(9.222e-04,)][eta: 8:02:25, time (data): 0.540 (0.140)]l_bij: 9.3453e+01 l_orth: 1.0258e+02 l_diff: 2.8018e+01 l_align: 8.7202e+01 l_total: 3.1125e+02 
2026-05-22 13:12:58,006 INFO: [topki..][epoch: 20, iter:  13,360, lr:(9.222e-04,)][eta: 8:02:13, time (data): 0.537 (0.140)]l_bij: 6.7529e+01 l_orth: 7.9732e+01 l_diff: 2.3630e+01 l_align: 7.5880e+01 l_total: 2.4677e+02 
2026-05-22 13:13:08,923 INFO: [topki..][epoch: 20, iter:  13,380, lr:(9.222e-04,)][eta: 8:02:04, time (data): 0.538 (0.141)]l_bij: 9.3807e+01 l_orth: 1.0536e+02 l_diff: 2.6692e+01 l_align: 9.8453e+01 l_total: 3.2431e+02 
2026-05-22 13:13:19,765 INFO: [topki..][epoch: 20, iter:  13,400, lr:(9.222e-04,)][eta: 8:01:54, time (data): 0.539 (0.141)]l_bij: 5.5271e+01 l_orth: 7.1277e+01 l_diff: 3.2374e+01 l_align: 7.5237e+01 l_total: 2.3416e+02 
2026-05-22 13:13:30,830 INFO: [topki..][epoch: 20, iter:  13,420, lr:(9.222e-04,)][eta: 8:01:45, time (data): 0.541 (0.141)]l_bij: 6.4467e+01 l_orth: 7.6942e+01 l_diff: 2.7391e+01 l_align: 6.8697e+01 l_total: 2.3750e+02 
2026-05-22 13:13:42,354 INFO: [topki..][epoch: 20, iter:  13,440, lr:(9.222e-04,)][eta: 8:01:37, time (data): 0.545 (0.142)]l_bij: 7.5658e+01 l_orth: 8.5357e+01 l_diff: 2.7182e+01 l_align: 7.3871e+01 l_total: 2.6207e+02 
2026-05-22 13:13:53,096 INFO: [topki..][epoch: 20, iter:  13,460, lr:(9.222e-04,)][eta: 8:01:27, time (data): 0.544 (0.142)]l_bij: 7.2296e+01 l_orth: 8.7272e+01 l_diff: 2.5861e+01 l_align: 7.8446e+01 l_total: 2.6388e+02 
2026-05-22 13:14:03,868 INFO: [topki..][epoch: 20, iter:  13,480, lr:(9.222e-04,)][eta: 8:01:17, time (data): 0.553 (0.138)]l_bij: 1.3838e+00 l_orth: 2.9356e+01 l_diff: 1.9188e+01 l_align: 8.8276e+01 l_total: 1.3820e+02 
2026-05-22 13:14:14,192 INFO: [topki..][epoch: 20, iter:  13,500, lr:(9.222e-04,)][eta: 8:01:05, time (data): 0.531 (0.141)]l_bij: 7.4913e+01 l_orth: 8.5700e+01 l_diff: 2.7805e+01 l_align: 7.8805e+01 l_total: 2.6722e+02 
2026-05-22 13:14:24,512 INFO: [topki..][epoch: 20, iter:  13,520, lr:(9.222e-04,)][eta: 8:00:53, time (data): 0.525 (0.140)]l_bij: 5.3588e+01 l_orth: 6.9879e+01 l_diff: 2.8270e+01 l_align: 7.7311e+01 l_total: 2.2905e+02 
2026-05-22 13:14:36,379 INFO: [topki..][epoch: 21, iter:  13,540, lr:(9.141e-04,)][eta: 8:00:47, time (data): 0.544 (0.159)]l_bij: 8.5714e+01 l_orth: 9.4790e+01 l_diff: 3.1416e+01 l_align: 8.0354e+01 l_total: 2.9227e+02 
2026-05-22 13:14:46,653 INFO: [topki..][epoch: 21, iter:  13,560, lr:(9.141e-04,)][eta: 8:00:34, time (data): 0.537 (0.152)]l_bij: 2.7291e+00 l_orth: 3.6340e+01 l_diff: 2.4009e+01 l_align: 9.2458e+01 l_total: 1.5554e+02 
2026-05-22 13:14:57,037 INFO: [topki..][epoch: 21, iter:  13,580, lr:(9.141e-04,)][eta: 8:00:23, time (data): 0.534 (0.149)]l_bij: 1.0052e+02 l_orth: 1.0708e+02 l_diff: 3.0394e+01 l_align: 8.6732e+01 l_total: 3.2472e+02 
2026-05-22 13:15:08,545 INFO: [topki..][epoch: 21, iter:  13,600, lr:(9.141e-04,)][eta: 8:00:15, time (data): 0.540 (0.149)]l_bij: 9.0277e+01 l_orth: 9.6395e+01 l_diff: 3.1869e+01 l_align: 7.7680e+01 l_total: 2.9622e+02 
2026-05-22 13:15:19,517 INFO: [topki..][epoch: 21, iter:  13,620, lr:(9.141e-04,)][eta: 8:00:06, time (data): 0.541 (0.148)]l_bij: 8.2735e+01 l_orth: 9.1460e+01 l_diff: 3.1393e+01 l_align: 8.2621e+01 l_total: 2.8821e+02 
2026-05-22 13:15:30,420 INFO: [topki..][epoch: 21, iter:  13,640, lr:(9.141e-04,)][eta: 7:59:56, time (data): 0.542 (0.147)]l_bij: 6.3926e+01 l_orth: 7.7354e+01 l_diff: 2.2979e+01 l_align: 7.4836e+01 l_total: 2.3909e+02 
2026-05-22 13:15:41,394 INFO: [topki..][epoch: 21, iter:  13,660, lr:(9.141e-04,)][eta: 7:59:47, time (data): 0.542 (0.146)]l_bij: 6.4104e+01 l_orth: 8.0420e+01 l_diff: 2.2383e+01 l_align: 8.1721e+01 l_total: 2.4863e+02 
2026-05-22 13:15:52,100 INFO: [topki..][epoch: 21, iter:  13,680, lr:(9.141e-04,)][eta: 7:59:36, time (data): 0.538 (0.139)]l_bij: 3.1966e+00 l_orth: 3.4988e+01 l_diff: 2.7910e+01 l_align: 9.7116e+01 l_total: 1.6321e+02 
2026-05-22 13:16:02,788 INFO: [topki..][epoch: 21, iter:  13,700, lr:(9.141e-04,)][eta: 7:59:25, time (data): 0.536 (0.137)]l_bij: 6.2473e+01 l_orth: 7.5540e+01 l_diff: 2.6088e+01 l_align: 7.6722e+01 l_total: 2.4082e+02 
2026-05-22 13:16:14,052 INFO: [topki..][epoch: 21, iter:  13,720, lr:(9.141e-04,)][eta: 7:59:17, time (data): 0.546 (0.139)]l_bij: 1.0430e+02 l_orth: 1.0845e+02 l_diff: 3.0726e+01 l_align: 8.0509e+01 l_total: 3.2398e+02 
2026-05-22 13:16:24,806 INFO: [topki..][epoch: 21, iter:  13,740, lr:(9.141e-04,)][eta: 7:59:07, time (data): 0.544 (0.139)]l_bij: 8.8641e+01 l_orth: 9.7016e+01 l_diff: 2.8557e+01 l_align: 8.5075e+01 l_total: 2.9929e+02 
2026-05-22 13:16:35,885 INFO: [topki..][epoch: 21, iter:  13,760, lr:(9.141e-04,)][eta: 7:58:58, time (data): 0.546 (0.140)]l_bij: 6.5543e+01 l_orth: 7.6232e+01 l_diff: 2.8718e+01 l_align: 7.1797e+01 l_total: 2.4229e+02 
2026-05-22 13:16:46,668 INFO: [topki..][epoch: 21, iter:  13,780, lr:(9.141e-04,)][eta: 7:58:47, time (data): 0.545 (0.140)]l_bij: 7.8471e+01 l_orth: 8.9003e+01 l_diff: 3.0595e+01 l_align: 7.7258e+01 l_total: 2.7533e+02 
2026-05-22 13:16:57,610 INFO: [topki..][epoch: 21, iter:  13,800, lr:(9.141e-04,)][eta: 7:58:38, time (data): 0.545 (0.140)]l_bij: 8.2636e+01 l_orth: 9.2648e+01 l_diff: 2.7705e+01 l_align: 8.0064e+01 l_total: 2.8305e+02 
2026-05-22 13:17:08,607 INFO: [topki..][epoch: 21, iter:  13,820, lr:(9.141e-04,)][eta: 7:58:28, time (data): 0.546 (0.141)]l_bij: 7.8732e+01 l_orth: 9.0156e+01 l_diff: 2.6117e+01 l_align: 7.4118e+01 l_total: 2.6912e+02 
2026-05-22 13:17:19,405 INFO: [topki..][epoch: 21, iter:  13,840, lr:(9.141e-04,)][eta: 7:58:18, time (data): 0.545 (0.141)]l_bij: 8.2640e+01 l_orth: 9.0145e+01 l_diff: 3.0713e+01 l_align: 7.7854e+01 l_total: 2.8135e+02 
2026-05-22 13:17:29,825 INFO: [topki..][epoch: 21, iter:  13,860, lr:(9.141e-04,)][eta: 7:58:06, time (data): 0.543 (0.140)]l_bij: 7.9531e+01 l_orth: 9.1314e+01 l_diff: 2.7216e+01 l_align: 8.2379e+01 l_total: 2.8044e+02 
2026-05-22 13:17:40,485 INFO: [topki..][epoch: 21, iter:  13,880, lr:(9.141e-04,)][eta: 7:57:56, time (data): 0.551 (0.151)]l_bij: 8.3095e+01 l_orth: 9.2517e+01 l_diff: 3.0784e+01 l_align: 7.9464e+01 l_total: 2.8586e+02 
2026-05-22 13:17:51,070 INFO: [topki..][epoch: 21, iter:  13,900, lr:(9.141e-04,)][eta: 7:57:45, time (data): 0.537 (0.143)]l_bij: 1.0834e+02 l_orth: 1.1236e+02 l_diff: 2.6034e+01 l_align: 9.0646e+01 l_total: 3.3738e+02 
2026-05-22 13:18:01,253 INFO: [topki..][epoch: 21, iter:  13,920, lr:(9.141e-04,)][eta: 7:57:32, time (data): 0.526 (0.136)]l_bij: 9.1808e+01 l_orth: 9.7232e+01 l_diff: 3.1724e+01 l_align: 7.9790e+01 l_total: 3.0055e+02 
2026-05-22 13:18:11,459 INFO: [topki..][epoch: 21, iter:  13,940, lr:(9.141e-04,)][eta: 7:57:20, time (data): 0.522 (0.134)]l_bij: 9.8127e+01 l_orth: 1.0611e+02 l_diff: 2.7208e+01 l_align: 9.3684e+01 l_total: 3.2513e+02 
2026-05-22 13:18:21,622 INFO: [topki..][epoch: 21, iter:  13,960, lr:(9.141e-04,)][eta: 7:57:07, time (data): 0.519 (0.135)]l_bij: 9.3171e+01 l_orth: 9.9597e+01 l_diff: 2.6460e+01 l_align: 7.9883e+01 l_total: 2.9911e+02 
2026-05-22 13:18:31,323 INFO: [topki..][epoch: 21, iter:  13,980, lr:(9.141e-04,)][eta: 7:56:52, time (data): 0.513 (0.134)]l_bij: 1.0765e+02 l_orth: 1.1189e+02 l_diff: 2.9133e+01 l_align: 8.3385e+01 l_total: 3.3205e+02 
2026-05-22 13:18:41,872 INFO: [topki..][epoch: 21, iter:  14,000, lr:(9.141e-04,)][eta: 7:56:41, time (data): 0.515 (0.134)]l_bij: 6.8583e+01 l_orth: 8.0891e+01 l_diff: 2.4129e+01 l_align: 7.3631e+01 l_total: 2.4723e+02 
2026-05-22 13:18:51,577 INFO: [topki..][epoch: 21, iter:  14,020, lr:(9.141e-04,)][eta: 7:56:27, time (data): 0.511 (0.134)]l_bij: 2.0979e+00 l_orth: 3.2532e+01 l_diff: 2.2262e+01 l_align: 8.8615e+01 l_total: 1.4551e+02 
2026-05-22 13:19:01,460 INFO: [topki..][epoch: 21, iter:  14,040, lr:(9.141e-04,)][eta: 7:56:13, time (data): 0.509 (0.135)]l_bij: 8.2221e+01 l_orth: 9.1221e+01 l_diff: 3.1432e+01 l_align: 7.9262e+01 l_total: 2.8414e+02 
2026-05-22 13:19:10,822 INFO: [topki..][epoch: 21, iter:  14,060, lr:(9.141e-04,)][eta: 7:55:58, time (data): 0.505 (0.134)]l_bij: 1.0198e+02 l_orth: 1.0663e+02 l_diff: 2.6353e+01 l_align: 8.5973e+01 l_total: 3.2094e+02 
2026-05-22 13:19:20,332 INFO: [topki..][epoch: 21, iter:  14,080, lr:(9.141e-04,)][eta: 7:55:43, time (data): 0.489 (0.134)]l_bij: 8.1908e+01 l_orth: 9.2053e+01 l_diff: 2.8437e+01 l_align: 7.9748e+01 l_total: 2.8215e+02 
2026-05-22 13:19:30,598 INFO: [topki..][epoch: 21, iter:  14,100, lr:(9.141e-04,)][eta: 7:55:30, time (data): 0.505 (0.141)]l_bij: 6.7161e+01 l_orth: 7.8474e+01 l_diff: 3.4111e+01 l_align: 7.0642e+01 l_total: 2.5039e+02 
2026-05-22 13:19:40,532 INFO: [topki..][epoch: 21, iter:  14,120, lr:(9.141e-04,)][eta: 7:55:17, time (data): 0.502 (0.139)]l_bij: 1.8889e+00 l_orth: 3.0197e+01 l_diff: 2.6516e+01 l_align: 9.0884e+01 l_total: 1.4949e+02 
2026-05-22 13:19:50,042 INFO: [topki..][epoch: 21, iter:  14,140, lr:(9.141e-04,)][eta: 7:55:02, time (data): 0.494 (0.137)]l_bij: 9.7414e+01 l_orth: 1.0693e+02 l_diff: 3.5690e+01 l_align: 9.3347e+01 l_total: 3.3338e+02 
2026-05-22 13:19:59,822 INFO: [topki..][epoch: 21, iter:  14,160, lr:(9.141e-04,)][eta: 7:54:48, time (data): 0.493 (0.137)]l_bij: 7.4470e+01 l_orth: 8.3713e+01 l_diff: 2.3809e+01 l_align: 7.4338e+01 l_total: 2.5633e+02 
2026-05-22 13:20:09,953 INFO: [topki..][epoch: 21, iter:  14,180, lr:(9.141e-04,)][eta: 7:54:35, time (data): 0.496 (0.137)]l_bij: 7.9163e+01 l_orth: 8.9462e+01 l_diff: 3.0762e+01 l_align: 7.7587e+01 l_total: 2.7697e+02 
2026-05-22 13:20:21,985 INFO: [topki..][epoch: 22, iter:  14,200, lr:(9.056e-04,)][eta: 7:54:30, time (data): 0.512 (0.152)]l_bij: 9.5544e+01 l_orth: 1.0262e+02 l_diff: 2.9782e+01 l_align: 8.6052e+01 l_total: 3.1400e+02 
2026-05-22 13:20:31,016 INFO: [topki..][epoch: 22, iter:  14,220, lr:(9.056e-04,)][eta: 7:54:13, time (data): 0.504 (0.147)]l_bij: 4.5371e+01 l_orth: 6.6467e+01 l_diff: 2.4330e+01 l_align: 8.0492e+01 l_total: 2.1666e+02 
2026-05-22 13:20:40,768 INFO: [topki..][epoch: 22, iter:  14,240, lr:(9.056e-04,)][eta: 7:53:59, time (data): 0.502 (0.143)]l_bij: 1.1662e+02 l_orth: 1.2168e+02 l_diff: 3.2667e+01 l_align: 9.1395e+01 l_total: 3.6236e+02 
2026-05-22 13:20:50,473 INFO: [topki..][epoch: 22, iter:  14,260, lr:(9.056e-04,)][eta: 7:53:45, time (data): 0.500 (0.142)]l_bij: 5.2069e+01 l_orth: 6.9406e+01 l_diff: 2.7235e+01 l_align: 7.7419e+01 l_total: 2.2613e+02 
2026-05-22 13:21:00,015 INFO: [topki..][epoch: 22, iter:  14,280, lr:(9.056e-04,)][eta: 7:53:30, time (data): 0.450 (0.111)]l_bij: 7.2460e+01 l_orth: 8.2404e+01 l_diff: 2.7387e+01 l_align: 6.8382e+01 l_total: 2.5063e+02 
2026-05-22 13:21:08,462 INFO: [topki..][epoch: 22, iter:  14,300, lr:(9.056e-04,)][eta: 7:53:11, time (data): 0.431 (0.107)]l_bij: 5.7292e+01 l_orth: 7.2155e+01 l_diff: 2.6601e+01 l_align: 7.4674e+01 l_total: 2.3072e+02 
2026-05-22 13:21:18,097 INFO: [topki..][epoch: 22, iter:  14,320, lr:(9.056e-04,)][eta: 7:52:56, time (data): 0.452 (0.116)]l_bij: 6.8096e+01 l_orth: 8.0172e+01 l_diff: 3.2600e+01 l_align: 7.7029e+01 l_total: 2.5790e+02 
2026-05-22 13:21:27,952 INFO: [topki..][epoch: 22, iter:  14,340, lr:(9.056e-04,)][eta: 7:52:43, time (data): 0.464 (0.120)]l_bij: 7.0020e+01 l_orth: 8.0891e+01 l_diff: 2.5684e+01 l_align: 7.7725e+01 l_total: 2.5432e+02 
2026-05-22 13:21:37,847 INFO: [topki..][epoch: 22, iter:  14,360, lr:(9.056e-04,)][eta: 7:52:29, time (data): 0.471 (0.125)]l_bij: 8.2915e+01 l_orth: 9.4684e+01 l_diff: 3.0518e+01 l_align: 8.4522e+01 l_total: 2.9264e+02 
2026-05-22 13:21:47,447 INFO: [topki..][epoch: 22, iter:  14,380, lr:(9.056e-04,)][eta: 7:52:15, time (data): 0.472 (0.125)]l_bij: 9.6274e+01 l_orth: 1.0550e+02 l_diff: 3.2472e+01 l_align: 8.7166e+01 l_total: 3.2141e+02 
2026-05-22 13:21:56,990 INFO: [topki..][epoch: 22, iter:  14,400, lr:(9.056e-04,)][eta: 7:52:00, time (data): 0.473 (0.126)]l_bij: 1.0804e+02 l_orth: 1.1337e+02 l_diff: 2.6702e+01 l_align: 8.3163e+01 l_total: 3.3127e+02 
2026-05-22 13:22:06,678 INFO: [topki..][epoch: 22, iter:  14,420, lr:(9.056e-04,)][eta: 7:51:46, time (data): 0.475 (0.127)]l_bij: 6.9678e+01 l_orth: 8.2476e+01 l_diff: 2.6174e+01 l_align: 7.6153e+01 l_total: 2.5448e+02 
2026-05-22 13:22:16,648 INFO: [topki..][epoch: 22, iter:  14,440, lr:(9.056e-04,)][eta: 7:51:33, time (data): 0.477 (0.128)]l_bij: 8.1874e+01 l_orth: 9.1509e+01 l_diff: 3.1828e+01 l_align: 8.0135e+01 l_total: 2.8535e+02 
2026-05-22 13:22:26,367 INFO: [topki..][epoch: 22, iter:  14,460, lr:(9.056e-04,)][eta: 7:51:19, time (data): 0.478 (0.129)]l_bij: 8.1074e+01 l_orth: 8.9234e+01 l_diff: 2.5564e+01 l_align: 7.3523e+01 l_total: 2.6940e+02 
2026-05-22 13:22:36,438 INFO: [topki..][epoch: 22, iter:  14,480, lr:(9.056e-04,)][eta: 7:51:06, time (data): 0.492 (0.138)]l_bij: 6.7133e+01 l_orth: 7.7592e+01 l_diff: 2.7568e+01 l_align: 7.7819e+01 l_total: 2.5011e+02 
2026-05-22 13:22:45,891 INFO: [topki..][epoch: 22, iter:  14,500, lr:(9.056e-04,)][eta: 7:50:51, time (data): 0.478 (0.132)]l_bij: 2.0866e+00 l_orth: 3.4668e+01 l_diff: 2.3913e+01 l_align: 9.0012e+01 l_total: 1.5068e+02 
2026-05-22 13:22:55,644 INFO: [topki..][epoch: 22, iter:  14,520, lr:(9.056e-04,)][eta: 7:50:37, time (data): 0.482 (0.133)]l_bij: 1.0850e+02 l_orth: 1.1287e+02 l_diff: 3.4240e+01 l_align: 8.7402e+01 l_total: 3.4302e+02 
2026-05-22 13:23:05,102 INFO: [topki..][epoch: 22, iter:  14,540, lr:(9.056e-04,)][eta: 7:50:22, time (data): 0.479 (0.131)]l_bij: 7.0452e+01 l_orth: 8.1027e+01 l_diff: 2.6631e+01 l_align: 7.3993e+01 l_total: 2.5210e+02 
2026-05-22 13:23:14,471 INFO: [topki..][epoch: 22, iter:  14,560, lr:(9.056e-04,)][eta: 7:50:07, time (data): 0.477 (0.130)]l_bij: 7.1968e+01 l_orth: 8.4798e+01 l_diff: 3.0728e+01 l_align: 7.9434e+01 l_total: 2.6693e+02 
2026-05-22 13:23:24,154 INFO: [topki..][epoch: 22, iter:  14,580, lr:(9.056e-04,)][eta: 7:49:53, time (data): 0.478 (0.129)]l_bij: 7.1708e+01 l_orth: 8.4139e+01 l_diff: 2.3007e+01 l_align: 7.7470e+01 l_total: 2.5632e+02 
2026-05-22 13:23:33,647 INFO: [topki..][epoch: 22, iter:  14,600, lr:(9.056e-04,)][eta: 7:49:38, time (data): 0.478 (0.129)]l_bij: 7.5051e+01 l_orth: 8.4859e+01 l_diff: 3.1211e+01 l_align: 7.3938e+01 l_total: 2.6506e+02 
2026-05-22 13:23:43,731 INFO: [topki..][epoch: 22, iter:  14,620, lr:(9.056e-04,)][eta: 7:49:25, time (data): 0.481 (0.130)]l_bij: 7.5163e+01 l_orth: 8.6341e+01 l_diff: 2.7412e+01 l_align: 7.6713e+01 l_total: 2.6563e+02 
2026-05-22 13:23:53,548 INFO: [topki..][epoch: 22, iter:  14,640, lr:(9.056e-04,)][eta: 7:49:12, time (data): 0.482 (0.131)]l_bij: 7.9055e+01 l_orth: 8.9258e+01 l_diff: 3.2288e+01 l_align: 8.3037e+01 l_total: 2.8364e+02 
2026-05-22 13:24:03,300 INFO: [topki..][epoch: 22, iter:  14,660, lr:(9.056e-04,)][eta: 7:48:58, time (data): 0.483 (0.131)]l_bij: 9.9554e+01 l_orth: 1.0902e+02 l_diff: 2.6800e+01 l_align: 9.3278e+01 l_total: 3.2866e+02 
2026-05-22 13:24:13,063 INFO: [topki..][epoch: 22, iter:  14,680, lr:(9.056e-04,)][eta: 7:48:44, time (data): 0.476 (0.129)]l_bij: 7.0023e+01 l_orth: 8.2324e+01 l_diff: 2.7873e+01 l_align: 7.3508e+01 l_total: 2.5373e+02 
2026-05-22 13:24:22,553 INFO: [topki..][epoch: 22, iter:  14,700, lr:(9.056e-04,)][eta: 7:48:30, time (data): 0.475 (0.124)]l_bij: 9.1544e+01 l_orth: 1.0001e+02 l_diff: 2.9006e+01 l_align: 8.3377e+01 l_total: 3.0393e+02 
2026-05-22 13:24:31,828 INFO: [topki..][epoch: 22, iter:  14,720, lr:(9.056e-04,)][eta: 7:48:14, time (data): 0.470 (0.123)]l_bij: 9.4147e+01 l_orth: 1.0170e+02 l_diff: 3.1762e+01 l_align: 8.6516e+01 l_total: 3.1412e+02 
2026-05-22 13:24:41,698 INFO: [topki..][epoch: 22, iter:  14,740, lr:(9.056e-04,)][eta: 7:48:01, time (data): 0.477 (0.125)]l_bij: 9.7693e+01 l_orth: 1.0630e+02 l_diff: 2.7741e+01 l_align: 8.9157e+01 l_total: 3.2089e+02 
2026-05-22 13:24:50,474 INFO: [topki..][epoch: 22, iter:  14,760, lr:(9.056e-04,)][eta: 7:47:43, time (data): 0.468 (0.123)]l_bij: 7.4869e+01 l_orth: 8.7464e+01 l_diff: 2.6374e+01 l_align: 8.0410e+01 l_total: 2.6912e+02 
2026-05-22 13:25:00,165 INFO: [topki..][epoch: 22, iter:  14,780, lr:(9.056e-04,)][eta: 7:47:30, time (data): 0.471 (0.124)]l_bij: 8.0644e+01 l_orth: 9.2414e+01 l_diff: 2.9673e+01 l_align: 8.0297e+01 l_total: 2.8303e+02 
2026-05-22 13:25:09,873 INFO: [topki..][epoch: 22, iter:  14,800, lr:(9.056e-04,)][eta: 7:47:16, time (data): 0.473 (0.126)]l_bij: 8.5019e+01 l_orth: 9.5999e+01 l_diff: 2.2369e+01 l_align: 8.3415e+01 l_total: 2.8680e+02 
2026-05-22 13:25:20,218 INFO: [topki..][epoch: 22, iter:  14,820, lr:(9.056e-04,)][eta: 7:47:04, time (data): 0.479 (0.127)]l_bij: 1.0545e+02 l_orth: 1.1201e+02 l_diff: 3.0470e+01 l_align: 8.6193e+01 l_total: 3.3412e+02 
2026-05-22 13:25:29,864 INFO: [topki..][epoch: 22, iter:  14,840, lr:(9.056e-04,)][eta: 7:46:50, time (data): 0.480 (0.128)]l_bij: 1.0575e+02 l_orth: 1.1121e+02 l_diff: 3.4048e+01 l_align: 9.0995e+01 l_total: 3.4200e+02 
2026-05-22 13:25:39,249 INFO: [topki..][epoch: 22, iter:  14,860, lr:(9.056e-04,)][eta: 7:46:35, time (data): 0.479 (0.128)]l_bij: 7.3819e+01 l_orth: 8.9033e+01 l_diff: 2.4302e+01 l_align: 8.1887e+01 l_total: 2.6904e+02 
2026-05-22 13:25:51,017 INFO: [topki..][epoch: 23, iter:  14,880, lr:(8.967e-04,)][eta: 7:46:28, time (data): 0.495 (0.130)]l_bij: 6.4434e+01 l_orth: 7.5989e+01 l_diff: 2.8168e+01 l_align: 7.1125e+01 l_total: 2.3972e+02 
2026-05-22 13:26:00,644 INFO: [topki..][epoch: 23, iter:  14,900, lr:(8.967e-04,)][eta: 7:46:14, time (data): 0.484 (0.123)]l_bij: 7.0423e+01 l_orth: 8.0481e+01 l_diff: 2.3145e+01 l_align: 7.0818e+01 l_total: 2.4487e+02 
2026-05-22 13:26:09,984 INFO: [topki..][epoch: 23, iter:  14,920, lr:(8.967e-04,)][eta: 7:45:59, time (data): 0.477 (0.122)]l_bij: 9.6642e+01 l_orth: 1.0535e+02 l_diff: 3.5305e+01 l_align: 9.0525e+01 l_total: 3.2782e+02 
2026-05-22 13:26:19,502 INFO: [topki..][epoch: 23, iter:  14,940, lr:(8.967e-04,)][eta: 7:45:45, time (data): 0.477 (0.124)]l_bij: 5.9985e+01 l_orth: 7.5885e+01 l_diff: 2.3456e+01 l_align: 7.4461e+01 l_total: 2.3379e+02 
2026-05-22 13:26:29,163 INFO: [topki..][epoch: 23, iter:  14,960, lr:(8.967e-04,)][eta: 7:45:31, time (data): 0.478 (0.126)]l_bij: 9.8914e+01 l_orth: 1.0635e+02 l_diff: 3.2745e+01 l_align: 8.8527e+01 l_total: 3.2654e+02 
2026-05-22 13:26:38,888 INFO: [topki..][epoch: 23, iter:  14,980, lr:(8.967e-04,)][eta: 7:45:17, time (data): 0.480 (0.127)]l_bij: 8.0974e+01 l_orth: 9.1989e+01 l_diff: 3.3809e+01 l_align: 8.5725e+01 l_total: 2.9250e+02 
2026-05-22 13:26:48,634 INFO: [topki..][epoch: 23, iter:  15,000, lr:(8.967e-04,)][eta: 7:45:03, time (data): 0.481 (0.128)]l_bij: 8.2787e+01 l_orth: 9.2196e+01 l_diff: 2.6317e+01 l_align: 7.9583e+01 l_total: 2.8088e+02 
2026-05-22 13:26:58,516 INFO: [topki..][epoch: 23, iter:  15,020, lr:(8.967e-04,)][eta: 7:44:50, time (data): 0.483 (0.128)]l_bij: 9.3747e+01 l_orth: 1.0253e+02 l_diff: 2.4531e+01 l_align: 8.6419e+01 l_total: 3.0723e+02 
2026-05-22 13:27:08,513 INFO: [topki..][epoch: 23, iter:  15,040, lr:(8.967e-04,)][eta: 7:44:37, time (data): 0.485 (0.128)]l_bij: 5.4050e+01 l_orth: 6.5514e+01 l_diff: 2.1387e+01 l_align: 6.9320e+01 l_total: 2.1027e+02 
2026-05-22 13:27:18,186 INFO: [topki..][epoch: 23, iter:  15,060, lr:(8.967e-04,)][eta: 7:44:24, time (data): 0.485 (0.128)]l_bij: 7.9638e+01 l_orth: 9.1816e+01 l_diff: 2.7781e+01 l_align: 8.0116e+01 l_total: 2.7935e+02 
2026-05-22 13:27:27,997 INFO: [topki..][epoch: 23, iter:  15,080, lr:(8.967e-04,)][eta: 7:44:10, time (data): 0.500 (0.135)]l_bij: 9.5420e+01 l_orth: 1.0392e+02 l_diff: 3.3495e+01 l_align: 8.4361e+01 l_total: 3.1720e+02 
2026-05-22 13:27:37,816 INFO: [topki..][epoch: 23, iter:  15,100, lr:(8.967e-04,)][eta: 7:43:57, time (data): 0.493 (0.133)]l_bij: 6.3337e+01 l_orth: 7.6579e+01 l_diff: 2.4089e+01 l_align: 7.4859e+01 l_total: 2.3886e+02 
2026-05-22 13:27:47,363 INFO: [topki..][epoch: 23, iter:  15,120, lr:(8.967e-04,)][eta: 7:43:43, time (data): 0.486 (0.132)]l_bij: 7.7801e+01 l_orth: 8.7853e+01 l_diff: 2.9079e+01 l_align: 7.8500e+01 l_total: 2.7323e+02 
2026-05-22 13:27:57,060 INFO: [topki..][epoch: 23, iter:  15,140, lr:(8.967e-04,)][eta: 7:43:29, time (data): 0.486 (0.132)]l_bij: 6.1791e+01 l_orth: 7.4583e+01 l_diff: 2.6679e+01 l_align: 7.2804e+01 l_total: 2.3586e+02 
2026-05-22 13:28:07,141 INFO: [topki..][epoch: 23, iter:  15,160, lr:(8.967e-04,)][eta: 7:43:16, time (data): 0.490 (0.132)]l_bij: 6.0719e+01 l_orth: 7.3735e+01 l_diff: 2.2118e+01 l_align: 7.5465e+01 l_total: 2.3204e+02 
2026-05-22 13:28:16,556 INFO: [topki..][epoch: 23, iter:  15,180, lr:(8.967e-04,)][eta: 7:43:02, time (data): 0.486 (0.131)]l_bij: 7.3132e+01 l_orth: 8.4241e+01 l_diff: 2.8340e+01 l_align: 7.7655e+01 l_total: 2.6337e+02 
2026-05-22 13:28:26,539 INFO: [topki..][epoch: 23, iter:  15,200, lr:(8.967e-04,)][eta: 7:42:49, time (data): 0.488 (0.132)]l_bij: 5.5921e+01 l_orth: 6.9846e+01 l_diff: 2.2027e+01 l_align: 7.4072e+01 l_total: 2.2187e+02 
2026-05-22 13:28:36,023 INFO: [topki..][epoch: 23, iter:  15,220, lr:(8.967e-04,)][eta: 7:42:35, time (data): 0.486 (0.131)]l_bij: 6.9009e+01 l_orth: 8.3742e+01 l_diff: 2.5924e+01 l_align: 7.9050e+01 l_total: 2.5772e+02 
2026-05-22 13:28:45,057 INFO: [topki..][epoch: 23, iter:  15,240, lr:(8.967e-04,)][eta: 7:42:19, time (data): 0.482 (0.130)]l_bij: 9.9674e+01 l_orth: 1.0517e+02 l_diff: 3.1067e+01 l_align: 8.2560e+01 l_total: 3.1847e+02 
2026-05-22 13:28:54,888 INFO: [topki..][epoch: 23, iter:  15,260, lr:(8.967e-04,)][eta: 7:42:05, time (data): 0.483 (0.130)]l_bij: 8.7971e+01 l_orth: 9.6255e+01 l_diff: 2.6822e+01 l_align: 7.3975e+01 l_total: 2.8502e+02 
2026-05-22 13:29:04,161 INFO: [topki..][epoch: 23, iter:  15,280, lr:(8.967e-04,)][eta: 7:41:50, time (data): 0.467 (0.127)]l_bij: 9.9393e+01 l_orth: 1.0716e+02 l_diff: 2.7589e+01 l_align: 9.1216e+01 l_total: 3.2536e+02 
2026-05-22 13:29:13,997 INFO: [topki..][epoch: 23, iter:  15,300, lr:(8.967e-04,)][eta: 7:41:37, time (data): 0.488 (0.131)]l_bij: 6.6836e+01 l_orth: 8.0381e+01 l_diff: 2.6266e+01 l_align: 7.4602e+01 l_total: 2.4809e+02 
2026-05-22 13:29:24,088 INFO: [topki..][epoch: 23, iter:  15,320, lr:(8.967e-04,)][eta: 7:41:25, time (data): 0.495 (0.134)]l_bij: 9.5287e+01 l_orth: 1.0207e+02 l_diff: 3.2344e+01 l_align: 8.0955e+01 l_total: 3.1065e+02 
2026-05-22 13:29:34,152 INFO: [topki..][epoch: 23, iter:  15,340, lr:(8.967e-04,)][eta: 7:41:12, time (data): 0.498 (0.135)]l_bij: 2.5529e+00 l_orth: 3.4860e+01 l_diff: 1.8781e+01 l_align: 9.1916e+01 l_total: 1.4811e+02 
2026-05-22 13:29:43,851 INFO: [topki..][epoch: 23, iter:  15,360, lr:(8.967e-04,)][eta: 7:40:59, time (data): 0.495 (0.135)]l_bij: 8.8866e+01 l_orth: 9.8951e+01 l_diff: 3.6494e+01 l_align: 8.7220e+01 l_total: 3.1153e+02 
2026-05-22 13:29:53,700 INFO: [topki..][epoch: 23, iter:  15,380, lr:(8.967e-04,)][eta: 7:40:46, time (data): 0.494 (0.134)]l_bij: 8.0294e+01 l_orth: 8.8447e+01 l_diff: 2.5421e+01 l_align: 7.4969e+01 l_total: 2.6913e+02 
2026-05-22 13:30:03,310 INFO: [topki..][epoch: 23, iter:  15,400, lr:(8.967e-04,)][eta: 7:40:32, time (data): 0.492 (0.133)]l_bij: 8.7174e+01 l_orth: 9.3820e+01 l_diff: 2.9799e+01 l_align: 7.6357e+01 l_total: 2.8715e+02 
2026-05-22 13:30:13,041 INFO: [topki..][epoch: 23, iter:  15,420, lr:(8.967e-04,)][eta: 7:40:18, time (data): 0.491 (0.133)]l_bij: 7.6833e+01 l_orth: 8.7847e+01 l_diff: 2.9208e+01 l_align: 7.7889e+01 l_total: 2.7178e+02 
2026-05-22 13:30:22,983 INFO: [topki..][epoch: 23, iter:  15,440, lr:(8.967e-04,)][eta: 7:40:06, time (data): 0.492 (0.133)]l_bij: 7.6769e+01 l_orth: 8.9333e+01 l_diff: 2.4457e+01 l_align: 7.4576e+01 l_total: 2.6514e+02 
2026-05-22 13:30:32,887 INFO: [topki..][epoch: 23, iter:  15,460, lr:(8.967e-04,)][eta: 7:39:53, time (data): 0.492 (0.133)]l_bij: 7.9318e+01 l_orth: 9.3049e+01 l_diff: 3.7000e+01 l_align: 8.2253e+01 l_total: 2.9162e+02 
2026-05-22 13:30:41,861 INFO: [topki..][epoch: 23, iter:  15,480, lr:(8.967e-04,)][eta: 7:39:37, time (data): 0.454 (0.109)]l_bij: 9.7639e+01 l_orth: 1.0697e+02 l_diff: 2.6014e+01 l_align: 9.0498e+01 l_total: 3.2112e+02 
2026-05-22 13:30:50,779 INFO: [topki..][epoch: 23, iter:  15,500, lr:(8.967e-04,)][eta: 7:39:20, time (data): 0.447 (0.113)]l_bij: 7.6381e+01 l_orth: 8.7227e+01 l_diff: 2.3840e+01 l_align: 7.7916e+01 l_total: 2.6536e+02 
2026-05-22 13:31:00,415 INFO: [topki..][epoch: 23, iter:  15,520, lr:(8.967e-04,)][eta: 7:39:07, time (data): 0.463 (0.119)]l_bij: 8.1639e+01 l_orth: 9.1200e+01 l_diff: 2.5397e+01 l_align: 7.5892e+01 l_total: 2.7413e+02 
2026-05-22 13:31:10,279 INFO: [topki..][epoch: 23, iter:  15,540, lr:(8.967e-04,)][eta: 7:38:54, time (data): 0.473 (0.124)]l_bij: 6.3123e+01 l_orth: 7.5285e+01 l_diff: 2.0464e+01 l_align: 7.3230e+01 l_total: 2.3210e+02 
2026-05-22 13:31:21,843 INFO: [topki..][epoch: 24, iter:  15,560, lr:(8.875e-04,)][eta: 7:38:46, time (data): 0.498 (0.146)]l_bij: 8.1277e+01 l_orth: 9.5342e+01 l_diff: 2.4035e+01 l_align: 8.4191e+01 l_total: 2.8484e+02 
2026-05-22 13:31:31,144 INFO: [topki..][epoch: 24, iter:  15,580, lr:(8.875e-04,)][eta: 7:38:32, time (data): 0.492 (0.139)]l_bij: 8.1694e+01 l_orth: 9.2943e+01 l_diff: 3.0833e+01 l_align: 8.2774e+01 l_total: 2.8824e+02 
2026-05-22 13:31:40,345 INFO: [topki..][epoch: 24, iter:  15,600, lr:(8.875e-04,)][eta: 7:38:16, time (data): 0.486 (0.136)]l_bij: 9.0286e+01 l_orth: 9.7280e+01 l_diff: 3.1601e+01 l_align: 8.2052e+01 l_total: 3.0122e+02 
2026-05-22 13:31:50,215 INFO: [topki..][epoch: 24, iter:  15,620, lr:(8.875e-04,)][eta: 7:38:04, time (data): 0.487 (0.135)]l_bij: 7.0075e+01 l_orth: 8.3642e+01 l_diff: 2.8113e+01 l_align: 7.6634e+01 l_total: 2.5846e+02 
2026-05-22 13:32:00,112 INFO: [topki..][epoch: 24, iter:  15,640, lr:(8.875e-04,)][eta: 7:37:51, time (data): 0.488 (0.134)]l_bij: 6.5739e+01 l_orth: 7.9564e+01 l_diff: 2.1568e+01 l_align: 7.7523e+01 l_total: 2.4439e+02 
2026-05-22 13:32:10,091 INFO: [topki..][epoch: 24, iter:  15,660, lr:(8.875e-04,)][eta: 7:37:38, time (data): 0.489 (0.134)]l_bij: 8.2710e+01 l_orth: 9.2848e+01 l_diff: 2.8102e+01 l_align: 7.6250e+01 l_total: 2.7991e+02 
2026-05-22 13:32:20,024 INFO: [topki..][epoch: 24, iter:  15,680, lr:(8.875e-04,)][eta: 7:37:25, time (data): 0.510 (0.132)]l_bij: 8.4123e+01 l_orth: 9.1346e+01 l_diff: 2.2834e+01 l_align: 7.0079e+01 l_total: 2.6838e+02 
2026-05-22 13:32:29,917 INFO: [topki..][epoch: 24, iter:  15,700, lr:(8.875e-04,)][eta: 7:37:13, time (data): 0.496 (0.133)]l_bij: 7.7794e+01 l_orth: 8.7617e+01 l_diff: 2.8359e+01 l_align: 7.7966e+01 l_total: 2.7174e+02 
2026-05-22 13:32:39,507 INFO: [topki..][epoch: 24, iter:  15,720, lr:(8.875e-04,)][eta: 7:36:59, time (data): 0.488 (0.134)]l_bij: 9.5546e+01 l_orth: 1.0253e+02 l_diff: 3.3432e+01 l_align: 8.2194e+01 l_total: 3.1370e+02 
2026-05-22 13:32:49,100 INFO: [topki..][epoch: 24, iter:  15,740, lr:(8.875e-04,)][eta: 7:36:45, time (data): 0.485 (0.132)]l_bij: 5.2113e+01 l_orth: 6.7005e+01 l_diff: 2.7160e+01 l_align: 6.9834e+01 l_total: 2.1611e+02 
2026-05-22 13:32:58,914 INFO: [topki..][epoch: 24, iter:  15,760, lr:(8.875e-04,)][eta: 7:36:32, time (data): 0.487 (0.133)]l_bij: 7.3554e+01 l_orth: 8.5240e+01 l_diff: 2.5446e+01 l_align: 7.4252e+01 l_total: 2.5849e+02 
2026-05-22 13:33:08,654 INFO: [topki..][epoch: 24, iter:  15,780, lr:(8.875e-04,)][eta: 7:36:19, time (data): 0.487 (0.133)]l_bij: 1.1840e+00 l_orth: 2.7881e+01 l_diff: 1.8366e+01 l_align: 8.1627e+01 l_total: 1.2906e+02 
2026-05-22 13:33:18,365 INFO: [topki..][epoch: 24, iter:  15,800, lr:(8.875e-04,)][eta: 7:36:05, time (data): 0.486 (0.132)]l_bij: 8.1818e+01 l_orth: 8.9970e+01 l_diff: 2.5243e+01 l_align: 7.5242e+01 l_total: 2.7227e+02 
2026-05-22 13:33:27,953 INFO: [topki..][epoch: 24, iter:  15,820, lr:(8.875e-04,)][eta: 7:35:52, time (data): 0.485 (0.132)]l_bij: 9.1720e+01 l_orth: 9.9204e+01 l_diff: 2.6007e+01 l_align: 8.0578e+01 l_total: 2.9751e+02 
2026-05-22 13:33:38,033 INFO: [topki..][epoch: 24, iter:  15,840, lr:(8.875e-04,)][eta: 7:35:39, time (data): 0.488 (0.132)]l_bij: 7.4387e+01 l_orth: 8.4366e+01 l_diff: 2.9148e+01 l_align: 7.3129e+01 l_total: 2.6103e+02 
2026-05-22 13:33:47,935 INFO: [topki..][epoch: 24, iter:  15,860, lr:(8.875e-04,)][eta: 7:35:27, time (data): 0.489 (0.133)]l_bij: 6.2062e+01 l_orth: 7.7278e+01 l_diff: 2.8927e+01 l_align: 7.4858e+01 l_total: 2.4312e+02 
2026-05-22 13:33:57,795 INFO: [topki..][epoch: 24, iter:  15,880, lr:(8.875e-04,)][eta: 7:35:14, time (data): 0.481 (0.118)]l_bij: 5.4244e+01 l_orth: 6.9730e+01 l_diff: 1.9862e+01 l_align: 7.2484e+01 l_total: 2.1632e+02 
2026-05-22 13:34:07,479 INFO: [topki..][epoch: 24, iter:  15,900, lr:(8.875e-04,)][eta: 7:35:00, time (data): 0.484 (0.130)]l_bij: 7.6405e+01 l_orth: 8.6628e+01 l_diff: 2.6120e+01 l_align: 7.7638e+01 l_total: 2.6679e+02 
2026-05-22 13:34:16,712 INFO: [topki..][epoch: 24, iter:  15,920, lr:(8.875e-04,)][eta: 7:34:46, time (data): 0.473 (0.126)]l_bij: 8.1583e+01 l_orth: 9.3948e+01 l_diff: 2.5113e+01 l_align: 8.2404e+01 l_total: 2.8305e+02 
2026-05-22 13:34:26,350 INFO: [topki..][epoch: 24, iter:  15,940, lr:(8.875e-04,)][eta: 7:34:32, time (data): 0.476 (0.127)]l_bij: 9.7444e+01 l_orth: 1.0430e+02 l_diff: 3.1795e+01 l_align: 8.5359e+01 l_total: 3.1890e+02 
2026-05-22 13:34:35,938 INFO: [topki..][epoch: 24, iter:  15,960, lr:(8.875e-04,)][eta: 7:34:18, time (data): 0.477 (0.127)]l_bij: 8.3459e+01 l_orth: 9.1801e+01 l_diff: 2.7166e+01 l_align: 7.6962e+01 l_total: 2.7939e+02 
2026-05-22 13:34:45,010 INFO: [topki..][epoch: 24, iter:  15,980, lr:(8.875e-04,)][eta: 7:34:03, time (data): 0.472 (0.126)]l_bij: 8.8361e+01 l_orth: 9.9370e+01 l_diff: 3.4569e+01 l_align: 8.5470e+01 l_total: 3.0777e+02 
2026-05-22 13:34:53,826 INFO: [topki..][epoch: 24, iter:  16,000, lr:(8.875e-04,)][eta: 7:33:47, time (data): 0.467 (0.124)]l_bij: 5.5151e+01 l_orth: 7.0702e+01 l_diff: 2.3100e+01 l_align: 7.3492e+01 l_total: 2.2245e+02 
2026-05-22 13:34:53,827 INFO: Saving models and training states.
2026-05-22 13:34:53,845 INFO: Start validation.
2026-05-22 13:36:07,171 INFO: Avg time: 0.1393
2026-05-22 13:36:07,282 INFO: Val auc: 0.6912
2026-05-22 13:36:07,282 INFO: Val avg error: 0.0599
2026-05-22 13:36:16,883 INFO: [topki..][epoch: 24, iter:  16,020, lr:(8.875e-04,)][eta: 7:37:30, time (data): 0.466 (0.124)]l_bij: 9.1261e+01 l_orth: 9.8304e+01 l_diff: 2.8414e+01 l_align: 7.9981e+01 l_total: 2.9796e+02 
2026-05-22 13:36:25,915 INFO: [topki..][epoch: 24, iter:  16,040, lr:(8.875e-04,)][eta: 7:37:14, time (data): 0.465 (0.122)]l_bij: 5.9022e+01 l_orth: 7.3938e+01 l_diff: 2.4004e+01 l_align: 7.4454e+01 l_total: 2.3142e+02 
2026-05-22 13:36:35,188 INFO: [topki..][epoch: 24, iter:  16,060, lr:(8.875e-04,)][eta: 7:36:59, time (data): 0.464 (0.122)]l_bij: 8.0495e+01 l_orth: 9.1522e+01 l_diff: 3.3587e+01 l_align: 7.8713e+01 l_total: 2.8432e+02 
2026-05-22 13:36:44,544 INFO: [topki..][epoch: 24, iter:  16,080, lr:(8.875e-04,)][eta: 7:36:44, time (data): 0.465 (0.122)]l_bij: 9.4639e+01 l_orth: 1.0045e+02 l_diff: 3.4113e+01 l_align: 8.0960e+01 l_total: 3.1016e+02 
2026-05-22 13:36:54,417 INFO: [topki..][epoch: 24, iter:  16,100, lr:(8.875e-04,)][eta: 7:36:31, time (data): 0.494 (0.134)]l_bij: 6.6616e+01 l_orth: 7.9182e+01 l_diff: 2.2302e+01 l_align: 7.4556e+01 l_total: 2.4266e+02 
2026-05-22 13:37:04,301 INFO: [topki..][epoch: 24, iter:  16,120, lr:(8.875e-04,)][eta: 7:36:18, time (data): 0.494 (0.135)]l_bij: 7.7379e+01 l_orth: 8.8591e+01 l_diff: 3.2539e+01 l_align: 7.4950e+01 l_total: 2.7346e+02 
2026-05-22 13:37:14,141 INFO: [topki..][epoch: 24, iter:  16,140, lr:(8.875e-04,)][eta: 7:36:05, time (data): 0.493 (0.134)]l_bij: 4.6088e+01 l_orth: 6.2277e+01 l_diff: 2.3913e+01 l_align: 7.2082e+01 l_total: 2.0436e+02 
2026-05-22 13:37:24,244 INFO: [topki..][epoch: 24, iter:  16,160, lr:(8.875e-04,)][eta: 7:35:52, time (data): 0.496 (0.135)]l_bij: 9.3337e+01 l_orth: 1.0426e+02 l_diff: 2.7868e+01 l_align: 8.6003e+01 l_total: 3.1147e+02 
2026-05-22 13:37:34,034 INFO: [topki..][epoch: 24, iter:  16,180, lr:(8.875e-04,)][eta: 7:35:39, time (data): 0.495 (0.134)]l_bij: 7.8424e+01 l_orth: 8.9378e+01 l_diff: 2.4004e+01 l_align: 7.8298e+01 l_total: 2.7010e+02 
2026-05-22 13:37:43,412 INFO: [topki..][epoch: 24, iter:  16,200, lr:(8.875e-04,)][eta: 7:35:24, time (data): 0.490 (0.133)]l_bij: 6.3727e+01 l_orth: 7.7942e+01 l_diff: 2.8811e+01 l_align: 8.0374e+01 l_total: 2.5085e+02 
2026-05-22 13:37:52,772 INFO: [topki..][epoch: 24, iter:  16,220, lr:(8.875e-04,)][eta: 7:35:10, time (data): 0.487 (0.132)]l_bij: 7.7496e+01 l_orth: 8.7499e+01 l_diff: 2.5359e+01 l_align: 7.9859e+01 l_total: 2.7021e+02 
2026-05-22 13:38:04,754 INFO: [topki..][epoch: 25, iter:  16,240, lr:(8.780e-04,)][eta: 7:35:03, time (data): 0.501 (0.144)]l_bij: 7.4028e+01 l_orth: 8.4841e+01 l_diff: 2.6541e+01 l_align: 7.6044e+01 l_total: 2.6145e+02 
2026-05-22 13:38:13,338 INFO: [topki..][epoch: 25, iter:  16,260, lr:(8.780e-04,)][eta: 7:34:46, time (data): 0.493 (0.139)]l_bij: 6.2197e+01 l_orth: 7.6916e+01 l_diff: 2.7080e+01 l_align: 7.7578e+01 l_total: 2.4377e+02 
2026-05-22 13:38:23,130 INFO: [topki..][epoch: 25, iter:  16,280, lr:(8.780e-04,)][eta: 7:34:33, time (data): 0.493 (0.138)]l_bij: 6.4680e+01 l_orth: 7.7974e+01 l_diff: 2.6339e+01 l_align: 7.3056e+01 l_total: 2.4205e+02 
2026-05-22 13:38:32,879 INFO: [topki..][epoch: 25, iter:  16,300, lr:(8.780e-04,)][eta: 7:34:20, time (data): 0.483 (0.128)]l_bij: 8.0478e+01 l_orth: 8.8883e+01 l_diff: 2.1925e+01 l_align: 7.3850e+01 l_total: 2.6514e+02 
2026-05-22 13:38:42,185 INFO: [topki..][epoch: 25, iter:  16,320, lr:(8.780e-04,)][eta: 7:34:05, time (data): 0.474 (0.127)]l_bij: 1.0597e+02 l_orth: 1.1068e+02 l_diff: 3.2436e+01 l_align: 8.2369e+01 l_total: 3.3145e+02 
2026-05-22 13:38:52,220 INFO: [topki..][epoch: 25, iter:  16,340, lr:(8.780e-04,)][eta: 7:33:52, time (data): 0.483 (0.128)]l_bij: 5.3393e+01 l_orth: 6.8542e+01 l_diff: 2.5363e+01 l_align: 7.2518e+01 l_total: 2.1982e+02 
2026-05-22 13:39:01,592 INFO: [topki..][epoch: 25, iter:  16,360, lr:(8.780e-04,)][eta: 7:33:38, time (data): 0.480 (0.128)]l_bij: 7.8895e+01 l_orth: 8.9476e+01 l_diff: 2.6265e+01 l_align: 7.6594e+01 l_total: 2.7123e+02 
2026-05-22 13:39:11,151 INFO: [topki..][epoch: 25, iter:  16,380, lr:(8.780e-04,)][eta: 7:33:24, time (data): 0.479 (0.129)]l_bij: 7.6986e+01 l_orth: 8.8182e+01 l_diff: 2.9482e+01 l_align: 8.3939e+01 l_total: 2.7859e+02 
2026-05-22 13:39:20,868 INFO: [topki..][epoch: 25, iter:  16,400, lr:(8.780e-04,)][eta: 7:33:10, time (data): 0.480 (0.130)]l_bij: 8.1353e+01 l_orth: 9.2302e+01 l_diff: 3.3173e+01 l_align: 7.9977e+01 l_total: 2.8680e+02 
2026-05-22 13:39:30,022 INFO: [topki..][epoch: 25, iter:  16,420, lr:(8.780e-04,)][eta: 7:32:55, time (data): 0.477 (0.128)]l_bij: 7.6372e+01 l_orth: 8.4766e+01 l_diff: 2.9197e+01 l_align: 6.9613e+01 l_total: 2.5995e+02 
2026-05-22 13:39:39,640 INFO: [topki..][epoch: 25, iter:  16,440, lr:(8.780e-04,)][eta: 7:32:41, time (data): 0.478 (0.128)]l_bij: 6.9858e+01 l_orth: 8.1098e+01 l_diff: 2.9713e+01 l_align: 7.4332e+01 l_total: 2.5500e+02 
2026-05-22 13:39:49,170 INFO: [topki..][epoch: 25, iter:  16,460, lr:(8.780e-04,)][eta: 7:32:27, time (data): 0.477 (0.128)]l_bij: 7.5338e+01 l_orth: 8.7609e+01 l_diff: 3.0975e+01 l_align: 8.0614e+01 l_total: 2.7454e+02 
2026-05-22 13:39:57,910 INFO: [topki..][epoch: 25, iter:  16,480, lr:(8.780e-04,)][eta: 7:32:11, time (data): 0.473 (0.127)]l_bij: 9.6575e+01 l_orth: 1.0268e+02 l_diff: 3.0570e+01 l_align: 8.7620e+01 l_total: 3.1745e+02 
2026-05-22 13:40:06,604 INFO: [topki..][epoch: 25, iter:  16,500, lr:(8.780e-04,)][eta: 7:31:54, time (data): 0.434 (0.110)]l_bij: 4.8929e+01 l_orth: 6.8184e+01 l_diff: 2.4598e+01 l_align: 7.8344e+01 l_total: 2.2006e+02 
2026-05-22 13:40:15,346 INFO: [topki..][epoch: 25, iter:  16,520, lr:(8.780e-04,)][eta: 7:31:38, time (data): 0.436 (0.110)]l_bij: 9.4799e+01 l_orth: 1.0467e+02 l_diff: 2.9335e+01 l_align: 8.4631e+01 l_total: 3.1343e+02 
2026-05-22 13:40:23,924 INFO: [topki..][epoch: 25, iter:  16,540, lr:(8.780e-04,)][eta: 7:31:21, time (data): 0.433 (0.110)]l_bij: 8.0732e+01 l_orth: 9.1693e+01 l_diff: 2.6514e+01 l_align: 8.3580e+01 l_total: 2.8252e+02 
2026-05-22 13:40:32,914 INFO: [topki..][epoch: 25, iter:  16,560, lr:(8.780e-04,)][eta: 7:31:06, time (data): 0.437 (0.111)]l_bij: 8.5879e+01 l_orth: 9.8487e+01 l_diff: 2.2649e+01 l_align: 8.2699e+01 l_total: 2.8971e+02 
2026-05-22 13:40:42,252 INFO: [topki..][epoch: 25, iter:  16,580, lr:(8.780e-04,)][eta: 7:30:51, time (data): 0.443 (0.114)]l_bij: 6.1058e+01 l_orth: 7.5213e+01 l_diff: 2.4296e+01 l_align: 7.3090e+01 l_total: 2.3366e+02 
2026-05-22 13:40:51,734 INFO: [topki..][epoch: 25, iter:  16,600, lr:(8.780e-04,)][eta: 7:30:37, time (data): 0.449 (0.116)]l_bij: 6.3199e+01 l_orth: 7.5181e+01 l_diff: 2.2511e+01 l_align: 7.3988e+01 l_total: 2.3488e+02 
2026-05-22 13:41:01,114 INFO: [topki..][epoch: 25, iter:  16,620, lr:(8.780e-04,)][eta: 7:30:23, time (data): 0.452 (0.117)]l_bij: 9.4455e+01 l_orth: 1.0335e+02 l_diff: 2.8167e+01 l_align: 9.2240e+01 l_total: 3.1821e+02 
2026-05-22 13:41:11,013 INFO: [topki..][epoch: 25, iter:  16,640, lr:(8.780e-04,)][eta: 7:30:10, time (data): 0.457 (0.119)]l_bij: 8.6761e+01 l_orth: 9.5950e+01 l_diff: 2.9758e+01 l_align: 7.8427e+01 l_total: 2.9089e+02 
2026-05-22 13:41:21,194 INFO: [topki..][epoch: 25, iter:  16,660, lr:(8.780e-04,)][eta: 7:29:58, time (data): 0.463 (0.121)]l_bij: 7.7065e+01 l_orth: 8.7885e+01 l_diff: 2.6727e+01 l_align: 7.5406e+01 l_total: 2.6708e+02 
2026-05-22 13:41:31,146 INFO: [topki..][epoch: 25, iter:  16,680, lr:(8.780e-04,)][eta: 7:29:45, time (data): 0.466 (0.122)]l_bij: 9.7060e+01 l_orth: 1.0356e+02 l_diff: 3.1128e+01 l_align: 8.1651e+01 l_total: 3.1340e+02 
2026-05-22 13:41:40,594 INFO: [topki..][epoch: 25, iter:  16,700, lr:(8.780e-04,)][eta: 7:29:31, time (data): 0.474 (0.130)]l_bij: 7.0443e+01 l_orth: 8.2737e+01 l_diff: 2.7333e+01 l_align: 7.8211e+01 l_total: 2.5872e+02 
2026-05-22 13:41:50,334 INFO: [topki..][epoch: 25, iter:  16,720, lr:(8.780e-04,)][eta: 7:29:18, time (data): 0.481 (0.131)]l_bij: 6.4789e+01 l_orth: 7.6893e+01 l_diff: 2.8474e+01 l_align: 7.5968e+01 l_total: 2.4612e+02 
2026-05-22 13:42:00,191 INFO: [topki..][epoch: 25, iter:  16,740, lr:(8.780e-04,)][eta: 7:29:05, time (data): 0.485 (0.133)]l_bij: 9.3827e+01 l_orth: 9.8947e+01 l_diff: 3.6410e+01 l_align: 7.5886e+01 l_total: 3.0507e+02 
2026-05-22 13:42:09,711 INFO: [topki..][epoch: 25, iter:  16,760, lr:(8.780e-04,)][eta: 7:28:51, time (data): 0.483 (0.132)]l_bij: 7.3636e+01 l_orth: 8.7815e+01 l_diff: 3.0806e+01 l_align: 8.5518e+01 l_total: 2.7778e+02 
2026-05-22 13:42:19,200 INFO: [topki..][epoch: 25, iter:  16,780, lr:(8.780e-04,)][eta: 7:28:38, time (data): 0.481 (0.132)]l_bij: 5.1675e+01 l_orth: 6.9160e+01 l_diff: 2.5859e+01 l_align: 7.6731e+01 l_total: 2.2343e+02 
2026-05-22 13:42:29,159 INFO: [topki..][epoch: 25, iter:  16,800, lr:(8.780e-04,)][eta: 7:28:25, time (data): 0.484 (0.132)]l_bij: 8.3449e+01 l_orth: 9.1341e+01 l_diff: 2.5806e+01 l_align: 7.5866e+01 l_total: 2.7646e+02 
2026-05-22 13:42:38,838 INFO: [topki..][epoch: 25, iter:  16,820, lr:(8.780e-04,)][eta: 7:28:12, time (data): 0.484 (0.132)]l_bij: 4.6878e+01 l_orth: 6.3435e+01 l_diff: 2.6054e+01 l_align: 7.0809e+01 l_total: 2.0718e+02 
2026-05-22 13:42:49,882 INFO: [topki..][epoch: 25, iter:  16,840, lr:(8.780e-04,)][eta: 7:28:02, time (data): 0.493 (0.133)]l_bij: 1.0110e+02 l_orth: 1.0593e+02 l_diff: 2.8082e+01 l_align: 7.7319e+01 l_total: 3.1243e+02 
2026-05-22 13:43:00,708 INFO: [topki..][epoch: 25, iter:  16,860, lr:(8.780e-04,)][eta: 7:27:53, time (data): 0.498 (0.134)]l_bij: 9.2475e+01 l_orth: 1.0045e+02 l_diff: 2.7466e+01 l_align: 8.7399e+01 l_total: 3.0779e+02 
2026-05-22 13:43:10,811 INFO: [topki..][epoch: 25, iter:  16,880, lr:(8.780e-04,)][eta: 7:27:40, time (data): 0.499 (0.134)]l_bij: 6.0800e+01 l_orth: 7.2946e+01 l_diff: 2.8485e+01 l_align: 7.0494e+01 l_total: 2.3272e+02 
2026-05-22 13:43:21,306 INFO: [topki..][epoch: 25, iter:  16,900, lr:(8.780e-04,)][eta: 7:27:30, time (data): 0.522 (0.138)]l_bij: 9.0948e+01 l_orth: 9.9658e+01 l_diff: 2.6908e+01 l_align: 8.5360e+01 l_total: 3.0287e+02 
2026-05-22 13:43:34,563 INFO: [topki..][epoch: 26, iter:  16,920, lr:(8.682e-04,)][eta: 7:27:27, time (data): 0.600 (0.196)]l_bij: 1.0710e+02 l_orth: 1.1082e+02 l_diff: 3.0229e+01 l_align: 8.6836e+01 l_total: 3.3498e+02 
2026-05-22 13:43:45,361 INFO: [topki..][epoch: 26, iter:  16,940, lr:(8.682e-04,)][eta: 7:27:17, time (data): 0.579 (0.171)]l_bij: 9.1669e+01 l_orth: 9.9970e+01 l_diff: 2.9351e+01 l_align: 8.0951e+01 l_total: 3.0194e+02 
2026-05-22 13:43:55,938 INFO: [topki..][epoch: 26, iter:  16,960, lr:(8.682e-04,)][eta: 7:27:06, time (data): 0.565 (0.163)]l_bij: 1.0591e+02 l_orth: 1.1147e+02 l_diff: 3.1957e+01 l_align: 8.9482e+01 l_total: 3.3882e+02 
2026-05-22 13:44:06,824 INFO: [topki..][epoch: 26, iter:  16,980, lr:(8.682e-04,)][eta: 7:26:57, time (data): 0.561 (0.158)]l_bij: 8.2195e+01 l_orth: 9.3439e+01 l_diff: 2.8027e+01 l_align: 7.9952e+01 l_total: 2.8361e+02 
2026-05-22 13:44:17,625 INFO: [topki..][epoch: 26, iter:  17,000, lr:(8.682e-04,)][eta: 7:26:47, time (data): 0.557 (0.154)]l_bij: 8.4770e+01 l_orth: 9.3169e+01 l_diff: 2.9732e+01 l_align: 8.0125e+01 l_total: 2.8780e+02 
2026-05-22 13:44:27,819 INFO: [topki..][epoch: 26, iter:  17,020, lr:(8.682e-04,)][eta: 7:26:35, time (data): 0.550 (0.151)]l_bij: 9.4229e+01 l_orth: 1.0149e+02 l_diff: 2.8639e+01 l_align: 8.2898e+01 l_total: 3.0726e+02 
2026-05-22 13:44:38,010 INFO: [topki..][epoch: 26, iter:  17,040, lr:(8.682e-04,)][eta: 7:26:23, time (data): 0.545 (0.149)]l_bij: 8.5973e+01 l_orth: 9.7810e+01 l_diff: 2.9751e+01 l_align: 8.4621e+01 l_total: 2.9815e+02 
2026-05-22 13:44:48,698 INFO: [topki..][epoch: 26, iter:  17,060, lr:(8.682e-04,)][eta: 7:26:13, time (data): 0.544 (0.148)]l_bij: 6.1456e+01 l_orth: 7.4185e+01 l_diff: 2.4968e+01 l_align: 7.2919e+01 l_total: 2.3353e+02 
2026-05-22 13:44:59,548 INFO: [topki..][epoch: 26, iter:  17,080, lr:(8.682e-04,)][eta: 7:26:03, time (data): 0.544 (0.147)]l_bij: 7.2260e+01 l_orth: 8.2815e+01 l_diff: 2.2359e+01 l_align: 7.7167e+01 l_total: 2.5460e+02 
2026-05-22 13:45:09,965 INFO: [topki..][epoch: 26, iter:  17,100, lr:(8.682e-04,)][eta: 7:25:52, time (data): 0.534 (0.132)]l_bij: 6.7828e+01 l_orth: 7.9270e+01 l_diff: 2.4192e+01 l_align: 7.4295e+01 l_total: 2.4559e+02 
2026-05-22 13:45:20,677 INFO: [topki..][epoch: 26, iter:  17,120, lr:(8.682e-04,)][eta: 7:25:42, time (data): 0.535 (0.134)]l_bij: 7.1549e+01 l_orth: 8.4011e+01 l_diff: 3.0481e+01 l_align: 7.8638e+01 l_total: 2.6468e+02 
2026-05-22 13:45:31,248 INFO: [topki..][epoch: 26, iter:  17,140, lr:(8.682e-04,)][eta: 7:25:31, time (data): 0.533 (0.137)]l_bij: 3.9242e+01 l_orth: 5.7115e+01 l_diff: 2.0633e+01 l_align: 7.4527e+01 l_total: 1.9152e+02 
2026-05-22 13:45:42,706 INFO: [topki..][epoch: 26, iter:  17,160, lr:(8.682e-04,)][eta: 7:25:23, time (data): 0.543 (0.141)]l_bij: 5.3573e+01 l_orth: 6.8482e+01 l_diff: 2.2288e+01 l_align: 7.3122e+01 l_total: 2.1747e+02 
2026-05-22 13:45:53,663 INFO: [topki..][epoch: 26, iter:  17,180, lr:(8.682e-04,)][eta: 7:25:13, time (data): 0.544 (0.141)]l_bij: 7.6105e+01 l_orth: 8.8097e+01 l_diff: 3.2616e+01 l_align: 7.5353e+01 l_total: 2.7217e+02 
2026-05-22 13:46:04,551 INFO: [topki..][epoch: 26, iter:  17,200, lr:(8.682e-04,)][eta: 7:25:03, time (data): 0.544 (0.140)]l_bij: 4.6946e+01 l_orth: 6.5433e+01 l_diff: 2.4000e+01 l_align: 7.5074e+01 l_total: 2.1145e+02 
2026-05-22 13:46:15,176 INFO: [topki..][epoch: 26, iter:  17,220, lr:(8.682e-04,)][eta: 7:24:53, time (data): 0.542 (0.138)]l_bij: 4.8842e+00 l_orth: 4.4686e+01 l_diff: 2.5226e+01 l_align: 1.0295e+02 l_total: 1.7774e+02 
2026-05-22 13:46:25,639 INFO: [topki..][epoch: 26, iter:  17,240, lr:(8.682e-04,)][eta: 7:24:42, time (data): 0.540 (0.138)]l_bij: 6.8209e+01 l_orth: 7.9745e+01 l_diff: 2.8788e+01 l_align: 7.2107e+01 l_total: 2.4885e+02 
2026-05-22 13:46:36,191 INFO: [topki..][epoch: 26, iter:  17,260, lr:(8.682e-04,)][eta: 7:24:31, time (data): 0.538 (0.137)]l_bij: 6.9448e+01 l_orth: 7.9763e+01 l_diff: 2.7957e+01 l_align: 7.4715e+01 l_total: 2.5188e+02 
2026-05-22 13:46:46,543 INFO: [topki..][epoch: 26, iter:  17,280, lr:(8.682e-04,)][eta: 7:24:20, time (data): 0.536 (0.137)]l_bij: 7.8241e+01 l_orth: 8.6282e+01 l_diff: 2.7501e+01 l_align: 7.4493e+01 l_total: 2.6652e+02 
2026-05-22 13:46:57,438 INFO: [topki..][epoch: 26, iter:  17,300, lr:(8.682e-04,)][eta: 7:24:10, time (data): 0.548 (0.144)]l_bij: 1.9608e+00 l_orth: 3.5847e+01 l_diff: 2.0914e+01 l_align: 8.8405e+01 l_total: 1.4713e+02 
2026-05-22 13:47:08,108 INFO: [topki..][epoch: 26, iter:  17,320, lr:(8.682e-04,)][eta: 7:24:00, time (data): 0.539 (0.139)]l_bij: 5.4597e+01 l_orth: 7.0772e+01 l_diff: 2.3927e+01 l_align: 7.3328e+01 l_total: 2.2262e+02 
2026-05-22 13:47:18,929 INFO: [topki..][epoch: 26, iter:  17,340, lr:(8.682e-04,)][eta: 7:23:50, time (data): 0.540 (0.142)]l_bij: 1.0613e+02 l_orth: 1.1029e+02 l_diff: 3.3368e+01 l_align: 8.0588e+01 l_total: 3.3038e+02 
2026-05-22 13:47:30,175 INFO: [topki..][epoch: 26, iter:  17,360, lr:(8.682e-04,)][eta: 7:23:41, time (data): 0.546 (0.141)]l_bij: 7.9125e+01 l_orth: 8.8194e+01 l_diff: 2.4295e+01 l_align: 8.2802e+01 l_total: 2.7442e+02 
2026-05-22 13:47:40,496 INFO: [topki..][epoch: 26, iter:  17,380, lr:(8.682e-04,)][eta: 7:23:30, time (data): 0.540 (0.139)]l_bij: 6.1822e+01 l_orth: 7.8329e+01 l_diff: 2.1698e+01 l_align: 8.0043e+01 l_total: 2.4189e+02 
2026-05-22 13:47:50,625 INFO: [topki..][epoch: 26, iter:  17,400, lr:(8.682e-04,)][eta: 7:23:18, time (data): 0.534 (0.139)]l_bij: 9.3714e+01 l_orth: 1.0289e+02 l_diff: 2.5031e+01 l_align: 8.4048e+01 l_total: 3.0568e+02 
2026-05-22 13:48:01,331 INFO: [topki..][epoch: 26, iter:  17,420, lr:(8.682e-04,)][eta: 7:23:08, time (data): 0.534 (0.138)]l_bij: 9.8706e+01 l_orth: 1.0677e+02 l_diff: 2.9388e+01 l_align: 9.1716e+01 l_total: 3.2658e+02 
2026-05-22 13:48:12,021 INFO: [topki..][epoch: 26, iter:  17,440, lr:(8.682e-04,)][eta: 7:22:57, time (data): 0.534 (0.139)]l_bij: 6.9794e+01 l_orth: 8.4775e+01 l_diff: 2.2456e+01 l_align: 7.8934e+01 l_total: 2.5596e+02 
2026-05-22 13:48:22,613 INFO: [topki..][epoch: 26, iter:  17,460, lr:(8.682e-04,)][eta: 7:22:47, time (data): 0.533 (0.139)]l_bij: 1.4684e+00 l_orth: 2.9646e+01 l_diff: 2.4125e+01 l_align: 8.4659e+01 l_total: 1.3990e+02 
2026-05-22 13:48:32,999 INFO: [topki..][epoch: 26, iter:  17,480, lr:(8.682e-04,)][eta: 7:22:35, time (data): 0.532 (0.139)]l_bij: 9.7694e+01 l_orth: 1.0601e+02 l_diff: 3.0890e+01 l_align: 9.1219e+01 l_total: 3.2581e+02 
2026-05-22 13:48:43,430 INFO: [topki..][epoch: 26, iter:  17,500, lr:(8.682e-04,)][eta: 7:22:24, time (data): 0.523 (0.130)]l_bij: 8.0455e+01 l_orth: 9.0363e+01 l_diff: 3.3374e+01 l_align: 7.6418e+01 l_total: 2.8061e+02 
2026-05-22 13:48:54,108 INFO: [topki..][epoch: 26, iter:  17,520, lr:(8.682e-04,)][eta: 7:22:14, time (data): 0.529 (0.139)]l_bij: 8.2565e+01 l_orth: 9.2441e+01 l_diff: 2.9489e+01 l_align: 7.7125e+01 l_total: 2.8162e+02 
2026-05-22 13:49:05,183 INFO: [topki..][epoch: 26, iter:  17,540, lr:(8.682e-04,)][eta: 7:22:05, time (data): 0.539 (0.141)]l_bij: 7.8597e+01 l_orth: 9.0045e+01 l_diff: 3.0612e+01 l_align: 7.7527e+01 l_total: 2.7678e+02 
2026-05-22 13:49:15,418 INFO: [topki..][epoch: 26, iter:  17,560, lr:(8.682e-04,)][eta: 7:21:53, time (data): 0.531 (0.139)]l_bij: 1.1652e+02 l_orth: 1.2014e+02 l_diff: 3.4147e+01 l_align: 8.5971e+01 l_total: 3.5677e+02 
2026-05-22 13:49:27,516 INFO: [topki..][epoch: 27, iter:  17,580, lr:(8.580e-04,)][eta: 7:21:47, time (data): 0.547 (0.159)]l_bij: 8.1692e+01 l_orth: 9.3138e+01 l_diff: 2.5283e+01 l_align: 7.8039e+01 l_total: 2.7815e+02 
2026-05-22 13:49:37,884 INFO: [topki..][epoch: 27, iter:  17,600, lr:(8.580e-04,)][eta: 7:21:36, time (data): 0.542 (0.153)]l_bij: 8.3911e+01 l_orth: 9.0709e+01 l_diff: 3.0747e+01 l_align: 6.9646e+01 l_total: 2.7501e+02 
2026-05-22 13:49:48,543 INFO: [topki..][epoch: 27, iter:  17,620, lr:(8.580e-04,)][eta: 7:21:25, time (data): 0.541 (0.151)]l_bij: 1.0129e+02 l_orth: 1.0621e+02 l_diff: 3.5655e+01 l_align: 8.6579e+01 l_total: 3.2973e+02 
2026-05-22 13:49:59,267 INFO: [topki..][epoch: 27, iter:  17,640, lr:(8.580e-04,)][eta: 7:21:15, time (data): 0.540 (0.149)]l_bij: 8.0108e+01 l_orth: 9.0246e+01 l_diff: 2.4059e+01 l_align: 7.7802e+01 l_total: 2.7221e+02 
2026-05-22 13:50:10,404 INFO: [topki..][epoch: 27, iter:  17,660, lr:(8.580e-04,)][eta: 7:21:06, time (data): 0.542 (0.148)]l_bij: 6.1318e+01 l_orth: 7.4264e+01 l_diff: 2.3512e+01 l_align: 7.2114e+01 l_total: 2.3121e+02 
2026-05-22 13:50:21,295 INFO: [topki..][epoch: 27, iter:  17,680, lr:(8.580e-04,)][eta: 7:20:56, time (data): 0.542 (0.147)]l_bij: 1.2538e+00 l_orth: 3.2481e+01 l_diff: 2.4260e+01 l_align: 8.4985e+01 l_total: 1.4298e+02 
2026-05-22 13:50:31,997 INFO: [topki..][epoch: 27, iter:  17,700, lr:(8.580e-04,)][eta: 7:20:46, time (data): 0.534 (0.132)]l_bij: 5.9978e+01 l_orth: 7.2756e+01 l_diff: 2.8260e+01 l_align: 7.0519e+01 l_total: 2.3151e+02 
2026-05-22 13:50:42,362 INFO: [topki..][epoch: 27, iter:  17,720, lr:(8.580e-04,)][eta: 7:20:34, time (data): 0.524 (0.133)]l_bij: 9.8470e+01 l_orth: 1.0481e+02 l_diff: 3.4265e+01 l_align: 7.9109e+01 l_total: 3.1665e+02 
2026-05-22 13:50:53,408 INFO: [topki..][epoch: 27, iter:  17,740, lr:(8.580e-04,)][eta: 7:20:25, time (data): 0.535 (0.135)]l_bij: 7.9603e+01 l_orth: 9.2851e+01 l_diff: 2.6011e+01 l_align: 8.4375e+01 l_total: 2.8284e+02 
2026-05-22 13:51:04,139 INFO: [topki..][epoch: 27, iter:  17,760, lr:(8.580e-04,)][eta: 7:20:15, time (data): 0.535 (0.137)]l_bij: 7.6875e+01 l_orth: 8.6477e+01 l_diff: 2.8181e+01 l_align: 7.6153e+01 l_total: 2.6769e+02 
2026-05-22 13:51:14,533 INFO: [topki..][epoch: 27, iter:  17,780, lr:(8.580e-04,)][eta: 7:20:04, time (data): 0.532 (0.137)]l_bij: 8.2539e+01 l_orth: 9.3909e+01 l_diff: 2.9369e+01 l_align: 8.5017e+01 l_total: 2.9083e+02 
2026-05-22 13:51:24,732 INFO: [topki..][epoch: 27, iter:  17,800, lr:(8.580e-04,)][eta: 7:19:52, time (data): 0.528 (0.137)]l_bij: 1.0091e+02 l_orth: 1.0545e+02 l_diff: 2.7010e+01 l_align: 8.3473e+01 l_total: 3.1685e+02 
2026-05-22 13:51:35,507 INFO: [topki..][epoch: 27, iter:  17,820, lr:(8.580e-04,)][eta: 7:19:42, time (data): 0.530 (0.136)]l_bij: 7.6200e+01 l_orth: 8.7068e+01 l_diff: 2.3903e+01 l_align: 7.9336e+01 l_total: 2.6651e+02 
2026-05-22 13:51:46,607 INFO: [topki..][epoch: 27, iter:  17,840, lr:(8.580e-04,)][eta: 7:19:33, time (data): 0.533 (0.137)]l_bij: 6.6404e+01 l_orth: 8.1215e+01 l_diff: 2.4694e+01 l_align: 7.7906e+01 l_total: 2.5022e+02 
2026-05-22 13:51:57,539 INFO: [topki..][epoch: 27, iter:  17,860, lr:(8.580e-04,)][eta: 7:19:23, time (data): 0.535 (0.138)]l_bij: 9.6191e+01 l_orth: 1.0258e+02 l_diff: 3.0711e+01 l_align: 8.5556e+01 l_total: 3.1503e+02 
2026-05-22 13:52:08,221 INFO: [topki..][epoch: 27, iter:  17,880, lr:(8.580e-04,)][eta: 7:19:13, time (data): 0.534 (0.138)]l_bij: 8.4908e+01 l_orth: 9.2925e+01 l_diff: 2.9062e+01 l_align: 7.4448e+01 l_total: 2.8134e+02 
2026-05-22 13:52:18,921 INFO: [topki..][epoch: 27, iter:  17,900, lr:(8.580e-04,)][eta: 7:19:02, time (data): 0.553 (0.143)]l_bij: 6.3430e+01 l_orth: 7.5738e+01 l_diff: 2.7541e+01 l_align: 7.0608e+01 l_total: 2.3732e+02 
2026-05-22 13:52:30,218 INFO: [topki..][epoch: 27, iter:  17,920, lr:(8.580e-04,)][eta: 7:18:54, time (data): 0.561 (0.144)]l_bij: 8.4820e+01 l_orth: 9.4045e+01 l_diff: 2.7952e+01 l_align: 7.9301e+01 l_total: 2.8612e+02 
2026-05-22 13:52:41,255 INFO: [topki..][epoch: 27, iter:  17,940, lr:(8.580e-04,)][eta: 7:18:44, time (data): 0.557 (0.146)]l_bij: 8.9279e+01 l_orth: 1.0108e+02 l_diff: 2.9804e+01 l_align: 8.2915e+01 l_total: 3.0308e+02 
2026-05-22 13:52:52,402 INFO: [topki..][epoch: 27, iter:  17,960, lr:(8.580e-04,)][eta: 7:18:35, time (data): 0.557 (0.144)]l_bij: 6.4659e+01 l_orth: 7.7817e+01 l_diff: 2.3610e+01 l_align: 7.4035e+01 l_total: 2.4012e+02 
2026-05-22 13:53:02,438 INFO: [topki..][epoch: 27, iter:  17,980, lr:(8.580e-04,)][eta: 7:18:23, time (data): 0.545 (0.143)]l_bij: 8.6375e+01 l_orth: 9.5207e+01 l_diff: 2.3679e+01 l_align: 8.4658e+01 l_total: 2.8992e+02 
2026-05-22 13:53:12,963 INFO: [topki..][epoch: 27, iter:  18,000, lr:(8.580e-04,)][eta: 7:18:12, time (data): 0.542 (0.142)]l_bij: 5.4346e+01 l_orth: 6.8039e+01 l_diff: 2.8331e+01 l_align: 7.2280e+01 l_total: 2.2299e+02 
2026-05-22 13:53:23,549 INFO: [topki..][epoch: 27, iter:  18,020, lr:(8.580e-04,)][eta: 7:18:01, time (data): 0.540 (0.142)]l_bij: 7.2710e+01 l_orth: 8.6759e+01 l_diff: 2.9222e+01 l_align: 8.0558e+01 l_total: 2.6925e+02 
2026-05-22 13:53:34,133 INFO: [topki..][epoch: 27, iter:  18,040, lr:(8.580e-04,)][eta: 7:17:51, time (data): 0.538 (0.142)]l_bij: 9.5147e+01 l_orth: 1.0263e+02 l_diff: 2.6277e+01 l_align: 8.5762e+01 l_total: 3.0982e+02 
2026-05-22 13:53:44,830 INFO: [topki..][epoch: 27, iter:  18,060, lr:(8.580e-04,)][eta: 7:17:40, time (data): 0.538 (0.141)]l_bij: 4.0142e+01 l_orth: 5.7758e+01 l_diff: 1.5947e+01 l_align: 7.2092e+01 l_total: 1.8594e+02 
2026-05-22 13:53:55,367 INFO: [topki..][epoch: 27, iter:  18,080, lr:(8.580e-04,)][eta: 7:17:30, time (data): 0.537 (0.141)]l_bij: 7.7881e+01 l_orth: 8.8158e+01 l_diff: 2.6217e+01 l_align: 8.2749e+01 l_total: 2.7501e+02 
2026-05-22 13:54:06,137 INFO: [topki..][epoch: 27, iter:  18,100, lr:(8.580e-04,)][eta: 7:17:20, time (data): 0.521 (0.130)]l_bij: 7.1441e+01 l_orth: 8.0663e+01 l_diff: 2.5564e+01 l_align: 6.7160e+01 l_total: 2.4483e+02 
2026-05-22 13:54:16,111 INFO: [topki..][epoch: 27, iter:  18,120, lr:(8.580e-04,)][eta: 7:17:07, time (data): 0.506 (0.129)]l_bij: 6.2258e+01 l_orth: 7.5589e+01 l_diff: 2.2346e+01 l_align: 7.7539e+01 l_total: 2.3773e+02 
2026-05-22 13:54:26,815 INFO: [topki..][epoch: 27, iter:  18,140, lr:(8.580e-04,)][eta: 7:16:57, time (data): 0.518 (0.136)]l_bij: 1.0028e+02 l_orth: 1.0745e+02 l_diff: 3.1425e+01 l_align: 8.8449e+01 l_total: 3.2760e+02 
2026-05-22 13:54:37,975 INFO: [topki..][epoch: 27, iter:  18,160, lr:(8.580e-04,)][eta: 7:16:48, time (data): 0.529 (0.138)]l_bij: 9.0525e+01 l_orth: 1.0149e+02 l_diff: 2.9693e+01 l_align: 8.7072e+01 l_total: 3.0878e+02 
2026-05-22 13:54:47,848 INFO: [topki..][epoch: 27, iter:  18,180, lr:(8.580e-04,)][eta: 7:16:35, time (data): 0.521 (0.136)]l_bij: 8.4900e+01 l_orth: 9.4198e+01 l_diff: 2.4947e+01 l_align: 8.0994e+01 l_total: 2.8504e+02 
2026-05-22 13:54:58,685 INFO: [topki..][epoch: 27, iter:  18,200, lr:(8.580e-04,)][eta: 7:16:25, time (data): 0.525 (0.138)]l_bij: 1.0275e+02 l_orth: 1.0949e+02 l_diff: 2.4357e+01 l_align: 8.8508e+01 l_total: 3.2510e+02 
2026-05-22 13:55:09,791 INFO: [topki..][epoch: 27, iter:  18,220, lr:(8.580e-04,)][eta: 7:16:16, time (data): 0.530 (0.139)]l_bij: 9.0834e+01 l_orth: 9.9875e+01 l_diff: 2.4958e+01 l_align: 8.1001e+01 l_total: 2.9667e+02 
2026-05-22 13:55:20,294 INFO: [topki..][epoch: 27, iter:  18,240, lr:(8.580e-04,)][eta: 7:16:05, time (data): 0.529 (0.139)]l_bij: 9.1573e+01 l_orth: 9.7669e+01 l_diff: 3.2611e+01 l_align: 8.1373e+01 l_total: 3.0323e+02 
2026-05-22 13:55:33,167 INFO: [topki..][epoch: 28, iter:  18,260, lr:(8.476e-04,)][eta: 7:16:01, time (data): 0.542 (0.152)]l_bij: 8.9698e+01 l_orth: 9.6762e+01 l_diff: 3.4319e+01 l_align: 7.9195e+01 l_total: 2.9997e+02 
2026-05-22 13:55:43,645 INFO: [topki..][epoch: 28, iter:  18,280, lr:(8.476e-04,)][eta: 7:15:50, time (data): 0.541 (0.149)]l_bij: 8.2531e+01 l_orth: 9.2291e+01 l_diff: 3.5209e+01 l_align: 7.6951e+01 l_total: 2.8698e+02 
2026-05-22 13:55:54,191 INFO: [topki..][epoch: 28, iter:  18,300, lr:(8.476e-04,)][eta: 7:15:39, time (data): 0.546 (0.147)]l_bij: 1.0211e+02 l_orth: 1.0865e+02 l_diff: 3.0556e+01 l_align: 8.7344e+01 l_total: 3.2866e+02 
2026-05-22 13:56:04,434 INFO: [topki..][epoch: 28, iter:  18,320, lr:(8.476e-04,)][eta: 7:15:27, time (data): 0.523 (0.137)]l_bij: 8.1176e+01 l_orth: 9.1052e+01 l_diff: 3.1802e+01 l_align: 7.7585e+01 l_total: 2.8162e+02 
2026-05-22 13:56:15,154 INFO: [topki..][epoch: 28, iter:  18,340, lr:(8.476e-04,)][eta: 7:15:17, time (data): 0.528 (0.138)]l_bij: 1.1040e+02 l_orth: 1.1655e+02 l_diff: 3.0850e+01 l_align: 9.0455e+01 l_total: 3.4825e+02 
2026-05-22 13:56:25,847 INFO: [topki..][epoch: 28, iter:  18,360, lr:(8.476e-04,)][eta: 7:15:07, time (data): 0.530 (0.137)]l_bij: 6.0224e+01 l_orth: 7.5762e+01 l_diff: 2.7294e+01 l_align: 8.2382e+01 l_total: 2.4566e+02 
2026-05-22 13:56:36,265 INFO: [topki..][epoch: 28, iter:  18,380, lr:(8.476e-04,)][eta: 7:14:56, time (data): 0.528 (0.138)]l_bij: 8.8769e+01 l_orth: 9.7311e+01 l_diff: 3.5521e+01 l_align: 8.5500e+01 l_total: 3.0710e+02 
2026-05-22 13:56:47,249 INFO: [topki..][epoch: 28, iter:  18,400, lr:(8.476e-04,)][eta: 7:14:46, time (data): 0.532 (0.138)]l_bij: 9.0789e+01 l_orth: 9.9135e+01 l_diff: 3.5034e+01 l_align: 8.1211e+01 l_total: 3.0617e+02 
2026-05-22 13:56:58,823 INFO: [topki..][epoch: 28, iter:  18,420, lr:(8.476e-04,)][eta: 7:14:38, time (data): 0.539 (0.140)]l_bij: 8.4530e+01 l_orth: 9.4048e+01 l_diff: 2.6045e+01 l_align: 8.1364e+01 l_total: 2.8599e+02 
2026-05-22 13:57:09,362 INFO: [topki..][epoch: 28, iter:  18,440, lr:(8.476e-04,)][eta: 7:14:27, time (data): 0.537 (0.139)]l_bij: 7.4156e+01 l_orth: 8.9049e+01 l_diff: 2.7703e+01 l_align: 8.3682e+01 l_total: 2.7459e+02 
2026-05-22 13:57:20,400 INFO: [topki..][epoch: 28, iter:  18,460, lr:(8.476e-04,)][eta: 7:14:18, time (data): 0.539 (0.141)]l_bij: 7.7481e+01 l_orth: 9.0000e+01 l_diff: 2.8136e+01 l_align: 7.9176e+01 l_total: 2.7479e+02 
2026-05-22 13:57:31,497 INFO: [topki..][epoch: 28, iter:  18,480, lr:(8.476e-04,)][eta: 7:14:09, time (data): 0.541 (0.141)]l_bij: 1.0006e+02 l_orth: 1.0841e+02 l_diff: 2.6217e+01 l_align: 8.8838e+01 l_total: 3.2352e+02 
2026-05-22 13:57:42,646 INFO: [topki..][epoch: 28, iter:  18,500, lr:(8.476e-04,)][eta: 7:13:59, time (data): 0.572 (0.147)]l_bij: 8.4716e+01 l_orth: 9.0104e+01 l_diff: 3.3513e+01 l_align: 7.3319e+01 l_total: 2.8165e+02 
2026-05-22 13:57:53,711 INFO: [topki..][epoch: 28, iter:  18,520, lr:(8.476e-04,)][eta: 7:13:50, time (data): 0.559 (0.139)]l_bij: 7.9077e+01 l_orth: 8.9361e+01 l_diff: 3.0393e+01 l_align: 7.7040e+01 l_total: 2.7587e+02 
2026-05-22 13:58:04,133 INFO: [topki..][epoch: 28, iter:  18,540, lr:(8.476e-04,)][eta: 7:13:39, time (data): 0.543 (0.138)]l_bij: 1.0571e+02 l_orth: 1.1284e+02 l_diff: 2.8450e+01 l_align: 8.8373e+01 l_total: 3.3538e+02 
2026-05-22 13:58:14,591 INFO: [topki..][epoch: 28, iter:  18,560, lr:(8.476e-04,)][eta: 7:13:28, time (data): 0.537 (0.135)]l_bij: 8.7404e+01 l_orth: 9.7523e+01 l_diff: 2.5083e+01 l_align: 7.7151e+01 l_total: 2.8716e+02 
2026-05-22 13:58:25,538 INFO: [topki..][epoch: 28, iter:  18,580, lr:(8.476e-04,)][eta: 7:13:18, time (data): 0.539 (0.137)]l_bij: 3.8347e+01 l_orth: 5.7074e+01 l_diff: 2.3301e+01 l_align: 7.2750e+01 l_total: 1.9147e+02 
2026-05-22 13:58:35,829 INFO: [topki..][epoch: 28, iter:  18,600, lr:(8.476e-04,)][eta: 7:13:07, time (data): 0.535 (0.137)]l_bij: 6.5830e+01 l_orth: 7.9181e+01 l_diff: 2.4361e+01 l_align: 7.7575e+01 l_total: 2.4695e+02 
2026-05-22 13:58:46,338 INFO: [topki..][epoch: 28, iter:  18,620, lr:(8.476e-04,)][eta: 7:12:56, time (data): 0.533 (0.137)]l_bij: 7.9898e+01 l_orth: 8.9965e+01 l_diff: 3.2101e+01 l_align: 8.2395e+01 l_total: 2.8436e+02 
2026-05-22 13:58:57,297 INFO: [topki..][epoch: 28, iter:  18,640, lr:(8.476e-04,)][eta: 7:12:46, time (data): 0.535 (0.137)]l_bij: 1.0288e+02 l_orth: 1.0889e+02 l_diff: 3.1655e+01 l_align: 8.8523e+01 l_total: 3.3195e+02 
2026-05-22 13:59:08,102 INFO: [topki..][epoch: 28, iter:  18,660, lr:(8.476e-04,)][eta: 7:12:36, time (data): 0.536 (0.138)]l_bij: 9.6664e+01 l_orth: 1.0436e+02 l_diff: 3.2152e+01 l_align: 8.3800e+01 l_total: 3.1697e+02 
2026-05-22 13:59:18,550 INFO: [topki..][epoch: 28, iter:  18,680, lr:(8.476e-04,)][eta: 7:12:25, time (data): 0.534 (0.137)]l_bij: 6.0978e+01 l_orth: 7.5693e+01 l_diff: 2.4544e+01 l_align: 7.4999e+01 l_total: 2.3621e+02 
2026-05-22 13:59:29,843 INFO: [topki..][epoch: 28, iter:  18,700, lr:(8.476e-04,)][eta: 7:12:16, time (data): 0.600 (0.151)]l_bij: 8.5314e+01 l_orth: 9.3064e+01 l_diff: 2.9675e+01 l_align: 7.3589e+01 l_total: 2.8164e+02 
2026-05-22 13:59:40,727 INFO: [topki..][epoch: 28, iter:  18,720, lr:(8.476e-04,)][eta: 7:12:06, time (data): 0.559 (0.149)]l_bij: 9.9655e+01 l_orth: 1.0601e+02 l_diff: 3.1630e+01 l_align: 8.1128e+01 l_total: 3.1843e+02 
2026-05-22 13:59:51,470 INFO: [topki..][epoch: 28, iter:  18,740, lr:(8.476e-04,)][eta: 7:11:56, time (data): 0.549 (0.147)]l_bij: 9.7287e+01 l_orth: 1.0402e+02 l_diff: 3.1994e+01 l_align: 8.4659e+01 l_total: 3.1796e+02 
2026-05-22 14:00:02,248 INFO: [topki..][epoch: 28, iter:  18,760, lr:(8.476e-04,)][eta: 7:11:46, time (data): 0.546 (0.146)]l_bij: 6.0415e+01 l_orth: 7.5393e+01 l_diff: 2.8782e+01 l_align: 7.1371e+01 l_total: 2.3596e+02 
2026-05-22 14:00:13,301 INFO: [topki..][epoch: 28, iter:  18,780, lr:(8.476e-04,)][eta: 7:11:36, time (data): 0.548 (0.146)]l_bij: 5.8383e+01 l_orth: 7.1381e+01 l_diff: 2.5448e+01 l_align: 7.5004e+01 l_total: 2.3022e+02 
2026-05-22 14:00:24,051 INFO: [topki..][epoch: 28, iter:  18,800, lr:(8.476e-04,)][eta: 7:11:26, time (data): 0.546 (0.145)]l_bij: 5.0172e+01 l_orth: 6.5279e+01 l_diff: 2.3898e+01 l_align: 6.9384e+01 l_total: 2.0873e+02 
2026-05-22 14:00:34,988 INFO: [topki..][epoch: 28, iter:  18,820, lr:(8.476e-04,)][eta: 7:11:16, time (data): 0.546 (0.144)]l_bij: 1.0775e+02 l_orth: 1.1007e+02 l_diff: 3.3661e+01 l_align: 8.0310e+01 l_total: 3.3179e+02 
2026-05-22 14:00:45,663 INFO: [topki..][epoch: 28, iter:  18,840, lr:(8.476e-04,)][eta: 7:11:06, time (data): 0.544 (0.142)]l_bij: 6.1988e+01 l_orth: 7.6958e+01 l_diff: 3.1395e+01 l_align: 7.5811e+01 l_total: 2.4615e+02 
2026-05-22 14:00:56,031 INFO: [topki..][epoch: 28, iter:  18,860, lr:(8.476e-04,)][eta: 7:10:55, time (data): 0.541 (0.142)]l_bij: 9.7139e+01 l_orth: 1.0677e+02 l_diff: 2.8136e+01 l_align: 9.1417e+01 l_total: 3.2346e+02 
2026-05-22 14:01:07,290 INFO: [topki..][epoch: 28, iter:  18,880, lr:(8.476e-04,)][eta: 7:10:46, time (data): 0.543 (0.142)]l_bij: 9.7332e+01 l_orth: 1.0443e+02 l_diff: 3.7039e+01 l_align: 8.4882e+01 l_total: 3.2368e+02 
2026-05-22 14:01:17,565 INFO: [topki..][epoch: 28, iter:  18,900, lr:(8.476e-04,)][eta: 7:10:34, time (data): 0.486 (0.135)]l_bij: 4.8816e+01 l_orth: 6.8645e+01 l_diff: 2.5758e+01 l_align: 7.6074e+01 l_total: 2.1929e+02 
2026-05-22 14:01:27,889 INFO: [topki..][epoch: 28, iter:  18,920, lr:(8.476e-04,)][eta: 7:10:23, time (data): 0.509 (0.132)]l_bij: 6.6184e+01 l_orth: 8.1617e+01 l_diff: 2.7356e+01 l_align: 7.6305e+01 l_total: 2.5146e+02 
2026-05-22 14:01:40,974 INFO: [topki..][epoch: 29, iter:  18,940, lr:(8.368e-04,)][eta: 7:10:19, time (data): 0.572 (0.187)]l_bij: 1.0027e+02 l_orth: 1.0697e+02 l_diff: 3.2540e+01 l_align: 8.2718e+01 l_total: 3.2251e+02 
2026-05-22 14:01:50,972 INFO: [topki..][epoch: 29, iter:  18,960, lr:(8.368e-04,)][eta: 7:10:07, time (data): 0.550 (0.168)]l_bij: 8.4134e+01 l_orth: 9.6494e+01 l_diff: 2.7834e+01 l_align: 8.3293e+01 l_total: 2.9175e+02 
2026-05-22 14:02:01,549 INFO: [topki..][epoch: 29, iter:  18,980, lr:(8.368e-04,)][eta: 7:09:56, time (data): 0.545 (0.161)]l_bij: 7.7523e+01 l_orth: 8.7829e+01 l_diff: 3.0647e+01 l_align: 7.5513e+01 l_total: 2.7151e+02 
2026-05-22 14:02:12,143 INFO: [topki..][epoch: 29, iter:  19,000, lr:(8.368e-04,)][eta: 7:09:45, time (data): 0.542 (0.157)]l_bij: 8.8881e+01 l_orth: 9.9190e+01 l_diff: 2.7447e+01 l_align: 8.4812e+01 l_total: 3.0033e+02 
2026-05-22 14:02:22,981 INFO: [topki..][epoch: 29, iter:  19,020, lr:(8.368e-04,)][eta: 7:09:35, time (data): 0.542 (0.154)]l_bij: 8.7270e+01 l_orth: 9.7905e+01 l_diff: 2.8306e+01 l_align: 8.5114e+01 l_total: 2.9860e+02 
2026-05-22 14:02:34,040 INFO: [topki..][epoch: 29, iter:  19,040, lr:(8.368e-04,)][eta: 7:09:26, time (data): 0.544 (0.152)]l_bij: 9.7147e+01 l_orth: 1.0871e+02 l_diff: 3.0127e+01 l_align: 9.8053e+01 l_total: 3.3404e+02 
2026-05-22 14:02:44,846 INFO: [topki..][epoch: 29, iter:  19,060, lr:(8.368e-04,)][eta: 7:09:16, time (data): 0.543 (0.150)]l_bij: 8.5840e+01 l_orth: 9.2004e+01 l_diff: 3.0185e+01 l_align: 7.2226e+01 l_total: 2.8026e+02 
2026-05-22 14:02:55,755 INFO: [topki..][epoch: 29, iter:  19,080, lr:(8.368e-04,)][eta: 7:09:06, time (data): 0.543 (0.148)]l_bij: 6.0296e+01 l_orth: 7.3750e+01 l_diff: 3.0626e+01 l_align: 7.1815e+01 l_total: 2.3649e+02 
2026-05-22 14:03:05,940 INFO: [topki..][epoch: 29, iter:  19,100, lr:(8.368e-04,)][eta: 7:08:54, time (data): 0.470 (0.115)]l_bij: 7.6854e+01 l_orth: 8.7981e+01 l_diff: 2.7640e+01 l_align: 8.1056e+01 l_total: 2.7353e+02 
2026-05-22 14:03:16,175 INFO: [topki..][epoch: 29, iter:  19,120, lr:(8.368e-04,)][eta: 7:08:42, time (data): 0.503 (0.133)]l_bij: 8.4020e+01 l_orth: 9.7031e+01 l_diff: 3.1143e+01 l_align: 8.4928e+01 l_total: 2.9712e+02 
2026-05-22 14:03:26,860 INFO: [topki..][epoch: 29, iter:  19,140, lr:(8.368e-04,)][eta: 7:08:32, time (data): 0.517 (0.134)]l_bij: 7.5978e+01 l_orth: 8.5516e+01 l_diff: 3.0806e+01 l_align: 7.5692e+01 l_total: 2.6799e+02 
2026-05-22 14:03:37,827 INFO: [topki..][epoch: 29, iter:  19,160, lr:(8.368e-04,)][eta: 7:08:22, time (data): 0.527 (0.135)]l_bij: 9.1764e+01 l_orth: 1.0071e+02 l_diff: 3.3994e+01 l_align: 8.3445e+01 l_total: 3.0991e+02 
2026-05-22 14:03:48,657 INFO: [topki..][epoch: 29, iter:  19,180, lr:(8.368e-04,)][eta: 7:08:12, time (data): 0.530 (0.135)]l_bij: 9.1785e+01 l_orth: 1.0003e+02 l_diff: 2.9202e+01 l_align: 8.7069e+01 l_total: 3.0809e+02 
2026-05-22 14:03:59,642 INFO: [topki..][epoch: 29, iter:  19,200, lr:(8.368e-04,)][eta: 7:08:03, time (data): 0.534 (0.138)]l_bij: 1.0266e+02 l_orth: 1.0773e+02 l_diff: 3.0357e+01 l_align: 8.2673e+01 l_total: 3.2342e+02 
2026-05-22 14:04:10,207 INFO: [topki..][epoch: 29, iter:  19,220, lr:(8.368e-04,)][eta: 7:07:52, time (data): 0.533 (0.137)]l_bij: 9.6562e+01 l_orth: 1.0686e+02 l_diff: 3.2934e+01 l_align: 8.2841e+01 l_total: 3.1919e+02 
2026-05-22 14:04:20,740 INFO: [topki..][epoch: 29, iter:  19,240, lr:(8.368e-04,)][eta: 7:07:41, time (data): 0.532 (0.137)]l_bij: 5.1232e+01 l_orth: 6.7263e+01 l_diff: 1.9974e+01 l_align: 7.1668e+01 l_total: 2.1014e+02 
2026-05-22 14:04:32,300 INFO: [topki..][epoch: 29, iter:  19,260, lr:(8.368e-04,)][eta: 7:07:33, time (data): 0.538 (0.139)]l_bij: 6.6873e+01 l_orth: 7.7095e+01 l_diff: 2.6577e+01 l_align: 6.9293e+01 l_total: 2.3984e+02 
2026-05-22 14:04:44,109 INFO: [topki..][epoch: 29, iter:  19,280, lr:(8.368e-04,)][eta: 7:07:25, time (data): 0.543 (0.141)]l_bij: 1.1151e+02 l_orth: 1.1419e+02 l_diff: 2.9998e+01 l_align: 8.2184e+01 l_total: 3.3788e+02 
2026-05-22 14:04:55,875 INFO: [topki..][epoch: 29, iter:  19,300, lr:(8.368e-04,)][eta: 7:07:17, time (data): 0.604 (0.167)]l_bij: 9.0605e+01 l_orth: 9.8606e+01 l_diff: 3.5107e+01 l_align: 8.2367e+01 l_total: 3.0668e+02 
2026-05-22 14:05:07,207 INFO: [topki..][epoch: 29, iter:  19,320, lr:(8.368e-04,)][eta: 7:07:09, time (data): 0.573 (0.151)]l_bij: 7.4008e+01 l_orth: 8.7157e+01 l_diff: 2.8628e+01 l_align: 8.4716e+01 l_total: 2.7451e+02 
2026-05-22 14:05:18,278 INFO: [topki..][epoch: 29, iter:  19,340, lr:(8.368e-04,)][eta: 7:06:59, time (data): 0.564 (0.147)]l_bij: 7.2333e+01 l_orth: 8.1885e+01 l_diff: 2.4180e+01 l_align: 7.1275e+01 l_total: 2.4967e+02 
2026-05-22 14:05:29,246 INFO: [topki..][epoch: 29, iter:  19,360, lr:(8.368e-04,)][eta: 7:06:49, time (data): 0.559 (0.144)]l_bij: 1.0483e+02 l_orth: 1.1013e+02 l_diff: 3.3464e+01 l_align: 8.9646e+01 l_total: 3.3807e+02 
2026-05-22 14:05:40,210 INFO: [topki..][epoch: 29, iter:  19,380, lr:(8.368e-04,)][eta: 7:06:40, time (data): 0.556 (0.144)]l_bij: 6.8327e+01 l_orth: 7.7995e+01 l_diff: 2.7882e+01 l_align: 7.2836e+01 l_total: 2.4704e+02 
2026-05-22 14:05:50,728 INFO: [topki..][epoch: 29, iter:  19,400, lr:(8.368e-04,)][eta: 7:06:29, time (data): 0.551 (0.144)]l_bij: 8.3760e+01 l_orth: 9.4325e+01 l_diff: 3.1094e+01 l_align: 8.5156e+01 l_total: 2.9433e+02 
2026-05-22 14:06:00,927 INFO: [topki..][epoch: 29, iter:  19,420, lr:(8.368e-04,)][eta: 7:06:17, time (data): 0.544 (0.142)]l_bij: 9.8251e+01 l_orth: 1.0448e+02 l_diff: 3.3156e+01 l_align: 8.1363e+01 l_total: 3.1725e+02 
2026-05-22 14:06:10,919 INFO: [topki..][epoch: 29, iter:  19,440, lr:(8.368e-04,)][eta: 7:06:05, time (data): 0.538 (0.141)]l_bij: 8.7026e+01 l_orth: 9.3760e+01 l_diff: 2.7548e+01 l_align: 7.6111e+01 l_total: 2.8445e+02 
2026-05-22 14:06:22,050 INFO: [topki..][epoch: 29, iter:  19,460, lr:(8.368e-04,)][eta: 7:05:56, time (data): 0.540 (0.141)]l_bij: 8.8587e+01 l_orth: 9.6307e+01 l_diff: 2.9613e+01 l_align: 7.9511e+01 l_total: 2.9402e+02 
2026-05-22 14:06:32,282 INFO: [topki..][epoch: 29, iter:  19,480, lr:(8.368e-04,)][eta: 7:05:44, time (data): 0.537 (0.140)]l_bij: 6.7122e+01 l_orth: 7.8473e+01 l_diff: 2.3595e+01 l_align: 7.1374e+01 l_total: 2.4056e+02 
2026-05-22 14:06:42,887 INFO: [topki..][epoch: 29, iter:  19,500, lr:(8.368e-04,)][eta: 7:05:33, time (data): 0.511 (0.139)]l_bij: 8.0182e+01 l_orth: 8.9858e+01 l_diff: 3.1592e+01 l_align: 7.3171e+01 l_total: 2.7480e+02 
2026-05-22 14:06:53,606 INFO: [topki..][epoch: 29, iter:  19,520, lr:(8.368e-04,)][eta: 7:05:23, time (data): 0.533 (0.144)]l_bij: 5.3806e+01 l_orth: 7.0773e+01 l_diff: 2.6638e+01 l_align: 7.4001e+01 l_total: 2.2522e+02 
2026-05-22 14:07:04,426 INFO: [topki..][epoch: 29, iter:  19,540, lr:(8.368e-04,)][eta: 7:05:13, time (data): 0.536 (0.148)]l_bij: 8.1480e+01 l_orth: 9.1511e+01 l_diff: 2.8233e+01 l_align: 7.6145e+01 l_total: 2.7737e+02 
2026-05-22 14:07:13,830 INFO: [topki..][epoch: 29, iter:  19,560, lr:(8.368e-04,)][eta: 7:04:59, time (data): 0.515 (0.141)]l_bij: 7.8039e+01 l_orth: 9.0076e+01 l_diff: 2.2495e+01 l_align: 8.0963e+01 l_total: 2.7157e+02 
2026-05-22 14:07:23,168 INFO: [topki..][epoch: 29, iter:  19,580, lr:(8.368e-04,)][eta: 7:04:46, time (data): 0.504 (0.137)]l_bij: 8.1529e+01 l_orth: 8.9798e+01 l_diff: 2.8659e+01 l_align: 7.3130e+01 l_total: 2.7312e+02 
2026-05-22 14:07:32,914 INFO: [topki..][epoch: 29, iter:  19,600, lr:(8.368e-04,)][eta: 7:04:33, time (data): 0.501 (0.135)]l_bij: 1.0305e+02 l_orth: 1.0868e+02 l_diff: 3.2337e+01 l_align: 8.8754e+01 l_total: 3.3282e+02 
2026-05-22 14:07:43,405 INFO: [topki..][epoch: 30, iter:  19,620, lr:(8.258e-04,)][eta: 7:04:22, time (data): 0.504 (0.145)]l_bij: 6.1770e+01 l_orth: 8.0190e+01 l_diff: 3.3410e+01 l_align: 7.8874e+01 l_total: 2.5424e+02 
2026-05-22 14:07:52,141 INFO: [topki..][epoch: 30, iter:  19,640, lr:(8.258e-04,)][eta: 7:04:07, time (data): 0.495 (0.140)]l_bij: 7.4065e+01 l_orth: 8.3818e+01 l_diff: 3.0933e+01 l_align: 7.2124e+01 l_total: 2.6094e+02 
2026-05-22 14:08:01,667 INFO: [topki..][epoch: 30, iter:  19,660, lr:(8.258e-04,)][eta: 7:03:53, time (data): 0.493 (0.138)]l_bij: 9.2175e+01 l_orth: 1.0518e+02 l_diff: 3.4072e+01 l_align: 9.8234e+01 l_total: 3.2966e+02 
2026-05-22 14:08:10,664 INFO: [topki..][epoch: 30, iter:  19,680, lr:(8.258e-04,)][eta: 7:03:39, time (data): 0.488 (0.135)]l_bij: 7.7400e+01 l_orth: 8.8135e+01 l_diff: 3.0017e+01 l_align: 7.7076e+01 l_total: 2.7263e+02 
2026-05-22 14:08:19,492 INFO: [topki..][epoch: 30, iter:  19,700, lr:(8.258e-04,)][eta: 7:03:24, time (data): 0.462 (0.084)]l_bij: 9.0574e+01 l_orth: 1.0008e+02 l_diff: 3.2139e+01 l_align: 8.2596e+01 l_total: 3.0539e+02 
2026-05-22 14:08:28,673 INFO: [topki..][epoch: 30, iter:  19,720, lr:(8.258e-04,)][eta: 7:03:10, time (data): 0.459 (0.117)]l_bij: 7.9924e+01 l_orth: 8.9873e+01 l_diff: 2.5250e+01 l_align: 7.8879e+01 l_total: 2.7393e+02 
2026-05-22 14:08:38,099 INFO: [topki..][epoch: 30, iter:  19,740, lr:(8.258e-04,)][eta: 7:02:56, time (data): 0.465 (0.121)]l_bij: 6.7311e+01 l_orth: 8.0455e+01 l_diff: 2.2804e+01 l_align: 7.7876e+01 l_total: 2.4845e+02 
2026-05-22 14:08:47,544 INFO: [topki..][epoch: 30, iter:  19,760, lr:(8.258e-04,)][eta: 7:02:43, time (data): 0.467 (0.123)]l_bij: 8.7944e+01 l_orth: 9.8477e+01 l_diff: 2.9558e+01 l_align: 8.3576e+01 l_total: 2.9955e+02 
2026-05-22 14:08:57,134 INFO: [topki..][epoch: 30, iter:  19,780, lr:(8.258e-04,)][eta: 7:02:30, time (data): 0.470 (0.124)]l_bij: 1.5764e+00 l_orth: 3.3052e+01 l_diff: 2.4733e+01 l_align: 8.6963e+01 l_total: 1.4632e+02 
2026-05-22 14:09:05,821 INFO: [topki..][epoch: 30, iter:  19,800, lr:(8.258e-04,)][eta: 7:02:15, time (data): 0.463 (0.122)]l_bij: 1.0967e+02 l_orth: 1.1477e+02 l_diff: 2.9044e+01 l_align: 8.5795e+01 l_total: 3.3928e+02 
2026-05-22 14:09:15,510 INFO: [topki..][epoch: 30, iter:  19,820, lr:(8.258e-04,)][eta: 7:02:02, time (data): 0.467 (0.124)]l_bij: 1.0835e+02 l_orth: 1.1482e+02 l_diff: 3.0808e+01 l_align: 9.3440e+01 l_total: 3.4742e+02 
2026-05-22 14:09:25,249 INFO: [topki..][epoch: 30, iter:  19,840, lr:(8.258e-04,)][eta: 7:01:49, time (data): 0.470 (0.125)]l_bij: 7.1869e+01 l_orth: 8.6879e+01 l_diff: 2.7518e+01 l_align: 7.9892e+01 l_total: 2.6616e+02 
2026-05-22 14:09:34,626 INFO: [topki..][epoch: 30, iter:  19,860, lr:(8.258e-04,)][eta: 7:01:36, time (data): 0.469 (0.125)]l_bij: 8.4550e+01 l_orth: 9.4335e+01 l_diff: 2.5685e+01 l_align: 8.3917e+01 l_total: 2.8849e+02 
2026-05-22 14:09:44,367 INFO: [topki..][epoch: 30, iter:  19,880, lr:(8.258e-04,)][eta: 7:01:23, time (data): 0.471 (0.125)]l_bij: 7.8228e+01 l_orth: 8.6671e+01 l_diff: 3.0459e+01 l_align: 7.0770e+01 l_total: 2.6613e+02 
2026-05-22 14:09:54,163 INFO: [topki..][epoch: 30, iter:  19,900, lr:(8.258e-04,)][eta: 7:01:11, time (data): 0.497 (0.118)]l_bij: 7.4012e+01 l_orth: 8.2347e+01 l_diff: 2.5444e+01 l_align: 6.7144e+01 l_total: 2.4895e+02 
2026-05-22 14:10:04,195 INFO: [topki..][epoch: 30, iter:  19,920, lr:(8.258e-04,)][eta: 7:00:59, time (data): 0.501 (0.133)]l_bij: 7.0345e+01 l_orth: 8.0857e+01 l_diff: 2.5493e+01 l_align: 6.7117e+01 l_total: 2.4381e+02 
2026-05-22 14:10:13,877 INFO: [topki..][epoch: 30, iter:  19,940, lr:(8.258e-04,)][eta: 7:00:46, time (data): 0.493 (0.132)]l_bij: 1.0749e+02 l_orth: 1.1158e+02 l_diff: 3.5730e+01 l_align: 8.7868e+01 l_total: 3.4267e+02 
2026-05-22 14:10:23,270 INFO: [topki..][epoch: 30, iter:  19,960, lr:(8.258e-04,)][eta: 7:00:32, time (data): 0.485 (0.130)]l_bij: 7.6930e+01 l_orth: 8.8313e+01 l_diff: 2.7603e+01 l_align: 7.6092e+01 l_total: 2.6894e+02 
2026-05-22 14:10:32,634 INFO: [topki..][epoch: 30, iter:  19,980, lr:(8.258e-04,)][eta: 7:00:19, time (data): 0.481 (0.128)]l_bij: 9.8967e+01 l_orth: 1.0400e+02 l_diff: 2.8874e+01 l_align: 8.4656e+01 l_total: 3.1649e+02 
2026-05-22 14:10:42,773 INFO: [topki..][epoch: 30, iter:  20,000, lr:(8.258e-04,)][eta: 7:00:07, time (data): 0.486 (0.128)]l_bij: 6.1287e+01 l_orth: 7.4957e+01 l_diff: 2.7516e+01 l_align: 7.1104e+01 l_total: 2.3486e+02 
2026-05-22 14:10:42,774 INFO: Saving models and training states.
2026-05-22 14:10:42,797 INFO: Start validation.
2026-05-22 14:11:47,892 INFO: Avg time: 0.1016
2026-05-22 14:11:47,983 INFO: Val auc: 0.6913
2026-05-22 14:11:47,988 INFO: Val avg error: 0.0598
2026-05-22 14:11:57,628 INFO: [topki..][epoch: 30, iter:  20,020, lr:(8.258e-04,)][eta: 7:02:29, time (data): 0.483 (0.128)]l_bij: 6.8573e+01 l_orth: 8.0466e+01 l_diff: 3.0179e+01 l_align: 7.4909e+01 l_total: 2.5413e+02 
2026-05-22 14:12:07,216 INFO: [topki..][epoch: 30, iter:  20,040, lr:(8.258e-04,)][eta: 7:02:16, time (data): 0.483 (0.127)]l_bij: 7.7292e+01 l_orth: 8.8004e+01 l_diff: 2.6477e+01 l_align: 7.5828e+01 l_total: 2.6760e+02 
2026-05-22 14:12:16,423 INFO: [topki..][epoch: 30, iter:  20,060, lr:(8.258e-04,)][eta: 7:02:02, time (data): 0.480 (0.127)]l_bij: 7.0512e+01 l_orth: 8.1346e+01 l_diff: 2.5132e+01 l_align: 7.2634e+01 l_total: 2.4962e+02 
2026-05-22 14:12:26,169 INFO: [topki..][epoch: 30, iter:  20,080, lr:(8.258e-04,)][eta: 7:01:49, time (data): 0.481 (0.128)]l_bij: 8.5487e+01 l_orth: 9.2835e+01 l_diff: 2.8345e+01 l_align: 7.4688e+01 l_total: 2.8135e+02 
2026-05-22 14:12:36,127 INFO: [topki..][epoch: 30, iter:  20,100, lr:(8.258e-04,)][eta: 7:01:37, time (data): 0.482 (0.129)]l_bij: 1.0635e+02 l_orth: 1.1295e+02 l_diff: 3.5055e+01 l_align: 8.8688e+01 l_total: 3.4304e+02 
2026-05-22 14:12:46,337 INFO: [topki..][epoch: 30, iter:  20,120, lr:(8.258e-04,)][eta: 7:01:25, time (data): 0.510 (0.138)]l_bij: 9.5598e+01 l_orth: 1.0392e+02 l_diff: 3.4460e+01 l_align: 8.6492e+01 l_total: 3.2047e+02 
2026-05-22 14:12:55,853 INFO: [topki..][epoch: 30, iter:  20,140, lr:(8.258e-04,)][eta: 7:01:12, time (data): 0.493 (0.133)]l_bij: 8.9200e+01 l_orth: 9.7556e+01 l_diff: 2.5901e+01 l_align: 8.1753e+01 l_total: 2.9441e+02 
2026-05-22 14:13:05,424 INFO: [topki..][epoch: 30, iter:  20,160, lr:(8.258e-04,)][eta: 7:00:59, time (data): 0.488 (0.130)]l_bij: 8.3608e+01 l_orth: 9.2882e+01 l_diff: 2.8805e+01 l_align: 7.8932e+01 l_total: 2.8423e+02 
2026-05-22 14:13:15,749 INFO: [topki..][epoch: 30, iter:  20,180, lr:(8.258e-04,)][eta: 7:00:47, time (data): 0.495 (0.133)]l_bij: 6.0345e+01 l_orth: 7.4398e+01 l_diff: 2.8009e+01 l_align: 6.8174e+01 l_total: 2.3093e+02 
2026-05-22 14:13:26,054 INFO: [topki..][epoch: 30, iter:  20,200, lr:(8.258e-04,)][eta: 7:00:36, time (data): 0.499 (0.134)]l_bij: 6.2590e+01 l_orth: 7.6802e+01 l_diff: 2.7212e+01 l_align: 7.8043e+01 l_total: 2.4465e+02 
2026-05-22 14:13:36,041 INFO: [topki..][epoch: 30, iter:  20,220, lr:(8.258e-04,)][eta: 7:00:24, time (data): 0.499 (0.134)]l_bij: 9.4992e+01 l_orth: 1.0229e+02 l_diff: 2.8141e+01 l_align: 7.9143e+01 l_total: 3.0457e+02 
2026-05-22 14:13:44,643 INFO: [topki..][epoch: 30, iter:  20,240, lr:(8.258e-04,)][eta: 7:00:08, time (data): 0.489 (0.131)]l_bij: 7.8242e+01 l_orth: 8.5971e+01 l_diff: 2.3951e+01 l_align: 7.0453e+01 l_total: 2.5862e+02 
2026-05-22 14:13:54,532 INFO: [topki..][epoch: 30, iter:  20,260, lr:(8.258e-04,)][eta: 6:59:56, time (data): 0.490 (0.131)]l_bij: 8.9478e+01 l_orth: 9.6641e+01 l_diff: 2.5112e+01 l_align: 8.0087e+01 l_total: 2.9132e+02 
2026-05-22 14:14:04,663 INFO: [topki..][epoch: 30, iter:  20,280, lr:(8.258e-04,)][eta: 6:59:44, time (data): 0.492 (0.131)]l_bij: 7.5399e+01 l_orth: 8.8665e+01 l_diff: 2.5932e+01 l_align: 8.2171e+01 l_total: 2.7217e+02 
2026-05-22 14:14:16,567 INFO: [topki..][epoch: 31, iter:  20,300, lr:(8.145e-04,)][eta: 6:59:36, time (data): 0.502 (0.140)]l_bij: 3.8543e+01 l_orth: 5.5711e+01 l_diff: 2.5962e+01 l_align: 7.0996e+01 l_total: 1.9121e+02 
2026-05-22 14:14:26,114 INFO: [topki..][epoch: 31, iter:  20,320, lr:(8.145e-04,)][eta: 6:59:23, time (data): 0.474 (0.118)]l_bij: 5.9642e+01 l_orth: 7.3833e+01 l_diff: 2.7648e+01 l_align: 7.2293e+01 l_total: 2.3342e+02 
2026-05-22 14:14:35,508 INFO: [topki..][epoch: 31, iter:  20,340, lr:(8.145e-04,)][eta: 6:59:09, time (data): 0.472 (0.123)]l_bij: 6.2883e+01 l_orth: 7.4269e+01 l_diff: 3.2122e+01 l_align: 7.1473e+01 l_total: 2.4075e+02 
2026-05-22 14:14:44,928 INFO: [topki..][epoch: 31, iter:  20,360, lr:(8.145e-04,)][eta: 6:58:56, time (data): 0.471 (0.125)]l_bij: 8.7849e+01 l_orth: 9.5828e+01 l_diff: 2.7738e+01 l_align: 8.0241e+01 l_total: 2.9166e+02 
2026-05-22 14:14:54,670 INFO: [topki..][epoch: 31, iter:  20,380, lr:(8.145e-04,)][eta: 6:58:43, time (data): 0.475 (0.127)]l_bij: 8.9413e+01 l_orth: 9.8120e+01 l_diff: 3.6842e+01 l_align: 8.1457e+01 l_total: 3.0583e+02 
2026-05-22 14:15:04,156 INFO: [topki..][epoch: 31, iter:  20,400, lr:(8.145e-04,)][eta: 6:58:30, time (data): 0.475 (0.127)]l_bij: 2.5425e+00 l_orth: 3.6320e+01 l_diff: 2.4332e+01 l_align: 9.2207e+01 l_total: 1.5540e+02 
2026-05-22 14:15:13,308 INFO: [topki..][epoch: 31, iter:  20,420, lr:(8.145e-04,)][eta: 6:58:16, time (data): 0.472 (0.126)]l_bij: 7.9025e+01 l_orth: 8.7353e+01 l_diff: 2.6984e+01 l_align: 7.0512e+01 l_total: 2.6387e+02 
2026-05-22 14:15:22,988 INFO: [topki..][epoch: 31, iter:  20,440, lr:(8.145e-04,)][eta: 6:58:03, time (data): 0.474 (0.126)]l_bij: 4.8514e+01 l_orth: 6.5792e+01 l_diff: 2.5208e+01 l_align: 7.4502e+01 l_total: 2.1402e+02 
2026-05-22 14:15:32,974 INFO: [topki..][epoch: 31, iter:  20,460, lr:(8.145e-04,)][eta: 6:57:51, time (data): 0.477 (0.126)]l_bij: 8.9584e+01 l_orth: 1.0075e+02 l_diff: 2.5130e+01 l_align: 8.9333e+01 l_total: 3.0480e+02 
2026-05-22 14:15:42,560 INFO: [topki..][epoch: 31, iter:  20,480, lr:(8.145e-04,)][eta: 6:57:38, time (data): 0.477 (0.126)]l_bij: 6.4133e+01 l_orth: 7.7672e+01 l_diff: 3.1117e+01 l_align: 7.4683e+01 l_total: 2.4760e+02 
2026-05-22 14:15:52,728 INFO: [topki..][epoch: 31, iter:  20,500, lr:(8.145e-04,)][eta: 6:57:26, time (data): 0.480 (0.126)]l_bij: 7.7047e+01 l_orth: 8.9532e+01 l_diff: 3.4993e+01 l_align: 8.0145e+01 l_total: 2.8172e+02 
2026-05-22 14:16:02,479 INFO: [topki..][epoch: 31, iter:  20,520, lr:(8.145e-04,)][eta: 6:57:13, time (data): 0.489 (0.130)]l_bij: 8.0504e+01 l_orth: 9.0710e+01 l_diff: 2.6834e+01 l_align: 8.0559e+01 l_total: 2.7861e+02 
2026-05-22 14:16:12,213 INFO: [topki..][epoch: 31, iter:  20,540, lr:(8.145e-04,)][eta: 6:57:01, time (data): 0.488 (0.132)]l_bij: 7.4255e+01 l_orth: 8.6804e+01 l_diff: 3.2301e+01 l_align: 7.7664e+01 l_total: 2.7102e+02 
2026-05-22 14:16:21,716 INFO: [topki..][epoch: 31, iter:  20,560, lr:(8.145e-04,)][eta: 6:56:48, time (data): 0.483 (0.131)]l_bij: 9.4035e+01 l_orth: 1.0249e+02 l_diff: 3.3661e+01 l_align: 8.9768e+01 l_total: 3.1995e+02 
2026-05-22 14:16:31,284 INFO: [topki..][epoch: 31, iter:  20,580, lr:(8.145e-04,)][eta: 6:56:34, time (data): 0.482 (0.130)]l_bij: 7.5996e+01 l_orth: 8.6458e+01 l_diff: 2.8623e+01 l_align: 7.4699e+01 l_total: 2.6578e+02 
2026-05-22 14:16:41,320 INFO: [topki..][epoch: 31, iter:  20,600, lr:(8.145e-04,)][eta: 6:56:22, time (data): 0.486 (0.130)]l_bij: 6.9073e+01 l_orth: 7.9559e+01 l_diff: 2.7814e+01 l_align: 7.3057e+01 l_total: 2.4950e+02 
2026-05-22 14:16:50,598 INFO: [topki..][epoch: 31, iter:  20,620, lr:(8.145e-04,)][eta: 6:56:09, time (data): 0.482 (0.129)]l_bij: 7.6792e+01 l_orth: 8.8782e+01 l_diff: 2.5891e+01 l_align: 7.6575e+01 l_total: 2.6804e+02 
2026-05-22 14:17:00,558 INFO: [topki..][epoch: 31, iter:  20,640, lr:(8.145e-04,)][eta: 6:55:57, time (data): 0.485 (0.129)]l_bij: 7.5923e+01 l_orth: 8.6406e+01 l_diff: 2.5959e+01 l_align: 7.4588e+01 l_total: 2.6288e+02 
2026-05-22 14:17:10,304 INFO: [topki..][epoch: 31, iter:  20,660, lr:(8.145e-04,)][eta: 6:55:44, time (data): 0.485 (0.129)]l_bij: 7.7236e+01 l_orth: 8.7683e+01 l_diff: 2.7922e+01 l_align: 7.9178e+01 l_total: 2.7202e+02 
2026-05-22 14:17:19,712 INFO: [topki..][epoch: 31, iter:  20,680, lr:(8.145e-04,)][eta: 6:55:31, time (data): 0.483 (0.128)]l_bij: 7.1762e+01 l_orth: 8.2353e+01 l_diff: 2.6523e+01 l_align: 7.3247e+01 l_total: 2.5388e+02 
2026-05-22 14:17:29,255 INFO: [topki..][epoch: 31, iter:  20,700, lr:(8.145e-04,)][eta: 6:55:17, time (data): 0.483 (0.128)]l_bij: 6.6210e+01 l_orth: 7.7204e+01 l_diff: 2.8372e+01 l_align: 7.2052e+01 l_total: 2.4384e+02 
2026-05-22 14:17:38,607 INFO: [topki..][epoch: 31, iter:  20,720, lr:(8.145e-04,)][eta: 6:55:04, time (data): 0.463 (0.127)]l_bij: 5.5600e+01 l_orth: 7.0473e+01 l_diff: 2.8871e+01 l_align: 7.2712e+01 l_total: 2.2766e+02 
2026-05-22 14:17:48,528 INFO: [topki..][epoch: 31, iter:  20,740, lr:(8.145e-04,)][eta: 6:54:52, time (data): 0.481 (0.131)]l_bij: 8.7840e+01 l_orth: 9.7584e+01 l_diff: 2.7027e+01 l_align: 8.4262e+01 l_total: 2.9671e+02 
2026-05-22 14:17:58,026 INFO: [topki..][epoch: 31, iter:  20,760, lr:(8.145e-04,)][eta: 6:54:39, time (data): 0.479 (0.129)]l_bij: 1.0620e+02 l_orth: 1.1160e+02 l_diff: 3.3827e+01 l_align: 8.6261e+01 l_total: 3.3789e+02 
2026-05-22 14:18:07,738 INFO: [topki..][epoch: 31, iter:  20,780, lr:(8.145e-04,)][eta: 6:54:26, time (data): 0.481 (0.129)]l_bij: 6.6604e+01 l_orth: 7.8442e+01 l_diff: 2.5193e+01 l_align: 7.2589e+01 l_total: 2.4283e+02 
2026-05-22 14:18:17,395 INFO: [topki..][epoch: 31, iter:  20,800, lr:(8.145e-04,)][eta: 6:54:13, time (data): 0.481 (0.131)]l_bij: 9.4329e+01 l_orth: 1.0562e+02 l_diff: 3.2289e+01 l_align: 9.6499e+01 l_total: 3.2874e+02 
2026-05-22 14:18:26,635 INFO: [topki..][epoch: 31, iter:  20,820, lr:(8.145e-04,)][eta: 6:53:59, time (data): 0.478 (0.128)]l_bij: 6.2326e+01 l_orth: 7.2889e+01 l_diff: 2.5458e+01 l_align: 6.9486e+01 l_total: 2.3016e+02 
2026-05-22 14:18:36,528 INFO: [topki..][epoch: 31, iter:  20,840, lr:(8.145e-04,)][eta: 6:53:47, time (data): 0.480 (0.129)]l_bij: 5.2924e+01 l_orth: 6.8145e+01 l_diff: 2.7153e+01 l_align: 7.0977e+01 l_total: 2.1920e+02 
2026-05-22 14:18:46,254 INFO: [topki..][epoch: 31, iter:  20,860, lr:(8.145e-04,)][eta: 6:53:35, time (data): 0.481 (0.129)]l_bij: 7.7208e+01 l_orth: 8.8253e+01 l_diff: 2.7686e+01 l_align: 7.7157e+01 l_total: 2.7030e+02 
2026-05-22 14:18:56,191 INFO: [topki..][epoch: 31, iter:  20,880, lr:(8.145e-04,)][eta: 6:53:22, time (data): 0.483 (0.129)]l_bij: 6.7470e+01 l_orth: 7.9690e+01 l_diff: 2.7412e+01 l_align: 7.4136e+01 l_total: 2.4871e+02 
2026-05-22 14:19:05,533 INFO: [topki..][epoch: 31, iter:  20,900, lr:(8.145e-04,)][eta: 6:53:09, time (data): 0.481 (0.129)]l_bij: 9.3524e+01 l_orth: 1.0335e+02 l_diff: 3.1070e+01 l_align: 8.5792e+01 l_total: 3.1373e+02 
2026-05-22 14:19:15,690 INFO: [topki..][epoch: 31, iter:  20,920, lr:(8.145e-04,)][eta: 6:52:57, time (data): 0.504 (0.128)]l_bij: 6.5773e+01 l_orth: 7.7537e+01 l_diff: 2.9674e+01 l_align: 7.4811e+01 l_total: 2.4779e+02 
2026-05-22 14:19:25,501 INFO: [topki..][epoch: 31, iter:  20,940, lr:(8.145e-04,)][eta: 6:52:45, time (data): 0.496 (0.127)]l_bij: 8.9715e+01 l_orth: 9.9958e+01 l_diff: 3.0194e+01 l_align: 8.6265e+01 l_total: 3.0613e+02 
2026-05-22 14:19:36,951 INFO: [topki..][epoch: 32, iter:  20,960, lr:(8.029e-04,)][eta: 6:52:36, time (data): 0.524 (0.157)]l_bij: 9.2012e+01 l_orth: 9.9695e+01 l_diff: 2.9841e+01 l_align: 7.7989e+01 l_total: 2.9954e+02 
2026-05-22 14:19:45,848 INFO: [topki..][epoch: 32, iter:  20,980, lr:(8.029e-04,)][eta: 6:52:22, time (data): 0.503 (0.144)]l_bij: 9.6364e+01 l_orth: 1.0672e+02 l_diff: 3.5837e+01 l_align: 8.8163e+01 l_total: 3.2709e+02 
2026-05-22 14:19:55,443 INFO: [topki..][epoch: 32, iter:  21,000, lr:(8.029e-04,)][eta: 6:52:09, time (data): 0.498 (0.139)]l_bij: 5.9394e+01 l_orth: 7.5143e+01 l_diff: 2.6849e+01 l_align: 7.2477e+01 l_total: 2.3386e+02 
2026-05-22 14:20:04,908 INFO: [topki..][epoch: 32, iter:  21,020, lr:(8.029e-04,)][eta: 6:51:56, time (data): 0.494 (0.137)]l_bij: 7.4007e+01 l_orth: 8.6094e+01 l_diff: 2.1255e+01 l_align: 7.7112e+01 l_total: 2.5847e+02 
2026-05-22 14:20:14,294 INFO: [topki..][epoch: 32, iter:  21,040, lr:(8.029e-04,)][eta: 6:51:42, time (data): 0.490 (0.136)]l_bij: 7.0580e+01 l_orth: 8.1290e+01 l_diff: 2.5978e+01 l_align: 7.2443e+01 l_total: 2.5029e+02 
2026-05-22 14:20:23,691 INFO: [topki..][epoch: 32, iter:  21,060, lr:(8.029e-04,)][eta: 6:51:29, time (data): 0.488 (0.134)]l_bij: 5.3763e+01 l_orth: 7.2838e+01 l_diff: 2.7767e+01 l_align: 7.8822e+01 l_total: 2.3319e+02 
2026-05-22 14:20:33,144 INFO: [topki..][epoch: 32, iter:  21,080, lr:(8.029e-04,)][eta: 6:51:16, time (data): 0.486 (0.134)]l_bij: 6.8013e+01 l_orth: 8.1350e+01 l_diff: 2.3884e+01 l_align: 7.6994e+01 l_total: 2.5024e+02 
2026-05-22 14:20:42,763 INFO: [topki..][epoch: 32, iter:  21,100, lr:(8.029e-04,)][eta: 6:51:03, time (data): 0.485 (0.133)]l_bij: 6.3264e+01 l_orth: 7.6884e+01 l_diff: 2.7139e+01 l_align: 7.4225e+01 l_total: 2.4151e+02 
2026-05-22 14:20:52,480 INFO: [topki..][epoch: 32, iter:  21,120, lr:(8.029e-04,)][eta: 6:50:50, time (data): 0.477 (0.130)]l_bij: 7.0462e+01 l_orth: 8.0517e+01 l_diff: 2.9659e+01 l_align: 7.1429e+01 l_total: 2.5207e+02 
2026-05-22 14:21:01,923 INFO: [topki..][epoch: 32, iter:  21,140, lr:(8.029e-04,)][eta: 6:50:37, time (data): 0.474 (0.128)]l_bij: 6.4472e+01 l_orth: 7.7706e+01 l_diff: 2.4675e+01 l_align: 7.0393e+01 l_total: 2.3725e+02 
2026-05-22 14:21:11,351 INFO: [topki..][epoch: 32, iter:  21,160, lr:(8.029e-04,)][eta: 6:50:24, time (data): 0.473 (0.128)]l_bij: 7.8374e+01 l_orth: 8.8768e+01 l_diff: 3.3588e+01 l_align: 7.6263e+01 l_total: 2.7699e+02 
2026-05-22 14:21:21,102 INFO: [topki..][epoch: 32, iter:  21,180, lr:(8.029e-04,)][eta: 6:50:12, time (data): 0.477 (0.129)]l_bij: 9.4328e+01 l_orth: 1.0274e+02 l_diff: 3.0270e+01 l_align: 9.0765e+01 l_total: 3.1810e+02 
2026-05-22 14:21:31,036 INFO: [topki..][epoch: 32, iter:  21,200, lr:(8.029e-04,)][eta: 6:50:00, time (data): 0.481 (0.129)]l_bij: 7.1043e+01 l_orth: 8.0326e+01 l_diff: 2.6016e+01 l_align: 6.9046e+01 l_total: 2.4643e+02 
2026-05-22 14:21:40,536 INFO: [topki..][epoch: 32, iter:  21,220, lr:(8.029e-04,)][eta: 6:49:47, time (data): 0.480 (0.128)]l_bij: 8.1375e+01 l_orth: 9.0244e+01 l_diff: 2.9263e+01 l_align: 7.3557e+01 l_total: 2.7444e+02 
2026-05-22 14:21:50,272 INFO: [topki..][epoch: 32, iter:  21,240, lr:(8.029e-04,)][eta: 6:49:34, time (data): 0.481 (0.128)]l_bij: 6.8569e+01 l_orth: 7.9019e+01 l_diff: 2.6672e+01 l_align: 6.9694e+01 l_total: 2.4395e+02 
2026-05-22 14:21:59,982 INFO: [topki..][epoch: 32, iter:  21,260, lr:(8.029e-04,)][eta: 6:49:22, time (data): 0.482 (0.129)]l_bij: 7.7389e+01 l_orth: 8.6979e+01 l_diff: 2.5980e+01 l_align: 7.6724e+01 l_total: 2.6707e+02 
2026-05-22 14:22:09,841 INFO: [topki..][epoch: 32, iter:  21,280, lr:(8.029e-04,)][eta: 6:49:09, time (data): 0.483 (0.129)]l_bij: 1.0031e+02 l_orth: 1.0600e+02 l_diff: 2.8388e+01 l_align: 8.7186e+01 l_total: 3.2188e+02 
2026-05-22 14:22:19,316 INFO: [topki..][epoch: 32, iter:  21,300, lr:(8.029e-04,)][eta: 6:48:56, time (data): 0.482 (0.129)]l_bij: 7.1878e+01 l_orth: 8.5138e+01 l_diff: 3.0013e+01 l_align: 7.6954e+01 l_total: 2.6398e+02 
2026-05-22 14:22:28,935 INFO: [topki..][epoch: 32, iter:  21,320, lr:(8.029e-04,)][eta: 6:48:44, time (data): 0.471 (0.123)]l_bij: 5.8099e+01 l_orth: 7.3015e+01 l_diff: 2.6660e+01 l_align: 7.1661e+01 l_total: 2.2944e+02 
2026-05-22 14:22:38,394 INFO: [topki..][epoch: 32, iter:  21,340, lr:(8.029e-04,)][eta: 6:48:30, time (data): 0.472 (0.124)]l_bij: 8.2660e+01 l_orth: 9.2901e+01 l_diff: 3.5499e+01 l_align: 8.0254e+01 l_total: 2.9131e+02 
2026-05-22 14:22:47,401 INFO: [topki..][epoch: 32, iter:  21,360, lr:(8.029e-04,)][eta: 6:48:16, time (data): 0.464 (0.118)]l_bij: 7.1407e+01 l_orth: 8.2606e+01 l_diff: 2.9155e+01 l_align: 7.6924e+01 l_total: 2.6009e+02 
2026-05-22 14:22:56,714 INFO: [topki..][epoch: 32, iter:  21,380, lr:(8.029e-04,)][eta: 6:48:03, time (data): 0.464 (0.119)]l_bij: 8.9814e+01 l_orth: 9.6602e+01 l_diff: 3.3420e+01 l_align: 8.0509e+01 l_total: 3.0034e+02 
2026-05-22 14:23:06,484 INFO: [topki..][epoch: 32, iter:  21,400, lr:(8.029e-04,)][eta: 6:47:51, time (data): 0.469 (0.120)]l_bij: 8.7009e+01 l_orth: 9.4664e+01 l_diff: 2.7820e+01 l_align: 7.9304e+01 l_total: 2.8880e+02 
2026-05-22 14:23:16,003 INFO: [topki..][epoch: 32, iter:  21,420, lr:(8.029e-04,)][eta: 6:47:38, time (data): 0.471 (0.121)]l_bij: 9.1991e+01 l_orth: 1.0142e+02 l_diff: 2.8142e+01 l_align: 8.5868e+01 l_total: 3.0742e+02 
2026-05-22 14:23:25,320 INFO: [topki..][epoch: 32, iter:  21,440, lr:(8.029e-04,)][eta: 6:47:24, time (data): 0.470 (0.122)]l_bij: 1.0006e+02 l_orth: 1.0897e+02 l_diff: 2.7492e+01 l_align: 9.1486e+01 l_total: 3.2802e+02 
2026-05-22 14:23:34,680 INFO: [topki..][epoch: 32, iter:  21,460, lr:(8.029e-04,)][eta: 6:47:11, time (data): 0.470 (0.122)]l_bij: 8.9292e+01 l_orth: 9.7697e+01 l_diff: 2.5612e+01 l_align: 8.2520e+01 l_total: 2.9512e+02 
2026-05-22 14:23:44,347 INFO: [topki..][epoch: 32, iter:  21,480, lr:(8.029e-04,)][eta: 6:46:59, time (data): 0.471 (0.123)]l_bij: 1.0864e+02 l_orth: 1.1355e+02 l_diff: 3.3086e+01 l_align: 9.2630e+01 l_total: 3.4791e+02 
2026-05-22 14:23:54,235 INFO: [topki..][epoch: 32, iter:  21,500, lr:(8.029e-04,)][eta: 6:46:47, time (data): 0.474 (0.124)]l_bij: 9.8039e+01 l_orth: 1.0495e+02 l_diff: 3.3502e+01 l_align: 8.6126e+01 l_total: 3.2262e+02 
2026-05-22 14:24:03,712 INFO: [topki..][epoch: 32, iter:  21,520, lr:(8.029e-04,)][eta: 6:46:34, time (data): 0.480 (0.122)]l_bij: 6.8897e+01 l_orth: 7.9800e+01 l_diff: 2.1848e+01 l_align: 6.8909e+01 l_total: 2.3945e+02 
2026-05-22 14:24:13,438 INFO: [topki..][epoch: 32, iter:  21,540, lr:(8.029e-04,)][eta: 6:46:21, time (data): 0.484 (0.129)]l_bij: 1.0770e+02 l_orth: 1.0987e+02 l_diff: 2.6446e+01 l_align: 8.0635e+01 l_total: 3.2465e+02 
2026-05-22 14:24:23,042 INFO: [topki..][epoch: 32, iter:  21,560, lr:(8.029e-04,)][eta: 6:46:08, time (data): 0.482 (0.128)]l_bij: 6.3233e+01 l_orth: 7.4060e+01 l_diff: 2.5060e+01 l_align: 7.0242e+01 l_total: 2.3259e+02 
2026-05-22 14:24:32,238 INFO: [topki..][epoch: 32, iter:  21,580, lr:(8.029e-04,)][eta: 6:45:55, time (data): 0.476 (0.127)]l_bij: 9.5537e+01 l_orth: 1.0303e+02 l_diff: 3.5783e+01 l_align: 8.4037e+01 l_total: 3.1839e+02 
2026-05-22 14:24:41,795 INFO: [topki..][epoch: 32, iter:  21,600, lr:(8.029e-04,)][eta: 6:45:42, time (data): 0.476 (0.129)]l_bij: 2.0261e+00 l_orth: 3.6497e+01 l_diff: 1.9010e+01 l_align: 8.6549e+01 l_total: 1.4408e+02 
2026-05-22 14:24:51,313 INFO: [topki..][epoch: 32, iter:  21,620, lr:(8.029e-04,)][eta: 6:45:29, time (data): 0.476 (0.127)]l_bij: 7.1362e+01 l_orth: 8.5214e+01 l_diff: 2.2871e+01 l_align: 8.2731e+01 l_total: 2.6218e+02 
2026-05-22 14:25:02,702 INFO: [topki..][epoch: 33, iter:  21,640, lr:(7.911e-04,)][eta: 6:45:20, time (data): 0.490 (0.140)]l_bij: 1.0218e+02 l_orth: 1.1135e+02 l_diff: 3.3569e+01 l_align: 9.0733e+01 l_total: 3.3784e+02 
2026-05-22 14:25:12,139 INFO: [topki..][epoch: 33, iter:  21,660, lr:(7.911e-04,)][eta: 6:45:07, time (data): 0.488 (0.138)]l_bij: 6.6568e+01 l_orth: 7.9538e+01 l_diff: 3.1365e+01 l_align: 7.7999e+01 l_total: 2.5547e+02 
2026-05-22 14:25:21,638 INFO: [topki..][epoch: 33, iter:  21,680, lr:(7.911e-04,)][eta: 6:44:54, time (data): 0.486 (0.136)]l_bij: 5.2547e+01 l_orth: 6.8781e+01 l_diff: 2.7378e+01 l_align: 7.1379e+01 l_total: 2.2008e+02 
2026-05-22 14:25:30,903 INFO: [topki..][epoch: 33, iter:  21,700, lr:(7.911e-04,)][eta: 6:44:41, time (data): 0.484 (0.135)]l_bij: 8.0504e+01 l_orth: 9.2368e+01 l_diff: 2.5874e+01 l_align: 7.9659e+01 l_total: 2.7840e+02 
2026-05-22 14:25:40,813 INFO: [topki..][epoch: 33, iter:  21,720, lr:(7.911e-04,)][eta: 6:44:29, time (data): 0.502 (0.128)]l_bij: 7.7499e+01 l_orth: 8.9466e+01 l_diff: 2.4291e+01 l_align: 8.2967e+01 l_total: 2.7422e+02 
2026-05-22 14:25:50,809 INFO: [topki..][epoch: 33, iter:  21,740, lr:(7.911e-04,)][eta: 6:44:17, time (data): 0.501 (0.129)]l_bij: 6.4467e+01 l_orth: 7.6260e+01 l_diff: 2.3441e+01 l_align: 7.1266e+01 l_total: 2.3543e+02 
2026-05-22 14:26:00,562 INFO: [topki..][epoch: 33, iter:  21,760, lr:(7.911e-04,)][eta: 6:44:05, time (data): 0.496 (0.130)]l_bij: 8.3328e+01 l_orth: 9.0935e+01 l_diff: 3.0140e+01 l_align: 7.3526e+01 l_total: 2.7793e+02 
2026-05-22 14:26:10,257 INFO: [topki..][epoch: 33, iter:  21,780, lr:(7.911e-04,)][eta: 6:43:53, time (data): 0.493 (0.130)]l_bij: 8.3870e+01 l_orth: 9.4362e+01 l_diff: 3.4214e+01 l_align: 8.2678e+01 l_total: 2.9512e+02 
2026-05-22 14:26:19,946 INFO: [topki..][epoch: 33, iter:  21,800, lr:(7.911e-04,)][eta: 6:43:40, time (data): 0.491 (0.130)]l_bij: 5.1033e+01 l_orth: 6.4712e+01 l_diff: 2.5828e+01 l_align: 6.7529e+01 l_total: 2.0910e+02 
2026-05-22 14:26:29,859 INFO: [topki..][epoch: 33, iter:  21,820, lr:(7.911e-04,)][eta: 6:43:28, time (data): 0.492 (0.129)]l_bij: 6.5176e+01 l_orth: 7.8655e+01 l_diff: 2.4474e+01 l_align: 7.6255e+01 l_total: 2.4456e+02 
2026-05-22 14:26:39,261 INFO: [topki..][epoch: 33, iter:  21,840, lr:(7.911e-04,)][eta: 6:43:15, time (data): 0.488 (0.128)]l_bij: 5.1038e+01 l_orth: 6.5854e+01 l_diff: 2.0566e+01 l_align: 6.7064e+01 l_total: 2.0452e+02 
2026-05-22 14:26:48,764 INFO: [topki..][epoch: 33, iter:  21,860, lr:(7.911e-04,)][eta: 6:43:02, time (data): 0.487 (0.128)]l_bij: 9.0312e+01 l_orth: 9.7192e+01 l_diff: 2.7419e+01 l_align: 8.4151e+01 l_total: 2.9907e+02 
2026-05-22 14:26:58,438 INFO: [topki..][epoch: 33, iter:  21,880, lr:(7.911e-04,)][eta: 6:42:50, time (data): 0.486 (0.128)]l_bij: 6.6439e+01 l_orth: 7.8162e+01 l_diff: 2.3884e+01 l_align: 6.8515e+01 l_total: 2.3700e+02 
2026-05-22 14:27:08,360 INFO: [topki..][epoch: 33, iter:  21,900, lr:(7.911e-04,)][eta: 6:42:38, time (data): 0.487 (0.128)]l_bij: 7.7352e+01 l_orth: 8.9994e+01 l_diff: 2.7388e+01 l_align: 8.3463e+01 l_total: 2.7820e+02 
2026-05-22 14:27:17,543 INFO: [topki..][epoch: 33, iter:  21,920, lr:(7.911e-04,)][eta: 6:42:24, time (data): 0.452 (0.127)]l_bij: 6.7366e+01 l_orth: 8.0353e+01 l_diff: 2.5973e+01 l_align: 7.7036e+01 l_total: 2.5073e+02 
2026-05-22 14:27:26,987 INFO: [topki..][epoch: 33, iter:  21,940, lr:(7.911e-04,)][eta: 6:42:12, time (data): 0.465 (0.127)]l_bij: 1.0341e+02 l_orth: 1.0886e+02 l_diff: 3.3304e+01 l_align: 8.8517e+01 l_total: 3.3409e+02 
2026-05-22 14:27:36,478 INFO: [topki..][epoch: 33, iter:  21,960, lr:(7.911e-04,)][eta: 6:41:59, time (data): 0.469 (0.125)]l_bij: 7.7355e+01 l_orth: 8.7023e+01 l_diff: 3.0952e+01 l_align: 7.7467e+01 l_total: 2.7280e+02 
2026-05-22 14:27:46,367 INFO: [topki..][epoch: 33, iter:  21,980, lr:(7.911e-04,)][eta: 6:41:47, time (data): 0.476 (0.128)]l_bij: 6.7521e+01 l_orth: 7.8595e+01 l_diff: 2.9864e+01 l_align: 7.2026e+01 l_total: 2.4801e+02 
2026-05-22 14:27:56,349 INFO: [topki..][epoch: 33, iter:  22,000, lr:(7.911e-04,)][eta: 6:41:35, time (data): 0.481 (0.128)]l_bij: 8.4694e+01 l_orth: 9.5677e+01 l_diff: 3.0267e+01 l_align: 8.0656e+01 l_total: 2.9129e+02 
2026-05-22 14:28:05,746 INFO: [topki..][epoch: 33, iter:  22,020, lr:(7.911e-04,)][eta: 6:41:22, time (data): 0.479 (0.128)]l_bij: 1.0056e+02 l_orth: 1.0587e+02 l_diff: 3.2440e+01 l_align: 8.0070e+01 l_total: 3.1894e+02 
2026-05-22 14:28:15,757 INFO: [topki..][epoch: 33, iter:  22,040, lr:(7.911e-04,)][eta: 6:41:10, time (data): 0.482 (0.128)]l_bij: 9.9271e+01 l_orth: 1.0423e+02 l_diff: 3.4635e+01 l_align: 8.4043e+01 l_total: 3.2218e+02 
2026-05-22 14:28:25,334 INFO: [topki..][epoch: 33, iter:  22,060, lr:(7.911e-04,)][eta: 6:40:58, time (data): 0.482 (0.128)]l_bij: 6.3428e+01 l_orth: 7.5847e+01 l_diff: 2.7088e+01 l_align: 7.1967e+01 l_total: 2.3833e+02 
2026-05-22 14:28:34,394 INFO: [topki..][epoch: 33, iter:  22,080, lr:(7.911e-04,)][eta: 6:40:44, time (data): 0.478 (0.127)]l_bij: 7.6626e+01 l_orth: 8.9751e+01 l_diff: 2.2348e+01 l_align: 8.4420e+01 l_total: 2.7315e+02 
2026-05-22 14:28:44,070 INFO: [topki..][epoch: 33, iter:  22,100, lr:(7.911e-04,)][eta: 6:40:32, time (data): 0.479 (0.127)]l_bij: 1.8155e+00 l_orth: 3.5101e+01 l_diff: 2.0994e+01 l_align: 8.2855e+01 l_total: 1.4077e+02 
2026-05-22 14:28:53,022 INFO: [topki..][epoch: 33, iter:  22,120, lr:(7.911e-04,)][eta: 6:40:18, time (data): 0.468 (0.115)]l_bij: 9.0579e+01 l_orth: 9.7863e+01 l_diff: 2.6373e+01 l_align: 8.1886e+01 l_total: 2.9670e+02 
2026-05-22 14:29:01,557 INFO: [topki..][epoch: 33, iter:  22,140, lr:(7.911e-04,)][eta: 6:40:03, time (data): 0.440 (0.111)]l_bij: 8.8648e+01 l_orth: 9.6205e+01 l_diff: 2.8260e+01 l_align: 7.9578e+01 l_total: 2.9269e+02 
2026-05-22 14:29:10,326 INFO: [topki..][epoch: 33, iter:  22,160, lr:(7.911e-04,)][eta: 6:39:49, time (data): 0.440 (0.111)]l_bij: 8.2626e+01 l_orth: 9.2223e+01 l_diff: 3.0726e+01 l_align: 7.5147e+01 l_total: 2.8072e+02 
2026-05-22 14:29:19,529 INFO: [topki..][epoch: 33, iter:  22,180, lr:(7.911e-04,)][eta: 6:39:35, time (data): 0.445 (0.113)]l_bij: 7.2269e+01 l_orth: 8.3692e+01 l_diff: 2.8631e+01 l_align: 7.1155e+01 l_total: 2.5575e+02 
2026-05-22 14:29:29,169 INFO: [topki..][epoch: 33, iter:  22,200, lr:(7.911e-04,)][eta: 6:39:23, time (data): 0.454 (0.117)]l_bij: 9.3906e+01 l_orth: 1.0101e+02 l_diff: 3.1882e+01 l_align: 8.0139e+01 l_total: 3.0694e+02 
2026-05-22 14:29:39,128 INFO: [topki..][epoch: 33, iter:  22,220, lr:(7.911e-04,)][eta: 6:39:11, time (data): 0.462 (0.119)]l_bij: 7.3604e+01 l_orth: 8.6654e+01 l_diff: 2.8786e+01 l_align: 7.7416e+01 l_total: 2.6646e+02 
2026-05-22 14:29:49,052 INFO: [topki..][epoch: 33, iter:  22,240, lr:(7.911e-04,)][eta: 6:38:59, time (data): 0.467 (0.122)]l_bij: 6.1783e+01 l_orth: 7.6712e+01 l_diff: 3.0246e+01 l_align: 7.3503e+01 l_total: 2.4224e+02 
2026-05-22 14:29:58,728 INFO: [topki..][epoch: 33, iter:  22,260, lr:(7.911e-04,)][eta: 6:38:47, time (data): 0.469 (0.122)]l_bij: 8.7330e+01 l_orth: 9.4565e+01 l_diff: 2.8878e+01 l_align: 7.9189e+01 l_total: 2.8996e+02 
2026-05-22 14:30:08,166 INFO: [topki..][epoch: 33, iter:  22,280, lr:(7.911e-04,)][eta: 6:38:34, time (data): 0.469 (0.122)]l_bij: 9.4071e+01 l_orth: 1.0222e+02 l_diff: 2.7411e+01 l_align: 9.0645e+01 l_total: 3.1434e+02 
2026-05-22 14:30:18,120 INFO: [topki..][epoch: 33, iter:  22,300, lr:(7.911e-04,)][eta: 6:38:22, time (data): 0.472 (0.123)]l_bij: 8.5908e+01 l_orth: 9.5035e+01 l_diff: 2.6437e+01 l_align: 8.4047e+01 l_total: 2.9143e+02 
2026-05-22 14:30:29,728 INFO: [topki..][epoch: 34, iter:  22,320, lr:(7.791e-04,)][eta: 6:38:14, time (data): 0.435 (0.100)]l_bij: 7.3523e+01 l_orth: 8.4805e+01 l_diff: 2.5649e+01 l_align: 7.7416e+01 l_total: 2.6139e+02 
2026-05-22 14:30:38,552 INFO: [topki..][epoch: 34, iter:  22,340, lr:(7.791e-04,)][eta: 6:38:00, time (data): 0.439 (0.101)]l_bij: 6.5428e+01 l_orth: 7.5728e+01 l_diff: 2.4092e+01 l_align: 7.4852e+01 l_total: 2.4010e+02 
2026-05-22 14:30:48,227 INFO: [topki..][epoch: 34, iter:  22,360, lr:(7.791e-04,)][eta: 6:37:48, time (data): 0.457 (0.112)]l_bij: 5.0334e+01 l_orth: 6.6790e+01 l_diff: 2.8360e+01 l_align: 7.2633e+01 l_total: 2.1812e+02 
2026-05-22 14:30:57,695 INFO: [topki..][epoch: 34, iter:  22,380, lr:(7.791e-04,)][eta: 6:37:35, time (data): 0.462 (0.116)]l_bij: 4.8071e+01 l_orth: 6.5215e+01 l_diff: 2.6888e+01 l_align: 7.3112e+01 l_total: 2.1329e+02 
2026-05-22 14:31:07,384 INFO: [topki..][epoch: 34, iter:  22,400, lr:(7.791e-04,)][eta: 6:37:23, time (data): 0.467 (0.117)]l_bij: 7.4676e+01 l_orth: 8.7231e+01 l_diff: 2.9628e+01 l_align: 7.8751e+01 l_total: 2.7029e+02 
2026-05-22 14:31:17,142 INFO: [topki..][epoch: 34, iter:  22,420, lr:(7.791e-04,)][eta: 6:37:10, time (data): 0.471 (0.119)]l_bij: 1.4670e+00 l_orth: 3.1877e+01 l_diff: 2.2604e+01 l_align: 8.4020e+01 l_total: 1.3997e+02 
2026-05-22 14:31:25,956 INFO: [topki..][epoch: 34, iter:  22,440, lr:(7.791e-04,)][eta: 6:36:56, time (data): 0.466 (0.118)]l_bij: 4.6524e+01 l_orth: 6.2210e+01 l_diff: 2.6583e+01 l_align: 7.3629e+01 l_total: 2.0895e+02 
2026-05-22 14:31:35,937 INFO: [topki..][epoch: 34, iter:  22,460, lr:(7.791e-04,)][eta: 6:36:45, time (data): 0.471 (0.119)]l_bij: 7.0705e+01 l_orth: 8.1189e+01 l_diff: 2.4999e+01 l_align: 7.2783e+01 l_total: 2.4968e+02 
2026-05-22 14:31:47,101 INFO: [topki..][epoch: 34, iter:  22,480, lr:(7.791e-04,)][eta: 6:36:35, time (data): 0.481 (0.123)]l_bij: 7.6119e+01 l_orth: 8.8552e+01 l_diff: 2.9581e+01 l_align: 7.9179e+01 l_total: 2.7343e+02 
2026-05-22 14:31:57,857 INFO: [topki..][epoch: 34, iter:  22,500, lr:(7.791e-04,)][eta: 6:36:25, time (data): 0.487 (0.125)]l_bij: 8.0363e+01 l_orth: 8.8791e+01 l_diff: 2.9039e+01 l_align: 7.3710e+01 l_total: 2.7190e+02 
2026-05-22 14:32:08,537 INFO: [topki..][epoch: 34, iter:  22,520, lr:(7.791e-04,)][eta: 6:36:15, time (data): 0.548 (0.132)]l_bij: 7.4746e+01 l_orth: 8.6268e+01 l_diff: 2.7283e+01 l_align: 7.7933e+01 l_total: 2.6623e+02 
2026-05-22 14:32:19,603 INFO: [topki..][epoch: 34, iter:  22,540, lr:(7.791e-04,)][eta: 6:36:05, time (data): 0.552 (0.140)]l_bij: 6.9845e+01 l_orth: 8.2162e+01 l_diff: 2.5882e+01 l_align: 7.4417e+01 l_total: 2.5231e+02 
2026-05-22 14:32:29,869 INFO: [topki..][epoch: 34, iter:  22,560, lr:(7.791e-04,)][eta: 6:35:54, time (data): 0.536 (0.139)]l_bij: 9.0710e+01 l_orth: 9.8900e+01 l_diff: 2.9864e+01 l_align: 7.8284e+01 l_total: 2.9776e+02 
2026-05-22 14:32:40,684 INFO: [topki..][epoch: 34, iter:  22,580, lr:(7.791e-04,)][eta: 6:35:44, time (data): 0.537 (0.142)]l_bij: 9.4192e+01 l_orth: 1.0116e+02 l_diff: 2.5719e+01 l_align: 7.9834e+01 l_total: 3.0090e+02 
2026-05-22 14:32:51,209 INFO: [topki..][epoch: 34, iter:  22,600, lr:(7.791e-04,)][eta: 6:35:34, time (data): 0.535 (0.140)]l_bij: 9.7409e+01 l_orth: 1.0432e+02 l_diff: 3.3970e+01 l_align: 8.8073e+01 l_total: 3.2378e+02 
2026-05-22 14:33:01,913 INFO: [topki..][epoch: 34, iter:  22,620, lr:(7.791e-04,)][eta: 6:35:23, time (data): 0.535 (0.139)]l_bij: 8.3456e+01 l_orth: 9.3649e+01 l_diff: 2.6869e+01 l_align: 8.2055e+01 l_total: 2.8603e+02 
2026-05-22 14:33:12,678 INFO: [topki..][epoch: 34, iter:  22,640, lr:(7.791e-04,)][eta: 6:35:13, time (data): 0.535 (0.138)]l_bij: 5.8493e+01 l_orth: 7.2478e+01 l_diff: 2.4562e+01 l_align: 7.2796e+01 l_total: 2.2833e+02 
2026-05-22 14:33:23,558 INFO: [topki..][epoch: 34, iter:  22,660, lr:(7.791e-04,)][eta: 6:35:03, time (data): 0.536 (0.139)]l_bij: 2.3710e+00 l_orth: 3.6883e+01 l_diff: 2.5324e+01 l_align: 9.2972e+01 l_total: 1.5755e+02 
2026-05-22 14:33:34,669 INFO: [topki..][epoch: 34, iter:  22,680, lr:(7.791e-04,)][eta: 6:34:54, time (data): 0.539 (0.139)]l_bij: 8.8103e+01 l_orth: 9.7483e+01 l_diff: 2.6083e+01 l_align: 8.0724e+01 l_total: 2.9239e+02 
2026-05-22 14:33:45,332 INFO: [topki..][epoch: 34, iter:  22,700, lr:(7.791e-04,)][eta: 6:34:44, time (data): 0.538 (0.139)]l_bij: 7.6706e+01 l_orth: 8.7880e+01 l_diff: 3.2833e+01 l_align: 7.7917e+01 l_total: 2.7534e+02 
2026-05-22 14:33:55,606 INFO: [topki..][epoch: 34, iter:  22,720, lr:(7.791e-04,)][eta: 6:34:33, time (data): 0.524 (0.130)]l_bij: 6.3096e+01 l_orth: 7.4780e+01 l_diff: 2.1966e+01 l_align: 7.1315e+01 l_total: 2.3116e+02 
2026-05-22 14:34:06,344 INFO: [topki..][epoch: 34, iter:  22,740, lr:(7.791e-04,)][eta: 6:34:22, time (data): 0.534 (0.138)]l_bij: 7.4128e+01 l_orth: 8.4893e+01 l_diff: 2.8048e+01 l_align: 7.4298e+01 l_total: 2.6137e+02 
2026-05-22 14:34:16,854 INFO: [topki..][epoch: 34, iter:  22,760, lr:(7.791e-04,)][eta: 6:34:12, time (data): 0.530 (0.136)]l_bij: 8.7767e+01 l_orth: 9.9422e+01 l_diff: 3.2564e+01 l_align: 8.9694e+01 l_total: 3.0945e+02 
2026-05-22 14:34:27,368 INFO: [topki..][epoch: 34, iter:  22,780, lr:(7.791e-04,)][eta: 6:34:01, time (data): 0.529 (0.136)]l_bij: 9.7909e+01 l_orth: 1.0462e+02 l_diff: 2.8665e+01 l_align: 8.9988e+01 l_total: 3.2118e+02 
2026-05-22 14:34:38,846 INFO: [topki..][epoch: 34, iter:  22,800, lr:(7.791e-04,)][eta: 6:33:52, time (data): 0.539 (0.138)]l_bij: 5.7454e+01 l_orth: 7.2213e+01 l_diff: 2.0911e+01 l_align: 7.2380e+01 l_total: 2.2296e+02 
2026-05-22 14:34:49,801 INFO: [topki..][epoch: 34, iter:  22,820, lr:(7.791e-04,)][eta: 6:33:43, time (data): 0.541 (0.140)]l_bij: 4.5418e+01 l_orth: 6.2655e+01 l_diff: 2.3380e+01 l_align: 7.3080e+01 l_total: 2.0453e+02 
2026-05-22 14:35:00,980 INFO: [topki..][epoch: 34, iter:  22,840, lr:(7.791e-04,)][eta: 6:33:33, time (data): 0.544 (0.141)]l_bij: 6.9644e+01 l_orth: 8.2103e+01 l_diff: 2.8121e+01 l_align: 7.1130e+01 l_total: 2.5100e+02 
2026-05-22 14:35:11,649 INFO: [topki..][epoch: 34, iter:  22,860, lr:(7.791e-04,)][eta: 6:33:23, time (data): 0.542 (0.140)]l_bij: 9.1879e+01 l_orth: 9.9299e+01 l_diff: 3.0245e+01 l_align: 8.0521e+01 l_total: 3.0194e+02 
2026-05-22 14:35:21,978 INFO: [topki..][epoch: 34, iter:  22,880, lr:(7.791e-04,)][eta: 6:33:12, time (data): 0.539 (0.139)]l_bij: 6.0014e+01 l_orth: 7.2192e+01 l_diff: 2.2616e+01 l_align: 7.0181e+01 l_total: 2.2500e+02 
2026-05-22 14:35:32,960 INFO: [topki..][epoch: 34, iter:  22,900, lr:(7.791e-04,)][eta: 6:33:02, time (data): 0.540 (0.139)]l_bij: 8.4245e+01 l_orth: 9.3222e+01 l_diff: 2.8987e+01 l_align: 8.3467e+01 l_total: 2.8992e+02 
2026-05-22 14:35:43,130 INFO: [topki..][epoch: 34, iter:  22,920, lr:(7.791e-04,)][eta: 6:32:51, time (data): 0.471 (0.122)]l_bij: 1.4648e+00 l_orth: 3.4149e+01 l_diff: 2.2174e+01 l_align: 8.4478e+01 l_total: 1.4226e+02 
2026-05-22 14:35:53,725 INFO: [topki..][epoch: 34, iter:  22,940, lr:(7.791e-04,)][eta: 6:32:41, time (data): 0.516 (0.141)]l_bij: 8.0856e+01 l_orth: 9.2028e+01 l_diff: 2.6351e+01 l_align: 8.0444e+01 l_total: 2.7968e+02 
2026-05-22 14:36:04,195 INFO: [topki..][epoch: 34, iter:  22,960, lr:(7.791e-04,)][eta: 6:32:30, time (data): 0.519 (0.138)]l_bij: 8.1223e+01 l_orth: 9.2803e+01 l_diff: 3.1128e+01 l_align: 8.2715e+01 l_total: 2.8787e+02 
2026-05-22 14:36:14,691 INFO: [topki..][epoch: 34, iter:  22,980, lr:(7.791e-04,)][eta: 6:32:19, time (data): 0.521 (0.137)]l_bij: 5.9884e+01 l_orth: 7.3838e+01 l_diff: 2.6202e+01 l_align: 6.9606e+01 l_total: 2.2953e+02 
2026-05-22 14:36:27,317 INFO: [topki..][epoch: 35, iter:  23,000, lr:(7.668e-04,)][eta: 6:32:13, time (data): 0.547 (0.156)]l_bij: 7.2943e+01 l_orth: 8.3604e+01 l_diff: 2.7484e+01 l_align: 7.3593e+01 l_total: 2.5762e+02 
2026-05-22 14:36:38,047 INFO: [topki..][epoch: 35, iter:  23,020, lr:(7.668e-04,)][eta: 6:32:02, time (data): 0.545 (0.150)]l_bij: 9.0258e+01 l_orth: 9.7517e+01 l_diff: 2.7014e+01 l_align: 8.1850e+01 l_total: 2.9664e+02 
2026-05-22 14:36:48,831 INFO: [topki..][epoch: 35, iter:  23,040, lr:(7.668e-04,)][eta: 6:31:52, time (data): 0.544 (0.149)]l_bij: 1.5418e+00 l_orth: 3.5523e+01 l_diff: 2.3970e+01 l_align: 8.6053e+01 l_total: 1.4709e+02 
2026-05-22 14:36:59,362 INFO: [topki..][epoch: 35, iter:  23,060, lr:(7.668e-04,)][eta: 6:31:42, time (data): 0.541 (0.148)]l_bij: 7.8938e+01 l_orth: 8.6706e+01 l_diff: 3.4048e+01 l_align: 7.8028e+01 l_total: 2.7772e+02 
2026-05-22 14:37:10,428 INFO: [topki..][epoch: 35, iter:  23,080, lr:(7.668e-04,)][eta: 6:31:32, time (data): 0.543 (0.147)]l_bij: 7.2254e+01 l_orth: 8.3729e+01 l_diff: 2.7073e+01 l_align: 7.8776e+01 l_total: 2.6183e+02 
2026-05-22 14:37:21,167 INFO: [topki..][epoch: 35, iter:  23,100, lr:(7.668e-04,)][eta: 6:31:22, time (data): 0.542 (0.145)]l_bij: 9.2787e+01 l_orth: 1.0123e+02 l_diff: 2.6164e+01 l_align: 8.9774e+01 l_total: 3.0995e+02 
2026-05-22 14:37:31,430 INFO: [topki..][epoch: 35, iter:  23,120, lr:(7.668e-04,)][eta: 6:31:11, time (data): 0.481 (0.121)]l_bij: 5.6530e+01 l_orth: 6.7829e+01 l_diff: 2.7286e+01 l_align: 6.6052e+01 l_total: 2.1770e+02 
2026-05-22 14:37:41,449 INFO: [topki..][epoch: 35, iter:  23,140, lr:(7.668e-04,)][eta: 6:30:59, time (data): 0.497 (0.133)]l_bij: 8.0091e+01 l_orth: 8.7720e+01 l_diff: 3.0894e+01 l_align: 6.8816e+01 l_total: 2.6752e+02 
2026-05-22 14:37:52,439 INFO: [topki..][epoch: 35, iter:  23,160, lr:(7.668e-04,)][eta: 6:30:50, time (data): 0.520 (0.136)]l_bij: 1.2923e+00 l_orth: 2.9479e+01 l_diff: 2.5188e+01 l_align: 8.1350e+01 l_total: 1.3731e+02 
2026-05-22 14:38:03,231 INFO: [topki..][epoch: 35, iter:  23,180, lr:(7.668e-04,)][eta: 6:30:39, time (data): 0.526 (0.136)]l_bij: 7.5385e+01 l_orth: 8.4586e+01 l_diff: 2.8432e+01 l_align: 7.1499e+01 l_total: 2.5990e+02 
2026-05-22 14:38:14,162 INFO: [topki..][epoch: 35, iter:  23,200, lr:(7.668e-04,)][eta: 6:30:30, time (data): 0.531 (0.138)]l_bij: 9.2222e+01 l_orth: 9.8963e+01 l_diff: 3.2646e+01 l_align: 8.2518e+01 l_total: 3.0635e+02 
2026-05-22 14:38:24,293 INFO: [topki..][epoch: 35, iter:  23,220, lr:(7.668e-04,)][eta: 6:30:18, time (data): 0.526 (0.136)]l_bij: 1.2247e+00 l_orth: 2.9865e+01 l_diff: 2.2210e+01 l_align: 8.0138e+01 l_total: 1.3344e+02 
2026-05-22 14:38:34,733 INFO: [topki..][epoch: 35, iter:  23,240, lr:(7.668e-04,)][eta: 6:30:08, time (data): 0.526 (0.136)]l_bij: 8.2484e+01 l_orth: 9.8087e+01 l_diff: 2.9909e+01 l_align: 8.8161e+01 l_total: 2.9864e+02 
2026-05-22 14:38:45,633 INFO: [topki..][epoch: 35, iter:  23,260, lr:(7.668e-04,)][eta: 6:29:58, time (data): 0.528 (0.136)]l_bij: 7.2435e+01 l_orth: 8.1860e+01 l_diff: 2.3951e+01 l_align: 6.5434e+01 l_total: 2.4368e+02 
2026-05-22 14:38:55,864 INFO: [topki..][epoch: 35, iter:  23,280, lr:(7.668e-04,)][eta: 6:29:46, time (data): 0.526 (0.137)]l_bij: 7.5938e+01 l_orth: 8.7993e+01 l_diff: 2.6095e+01 l_align: 7.7568e+01 l_total: 2.6759e+02 
2026-05-22 14:39:06,056 INFO: [topki..][epoch: 35, iter:  23,300, lr:(7.668e-04,)][eta: 6:29:35, time (data): 0.524 (0.136)]l_bij: 4.9066e+01 l_orth: 6.6494e+01 l_diff: 2.8697e+01 l_align: 7.2838e+01 l_total: 2.1709e+02 
2026-05-22 14:39:17,360 INFO: [topki..][epoch: 35, iter:  23,320, lr:(7.668e-04,)][eta: 6:29:26, time (data): 0.611 (0.153)]l_bij: 6.0521e+01 l_orth: 7.3309e+01 l_diff: 2.4003e+01 l_align: 7.0991e+01 l_total: 2.2882e+02 
2026-05-22 14:39:28,039 INFO: [topki..][epoch: 35, iter:  23,340, lr:(7.668e-04,)][eta: 6:29:16, time (data): 0.547 (0.141)]l_bij: 8.1827e+01 l_orth: 9.3681e+01 l_diff: 2.7493e+01 l_align: 8.4158e+01 l_total: 2.8716e+02 
2026-05-22 14:39:38,442 INFO: [topki..][epoch: 35, iter:  23,360, lr:(7.668e-04,)][eta: 6:29:05, time (data): 0.535 (0.138)]l_bij: 7.6892e+01 l_orth: 8.7086e+01 l_diff: 2.8765e+01 l_align: 7.5801e+01 l_total: 2.6854e+02 
2026-05-22 14:39:49,309 INFO: [topki..][epoch: 35, iter:  23,380, lr:(7.668e-04,)][eta: 6:28:55, time (data): 0.537 (0.141)]l_bij: 6.0351e+01 l_orth: 7.3134e+01 l_diff: 2.2823e+01 l_align: 7.0842e+01 l_total: 2.2715e+02 
2026-05-22 14:40:00,556 INFO: [topki..][epoch: 35, iter:  23,400, lr:(7.668e-04,)][eta: 6:28:46, time (data): 0.543 (0.141)]l_bij: 6.9857e+01 l_orth: 7.9609e+01 l_diff: 2.8146e+01 l_align: 7.3007e+01 l_total: 2.5062e+02 
2026-05-22 14:40:10,844 INFO: [topki..][epoch: 35, iter:  23,420, lr:(7.668e-04,)][eta: 6:28:35, time (data): 0.538 (0.140)]l_bij: 6.2883e+01 l_orth: 7.4159e+01 l_diff: 2.4606e+01 l_align: 7.1105e+01 l_total: 2.3275e+02 
2026-05-22 14:40:21,805 INFO: [topki..][epoch: 35, iter:  23,440, lr:(7.668e-04,)][eta: 6:28:25, time (data): 0.539 (0.141)]l_bij: 8.2128e+01 l_orth: 9.1254e+01 l_diff: 2.6145e+01 l_align: 7.4663e+01 l_total: 2.7419e+02 
2026-05-22 14:40:33,186 INFO: [topki..][epoch: 35, iter:  23,460, lr:(7.668e-04,)][eta: 6:28:16, time (data): 0.543 (0.141)]l_bij: 8.1048e+01 l_orth: 9.1156e+01 l_diff: 2.7170e+01 l_align: 8.1846e+01 l_total: 2.8122e+02 
2026-05-22 14:40:43,530 INFO: [topki..][epoch: 35, iter:  23,480, lr:(7.668e-04,)][eta: 6:28:05, time (data): 0.540 (0.140)]l_bij: 5.9816e+01 l_orth: 7.4125e+01 l_diff: 2.6303e+01 l_align: 7.0926e+01 l_total: 2.3117e+02 
2026-05-22 14:40:54,362 INFO: [topki..][epoch: 35, iter:  23,500, lr:(7.668e-04,)][eta: 6:27:55, time (data): 0.540 (0.140)]l_bij: 8.0636e+01 l_orth: 8.8352e+01 l_diff: 3.8809e+01 l_align: 6.9693e+01 l_total: 2.7749e+02 
2026-05-22 14:41:05,219 INFO: [topki..][epoch: 35, iter:  23,520, lr:(7.668e-04,)][eta: 6:27:45, time (data): 0.570 (0.140)]l_bij: 7.0015e+01 l_orth: 8.1535e+01 l_diff: 3.0653e+01 l_align: 7.6130e+01 l_total: 2.5833e+02 
2026-05-22 14:41:16,113 INFO: [topki..][epoch: 35, iter:  23,540, lr:(7.668e-04,)][eta: 6:27:35, time (data): 0.548 (0.140)]l_bij: 7.1439e+01 l_orth: 8.1128e+01 l_diff: 2.7124e+01 l_align: 7.3074e+01 l_total: 2.5277e+02 
2026-05-22 14:41:27,194 INFO: [topki..][epoch: 35, iter:  23,560, lr:(7.668e-04,)][eta: 6:27:25, time (data): 0.551 (0.142)]l_bij: 4.0023e+01 l_orth: 6.0658e+01 l_diff: 2.7228e+01 l_align: 7.4900e+01 l_total: 2.0281e+02 
2026-05-22 14:41:37,948 INFO: [topki..][epoch: 35, iter:  23,580, lr:(7.668e-04,)][eta: 6:27:15, time (data): 0.547 (0.142)]l_bij: 7.7633e+01 l_orth: 8.6948e+01 l_diff: 3.0308e+01 l_align: 7.0609e+01 l_total: 2.6550e+02 
2026-05-22 14:41:48,731 INFO: [topki..][epoch: 35, iter:  23,600, lr:(7.668e-04,)][eta: 6:27:05, time (data): 0.545 (0.141)]l_bij: 5.2112e+01 l_orth: 7.2327e+01 l_diff: 2.1135e+01 l_align: 7.7576e+01 l_total: 2.2315e+02 
2026-05-22 14:41:58,991 INFO: [topki..][epoch: 35, iter:  23,620, lr:(7.668e-04,)][eta: 6:26:54, time (data): 0.539 (0.140)]l_bij: 4.3055e+01 l_orth: 5.8814e+01 l_diff: 1.9756e+01 l_align: 6.9285e+01 l_total: 1.9091e+02 
2026-05-22 14:42:09,818 INFO: [topki..][epoch: 35, iter:  23,640, lr:(7.668e-04,)][eta: 6:26:44, time (data): 0.539 (0.142)]l_bij: 8.9816e+01 l_orth: 9.7770e+01 l_diff: 2.9528e+01 l_align: 8.5798e+01 l_total: 3.0291e+02 
2026-05-22 14:42:19,809 INFO: [topki..][epoch: 35, iter:  23,660, lr:(7.668e-04,)][eta: 6:26:32, time (data): 0.533 (0.141)]l_bij: 5.2906e+01 l_orth: 6.9469e+01 l_diff: 3.1417e+01 l_align: 7.1640e+01 l_total: 2.2543e+02 
2026-05-22 14:42:32,373 INFO: [topki..][epoch: 36, iter:  23,680, lr:(7.543e-04,)][eta: 6:26:25, time (data): 0.545 (0.152)]l_bij: 6.3412e+01 l_orth: 7.4281e+01 l_diff: 2.4118e+01 l_align: 7.0023e+01 l_total: 2.3183e+02 
2026-05-22 14:42:43,333 INFO: [topki..][epoch: 36, iter:  23,700, lr:(7.543e-04,)][eta: 6:26:16, time (data): 0.545 (0.150)]l_bij: 9.3905e+01 l_orth: 1.0173e+02 l_diff: 3.4665e+01 l_align: 8.3856e+01 l_total: 3.1415e+02 
2026-05-22 14:42:54,348 INFO: [topki..][epoch: 36, iter:  23,720, lr:(7.543e-04,)][eta: 6:26:06, time (data): 0.529 (0.121)]l_bij: 9.1893e+01 l_orth: 9.8215e+01 l_diff: 2.5953e+01 l_align: 7.8199e+01 l_total: 2.9426e+02 
2026-05-22 14:43:04,565 INFO: [topki..][epoch: 36, iter:  23,740, lr:(7.543e-04,)][eta: 6:25:55, time (data): 0.512 (0.132)]l_bij: 7.0257e+01 l_orth: 8.1626e+01 l_diff: 2.5989e+01 l_align: 7.8785e+01 l_total: 2.5666e+02 
2026-05-22 14:43:15,715 INFO: [topki..][epoch: 36, iter:  23,760, lr:(7.543e-04,)][eta: 6:25:45, time (data): 0.534 (0.136)]l_bij: 5.6171e+01 l_orth: 6.9035e+01 l_diff: 2.4110e+01 l_align: 7.2478e+01 l_total: 2.2179e+02 
2026-05-22 14:43:25,639 INFO: [topki..][epoch: 36, iter:  23,780, lr:(7.543e-04,)][eta: 6:25:34, time (data): 0.522 (0.134)]l_bij: 1.0117e+02 l_orth: 1.0634e+02 l_diff: 2.9117e+01 l_align: 8.4428e+01 l_total: 3.2106e+02 
2026-05-22 14:43:36,094 INFO: [topki..][epoch: 36, iter:  23,800, lr:(7.543e-04,)][eta: 6:25:23, time (data): 0.522 (0.134)]l_bij: 6.5357e+01 l_orth: 7.9123e+01 l_diff: 2.3059e+01 l_align: 7.5510e+01 l_total: 2.4305e+02 
2026-05-22 14:43:46,863 INFO: [topki..][epoch: 36, iter:  23,820, lr:(7.543e-04,)][eta: 6:25:13, time (data): 0.525 (0.134)]l_bij: 7.1809e+01 l_orth: 8.0928e+01 l_diff: 2.5504e+01 l_align: 6.6827e+01 l_total: 2.4507e+02 
2026-05-22 14:43:58,016 INFO: [topki..][epoch: 36, iter:  23,840, lr:(7.543e-04,)][eta: 6:25:03, time (data): 0.530 (0.135)]l_bij: 6.0552e+01 l_orth: 7.2232e+01 l_diff: 2.8606e+01 l_align: 6.8729e+01 l_total: 2.3012e+02 
2026-05-22 14:44:08,583 INFO: [topki..][epoch: 36, iter:  23,860, lr:(7.543e-04,)][eta: 6:24:53, time (data): 0.530 (0.135)]l_bij: 7.4142e+01 l_orth: 8.4260e+01 l_diff: 2.8368e+01 l_align: 7.5253e+01 l_total: 2.6202e+02 
2026-05-22 14:44:19,677 INFO: [topki..][epoch: 36, iter:  23,880, lr:(7.543e-04,)][eta: 6:24:43, time (data): 0.533 (0.136)]l_bij: 5.6080e+01 l_orth: 6.9033e+01 l_diff: 2.1358e+01 l_align: 6.7018e+01 l_total: 2.1349e+02 
2026-05-22 14:44:30,773 INFO: [topki..][epoch: 36, iter:  23,900, lr:(7.543e-04,)][eta: 6:24:33, time (data): 0.536 (0.136)]l_bij: 1.3324e+00 l_orth: 3.5265e+01 l_diff: 2.3742e+01 l_align: 8.4903e+01 l_total: 1.4524e+02 
2026-05-22 14:44:41,096 INFO: [topki..][epoch: 36, iter:  23,920, lr:(7.543e-04,)][eta: 6:24:22, time (data): 0.648 (0.147)]l_bij: 1.4257e+00 l_orth: 2.7970e+01 l_diff: 2.4237e+01 l_align: 8.0523e+01 l_total: 1.3416e+02 
2026-05-22 14:44:51,680 INFO: [topki..][epoch: 36, iter:  23,940, lr:(7.543e-04,)][eta: 6:24:12, time (data): 0.535 (0.134)]l_bij: 7.9247e+01 l_orth: 8.9302e+01 l_diff: 2.7548e+01 l_align: 7.6884e+01 l_total: 2.7298e+02 
2026-05-22 14:45:02,447 INFO: [topki..][epoch: 36, iter:  23,960, lr:(7.543e-04,)][eta: 6:24:02, time (data): 0.536 (0.133)]l_bij: 3.9206e+01 l_orth: 5.8493e+01 l_diff: 2.4986e+01 l_align: 7.3021e+01 l_total: 1.9570e+02 
2026-05-22 14:45:13,448 INFO: [topki..][epoch: 36, iter:  23,980, lr:(7.543e-04,)][eta: 6:23:52, time (data): 0.541 (0.135)]l_bij: 1.3153e+00 l_orth: 3.1387e+01 l_diff: 2.2885e+01 l_align: 8.3207e+01 l_total: 1.3879e+02 
2026-05-22 14:45:24,449 INFO: [topki..][epoch: 36, iter:  24,000, lr:(7.543e-04,)][eta: 6:23:42, time (data): 0.543 (0.136)]l_bij: 4.3042e+01 l_orth: 6.1483e+01 l_diff: 1.9474e+01 l_align: 7.1297e+01 l_total: 1.9530e+02 
2026-05-22 14:45:24,450 INFO: Saving models and training states.
2026-05-22 14:45:24,469 INFO: Start validation.
2026-05-22 14:46:32,589 INFO: Avg time: 0.1526
2026-05-22 14:46:32,747 INFO: Val auc: 0.6932
2026-05-22 14:46:32,752 INFO: Val avg error: 0.0585
2026-05-22 14:46:32,756 INFO: Best model is updated, average geodesic error: 0.0585
2026-05-22 14:46:43,289 INFO: [topki..][epoch: 36, iter:  24,020, lr:(7.543e-04,)][eta: 6:25:36, time (data): 0.537 (0.134)]l_bij: 6.8265e+01 l_orth: 8.1599e+01 l_diff: 2.5308e+01 l_align: 7.4565e+01 l_total: 2.4974e+02 
2026-05-22 14:46:54,219 INFO: [topki..][epoch: 36, iter:  24,040, lr:(7.543e-04,)][eta: 6:25:25, time (data): 0.538 (0.135)]l_bij: 7.4214e+01 l_orth: 8.4616e+01 l_diff: 2.0463e+01 l_align: 7.6170e+01 l_total: 2.5546e+02 
2026-05-22 14:47:05,015 INFO: [topki..][epoch: 36, iter:  24,060, lr:(7.543e-04,)][eta: 6:25:15, time (data): 0.539 (0.137)]l_bij: 7.3806e+01 l_orth: 8.8428e+01 l_diff: 2.8343e+01 l_align: 7.8940e+01 l_total: 2.6952e+02 
2026-05-22 14:47:15,464 INFO: [topki..][epoch: 36, iter:  24,080, lr:(7.543e-04,)][eta: 6:25:04, time (data): 0.537 (0.136)]l_bij: 5.0099e+01 l_orth: 6.7297e+01 l_diff: 2.2175e+01 l_align: 6.9986e+01 l_total: 2.0956e+02 
2026-05-22 14:47:26,159 INFO: [topki..][epoch: 36, iter:  24,100, lr:(7.543e-04,)][eta: 6:24:54, time (data): 0.536 (0.136)]l_bij: 6.3251e+01 l_orth: 7.6647e+01 l_diff: 2.7522e+01 l_align: 7.3884e+01 l_total: 2.4130e+02 
2026-05-22 14:47:36,852 INFO: [topki..][epoch: 36, iter:  24,120, lr:(7.543e-04,)][eta: 6:24:43, time (data): 0.536 (0.136)]l_bij: 9.6104e+01 l_orth: 1.0361e+02 l_diff: 3.0701e+01 l_align: 8.7554e+01 l_total: 3.1797e+02 
2026-05-22 14:47:47,663 INFO: [topki..][epoch: 36, iter:  24,140, lr:(7.543e-04,)][eta: 6:24:33, time (data): 0.540 (0.137)]l_bij: 8.1272e+01 l_orth: 9.0940e+01 l_diff: 3.1492e+01 l_align: 7.2792e+01 l_total: 2.7650e+02 
2026-05-22 14:47:58,691 INFO: [topki..][epoch: 36, iter:  24,160, lr:(7.543e-04,)][eta: 6:24:23, time (data): 0.546 (0.138)]l_bij: 5.4574e+01 l_orth: 7.4236e+01 l_diff: 2.6314e+01 l_align: 7.7784e+01 l_total: 2.3291e+02 
2026-05-22 14:48:08,849 INFO: [topki..][epoch: 36, iter:  24,180, lr:(7.543e-04,)][eta: 6:24:12, time (data): 0.533 (0.137)]l_bij: 6.6993e+01 l_orth: 8.0272e+01 l_diff: 2.3518e+01 l_align: 7.6541e+01 l_total: 2.4732e+02 
2026-05-22 14:48:19,663 INFO: [topki..][epoch: 36, iter:  24,200, lr:(7.543e-04,)][eta: 6:24:01, time (data): 0.535 (0.137)]l_bij: 4.0101e+01 l_orth: 5.9907e+01 l_diff: 2.7710e+01 l_align: 7.5905e+01 l_total: 2.0362e+02 
2026-05-22 14:48:30,994 INFO: [topki..][epoch: 36, iter:  24,220, lr:(7.543e-04,)][eta: 6:23:52, time (data): 0.541 (0.139)]l_bij: 7.1198e+01 l_orth: 8.5345e+01 l_diff: 2.7699e+01 l_align: 7.4800e+01 l_total: 2.5904e+02 
2026-05-22 14:48:41,585 INFO: [topki..][epoch: 36, iter:  24,240, lr:(7.543e-04,)][eta: 6:23:41, time (data): 0.539 (0.138)]l_bij: 8.4668e+01 l_orth: 9.4775e+01 l_diff: 3.9834e+01 l_align: 7.9889e+01 l_total: 2.9917e+02 
2026-05-22 14:48:51,849 INFO: [topki..][epoch: 36, iter:  24,260, lr:(7.543e-04,)][eta: 6:23:30, time (data): 0.536 (0.138)]l_bij: 5.9932e+01 l_orth: 7.2911e+01 l_diff: 2.3589e+01 l_align: 7.0861e+01 l_total: 2.2729e+02 
2026-05-22 14:49:02,924 INFO: [topki..][epoch: 36, iter:  24,280, lr:(7.543e-04,)][eta: 6:23:20, time (data): 0.538 (0.139)]l_bij: 9.4516e+01 l_orth: 1.0207e+02 l_diff: 3.1602e+01 l_align: 8.4724e+01 l_total: 3.1292e+02 
2026-05-22 14:49:14,014 INFO: [topki..][epoch: 36, iter:  24,300, lr:(7.543e-04,)][eta: 6:23:11, time (data): 0.540 (0.139)]l_bij: 8.0971e+01 l_orth: 9.0480e+01 l_diff: 2.9317e+01 l_align: 8.2212e+01 l_total: 2.8298e+02 
2026-05-22 14:49:24,804 INFO: [topki..][epoch: 36, iter:  24,320, lr:(7.543e-04,)][eta: 6:23:00, time (data): 0.540 (0.139)]l_bij: 6.3235e+01 l_orth: 7.4947e+01 l_diff: 2.4281e+01 l_align: 6.9643e+01 l_total: 2.3211e+02 
2026-05-22 14:49:37,311 INFO: [topki..][epoch: 37, iter:  24,340, lr:(7.416e-04,)][eta: 6:22:53, time (data): 0.636 (0.244)]l_bij: 9.1827e+01 l_orth: 1.0234e+02 l_diff: 3.3816e+01 l_align: 8.8553e+01 l_total: 3.1654e+02 
2026-05-22 14:49:47,927 INFO: [topki..][epoch: 37, iter:  24,360, lr:(7.416e-04,)][eta: 6:22:42, time (data): 0.582 (0.190)]l_bij: 7.3633e+01 l_orth: 8.5834e+01 l_diff: 3.0375e+01 l_align: 7.6840e+01 l_total: 2.6668e+02 
2026-05-22 14:49:58,285 INFO: [topki..][epoch: 37, iter:  24,380, lr:(7.416e-04,)][eta: 6:22:31, time (data): 0.560 (0.171)]l_bij: 7.8001e+01 l_orth: 8.8486e+01 l_diff: 3.1916e+01 l_align: 8.2211e+01 l_total: 2.8061e+02 
2026-05-22 14:50:08,881 INFO: [topki..][epoch: 37, iter:  24,400, lr:(7.416e-04,)][eta: 6:22:21, time (data): 0.552 (0.162)]l_bij: 6.9110e+01 l_orth: 8.1972e+01 l_diff: 3.1373e+01 l_align: 7.7720e+01 l_total: 2.6018e+02 
2026-05-22 14:50:20,022 INFO: [topki..][epoch: 37, iter:  24,420, lr:(7.416e-04,)][eta: 6:22:11, time (data): 0.553 (0.160)]l_bij: 5.5782e+01 l_orth: 6.8196e+01 l_diff: 2.1885e+01 l_align: 6.5359e+01 l_total: 2.1122e+02 
2026-05-22 14:50:30,810 INFO: [topki..][epoch: 37, iter:  24,440, lr:(7.416e-04,)][eta: 6:22:01, time (data): 0.551 (0.157)]l_bij: 9.3998e+01 l_orth: 1.0115e+02 l_diff: 2.6503e+01 l_align: 8.1930e+01 l_total: 3.0358e+02 
2026-05-22 14:50:41,896 INFO: [topki..][epoch: 37, iter:  24,460, lr:(7.416e-04,)][eta: 6:21:51, time (data): 0.551 (0.156)]l_bij: 5.5232e+01 l_orth: 7.0031e+01 l_diff: 2.4546e+01 l_align: 7.5112e+01 l_total: 2.2492e+02 
2026-05-22 14:50:52,094 INFO: [topki..][epoch: 37, iter:  24,480, lr:(7.416e-04,)][eta: 6:21:39, time (data): 0.546 (0.153)]l_bij: 8.9042e+01 l_orth: 9.9528e+01 l_diff: 2.9917e+01 l_align: 8.2333e+01 l_total: 3.0082e+02 
2026-05-22 14:51:03,292 INFO: [topki..][epoch: 37, iter:  24,500, lr:(7.416e-04,)][eta: 6:21:30, time (data): 0.548 (0.153)]l_bij: 7.0625e+01 l_orth: 8.2402e+01 l_diff: 2.3552e+01 l_align: 7.9434e+01 l_total: 2.5601e+02 
2026-05-22 14:51:14,716 INFO: [topki..][epoch: 37, iter:  24,520, lr:(7.416e-04,)][eta: 6:21:21, time (data): 0.550 (0.153)]l_bij: 5.5923e+01 l_orth: 6.9593e+01 l_diff: 2.3746e+01 l_align: 7.1525e+01 l_total: 2.2079e+02 
2026-05-22 14:51:25,407 INFO: [topki..][epoch: 37, iter:  24,540, lr:(7.416e-04,)][eta: 6:21:10, time (data): 0.533 (0.138)]l_bij: 8.1793e+01 l_orth: 8.9369e+01 l_diff: 2.8318e+01 l_align: 7.3934e+01 l_total: 2.7341e+02 
2026-05-22 14:51:36,110 INFO: [topki..][epoch: 37, iter:  24,560, lr:(7.416e-04,)][eta: 6:21:00, time (data): 0.534 (0.137)]l_bij: 5.0574e+01 l_orth: 6.6825e+01 l_diff: 2.0977e+01 l_align: 6.9759e+01 l_total: 2.0813e+02 
2026-05-22 14:51:46,846 INFO: [topki..][epoch: 37, iter:  24,580, lr:(7.416e-04,)][eta: 6:20:49, time (data): 0.535 (0.136)]l_bij: 6.7075e+01 l_orth: 8.0769e+01 l_diff: 2.7863e+01 l_align: 7.2163e+01 l_total: 2.4787e+02 
2026-05-22 14:51:57,743 INFO: [topki..][epoch: 37, iter:  24,600, lr:(7.416e-04,)][eta: 6:20:39, time (data): 0.537 (0.138)]l_bij: 5.9498e+01 l_orth: 7.6208e+01 l_diff: 2.4462e+01 l_align: 7.3844e+01 l_total: 2.3401e+02 
2026-05-22 14:52:08,400 INFO: [topki..][epoch: 37, iter:  24,620, lr:(7.416e-04,)][eta: 6:20:28, time (data): 0.536 (0.139)]l_bij: 9.2945e+01 l_orth: 1.0317e+02 l_diff: 2.5019e+01 l_align: 8.5637e+01 l_total: 3.0677e+02 
2026-05-22 14:52:18,864 INFO: [topki..][epoch: 37, iter:  24,640, lr:(7.416e-04,)][eta: 6:20:18, time (data): 0.534 (0.138)]l_bij: 8.1654e+01 l_orth: 8.9964e+01 l_diff: 2.2099e+01 l_align: 7.4805e+01 l_total: 2.6852e+02 
2026-05-22 14:52:29,851 INFO: [topki..][epoch: 37, iter:  24,660, lr:(7.416e-04,)][eta: 6:20:08, time (data): 0.536 (0.138)]l_bij: 6.2517e+01 l_orth: 7.5373e+01 l_diff: 2.4436e+01 l_align: 7.0358e+01 l_total: 2.3268e+02 
2026-05-22 14:52:40,064 INFO: [topki..][epoch: 37, iter:  24,680, lr:(7.416e-04,)][eta: 6:19:56, time (data): 0.533 (0.137)]l_bij: 9.3968e+01 l_orth: 1.0116e+02 l_diff: 2.6459e+01 l_align: 8.3144e+01 l_total: 3.0474e+02 
2026-05-22 14:52:51,015 INFO: [topki..][epoch: 37, iter:  24,700, lr:(7.416e-04,)][eta: 6:19:46, time (data): 0.535 (0.137)]l_bij: 6.9313e+01 l_orth: 8.1225e+01 l_diff: 3.0536e+01 l_align: 7.8842e+01 l_total: 2.5992e+02 
2026-05-22 14:53:01,490 INFO: [topki..][epoch: 37, iter:  24,720, lr:(7.416e-04,)][eta: 6:19:35, time (data): 0.534 (0.138)]l_bij: 9.1213e+01 l_orth: 9.8733e+01 l_diff: 2.5643e+01 l_align: 8.7852e+01 l_total: 3.0344e+02 
2026-05-22 14:53:12,575 INFO: [topki..][epoch: 37, iter:  24,740, lr:(7.416e-04,)][eta: 6:19:25, time (data): 0.561 (0.143)]l_bij: 7.0141e+01 l_orth: 8.1102e+01 l_diff: 2.4243e+01 l_align: 7.4588e+01 l_total: 2.5007e+02 
2026-05-22 14:53:23,867 INFO: [topki..][epoch: 37, iter:  24,760, lr:(7.416e-04,)][eta: 6:19:16, time (data): 0.563 (0.144)]l_bij: 6.4119e+01 l_orth: 7.7404e+01 l_diff: 2.9807e+01 l_align: 7.5427e+01 l_total: 2.4676e+02 
2026-05-22 14:53:34,992 INFO: [topki..][epoch: 37, iter:  24,780, lr:(7.416e-04,)][eta: 6:19:06, time (data): 0.560 (0.143)]l_bij: 5.5953e+01 l_orth: 7.1792e+01 l_diff: 2.2683e+01 l_align: 7.6008e+01 l_total: 2.2644e+02 
2026-05-22 14:53:45,909 INFO: [topki..][epoch: 37, iter:  24,800, lr:(7.416e-04,)][eta: 6:18:56, time (data): 0.557 (0.142)]l_bij: 8.4689e+01 l_orth: 9.5161e+01 l_diff: 2.5135e+01 l_align: 8.0648e+01 l_total: 2.8563e+02 
2026-05-22 14:53:56,713 INFO: [topki..][epoch: 37, iter:  24,820, lr:(7.416e-04,)][eta: 6:18:46, time (data): 0.553 (0.141)]l_bij: 1.6842e+00 l_orth: 3.4517e+01 l_diff: 2.3891e+01 l_align: 8.4195e+01 l_total: 1.4429e+02 
2026-05-22 14:54:07,622 INFO: [topki..][epoch: 37, iter:  24,840, lr:(7.416e-04,)][eta: 6:18:36, time (data): 0.552 (0.142)]l_bij: 6.1283e+01 l_orth: 7.4583e+01 l_diff: 2.8730e+01 l_align: 7.5497e+01 l_total: 2.4009e+02 
2026-05-22 14:54:18,619 INFO: [topki..][epoch: 37, iter:  24,860, lr:(7.416e-04,)][eta: 6:18:26, time (data): 0.552 (0.142)]l_bij: 8.1271e+01 l_orth: 9.2803e+01 l_diff: 2.9708e+01 l_align: 8.6128e+01 l_total: 2.8991e+02 
2026-05-22 14:54:29,370 INFO: [topki..][epoch: 37, iter:  24,880, lr:(7.416e-04,)][eta: 6:18:15, time (data): 0.550 (0.142)]l_bij: 8.1449e+01 l_orth: 8.9726e+01 l_diff: 2.4632e+01 l_align: 7.2940e+01 l_total: 2.6875e+02 
2026-05-22 14:54:40,260 INFO: [topki..][epoch: 37, iter:  24,900, lr:(7.416e-04,)][eta: 6:18:05, time (data): 0.549 (0.141)]l_bij: 6.4401e+01 l_orth: 7.9285e+01 l_diff: 2.5484e+01 l_align: 7.8393e+01 l_total: 2.4756e+02 
2026-05-22 14:54:50,230 INFO: [topki..][epoch: 37, iter:  24,920, lr:(7.416e-04,)][eta: 6:17:53, time (data): 0.544 (0.141)]l_bij: 9.7572e+01 l_orth: 1.0535e+02 l_diff: 3.1406e+01 l_align: 9.3009e+01 l_total: 3.2733e+02 
2026-05-22 14:55:01,103 INFO: [topki..][epoch: 37, iter:  24,940, lr:(7.416e-04,)][eta: 6:17:43, time (data): 0.544 (0.138)]l_bij: 6.2326e+01 l_orth: 7.4678e+01 l_diff: 2.8603e+01 l_align: 6.9849e+01 l_total: 2.3546e+02 
2026-05-22 14:55:12,038 INFO: [topki..][epoch: 37, iter:  24,960, lr:(7.416e-04,)][eta: 6:17:33, time (data): 0.545 (0.141)]l_bij: 8.6748e+01 l_orth: 9.8342e+01 l_diff: 2.8218e+01 l_align: 8.2019e+01 l_total: 2.9533e+02 
2026-05-22 14:55:22,862 INFO: [topki..][epoch: 37, iter:  24,980, lr:(7.416e-04,)][eta: 6:17:23, time (data): 0.544 (0.138)]l_bij: 8.1704e+01 l_orth: 9.2943e+01 l_diff: 3.0897e+01 l_align: 8.2447e+01 l_total: 2.8799e+02 
2026-05-22 14:55:33,109 INFO: [topki..][epoch: 37, iter:  25,000, lr:(7.416e-04,)][eta: 6:17:12, time (data): 0.536 (0.136)]l_bij: 7.6473e+01 l_orth: 8.5330e+01 l_diff: 2.5431e+01 l_align: 7.6848e+01 l_total: 2.6408e+02 
2026-05-22 14:55:44,459 INFO: [topki..][epoch: 38, iter:  25,020, lr:(7.287e-04,)][eta: 6:17:02, time (data): 0.542 (0.154)]l_bij: 7.4921e+01 l_orth: 8.4382e+01 l_diff: 2.7310e+01 l_align: 7.6158e+01 l_total: 2.6277e+02 
2026-05-22 14:55:53,832 INFO: [topki..][epoch: 38, iter:  25,040, lr:(7.287e-04,)][eta: 6:16:49, time (data): 0.529 (0.149)]l_bij: 7.2462e+01 l_orth: 8.3927e+01 l_diff: 3.4352e+01 l_align: 7.2915e+01 l_total: 2.6366e+02 
2026-05-22 14:56:03,653 INFO: [topki..][epoch: 38, iter:  25,060, lr:(7.287e-04,)][eta: 6:16:37, time (data): 0.524 (0.145)]l_bij: 6.8340e+01 l_orth: 7.7803e+01 l_diff: 2.7298e+01 l_align: 7.2707e+01 l_total: 2.4615e+02 
2026-05-22 14:56:13,658 INFO: [topki..][epoch: 38, iter:  25,080, lr:(7.287e-04,)][eta: 6:16:26, time (data): 0.521 (0.144)]l_bij: 7.0694e+01 l_orth: 8.3166e+01 l_diff: 2.8874e+01 l_align: 7.7181e+01 l_total: 2.5991e+02 
2026-05-22 14:56:23,577 INFO: [topki..][epoch: 38, iter:  25,100, lr:(7.287e-04,)][eta: 6:16:14, time (data): 0.518 (0.142)]l_bij: 8.7030e+01 l_orth: 9.8634e+01 l_diff: 2.6534e+01 l_align: 8.5561e+01 l_total: 2.9776e+02 
2026-05-22 14:56:33,048 INFO: [topki..][epoch: 38, iter:  25,120, lr:(7.287e-04,)][eta: 6:16:01, time (data): 0.513 (0.141)]l_bij: 7.4853e+01 l_orth: 8.5297e+01 l_diff: 2.4953e+01 l_align: 7.5262e+01 l_total: 2.6037e+02 
2026-05-22 14:56:42,426 INFO: [topki..][epoch: 38, iter:  25,140, lr:(7.287e-04,)][eta: 6:15:49, time (data): 0.468 (0.129)]l_bij: 9.1331e+01 l_orth: 1.0140e+02 l_diff: 3.2644e+01 l_align: 8.7367e+01 l_total: 3.1274e+02 
2026-05-22 14:56:52,309 INFO: [topki..][epoch: 38, iter:  25,160, lr:(7.287e-04,)][eta: 6:15:37, time (data): 0.483 (0.131)]l_bij: 8.8990e+01 l_orth: 9.9242e+01 l_diff: 2.8975e+01 l_align: 8.4797e+01 l_total: 3.0200e+02 
2026-05-22 14:57:01,952 INFO: [topki..][epoch: 38, iter:  25,180, lr:(7.287e-04,)][eta: 6:15:24, time (data): 0.483 (0.128)]l_bij: 7.1499e+01 l_orth: 8.3177e+01 l_diff: 2.5952e+01 l_align: 7.5694e+01 l_total: 2.5632e+02 
2026-05-22 14:57:11,644 INFO: [topki..][epoch: 38, iter:  25,200, lr:(7.287e-04,)][eta: 6:15:12, time (data): 0.483 (0.128)]l_bij: 7.7118e+01 l_orth: 9.1796e+01 l_diff: 3.1213e+01 l_align: 8.2666e+01 l_total: 2.8279e+02 
2026-05-22 14:57:21,695 INFO: [topki..][epoch: 38, iter:  25,220, lr:(7.287e-04,)][eta: 6:15:01, time (data): 0.487 (0.129)]l_bij: 8.0642e+01 l_orth: 9.2537e+01 l_diff: 2.6026e+01 l_align: 8.1970e+01 l_total: 2.8117e+02 
2026-05-22 14:57:31,333 INFO: [topki..][epoch: 38, iter:  25,240, lr:(7.287e-04,)][eta: 6:14:48, time (data): 0.486 (0.129)]l_bij: 1.0199e+02 l_orth: 1.0743e+02 l_diff: 3.2889e+01 l_align: 8.2219e+01 l_total: 3.2453e+02 
2026-05-22 14:57:41,099 INFO: [topki..][epoch: 38, iter:  25,260, lr:(7.287e-04,)][eta: 6:14:36, time (data): 0.487 (0.129)]l_bij: 9.7190e+01 l_orth: 1.0406e+02 l_diff: 3.0369e+01 l_align: 8.5210e+01 l_total: 3.1683e+02 
2026-05-22 14:57:51,037 INFO: [topki..][epoch: 38, iter:  25,280, lr:(7.287e-04,)][eta: 6:14:25, time (data): 0.488 (0.129)]l_bij: 7.9813e+01 l_orth: 9.1658e+01 l_diff: 3.6441e+01 l_align: 8.2390e+01 l_total: 2.9030e+02 
2026-05-22 14:58:00,505 INFO: [topki..][epoch: 38, iter:  25,300, lr:(7.287e-04,)][eta: 6:14:12, time (data): 0.486 (0.129)]l_bij: 7.7137e+01 l_orth: 9.0803e+01 l_diff: 2.7258e+01 l_align: 8.2856e+01 l_total: 2.7805e+02 
2026-05-22 14:58:09,804 INFO: [topki..][epoch: 38, iter:  25,320, lr:(7.287e-04,)][eta: 6:13:59, time (data): 0.484 (0.128)]l_bij: 8.6948e+01 l_orth: 9.6650e+01 l_diff: 2.5686e+01 l_align: 8.3021e+01 l_total: 2.9231e+02 
2026-05-22 14:58:20,022 INFO: [topki..][epoch: 38, iter:  25,340, lr:(7.287e-04,)][eta: 6:13:48, time (data): 0.518 (0.139)]l_bij: 7.0428e+01 l_orth: 8.3458e+01 l_diff: 2.7558e+01 l_align: 7.2248e+01 l_total: 2.5369e+02 
2026-05-22 14:58:29,678 INFO: [topki..][epoch: 38, iter:  25,360, lr:(7.287e-04,)][eta: 6:13:36, time (data): 0.497 (0.136)]l_bij: 6.7523e+01 l_orth: 8.3304e+01 l_diff: 2.6235e+01 l_align: 8.4730e+01 l_total: 2.6179e+02 
2026-05-22 14:58:39,674 INFO: [topki..][epoch: 38, iter:  25,380, lr:(7.287e-04,)][eta: 6:13:24, time (data): 0.498 (0.133)]l_bij: 8.2217e+01 l_orth: 9.0402e+01 l_diff: 2.7014e+01 l_align: 7.2982e+01 l_total: 2.7262e+02 
2026-05-22 14:58:49,816 INFO: [topki..][epoch: 38, iter:  25,400, lr:(7.287e-04,)][eta: 6:13:13, time (data): 0.501 (0.133)]l_bij: 7.7540e+01 l_orth: 8.5930e+01 l_diff: 2.4954e+01 l_align: 7.3126e+01 l_total: 2.6155e+02 
2026-05-22 14:58:59,797 INFO: [topki..][epoch: 38, iter:  25,420, lr:(7.287e-04,)][eta: 6:13:01, time (data): 0.500 (0.133)]l_bij: 5.7426e+01 l_orth: 7.2769e+01 l_diff: 2.8916e+01 l_align: 6.8207e+01 l_total: 2.2732e+02 
2026-05-22 14:59:09,686 INFO: [topki..][epoch: 38, iter:  25,440, lr:(7.287e-04,)][eta: 6:12:49, time (data): 0.499 (0.133)]l_bij: 6.9135e+01 l_orth: 8.2620e+01 l_diff: 2.3440e+01 l_align: 7.5466e+01 l_total: 2.5066e+02 
2026-05-22 14:59:19,276 INFO: [topki..][epoch: 38, iter:  25,460, lr:(7.287e-04,)][eta: 6:12:37, time (data): 0.496 (0.133)]l_bij: 9.2916e+01 l_orth: 1.0121e+02 l_diff: 3.2749e+01 l_align: 8.1964e+01 l_total: 3.0884e+02 
2026-05-22 14:59:28,447 INFO: [topki..][epoch: 38, iter:  25,480, lr:(7.287e-04,)][eta: 6:12:24, time (data): 0.491 (0.132)]l_bij: 8.4934e+01 l_orth: 9.4921e+01 l_diff: 2.8105e+01 l_align: 8.1754e+01 l_total: 2.8971e+02 
2026-05-22 14:59:38,499 INFO: [topki..][epoch: 38, iter:  25,500, lr:(7.287e-04,)][eta: 6:12:12, time (data): 0.493 (0.132)]l_bij: 6.9575e+01 l_orth: 8.0206e+01 l_diff: 2.7940e+01 l_align: 7.4539e+01 l_total: 2.5226e+02 
2026-05-22 14:59:48,077 INFO: [topki..][epoch: 38, iter:  25,520, lr:(7.287e-04,)][eta: 6:12:00, time (data): 0.491 (0.131)]l_bij: 5.8382e+01 l_orth: 7.0942e+01 l_diff: 2.6126e+01 l_align: 6.6736e+01 l_total: 2.2219e+02 
2026-05-22 14:59:57,646 INFO: [topki..][epoch: 38, iter:  25,540, lr:(7.287e-04,)][eta: 6:11:48, time (data): 0.476 (0.132)]l_bij: 5.3700e+01 l_orth: 6.8139e+01 l_diff: 2.5498e+01 l_align: 6.6093e+01 l_total: 2.1343e+02 
2026-05-22 15:00:07,337 INFO: [topki..][epoch: 38, iter:  25,560, lr:(7.287e-04,)][eta: 6:11:36, time (data): 0.481 (0.132)]l_bij: 9.4111e+01 l_orth: 1.0156e+02 l_diff: 2.8675e+01 l_align: 8.4685e+01 l_total: 3.0903e+02 
2026-05-22 15:00:17,061 INFO: [topki..][epoch: 38, iter:  25,580, lr:(7.287e-04,)][eta: 6:11:24, time (data): 0.483 (0.133)]l_bij: 8.7802e+01 l_orth: 9.7577e+01 l_diff: 3.3750e+01 l_align: 8.1960e+01 l_total: 3.0109e+02 
2026-05-22 15:00:26,958 INFO: [topki..][epoch: 38, iter:  25,600, lr:(7.287e-04,)][eta: 6:11:12, time (data): 0.486 (0.132)]l_bij: 4.4226e+01 l_orth: 6.0721e+01 l_diff: 2.7232e+01 l_align: 7.2512e+01 l_total: 2.0469e+02 
2026-05-22 15:00:35,690 INFO: [topki..][epoch: 38, iter:  25,620, lr:(7.287e-04,)][eta: 6:10:58, time (data): 0.476 (0.128)]l_bij: 8.7599e+01 l_orth: 9.6779e+01 l_diff: 3.0093e+01 l_align: 8.4718e+01 l_total: 2.9919e+02 
2026-05-22 15:00:44,538 INFO: [topki..][epoch: 38, iter:  25,640, lr:(7.287e-04,)][eta: 6:10:45, time (data): 0.470 (0.125)]l_bij: 7.5607e+01 l_orth: 8.4447e+01 l_diff: 2.6161e+01 l_align: 7.2080e+01 l_total: 2.5830e+02 
2026-05-22 15:00:52,993 INFO: [topki..][epoch: 38, iter:  25,660, lr:(7.287e-04,)][eta: 6:10:31, time (data): 0.463 (0.122)]l_bij: 7.5650e+01 l_orth: 8.6207e+01 l_diff: 2.6083e+01 l_align: 7.6879e+01 l_total: 2.6482e+02 
2026-05-22 15:01:01,421 INFO: [topki..][epoch: 38, iter:  25,680, lr:(7.287e-04,)][eta: 6:10:16, time (data): 0.457 (0.120)]l_bij: 6.4953e+01 l_orth: 7.6222e+01 l_diff: 2.4353e+01 l_align: 7.4604e+01 l_total: 2.4013e+02 
2026-05-22 15:01:12,706 INFO: [topki..][epoch: 39, iter:  25,700, lr:(7.157e-04,)][eta: 6:10:07, time (data): 0.470 (0.131)]l_bij: 6.8076e+01 l_orth: 8.2934e+01 l_diff: 2.7149e+01 l_align: 7.6579e+01 l_total: 2.5474e+02 
2026-05-22 15:01:20,862 INFO: [topki..][epoch: 39, iter:  25,720, lr:(7.157e-04,)][eta: 6:09:52, time (data): 0.463 (0.127)]l_bij: 6.9359e+01 l_orth: 8.1892e+01 l_diff: 2.8284e+01 l_align: 7.4021e+01 l_total: 2.5356e+02 
2026-05-22 15:01:29,395 INFO: [topki..][epoch: 39, iter:  25,740, lr:(7.157e-04,)][eta: 6:09:38, time (data): 0.415 (0.099)]l_bij: 7.4560e+01 l_orth: 8.5731e+01 l_diff: 2.6721e+01 l_align: 7.6301e+01 l_total: 2.6331e+02 
2026-05-22 15:01:39,440 INFO: [topki..][epoch: 39, iter:  25,760, lr:(7.157e-04,)][eta: 6:09:27, time (data): 0.469 (0.114)]l_bij: 5.7267e+01 l_orth: 7.0349e+01 l_diff: 2.6065e+01 l_align: 7.3743e+01 l_total: 2.2742e+02 
2026-05-22 15:01:48,886 INFO: [topki..][epoch: 39, iter:  25,780, lr:(7.157e-04,)][eta: 6:09:14, time (data): 0.470 (0.118)]l_bij: 9.6628e+01 l_orth: 1.0470e+02 l_diff: 3.1502e+01 l_align: 8.9283e+01 l_total: 3.2212e+02 
2026-05-22 15:01:58,836 INFO: [topki..][epoch: 39, iter:  25,800, lr:(7.157e-04,)][eta: 6:09:03, time (data): 0.478 (0.121)]l_bij: 7.3956e+01 l_orth: 8.6343e+01 l_diff: 2.8412e+01 l_align: 7.6652e+01 l_total: 2.6536e+02 
2026-05-22 15:02:08,058 INFO: [topki..][epoch: 39, iter:  25,820, lr:(7.157e-04,)][eta: 6:08:50, time (data): 0.474 (0.121)]l_bij: 8.1002e+01 l_orth: 9.2465e+01 l_diff: 3.0498e+01 l_align: 8.3463e+01 l_total: 2.8743e+02 
2026-05-22 15:02:17,964 INFO: [topki..][epoch: 39, iter:  25,840, lr:(7.157e-04,)][eta: 6:08:38, time (data): 0.478 (0.122)]l_bij: 5.8599e+01 l_orth: 7.0176e+01 l_diff: 2.4244e+01 l_align: 6.4009e+01 l_total: 2.1703e+02 
2026-05-22 15:02:27,200 INFO: [topki..][epoch: 39, iter:  25,860, lr:(7.157e-04,)][eta: 6:08:26, time (data): 0.476 (0.122)]l_bij: 6.9294e+01 l_orth: 8.0525e+01 l_diff: 2.5239e+01 l_align: 7.5312e+01 l_total: 2.5037e+02 
2026-05-22 15:02:37,429 INFO: [topki..][epoch: 39, iter:  25,880, lr:(7.157e-04,)][eta: 6:08:14, time (data): 0.480 (0.124)]l_bij: 1.0295e+02 l_orth: 1.0686e+02 l_diff: 2.8335e+01 l_align: 7.9741e+01 l_total: 3.1788e+02 
2026-05-22 15:02:47,828 INFO: [topki..][epoch: 39, iter:  25,900, lr:(7.157e-04,)][eta: 6:08:03, time (data): 0.485 (0.124)]l_bij: 6.8747e+01 l_orth: 7.9238e+01 l_diff: 2.5830e+01 l_align: 7.2696e+01 l_total: 2.4651e+02 
2026-05-22 15:02:57,484 INFO: [topki..][epoch: 39, iter:  25,920, lr:(7.157e-04,)][eta: 6:07:51, time (data): 0.485 (0.125)]l_bij: 5.6976e+01 l_orth: 7.1461e+01 l_diff: 2.5197e+01 l_align: 7.1964e+01 l_total: 2.2560e+02 
2026-05-22 15:03:06,794 INFO: [topki..][epoch: 39, iter:  25,940, lr:(7.157e-04,)][eta: 6:07:39, time (data): 0.469 (0.126)]l_bij: 5.5717e+01 l_orth: 7.2563e+01 l_diff: 2.6697e+01 l_align: 7.5911e+01 l_total: 2.3089e+02 
2026-05-22 15:03:16,370 INFO: [topki..][epoch: 39, iter:  25,960, lr:(7.157e-04,)][eta: 6:07:26, time (data): 0.475 (0.128)]l_bij: 7.4011e+01 l_orth: 8.2546e+01 l_diff: 2.8978e+01 l_align: 7.5122e+01 l_total: 2.6066e+02 
2026-05-22 15:03:26,157 INFO: [topki..][epoch: 39, iter:  25,980, lr:(7.157e-04,)][eta: 6:07:15, time (data): 0.481 (0.129)]l_bij: 7.6131e+01 l_orth: 8.5926e+01 l_diff: 3.0263e+01 l_align: 7.7921e+01 l_total: 2.7024e+02 
2026-05-22 15:03:35,877 INFO: [topki..][epoch: 39, iter:  26,000, lr:(7.157e-04,)][eta: 6:07:03, time (data): 0.482 (0.128)]l_bij: 7.1781e+01 l_orth: 8.1741e+01 l_diff: 2.6858e+01 l_align: 6.9897e+01 l_total: 2.5028e+02 
2026-05-22 15:03:45,535 INFO: [topki..][epoch: 39, iter:  26,020, lr:(7.157e-04,)][eta: 6:06:51, time (data): 0.482 (0.128)]l_bij: 8.8213e+01 l_orth: 9.7896e+01 l_diff: 2.9059e+01 l_align: 8.4967e+01 l_total: 3.0014e+02 
2026-05-22 15:03:55,079 INFO: [topki..][epoch: 39, iter:  26,040, lr:(7.157e-04,)][eta: 6:06:38, time (data): 0.481 (0.127)]l_bij: 6.3615e+01 l_orth: 7.4647e+01 l_diff: 2.6556e+01 l_align: 6.8634e+01 l_total: 2.3345e+02 
2026-05-22 15:04:04,664 INFO: [topki..][epoch: 39, iter:  26,060, lr:(7.157e-04,)][eta: 6:06:26, time (data): 0.481 (0.127)]l_bij: 7.3676e+01 l_orth: 8.3340e+01 l_diff: 3.0655e+01 l_align: 7.5440e+01 l_total: 2.6311e+02 
2026-05-22 15:04:14,731 INFO: [topki..][epoch: 39, iter:  26,080, lr:(7.157e-04,)][eta: 6:06:15, time (data): 0.484 (0.129)]l_bij: 7.1824e+01 l_orth: 8.2028e+01 l_diff: 3.3674e+01 l_align: 7.2112e+01 l_total: 2.5964e+02 
2026-05-22 15:04:24,299 INFO: [topki..][epoch: 39, iter:  26,100, lr:(7.157e-04,)][eta: 6:06:02, time (data): 0.483 (0.128)]l_bij: 9.7430e+01 l_orth: 1.0369e+02 l_diff: 2.8740e+01 l_align: 8.1502e+01 l_total: 3.1136e+02 
2026-05-22 15:04:34,406 INFO: [topki..][epoch: 39, iter:  26,120, lr:(7.157e-04,)][eta: 6:05:51, time (data): 0.486 (0.129)]l_bij: 7.2212e+01 l_orth: 8.2193e+01 l_diff: 2.5207e+01 l_align: 7.3337e+01 l_total: 2.5295e+02 
2026-05-22 15:04:43,931 INFO: [topki..][epoch: 39, iter:  26,140, lr:(7.157e-04,)][eta: 6:05:39, time (data): 0.471 (0.125)]l_bij: 5.8430e+01 l_orth: 7.1188e+01 l_diff: 3.0950e+01 l_align: 6.7178e+01 l_total: 2.2775e+02 
2026-05-22 15:04:53,529 INFO: [topki..][epoch: 39, iter:  26,160, lr:(7.157e-04,)][eta: 6:05:27, time (data): 0.477 (0.126)]l_bij: 6.3120e+01 l_orth: 7.5220e+01 l_diff: 2.5994e+01 l_align: 7.1226e+01 l_total: 2.3556e+02 
2026-05-22 15:05:02,738 INFO: [topki..][epoch: 39, iter:  26,180, lr:(7.157e-04,)][eta: 6:05:14, time (data): 0.470 (0.126)]l_bij: 7.3436e+01 l_orth: 8.3258e+01 l_diff: 2.7590e+01 l_align: 7.5164e+01 l_total: 2.5945e+02 
2026-05-22 15:05:13,097 INFO: [topki..][epoch: 39, iter:  26,200, lr:(7.157e-04,)][eta: 6:05:03, time (data): 0.484 (0.128)]l_bij: 6.9236e+01 l_orth: 7.9623e+01 l_diff: 2.9342e+01 l_align: 7.2141e+01 l_total: 2.5034e+02 
2026-05-22 15:05:22,604 INFO: [topki..][epoch: 39, iter:  26,220, lr:(7.157e-04,)][eta: 6:04:51, time (data): 0.482 (0.127)]l_bij: 6.4732e+01 l_orth: 7.4636e+01 l_diff: 2.7618e+01 l_align: 6.7510e+01 l_total: 2.3449e+02 
2026-05-22 15:05:31,863 INFO: [topki..][epoch: 39, iter:  26,240, lr:(7.157e-04,)][eta: 6:04:38, time (data): 0.478 (0.127)]l_bij: 7.9087e+01 l_orth: 8.7873e+01 l_diff: 3.0847e+01 l_align: 7.2046e+01 l_total: 2.6985e+02 
2026-05-22 15:05:41,507 INFO: [topki..][epoch: 39, iter:  26,260, lr:(7.157e-04,)][eta: 6:04:26, time (data): 0.479 (0.127)]l_bij: 3.7924e+01 l_orth: 5.6701e+01 l_diff: 2.2851e+01 l_align: 7.2289e+01 l_total: 1.8977e+02 
2026-05-22 15:05:50,769 INFO: [topki..][epoch: 39, iter:  26,280, lr:(7.157e-04,)][eta: 6:04:13, time (data): 0.477 (0.127)]l_bij: 5.4382e+01 l_orth: 6.9168e+01 l_diff: 2.9251e+01 l_align: 7.0152e+01 l_total: 2.2295e+02 
2026-05-22 15:06:00,020 INFO: [topki..][epoch: 39, iter:  26,300, lr:(7.157e-04,)][eta: 6:04:01, time (data): 0.475 (0.126)]l_bij: 7.7739e+01 l_orth: 8.7587e+01 l_diff: 2.8112e+01 l_align: 7.0837e+01 l_total: 2.6427e+02 
2026-05-22 15:06:09,947 INFO: [topki..][epoch: 39, iter:  26,320, lr:(7.157e-04,)][eta: 6:03:49, time (data): 0.477 (0.126)]l_bij: 8.5549e+01 l_orth: 9.5385e+01 l_diff: 2.7773e+01 l_align: 7.9461e+01 l_total: 2.8817e+02 
2026-05-22 15:06:19,602 INFO: [topki..][epoch: 39, iter:  26,340, lr:(7.157e-04,)][eta: 6:03:37, time (data): 0.469 (0.126)]l_bij: 6.0600e+01 l_orth: 7.4677e+01 l_diff: 3.1598e+01 l_align: 7.5448e+01 l_total: 2.4232e+02 
2026-05-22 15:06:29,203 INFO: [topki..][epoch: 39, iter:  26,360, lr:(7.157e-04,)][eta: 6:03:25, time (data): 0.476 (0.125)]l_bij: 7.9869e+01 l_orth: 9.0451e+01 l_diff: 3.0340e+01 l_align: 8.2366e+01 l_total: 2.8303e+02 
2026-05-22 15:06:40,157 INFO: [topki..][epoch: 40, iter:  26,380, lr:(7.024e-04,)][eta: 6:03:15, time (data): 0.505 (0.159)]l_bij: 6.9631e+01 l_orth: 8.5728e+01 l_diff: 2.9054e+01 l_align: 8.5604e+01 l_total: 2.7002e+02 
2026-05-22 15:06:48,928 INFO: [topki..][epoch: 40, iter:  26,400, lr:(7.024e-04,)][eta: 6:03:02, time (data): 0.486 (0.144)]l_bij: 5.8065e+01 l_orth: 7.0356e+01 l_diff: 2.4165e+01 l_align: 6.9036e+01 l_total: 2.2162e+02 
2026-05-22 15:06:58,683 INFO: [topki..][epoch: 40, iter:  26,420, lr:(7.024e-04,)][eta: 6:02:50, time (data): 0.486 (0.140)]l_bij: 6.9513e+01 l_orth: 8.0245e+01 l_diff: 2.9109e+01 l_align: 7.5975e+01 l_total: 2.5484e+02 
2026-05-22 15:07:08,205 INFO: [topki..][epoch: 40, iter:  26,440, lr:(7.024e-04,)][eta: 6:02:38, time (data): 0.485 (0.137)]l_bij: 5.9931e+01 l_orth: 7.2058e+01 l_diff: 2.6994e+01 l_align: 6.9294e+01 l_total: 2.2828e+02 
2026-05-22 15:07:17,705 INFO: [topki..][epoch: 40, iter:  26,460, lr:(7.024e-04,)][eta: 6:02:25, time (data): 0.483 (0.135)]l_bij: 5.7642e+01 l_orth: 7.2016e+01 l_diff: 2.7204e+01 l_align: 7.1283e+01 l_total: 2.2815e+02 
2026-05-22 15:07:27,429 INFO: [topki..][epoch: 40, iter:  26,480, lr:(7.024e-04,)][eta: 6:02:13, time (data): 0.483 (0.134)]l_bij: 7.7350e+01 l_orth: 8.6597e+01 l_diff: 2.5581e+01 l_align: 7.3349e+01 l_total: 2.6288e+02 
2026-05-22 15:07:36,883 INFO: [topki..][epoch: 40, iter:  26,500, lr:(7.024e-04,)][eta: 6:02:01, time (data): 0.482 (0.133)]l_bij: 8.4321e+01 l_orth: 9.3449e+01 l_diff: 2.7632e+01 l_align: 8.2972e+01 l_total: 2.8837e+02 
2026-05-22 15:07:46,500 INFO: [topki..][epoch: 40, iter:  26,520, lr:(7.024e-04,)][eta: 6:01:49, time (data): 0.482 (0.132)]l_bij: 9.4500e+01 l_orth: 1.0150e+02 l_diff: 2.8556e+01 l_align: 8.6602e+01 l_total: 3.1116e+02 
2026-05-22 15:07:55,887 INFO: [topki..][epoch: 40, iter:  26,540, lr:(7.024e-04,)][eta: 6:01:37, time (data): 0.451 (0.119)]l_bij: 1.6779e+00 l_orth: 3.2284e+01 l_diff: 2.1782e+01 l_align: 8.2701e+01 l_total: 1.3845e+02 
2026-05-22 15:08:05,391 INFO: [topki..][epoch: 40, iter:  26,560, lr:(7.024e-04,)][eta: 6:01:24, time (data): 0.468 (0.124)]l_bij: 4.3898e+01 l_orth: 6.0217e+01 l_diff: 2.5266e+01 l_align: 6.8110e+01 l_total: 1.9749e+02 
2026-05-22 15:08:14,804 INFO: [topki..][epoch: 40, iter:  26,580, lr:(7.024e-04,)][eta: 6:01:12, time (data): 0.469 (0.125)]l_bij: 8.1369e+01 l_orth: 9.3005e+01 l_diff: 3.0549e+01 l_align: 8.1502e+01 l_total: 2.8643e+02 
2026-05-22 15:08:24,547 INFO: [topki..][epoch: 40, iter:  26,600, lr:(7.024e-04,)][eta: 6:01:00, time (data): 0.474 (0.125)]l_bij: 7.9168e+01 l_orth: 8.7940e+01 l_diff: 3.0321e+01 l_align: 7.0712e+01 l_total: 2.6814e+02 
2026-05-22 15:08:34,176 INFO: [topki..][epoch: 40, iter:  26,620, lr:(7.024e-04,)][eta: 6:00:48, time (data): 0.476 (0.127)]l_bij: 6.9315e+01 l_orth: 8.0749e+01 l_diff: 2.5316e+01 l_align: 7.4274e+01 l_total: 2.4965e+02 
2026-05-22 15:08:43,877 INFO: [topki..][epoch: 40, iter:  26,640, lr:(7.024e-04,)][eta: 6:00:36, time (data): 0.478 (0.127)]l_bij: 8.0393e+01 l_orth: 8.8827e+01 l_diff: 2.8981e+01 l_align: 7.3334e+01 l_total: 2.7153e+02 
2026-05-22 15:08:53,199 INFO: [topki..][epoch: 40, iter:  26,660, lr:(7.024e-04,)][eta: 6:00:24, time (data): 0.476 (0.127)]l_bij: 7.1032e+01 l_orth: 8.3946e+01 l_diff: 2.8459e+01 l_align: 7.5810e+01 l_total: 2.5925e+02 
2026-05-22 15:09:02,602 INFO: [topki..][epoch: 40, iter:  26,680, lr:(7.024e-04,)][eta: 6:00:12, time (data): 0.475 (0.127)]l_bij: 9.7537e+01 l_orth: 1.0697e+02 l_diff: 2.4283e+01 l_align: 9.1485e+01 l_total: 3.2028e+02 
2026-05-22 15:09:12,349 INFO: [topki..][epoch: 40, iter:  26,700, lr:(7.024e-04,)][eta: 6:00:00, time (data): 0.477 (0.127)]l_bij: 8.3651e+01 l_orth: 9.4925e+01 l_diff: 3.3434e+01 l_align: 8.4321e+01 l_total: 2.9633e+02 
2026-05-22 15:09:22,009 INFO: [topki..][epoch: 40, iter:  26,720, lr:(7.024e-04,)][eta: 5:59:48, time (data): 0.477 (0.127)]l_bij: 6.8329e+01 l_orth: 8.0002e+01 l_diff: 3.2089e+01 l_align: 7.4948e+01 l_total: 2.5537e+02 
2026-05-22 15:09:31,800 INFO: [topki..][epoch: 40, iter:  26,740, lr:(7.024e-04,)][eta: 5:59:36, time (data): 0.510 (0.140)]l_bij: 7.9407e+01 l_orth: 9.3519e+01 l_diff: 2.6561e+01 l_align: 8.3062e+01 l_total: 2.8255e+02 
2026-05-22 15:09:41,442 INFO: [topki..][epoch: 40, iter:  26,760, lr:(7.024e-04,)][eta: 5:59:24, time (data): 0.489 (0.133)]l_bij: 7.0343e+01 l_orth: 7.8817e+01 l_diff: 3.3362e+01 l_align: 6.5758e+01 l_total: 2.4828e+02 
2026-05-22 15:09:51,401 INFO: [topki..][epoch: 40, iter:  26,780, lr:(7.024e-04,)][eta: 5:59:13, time (data): 0.493 (0.131)]l_bij: 5.7267e+01 l_orth: 7.1951e+01 l_diff: 2.5824e+01 l_align: 7.2714e+01 l_total: 2.2776e+02 
2026-05-22 15:10:00,752 INFO: [topki..][epoch: 40, iter:  26,800, lr:(7.024e-04,)][eta: 5:59:00, time (data): 0.485 (0.129)]l_bij: 1.0613e+02 l_orth: 1.1149e+02 l_diff: 3.4593e+01 l_align: 8.4579e+01 l_total: 3.3679e+02 
2026-05-22 15:10:10,503 INFO: [topki..][epoch: 40, iter:  26,820, lr:(7.024e-04,)][eta: 5:58:48, time (data): 0.486 (0.129)]l_bij: 7.2572e+01 l_orth: 8.5423e+01 l_diff: 3.1035e+01 l_align: 7.9622e+01 l_total: 2.6865e+02 
2026-05-22 15:10:20,369 INFO: [topki..][epoch: 40, iter:  26,840, lr:(7.024e-04,)][eta: 5:58:37, time (data): 0.487 (0.128)]l_bij: 7.4896e+01 l_orth: 8.6946e+01 l_diff: 2.6897e+01 l_align: 7.5206e+01 l_total: 2.6395e+02 
2026-05-22 15:10:30,093 INFO: [topki..][epoch: 40, iter:  26,860, lr:(7.024e-04,)][eta: 5:58:25, time (data): 0.487 (0.128)]l_bij: 6.9848e+01 l_orth: 7.9649e+01 l_diff: 3.1554e+01 l_align: 7.2834e+01 l_total: 2.5389e+02 
2026-05-22 15:10:39,651 INFO: [topki..][epoch: 40, iter:  26,880, lr:(7.024e-04,)][eta: 5:58:13, time (data): 0.486 (0.128)]l_bij: 8.5674e+01 l_orth: 9.4427e+01 l_diff: 2.8126e+01 l_align: 8.3887e+01 l_total: 2.9211e+02 
2026-05-22 15:10:49,224 INFO: [topki..][epoch: 40, iter:  26,900, lr:(7.024e-04,)][eta: 5:58:01, time (data): 0.485 (0.128)]l_bij: 6.7943e+01 l_orth: 8.0784e+01 l_diff: 3.1089e+01 l_align: 7.2778e+01 l_total: 2.5260e+02 
2026-05-22 15:10:58,519 INFO: [topki..][epoch: 40, iter:  26,920, lr:(7.024e-04,)][eta: 5:57:48, time (data): 0.483 (0.128)]l_bij: 8.1400e+01 l_orth: 9.2045e+01 l_diff: 2.8415e+01 l_align: 8.2429e+01 l_total: 2.8429e+02 
2026-05-22 15:11:08,081 INFO: [topki..][epoch: 40, iter:  26,940, lr:(7.024e-04,)][eta: 5:57:36, time (data): 0.480 (0.129)]l_bij: 7.1986e+01 l_orth: 8.3743e+01 l_diff: 2.4375e+01 l_align: 7.7454e+01 l_total: 2.5756e+02 
2026-05-22 15:11:18,007 INFO: [topki..][epoch: 40, iter:  26,960, lr:(7.024e-04,)][eta: 5:57:25, time (data): 0.492 (0.128)]l_bij: 6.6299e+01 l_orth: 7.6931e+01 l_diff: 2.4153e+01 l_align: 7.0939e+01 l_total: 2.3832e+02 
2026-05-22 15:11:27,438 INFO: [topki..][epoch: 40, iter:  26,980, lr:(7.024e-04,)][eta: 5:57:13, time (data): 0.483 (0.127)]l_bij: 3.8485e+01 l_orth: 5.7117e+01 l_diff: 2.3928e+01 l_align: 6.9167e+01 l_total: 1.8870e+02 
2026-05-22 15:11:37,042 INFO: [topki..][epoch: 40, iter:  27,000, lr:(7.024e-04,)][eta: 5:57:01, time (data): 0.482 (0.127)]l_bij: 6.4523e+01 l_orth: 7.8409e+01 l_diff: 2.5092e+01 l_align: 7.5291e+01 l_total: 2.4332e+02 
2026-05-22 15:11:46,617 INFO: [topki..][epoch: 40, iter:  27,020, lr:(7.024e-04,)][eta: 5:56:49, time (data): 0.481 (0.127)]l_bij: 7.9246e+01 l_orth: 9.0412e+01 l_diff: 2.2422e+01 l_align: 8.2631e+01 l_total: 2.7471e+02 
2026-05-22 15:11:56,174 INFO: [topki..][epoch: 40, iter:  27,040, lr:(7.024e-04,)][eta: 5:56:37, time (data): 0.481 (0.127)]l_bij: 6.6294e+01 l_orth: 7.6184e+01 l_diff: 3.0596e+01 l_align: 7.1752e+01 l_total: 2.4483e+02 
2026-05-22 15:12:07,349 INFO: [topki..][epoch: 41, iter:  27,060, lr:(6.891e-04,)][eta: 5:56:27, time (data): 0.493 (0.141)]l_bij: 5.5176e+01 l_orth: 6.8837e+01 l_diff: 2.8599e+01 l_align: 7.3854e+01 l_total: 2.2647e+02 
2026-05-22 15:12:16,487 INFO: [topki..][epoch: 41, iter:  27,080, lr:(6.891e-04,)][eta: 5:56:14, time (data): 0.488 (0.137)]l_bij: 8.2602e+01 l_orth: 9.4161e+01 l_diff: 2.9660e+01 l_align: 8.1696e+01 l_total: 2.8812e+02 
2026-05-22 15:12:25,779 INFO: [topki..][epoch: 41, iter:  27,100, lr:(6.891e-04,)][eta: 5:56:02, time (data): 0.485 (0.135)]l_bij: 4.8990e+01 l_orth: 6.5885e+01 l_diff: 2.4817e+01 l_align: 6.9223e+01 l_total: 2.0891e+02 
2026-05-22 15:12:35,246 INFO: [topki..][epoch: 41, iter:  27,120, lr:(6.891e-04,)][eta: 5:55:50, time (data): 0.484 (0.133)]l_bij: 7.2163e+01 l_orth: 8.5511e+01 l_diff: 2.5947e+01 l_align: 7.6642e+01 l_total: 2.6026e+02 
2026-05-22 15:12:44,887 INFO: [topki..][epoch: 41, iter:  27,140, lr:(6.891e-04,)][eta: 5:55:38, time (data): 0.485 (0.119)]l_bij: 6.0165e+01 l_orth: 7.6629e+01 l_diff: 3.0992e+01 l_align: 7.2320e+01 l_total: 2.4011e+02 
2026-05-22 15:12:54,601 INFO: [topki..][epoch: 41, iter:  27,160, lr:(6.891e-04,)][eta: 5:55:26, time (data): 0.486 (0.128)]l_bij: 7.6192e+01 l_orth: 8.7550e+01 l_diff: 3.3428e+01 l_align: 7.6103e+01 l_total: 2.7327e+02 
2026-05-22 15:13:04,158 INFO: [topki..][epoch: 41, iter:  27,180, lr:(6.891e-04,)][eta: 5:55:14, time (data): 0.482 (0.127)]l_bij: 5.6367e+01 l_orth: 7.1494e+01 l_diff: 2.7306e+01 l_align: 7.1646e+01 l_total: 2.2681e+02 
2026-05-22 15:13:13,834 INFO: [topki..][epoch: 41, iter:  27,200, lr:(6.891e-04,)][eta: 5:55:02, time (data): 0.483 (0.128)]l_bij: 7.2792e+01 l_orth: 8.6349e+01 l_diff: 2.9721e+01 l_align: 8.0314e+01 l_total: 2.6918e+02 
2026-05-22 15:13:23,407 INFO: [topki..][epoch: 41, iter:  27,220, lr:(6.891e-04,)][eta: 5:54:50, time (data): 0.482 (0.127)]l_bij: 8.8555e+01 l_orth: 9.7628e+01 l_diff: 2.9231e+01 l_align: 8.4612e+01 l_total: 3.0003e+02 
2026-05-22 15:13:33,059 INFO: [topki..][epoch: 41, iter:  27,240, lr:(6.891e-04,)][eta: 5:54:38, time (data): 0.482 (0.127)]l_bij: 6.0871e+01 l_orth: 7.5399e+01 l_diff: 2.1988e+01 l_align: 7.5853e+01 l_total: 2.3411e+02 
2026-05-22 15:13:42,330 INFO: [topki..][epoch: 41, iter:  27,260, lr:(6.891e-04,)][eta: 5:54:26, time (data): 0.479 (0.126)]l_bij: 5.9652e+01 l_orth: 7.3153e+01 l_diff: 2.8955e+01 l_align: 7.2195e+01 l_total: 2.3396e+02 
2026-05-22 15:13:51,309 INFO: [topki..][epoch: 41, iter:  27,280, lr:(6.891e-04,)][eta: 5:54:13, time (data): 0.475 (0.124)]l_bij: 7.7209e+01 l_orth: 8.8605e+01 l_diff: 2.6219e+01 l_align: 7.8930e+01 l_total: 2.7096e+02 
2026-05-22 15:14:00,495 INFO: [topki..][epoch: 41, iter:  27,300, lr:(6.891e-04,)][eta: 5:54:00, time (data): 0.473 (0.124)]l_bij: 8.2827e+01 l_orth: 9.3544e+01 l_diff: 2.9586e+01 l_align: 8.2448e+01 l_total: 2.8840e+02 
2026-05-22 15:14:10,625 INFO: [topki..][epoch: 41, iter:  27,320, lr:(6.891e-04,)][eta: 5:53:49, time (data): 0.476 (0.125)]l_bij: 9.4297e+01 l_orth: 1.0174e+02 l_diff: 2.7040e+01 l_align: 8.2899e+01 l_total: 3.0597e+02 
2026-05-22 15:14:20,194 INFO: [topki..][epoch: 41, iter:  27,340, lr:(6.891e-04,)][eta: 5:53:37, time (data): 0.470 (0.132)]l_bij: 7.6622e+01 l_orth: 8.5896e+01 l_diff: 2.6681e+01 l_align: 7.5714e+01 l_total: 2.6491e+02 
2026-05-22 15:14:29,656 INFO: [topki..][epoch: 41, iter:  27,360, lr:(6.891e-04,)][eta: 5:53:25, time (data): 0.473 (0.126)]l_bij: 5.6999e+01 l_orth: 7.0750e+01 l_diff: 2.7755e+01 l_align: 7.0785e+01 l_total: 2.2629e+02 
2026-05-22 15:14:38,941 INFO: [topki..][epoch: 41, iter:  27,380, lr:(6.891e-04,)][eta: 5:53:13, time (data): 0.469 (0.127)]l_bij: 7.5436e+01 l_orth: 8.6241e+01 l_diff: 3.1227e+01 l_align: 7.7172e+01 l_total: 2.7008e+02 
2026-05-22 15:14:48,611 INFO: [topki..][epoch: 41, iter:  27,400, lr:(6.891e-04,)][eta: 5:53:01, time (data): 0.473 (0.128)]l_bij: 8.9983e+01 l_orth: 1.0065e+02 l_diff: 2.9769e+01 l_align: 8.8970e+01 l_total: 3.0937e+02 
2026-05-22 15:14:58,214 INFO: [topki..][epoch: 41, iter:  27,420, lr:(6.891e-04,)][eta: 5:52:49, time (data): 0.475 (0.128)]l_bij: 6.4644e+01 l_orth: 7.7946e+01 l_diff: 2.6204e+01 l_align: 7.5722e+01 l_total: 2.4452e+02 
2026-05-22 15:15:07,906 INFO: [topki..][epoch: 41, iter:  27,440, lr:(6.891e-04,)][eta: 5:52:37, time (data): 0.477 (0.129)]l_bij: 5.6590e+01 l_orth: 6.8248e+01 l_diff: 2.5050e+01 l_align: 6.9326e+01 l_total: 2.1921e+02 
2026-05-22 15:15:17,663 INFO: [topki..][epoch: 41, iter:  27,460, lr:(6.891e-04,)][eta: 5:52:26, time (data): 0.479 (0.129)]l_bij: 7.6148e+01 l_orth: 8.8848e+01 l_diff: 2.7764e+01 l_align: 8.3281e+01 l_total: 2.7604e+02 
2026-05-22 15:15:26,830 INFO: [topki..][epoch: 41, iter:  27,480, lr:(6.891e-04,)][eta: 5:52:13, time (data): 0.476 (0.128)]l_bij: 7.6944e+01 l_orth: 8.9540e+01 l_diff: 2.4301e+01 l_align: 7.9053e+01 l_total: 2.6984e+02 
2026-05-22 15:15:36,030 INFO: [topki..][epoch: 41, iter:  27,500, lr:(6.891e-04,)][eta: 5:52:01, time (data): 0.474 (0.127)]l_bij: 6.0256e+01 l_orth: 7.2390e+01 l_diff: 2.5735e+01 l_align: 7.3615e+01 l_total: 2.3200e+02 
2026-05-22 15:15:45,799 INFO: [topki..][epoch: 41, iter:  27,520, lr:(6.891e-04,)][eta: 5:51:49, time (data): 0.475 (0.127)]l_bij: 1.0750e+02 l_orth: 1.1200e+02 l_diff: 3.0183e+01 l_align: 8.0159e+01 l_total: 3.2984e+02 
2026-05-22 15:15:55,360 INFO: [topki..][epoch: 41, iter:  27,540, lr:(6.891e-04,)][eta: 5:51:37, time (data): 0.498 (0.136)]l_bij: 7.4003e+01 l_orth: 8.2813e+01 l_diff: 2.9595e+01 l_align: 6.9809e+01 l_total: 2.5622e+02 
2026-05-22 15:16:04,838 INFO: [topki..][epoch: 41, iter:  27,560, lr:(6.891e-04,)][eta: 5:51:25, time (data): 0.477 (0.129)]l_bij: 5.1979e+01 l_orth: 6.7379e+01 l_diff: 2.2461e+01 l_align: 7.2197e+01 l_total: 2.1402e+02 
2026-05-22 15:16:14,312 INFO: [topki..][epoch: 41, iter:  27,580, lr:(6.891e-04,)][eta: 5:51:13, time (data): 0.475 (0.128)]l_bij: 6.5301e+01 l_orth: 7.9037e+01 l_diff: 2.7023e+01 l_align: 7.4707e+01 l_total: 2.4607e+02 
2026-05-22 15:16:23,837 INFO: [topki..][epoch: 41, iter:  27,600, lr:(6.891e-04,)][eta: 5:51:01, time (data): 0.476 (0.126)]l_bij: 7.4908e+01 l_orth: 8.4942e+01 l_diff: 2.4916e+01 l_align: 7.5367e+01 l_total: 2.6013e+02 
2026-05-22 15:16:34,134 INFO: [topki..][epoch: 41, iter:  27,620, lr:(6.891e-04,)][eta: 5:50:50, time (data): 0.485 (0.129)]l_bij: 8.3742e+01 l_orth: 9.2879e+01 l_diff: 2.5176e+01 l_align: 8.0141e+01 l_total: 2.8194e+02 
2026-05-22 15:16:43,713 INFO: [topki..][epoch: 41, iter:  27,640, lr:(6.891e-04,)][eta: 5:50:38, time (data): 0.484 (0.129)]l_bij: 8.6680e+01 l_orth: 9.3879e+01 l_diff: 3.2707e+01 l_align: 7.7381e+01 l_total: 2.9065e+02 
2026-05-22 15:16:53,115 INFO: [topki..][epoch: 41, iter:  27,660, lr:(6.891e-04,)][eta: 5:50:26, time (data): 0.482 (0.129)]l_bij: 8.0212e+01 l_orth: 8.8446e+01 l_diff: 3.5702e+01 l_align: 7.2177e+01 l_total: 2.7654e+02 
2026-05-22 15:17:02,662 INFO: [topki..][epoch: 41, iter:  27,680, lr:(6.891e-04,)][eta: 5:50:14, time (data): 0.481 (0.128)]l_bij: 6.6826e+01 l_orth: 7.9342e+01 l_diff: 2.5758e+01 l_align: 7.2816e+01 l_total: 2.4474e+02 
2026-05-22 15:17:11,973 INFO: [topki..][epoch: 41, iter:  27,700, lr:(6.891e-04,)][eta: 5:50:02, time (data): 0.479 (0.128)]l_bij: 5.5731e+01 l_orth: 6.9083e+01 l_diff: 2.9379e+01 l_align: 6.8472e+01 l_total: 2.2266e+02 
2026-05-22 15:17:23,802 INFO: [topki..][epoch: 42, iter:  27,720, lr:(6.755e-04,)][eta: 5:49:53, time (data): 0.491 (0.140)]l_bij: 7.0624e+01 l_orth: 8.7333e+01 l_diff: 3.3546e+01 l_align: 8.0238e+01 l_total: 2.7174e+02 
2026-05-22 15:17:33,133 INFO: [topki..][epoch: 42, iter:  27,740, lr:(6.755e-04,)][eta: 5:49:41, time (data): 0.471 (0.119)]l_bij: 7.3215e+01 l_orth: 8.4866e+01 l_diff: 2.7235e+01 l_align: 7.6889e+01 l_total: 2.6221e+02 
2026-05-22 15:17:43,030 INFO: [topki..][epoch: 42, iter:  27,760, lr:(6.755e-04,)][eta: 5:49:29, time (data): 0.493 (0.124)]l_bij: 5.7105e+01 l_orth: 6.8633e+01 l_diff: 2.4431e+01 l_align: 6.8316e+01 l_total: 2.1849e+02 
2026-05-22 15:17:52,600 INFO: [topki..][epoch: 42, iter:  27,780, lr:(6.755e-04,)][eta: 5:49:18, time (data): 0.486 (0.127)]l_bij: 6.1686e+01 l_orth: 7.3028e+01 l_diff: 2.5883e+01 l_align: 7.1049e+01 l_total: 2.3165e+02 
2026-05-22 15:18:01,993 INFO: [topki..][epoch: 42, iter:  27,800, lr:(6.755e-04,)][eta: 5:49:05, time (data): 0.481 (0.126)]l_bij: 9.0471e+01 l_orth: 9.7354e+01 l_diff: 3.1615e+01 l_align: 7.7521e+01 l_total: 2.9696e+02 
2026-05-22 15:18:11,651 INFO: [topki..][epoch: 42, iter:  27,820, lr:(6.755e-04,)][eta: 5:48:54, time (data): 0.481 (0.127)]l_bij: 6.8228e+01 l_orth: 7.6974e+01 l_diff: 2.5130e+01 l_align: 6.6430e+01 l_total: 2.3676e+02 
2026-05-22 15:18:20,876 INFO: [topki..][epoch: 42, iter:  27,840, lr:(6.755e-04,)][eta: 5:48:41, time (data): 0.477 (0.126)]l_bij: 6.2726e+01 l_orth: 7.5193e+01 l_diff: 3.5641e+01 l_align: 6.8969e+01 l_total: 2.4253e+02 
2026-05-22 15:18:30,548 INFO: [topki..][epoch: 42, iter:  27,860, lr:(6.755e-04,)][eta: 5:48:29, time (data): 0.478 (0.125)]l_bij: 7.3690e+01 l_orth: 8.4401e+01 l_diff: 2.9886e+01 l_align: 7.5442e+01 l_total: 2.6342e+02 
2026-05-22 15:18:39,921 INFO: [topki..][epoch: 42, iter:  27,880, lr:(6.755e-04,)][eta: 5:48:17, time (data): 0.477 (0.125)]l_bij: 5.0182e+01 l_orth: 6.7691e+01 l_diff: 2.3819e+01 l_align: 7.1083e+01 l_total: 2.1278e+02 
2026-05-22 15:18:49,606 INFO: [topki..][epoch: 42, iter:  27,900, lr:(6.755e-04,)][eta: 5:48:06, time (data): 0.478 (0.125)]l_bij: 7.7724e+01 l_orth: 8.7774e+01 l_diff: 3.1242e+01 l_align: 7.7221e+01 l_total: 2.7396e+02 
2026-05-22 15:18:59,153 INFO: [topki..][epoch: 42, iter:  27,920, lr:(6.755e-04,)][eta: 5:47:54, time (data): 0.478 (0.125)]l_bij: 8.3174e+01 l_orth: 9.5544e+01 l_diff: 3.1478e+01 l_align: 8.2384e+01 l_total: 2.9258e+02 
2026-05-22 15:19:08,928 INFO: [topki..][epoch: 42, iter:  27,940, lr:(6.755e-04,)][eta: 5:47:42, time (data): 0.465 (0.145)]l_bij: 7.0794e+01 l_orth: 8.2318e+01 l_diff: 2.4957e+01 l_align: 7.4752e+01 l_total: 2.5282e+02 
2026-05-22 15:19:18,496 INFO: [topki..][epoch: 42, iter:  27,960, lr:(6.755e-04,)][eta: 5:47:30, time (data): 0.478 (0.124)]l_bij: 7.9045e+01 l_orth: 8.8802e+01 l_diff: 2.7961e+01 l_align: 8.1022e+01 l_total: 2.7683e+02 
2026-05-22 15:19:27,921 INFO: [topki..][epoch: 42, iter:  27,980, lr:(6.755e-04,)][eta: 5:47:18, time (data): 0.475 (0.127)]l_bij: 7.6593e+01 l_orth: 8.7820e+01 l_diff: 2.5748e+01 l_align: 7.3706e+01 l_total: 2.6387e+02 
2026-05-22 15:19:37,558 INFO: [topki..][epoch: 42, iter:  28,000, lr:(6.755e-04,)][eta: 5:47:06, time (data): 0.477 (0.130)]l_bij: 8.1514e+01 l_orth: 9.2325e+01 l_diff: 2.8669e+01 l_align: 8.2160e+01 l_total: 2.8467e+02 
2026-05-22 15:19:37,559 INFO: Saving models and training states.
2026-05-22 15:19:37,576 INFO: Start validation.
2026-05-22 15:20:46,481 INFO: Avg time: 0.1240
2026-05-22 15:20:46,591 INFO: Val auc: 0.6865
2026-05-22 15:20:46,591 INFO: Val avg error: 0.0609
2026-05-22 15:20:57,510 INFO: [topki..][epoch: 42, iter:  28,020, lr:(6.755e-04,)][eta: 5:48:34, time (data): 0.490 (0.131)]l_bij: 9.1010e+01 l_orth: 1.0211e+02 l_diff: 2.9828e+01 l_align: 9.5488e+01 l_total: 3.1843e+02 
2026-05-22 15:21:07,970 INFO: [topki..][epoch: 42, iter:  28,040, lr:(6.755e-04,)][eta: 5:48:23, time (data): 0.496 (0.132)]l_bij: 5.5359e+01 l_orth: 6.9408e+01 l_diff: 2.6704e+01 l_align: 6.9352e+01 l_total: 2.2082e+02 
2026-05-22 15:21:18,674 INFO: [topki..][epoch: 42, iter:  28,060, lr:(6.755e-04,)][eta: 5:48:13, time (data): 0.503 (0.133)]l_bij: 6.2051e+01 l_orth: 7.5395e+01 l_diff: 2.5203e+01 l_align: 7.0373e+01 l_total: 2.3302e+02 
2026-05-22 15:21:29,808 INFO: [topki..][epoch: 42, iter:  28,080, lr:(6.755e-04,)][eta: 5:48:03, time (data): 0.510 (0.136)]l_bij: 5.9320e+01 l_orth: 7.1573e+01 l_diff: 2.1822e+01 l_align: 6.9931e+01 l_total: 2.2265e+02 
2026-05-22 15:21:41,010 INFO: [topki..][epoch: 42, iter:  28,100, lr:(6.755e-04,)][eta: 5:47:53, time (data): 0.517 (0.137)]l_bij: 4.1987e+01 l_orth: 6.1046e+01 l_diff: 2.0628e+01 l_align: 7.4635e+01 l_total: 1.9830e+02 
2026-05-22 15:21:51,606 INFO: [topki..][epoch: 42, iter:  28,120, lr:(6.755e-04,)][eta: 5:47:43, time (data): 0.518 (0.137)]l_bij: 7.2873e+01 l_orth: 8.2786e+01 l_diff: 2.4806e+01 l_align: 7.1561e+01 l_total: 2.5203e+02 
2026-05-22 15:22:02,871 INFO: [topki..][epoch: 42, iter:  28,140, lr:(6.755e-04,)][eta: 5:47:33, time (data): 0.523 (0.137)]l_bij: 6.9582e+01 l_orth: 8.1802e+01 l_diff: 2.5845e+01 l_align: 7.2713e+01 l_total: 2.4994e+02 
2026-05-22 15:22:13,814 INFO: [topki..][epoch: 42, iter:  28,160, lr:(6.755e-04,)][eta: 5:47:23, time (data): 0.547 (0.141)]l_bij: 7.0484e+01 l_orth: 8.1165e+01 l_diff: 2.6815e+01 l_align: 7.0876e+01 l_total: 2.4934e+02 
2026-05-22 15:22:24,378 INFO: [topki..][epoch: 42, iter:  28,180, lr:(6.755e-04,)][eta: 5:47:13, time (data): 0.538 (0.139)]l_bij: 6.8119e+01 l_orth: 8.0136e+01 l_diff: 3.1020e+01 l_align: 7.3959e+01 l_total: 2.5323e+02 
2026-05-22 15:22:35,147 INFO: [topki..][epoch: 42, iter:  28,200, lr:(6.755e-04,)][eta: 5:47:02, time (data): 0.538 (0.138)]l_bij: 9.0117e+01 l_orth: 9.9126e+01 l_diff: 2.7067e+01 l_align: 8.3658e+01 l_total: 2.9997e+02 
2026-05-22 15:22:45,968 INFO: [topki..][epoch: 42, iter:  28,220, lr:(6.755e-04,)][eta: 5:46:52, time (data): 0.539 (0.138)]l_bij: 6.0183e+01 l_orth: 7.2742e+01 l_diff: 2.7767e+01 l_align: 7.0874e+01 l_total: 2.3157e+02 
2026-05-22 15:22:56,548 INFO: [topki..][epoch: 42, iter:  28,240, lr:(6.755e-04,)][eta: 5:46:42, time (data): 0.537 (0.138)]l_bij: 4.5763e+01 l_orth: 6.3001e+01 l_diff: 2.7161e+01 l_align: 7.3731e+01 l_total: 2.0966e+02 
2026-05-22 15:23:07,228 INFO: [topki..][epoch: 42, iter:  28,260, lr:(6.755e-04,)][eta: 5:46:31, time (data): 0.536 (0.140)]l_bij: 6.4484e+01 l_orth: 7.4341e+01 l_diff: 2.6277e+01 l_align: 6.6503e+01 l_total: 2.3160e+02 
2026-05-22 15:23:17,787 INFO: [topki..][epoch: 42, iter:  28,280, lr:(6.755e-04,)][eta: 5:46:21, time (data): 0.535 (0.139)]l_bij: 4.1144e+01 l_orth: 5.8727e+01 l_diff: 1.8287e+01 l_align: 6.8787e+01 l_total: 1.8694e+02 
2026-05-22 15:23:28,737 INFO: [topki..][epoch: 42, iter:  28,300, lr:(6.755e-04,)][eta: 5:46:11, time (data): 0.537 (0.139)]l_bij: 6.7355e+01 l_orth: 8.1837e+01 l_diff: 3.5787e+01 l_align: 8.1375e+01 l_total: 2.6635e+02 
2026-05-22 15:23:39,118 INFO: [topki..][epoch: 42, iter:  28,320, lr:(6.755e-04,)][eta: 5:46:00, time (data): 0.535 (0.139)]l_bij: 7.2099e+01 l_orth: 8.6193e+01 l_diff: 3.5696e+01 l_align: 7.9073e+01 l_total: 2.7306e+02 
2026-05-22 15:23:49,393 INFO: [topki..][epoch: 42, iter:  28,340, lr:(6.755e-04,)][eta: 5:45:49, time (data): 0.533 (0.139)]l_bij: 8.0734e+01 l_orth: 9.1351e+01 l_diff: 3.0598e+01 l_align: 7.8331e+01 l_total: 2.8101e+02 
2026-05-22 15:23:59,922 INFO: [topki..][epoch: 42, iter:  28,360, lr:(6.755e-04,)][eta: 5:45:38, time (data): 0.528 (0.133)]l_bij: 7.9939e+01 l_orth: 8.7107e+01 l_diff: 2.5256e+01 l_align: 7.1932e+01 l_total: 2.6423e+02 
2026-05-22 15:24:10,351 INFO: [topki..][epoch: 42, iter:  28,380, lr:(6.755e-04,)][eta: 5:45:27, time (data): 0.525 (0.133)]l_bij: 7.1980e+01 l_orth: 8.3005e+01 l_diff: 3.1035e+01 l_align: 7.7843e+01 l_total: 2.6386e+02 
2026-05-22 15:24:23,284 INFO: [topki..][epoch: 43, iter:  28,400, lr:(6.619e-04,)][eta: 5:45:20, time (data): 0.566 (0.171)]l_bij: 9.1031e+01 l_orth: 1.0397e+02 l_diff: 2.7428e+01 l_align: 9.5096e+01 l_total: 3.1752e+02 
2026-05-22 15:24:33,717 INFO: [topki..][epoch: 43, iter:  28,420, lr:(6.619e-04,)][eta: 5:45:09, time (data): 0.555 (0.160)]l_bij: 6.9676e+01 l_orth: 8.3791e+01 l_diff: 2.7453e+01 l_align: 7.9129e+01 l_total: 2.6005e+02 
2026-05-22 15:24:44,244 INFO: [topki..][epoch: 43, iter:  28,440, lr:(6.619e-04,)][eta: 5:44:59, time (data): 0.549 (0.155)]l_bij: 7.4705e+01 l_orth: 8.7622e+01 l_diff: 2.6382e+01 l_align: 8.2963e+01 l_total: 2.7167e+02 
2026-05-22 15:24:55,227 INFO: [topki..][epoch: 43, iter:  28,460, lr:(6.619e-04,)][eta: 5:44:49, time (data): 0.549 (0.152)]l_bij: 4.5654e+01 l_orth: 5.9211e+01 l_diff: 2.3526e+01 l_align: 6.5909e+01 l_total: 1.9430e+02 
2026-05-22 15:25:05,840 INFO: [topki..][epoch: 43, iter:  28,480, lr:(6.619e-04,)][eta: 5:44:38, time (data): 0.546 (0.150)]l_bij: 8.0960e+01 l_orth: 9.0984e+01 l_diff: 3.0974e+01 l_align: 7.2931e+01 l_total: 2.7585e+02 
2026-05-22 15:25:16,889 INFO: [topki..][epoch: 43, iter:  28,500, lr:(6.619e-04,)][eta: 5:44:28, time (data): 0.547 (0.150)]l_bij: 8.6201e+01 l_orth: 9.7676e+01 l_diff: 2.9668e+01 l_align: 9.0987e+01 l_total: 3.0453e+02 
2026-05-22 15:25:27,427 INFO: [topki..][epoch: 43, iter:  28,520, lr:(6.619e-04,)][eta: 5:44:18, time (data): 0.545 (0.149)]l_bij: 8.5082e+01 l_orth: 9.4798e+01 l_diff: 2.6960e+01 l_align: 8.3902e+01 l_total: 2.9074e+02 
2026-05-22 15:25:38,182 INFO: [topki..][epoch: 43, iter:  28,540, lr:(6.619e-04,)][eta: 5:44:07, time (data): 0.544 (0.148)]l_bij: 6.6703e+01 l_orth: 7.6612e+01 l_diff: 2.6429e+01 l_align: 6.4947e+01 l_total: 2.3469e+02 
2026-05-22 15:25:48,335 INFO: [topki..][epoch: 43, iter:  28,560, lr:(6.619e-04,)][eta: 5:43:56, time (data): 0.507 (0.127)]l_bij: 9.8869e+01 l_orth: 1.0761e+02 l_diff: 2.2436e+01 l_align: 8.8904e+01 l_total: 3.1782e+02 
2026-05-22 15:25:59,410 INFO: [topki..][epoch: 43, iter:  28,580, lr:(6.619e-04,)][eta: 5:43:46, time (data): 0.531 (0.135)]l_bij: 5.8830e+01 l_orth: 7.0272e+01 l_diff: 2.7734e+01 l_align: 6.6972e+01 l_total: 2.2381e+02 
2026-05-22 15:26:10,456 INFO: [topki..][epoch: 43, iter:  28,600, lr:(6.619e-04,)][eta: 5:43:36, time (data): 0.539 (0.138)]l_bij: 7.4593e+01 l_orth: 8.5401e+01 l_diff: 3.2052e+01 l_align: 7.9840e+01 l_total: 2.7189e+02 
2026-05-22 15:26:20,808 INFO: [topki..][epoch: 43, iter:  28,620, lr:(6.619e-04,)][eta: 5:43:25, time (data): 0.533 (0.137)]l_bij: 4.8616e+01 l_orth: 6.3977e+01 l_diff: 2.3995e+01 l_align: 6.8212e+01 l_total: 2.0480e+02 
2026-05-22 15:26:32,338 INFO: [topki..][epoch: 43, iter:  28,640, lr:(6.619e-04,)][eta: 5:43:16, time (data): 0.542 (0.140)]l_bij: 9.2879e+01 l_orth: 1.0123e+02 l_diff: 4.3645e+01 l_align: 8.4411e+01 l_total: 3.2217e+02 
2026-05-22 15:26:42,687 INFO: [topki..][epoch: 43, iter:  28,660, lr:(6.619e-04,)][eta: 5:43:05, time (data): 0.538 (0.139)]l_bij: 9.3720e+01 l_orth: 1.0210e+02 l_diff: 3.5613e+01 l_align: 8.8743e+01 l_total: 3.2018e+02 
2026-05-22 15:26:53,313 INFO: [topki..][epoch: 43, iter:  28,680, lr:(6.619e-04,)][eta: 5:42:55, time (data): 0.537 (0.139)]l_bij: 1.0365e+02 l_orth: 1.0979e+02 l_diff: 2.9903e+01 l_align: 8.2094e+01 l_total: 3.2543e+02 
2026-05-22 15:27:04,198 INFO: [topki..][epoch: 43, iter:  28,700, lr:(6.619e-04,)][eta: 5:42:45, time (data): 0.538 (0.138)]l_bij: 6.1291e+01 l_orth: 7.3774e+01 l_diff: 2.7185e+01 l_align: 7.0575e+01 l_total: 2.3283e+02 
2026-05-22 15:27:15,064 INFO: [topki..][epoch: 43, iter:  28,720, lr:(6.619e-04,)][eta: 5:42:34, time (data): 0.538 (0.140)]l_bij: 6.6386e+01 l_orth: 8.2270e+01 l_diff: 3.3257e+01 l_align: 7.4696e+01 l_total: 2.5661e+02 
2026-05-22 15:27:26,136 INFO: [topki..][epoch: 43, iter:  28,740, lr:(6.619e-04,)][eta: 5:42:25, time (data): 0.540 (0.140)]l_bij: 9.9108e+01 l_orth: 1.0482e+02 l_diff: 2.6697e+01 l_align: 7.9673e+01 l_total: 3.1030e+02 
2026-05-22 15:27:37,114 INFO: [topki..][epoch: 43, iter:  28,760, lr:(6.619e-04,)][eta: 5:42:14, time (data): 0.556 (0.144)]l_bij: 6.8238e+01 l_orth: 8.1814e+01 l_diff: 2.8752e+01 l_align: 7.9177e+01 l_total: 2.5798e+02 
2026-05-22 15:27:47,613 INFO: [topki..][epoch: 43, iter:  28,780, lr:(6.619e-04,)][eta: 5:42:04, time (data): 0.539 (0.139)]l_bij: 8.4888e+01 l_orth: 9.3911e+01 l_diff: 2.6276e+01 l_align: 7.9938e+01 l_total: 2.8501e+02 
2026-05-22 15:27:58,082 INFO: [topki..][epoch: 43, iter:  28,800, lr:(6.619e-04,)][eta: 5:41:53, time (data): 0.534 (0.137)]l_bij: 7.0401e+01 l_orth: 8.1513e+01 l_diff: 3.0940e+01 l_align: 7.5506e+01 l_total: 2.5836e+02 
2026-05-22 15:28:09,147 INFO: [topki..][epoch: 43, iter:  28,820, lr:(6.619e-04,)][eta: 5:41:43, time (data): 0.539 (0.138)]l_bij: 5.7862e+01 l_orth: 7.1324e+01 l_diff: 2.3653e+01 l_align: 7.0556e+01 l_total: 2.2339e+02 
2026-05-22 15:28:19,944 INFO: [topki..][epoch: 43, iter:  28,840, lr:(6.619e-04,)][eta: 5:41:33, time (data): 0.539 (0.138)]l_bij: 8.1958e+01 l_orth: 9.6577e+01 l_diff: 2.7073e+01 l_align: 8.8105e+01 l_total: 2.9371e+02 
2026-05-22 15:28:31,028 INFO: [topki..][epoch: 43, iter:  28,860, lr:(6.619e-04,)][eta: 5:41:23, time (data): 0.542 (0.138)]l_bij: 7.0331e+01 l_orth: 8.4525e+01 l_diff: 2.8428e+01 l_align: 7.9409e+01 l_total: 2.6269e+02 
2026-05-22 15:28:41,294 INFO: [topki..][epoch: 43, iter:  28,880, lr:(6.619e-04,)][eta: 5:41:12, time (data): 0.537 (0.138)]l_bij: 6.4756e+01 l_orth: 7.5167e+01 l_diff: 2.4567e+01 l_align: 6.9389e+01 l_total: 2.3388e+02 
2026-05-22 15:28:51,872 INFO: [topki..][epoch: 43, iter:  28,900, lr:(6.619e-04,)][eta: 5:41:01, time (data): 0.536 (0.138)]l_bij: 5.1262e+01 l_orth: 6.6673e+01 l_diff: 2.1079e+01 l_align: 7.1371e+01 l_total: 2.1039e+02 
2026-05-22 15:29:02,058 INFO: [topki..][epoch: 43, iter:  28,920, lr:(6.619e-04,)][eta: 5:40:50, time (data): 0.533 (0.138)]l_bij: 9.1469e+01 l_orth: 9.7685e+01 l_diff: 2.6247e+01 l_align: 8.3853e+01 l_total: 2.9925e+02 
2026-05-22 15:29:12,965 INFO: [topki..][epoch: 43, iter:  28,940, lr:(6.619e-04,)][eta: 5:40:40, time (data): 0.534 (0.138)]l_bij: 7.0096e+01 l_orth: 7.9889e+01 l_diff: 3.0037e+01 l_align: 6.8875e+01 l_total: 2.4890e+02 
2026-05-22 15:29:24,270 INFO: [topki..][epoch: 43, iter:  28,960, lr:(6.619e-04,)][eta: 5:40:31, time (data): 0.560 (0.138)]l_bij: 5.5028e+01 l_orth: 7.1333e+01 l_diff: 2.3653e+01 l_align: 6.9054e+01 l_total: 2.1907e+02 
2026-05-22 15:29:35,283 INFO: [topki..][epoch: 43, iter:  28,980, lr:(6.619e-04,)][eta: 5:40:21, time (data): 0.555 (0.138)]l_bij: 7.1441e+01 l_orth: 8.1937e+01 l_diff: 2.7370e+01 l_align: 7.0956e+01 l_total: 2.5170e+02 
2026-05-22 15:29:46,086 INFO: [topki..][epoch: 43, iter:  29,000, lr:(6.619e-04,)][eta: 5:40:10, time (data): 0.550 (0.139)]l_bij: 5.4051e+01 l_orth: 6.7891e+01 l_diff: 2.9962e+01 l_align: 6.5488e+01 l_total: 2.1739e+02 
2026-05-22 15:29:56,532 INFO: [topki..][epoch: 43, iter:  29,020, lr:(6.619e-04,)][eta: 5:40:00, time (data): 0.542 (0.136)]l_bij: 7.9192e+01 l_orth: 8.6336e+01 l_diff: 2.4349e+01 l_align: 6.3230e+01 l_total: 2.5311e+02 
2026-05-22 15:30:07,355 INFO: [topki..][epoch: 43, iter:  29,040, lr:(6.619e-04,)][eta: 5:39:49, time (data): 0.542 (0.139)]l_bij: 7.8049e+01 l_orth: 9.0062e+01 l_diff: 2.8790e+01 l_align: 7.8068e+01 l_total: 2.7497e+02 
2026-05-22 15:30:18,276 INFO: [topki..][epoch: 43, iter:  29,060, lr:(6.619e-04,)][eta: 5:39:39, time (data): 0.543 (0.140)]l_bij: 8.0151e+01 l_orth: 8.9004e+01 l_diff: 2.4795e+01 l_align: 8.1899e+01 l_total: 2.7585e+02 
2026-05-22 15:30:30,716 INFO: [topki..][epoch: 44, iter:  29,080, lr:(6.482e-04,)][eta: 5:39:31, time (data): 0.554 (0.155)]l_bij: 4.2739e+00 l_orth: 4.4577e+01 l_diff: 2.2186e+01 l_align: 1.0034e+02 l_total: 1.7138e+02 
2026-05-22 15:30:40,878 INFO: [topki..][epoch: 44, iter:  29,100, lr:(6.482e-04,)][eta: 5:39:20, time (data): 0.548 (0.151)]l_bij: 7.2222e+01 l_orth: 8.3522e+01 l_diff: 2.4252e+01 l_align: 7.6498e+01 l_total: 2.5649e+02 
2026-05-22 15:30:52,022 INFO: [topki..][epoch: 44, iter:  29,120, lr:(6.482e-04,)][eta: 5:39:10, time (data): 0.549 (0.150)]l_bij: 7.9112e+01 l_orth: 8.9675e+01 l_diff: 2.5356e+01 l_align: 7.7855e+01 l_total: 2.7200e+02 
2026-05-22 15:31:03,172 INFO: [topki..][epoch: 44, iter:  29,140, lr:(6.482e-04,)][eta: 5:39:00, time (data): 0.550 (0.150)]l_bij: 5.7564e+01 l_orth: 6.9807e+01 l_diff: 2.3464e+01 l_align: 6.9212e+01 l_total: 2.2005e+02 
2026-05-22 15:31:14,811 INFO: [topki..][epoch: 44, iter:  29,160, lr:(6.482e-04,)][eta: 5:38:51, time (data): 0.575 (0.155)]l_bij: 6.8523e+01 l_orth: 8.1890e+01 l_diff: 2.6766e+01 l_align: 8.1968e+01 l_total: 2.5915e+02 
2026-05-22 15:31:25,781 INFO: [topki..][epoch: 44, iter:  29,180, lr:(6.482e-04,)][eta: 5:38:41, time (data): 0.560 (0.143)]l_bij: 6.7757e+01 l_orth: 7.7683e+01 l_diff: 2.7134e+01 l_align: 7.0910e+01 l_total: 2.4348e+02 
2026-05-22 15:31:36,513 INFO: [topki..][epoch: 44, iter:  29,200, lr:(6.482e-04,)][eta: 5:38:31, time (data): 0.551 (0.142)]l_bij: 6.7772e+01 l_orth: 8.2258e+01 l_diff: 2.7353e+01 l_align: 8.0953e+01 l_total: 2.5834e+02 
2026-05-22 15:31:47,292 INFO: [topki..][epoch: 44, iter:  29,220, lr:(6.482e-04,)][eta: 5:38:20, time (data): 0.548 (0.141)]l_bij: 3.8219e+01 l_orth: 5.5000e+01 l_diff: 2.1892e+01 l_align: 6.7603e+01 l_total: 1.8271e+02 
2026-05-22 15:31:58,137 INFO: [topki..][epoch: 44, iter:  29,240, lr:(6.482e-04,)][eta: 5:38:10, time (data): 0.547 (0.141)]l_bij: 6.8105e+01 l_orth: 7.9032e+01 l_diff: 2.7275e+01 l_align: 7.0804e+01 l_total: 2.4522e+02 
2026-05-22 15:32:08,754 INFO: [topki..][epoch: 44, iter:  29,260, lr:(6.482e-04,)][eta: 5:38:00, time (data): 0.544 (0.141)]l_bij: 6.2635e+01 l_orth: 7.3131e+01 l_diff: 2.8975e+01 l_align: 7.1667e+01 l_total: 2.3641e+02 
2026-05-22 15:32:19,676 INFO: [topki..][epoch: 44, iter:  29,280, lr:(6.482e-04,)][eta: 5:37:50, time (data): 0.544 (0.140)]l_bij: 7.0769e+01 l_orth: 8.2946e+01 l_diff: 2.9114e+01 l_align: 7.4660e+01 l_total: 2.5749e+02 
2026-05-22 15:32:30,388 INFO: [topki..][epoch: 44, iter:  29,300, lr:(6.482e-04,)][eta: 5:37:39, time (data): 0.543 (0.140)]l_bij: 7.3350e+01 l_orth: 8.4613e+01 l_diff: 2.9426e+01 l_align: 7.9627e+01 l_total: 2.6702e+02 
2026-05-22 15:32:41,256 INFO: [topki..][epoch: 44, iter:  29,320, lr:(6.482e-04,)][eta: 5:37:29, time (data): 0.543 (0.141)]l_bij: 7.0954e+01 l_orth: 8.1666e+01 l_diff: 2.9198e+01 l_align: 7.1136e+01 l_total: 2.5295e+02 
2026-05-22 15:32:51,494 INFO: [topki..][epoch: 44, iter:  29,340, lr:(6.482e-04,)][eta: 5:37:18, time (data): 0.540 (0.140)]l_bij: 9.0477e+01 l_orth: 1.0022e+02 l_diff: 2.9176e+01 l_align: 7.9739e+01 l_total: 2.9961e+02 
2026-05-22 15:33:02,127 INFO: [topki..][epoch: 44, iter:  29,360, lr:(6.482e-04,)][eta: 5:37:07, time (data): 0.539 (0.130)]l_bij: 6.2310e+01 l_orth: 7.5984e+01 l_diff: 2.6025e+01 l_align: 7.2372e+01 l_total: 2.3669e+02 
2026-05-22 15:33:12,908 INFO: [topki..][epoch: 44, iter:  29,380, lr:(6.482e-04,)][eta: 5:36:57, time (data): 0.539 (0.133)]l_bij: 7.9467e+01 l_orth: 8.7665e+01 l_diff: 2.9962e+01 l_align: 7.3143e+01 l_total: 2.7024e+02 
2026-05-22 15:33:24,373 INFO: [topki..][epoch: 44, iter:  29,400, lr:(6.482e-04,)][eta: 5:36:48, time (data): 0.552 (0.139)]l_bij: 8.7424e+01 l_orth: 9.8056e+01 l_diff: 2.6799e+01 l_align: 8.1507e+01 l_total: 2.9379e+02 
2026-05-22 15:33:35,194 INFO: [topki..][epoch: 44, iter:  29,420, lr:(6.482e-04,)][eta: 5:36:37, time (data): 0.549 (0.138)]l_bij: 7.5095e+01 l_orth: 8.4928e+01 l_diff: 3.0917e+01 l_align: 8.0463e+01 l_total: 2.7140e+02 
2026-05-22 15:33:45,777 INFO: [topki..][epoch: 44, iter:  29,440, lr:(6.482e-04,)][eta: 5:36:27, time (data): 0.545 (0.139)]l_bij: 8.1143e+01 l_orth: 9.0593e+01 l_diff: 2.7844e+01 l_align: 7.9275e+01 l_total: 2.7885e+02 
2026-05-22 15:33:56,319 INFO: [topki..][epoch: 44, iter:  29,460, lr:(6.482e-04,)][eta: 5:36:16, time (data): 0.542 (0.139)]l_bij: 6.5094e+01 l_orth: 7.6700e+01 l_diff: 2.6076e+01 l_align: 6.9973e+01 l_total: 2.3784e+02 
2026-05-22 15:34:06,440 INFO: [topki..][epoch: 44, iter:  29,480, lr:(6.482e-04,)][eta: 5:36:05, time (data): 0.536 (0.138)]l_bij: 7.1482e+01 l_orth: 8.5514e+01 l_diff: 2.7685e+01 l_align: 8.2974e+01 l_total: 2.6765e+02 
2026-05-22 15:34:17,238 INFO: [topki..][epoch: 44, iter:  29,500, lr:(6.482e-04,)][eta: 5:35:55, time (data): 0.537 (0.138)]l_bij: 5.6376e+01 l_orth: 7.1981e+01 l_diff: 2.9191e+01 l_align: 7.5443e+01 l_total: 2.3299e+02 
2026-05-22 15:34:27,988 INFO: [topki..][epoch: 44, iter:  29,520, lr:(6.482e-04,)][eta: 5:35:44, time (data): 0.537 (0.138)]l_bij: 6.1683e+01 l_orth: 7.6650e+01 l_diff: 2.3897e+01 l_align: 7.5665e+01 l_total: 2.3789e+02 
2026-05-22 15:34:38,521 INFO: [topki..][epoch: 44, iter:  29,540, lr:(6.482e-04,)][eta: 5:35:34, time (data): 0.536 (0.138)]l_bij: 6.5410e+01 l_orth: 7.4704e+01 l_diff: 2.3915e+01 l_align: 6.5891e+01 l_total: 2.2992e+02 
2026-05-22 15:34:49,663 INFO: [topki..][epoch: 44, iter:  29,560, lr:(6.482e-04,)][eta: 5:35:24, time (data): 0.561 (0.145)]l_bij: 6.7021e+01 l_orth: 7.6279e+01 l_diff: 2.5642e+01 l_align: 6.7429e+01 l_total: 2.3637e+02 
2026-05-22 15:35:00,528 INFO: [topki..][epoch: 44, iter:  29,580, lr:(6.482e-04,)][eta: 5:35:14, time (data): 0.550 (0.142)]l_bij: 7.9949e+01 l_orth: 8.9408e+01 l_diff: 2.6140e+01 l_align: 8.0355e+01 l_total: 2.7585e+02 
2026-05-22 15:35:11,324 INFO: [topki..][epoch: 44, iter:  29,600, lr:(6.482e-04,)][eta: 5:35:03, time (data): 0.546 (0.140)]l_bij: 1.0399e+02 l_orth: 1.0957e+02 l_diff: 3.6976e+01 l_align: 8.3351e+01 l_total: 3.3389e+02 
2026-05-22 15:35:21,899 INFO: [topki..][epoch: 44, iter:  29,620, lr:(6.482e-04,)][eta: 5:34:53, time (data): 0.541 (0.141)]l_bij: 9.4561e+01 l_orth: 1.0190e+02 l_diff: 3.3847e+01 l_align: 8.9840e+01 l_total: 3.2015e+02 
2026-05-22 15:35:33,186 INFO: [topki..][epoch: 44, iter:  29,640, lr:(6.482e-04,)][eta: 5:34:43, time (data): 0.546 (0.142)]l_bij: 7.8705e+01 l_orth: 8.5817e+01 l_diff: 2.7280e+01 l_align: 6.5974e+01 l_total: 2.5778e+02 
2026-05-22 15:35:43,712 INFO: [topki..][epoch: 44, iter:  29,660, lr:(6.482e-04,)][eta: 5:34:32, time (data): 0.543 (0.142)]l_bij: 7.4276e+01 l_orth: 8.6367e+01 l_diff: 3.4038e+01 l_align: 7.8853e+01 l_total: 2.7353e+02 
2026-05-22 15:35:54,684 INFO: [topki..][epoch: 44, iter:  29,680, lr:(6.482e-04,)][eta: 5:34:22, time (data): 0.544 (0.144)]l_bij: 8.1065e+01 l_orth: 8.9558e+01 l_diff: 2.3040e+01 l_align: 7.9660e+01 l_total: 2.7332e+02 
2026-05-22 15:36:04,996 INFO: [topki..][epoch: 44, iter:  29,700, lr:(6.482e-04,)][eta: 5:34:11, time (data): 0.540 (0.143)]l_bij: 8.2917e+01 l_orth: 9.4197e+01 l_diff: 3.1005e+01 l_align: 8.7425e+01 l_total: 2.9554e+02 
2026-05-22 15:36:15,574 INFO: [topki..][epoch: 44, iter:  29,720, lr:(6.482e-04,)][eta: 5:34:01, time (data): 0.539 (0.143)]l_bij: 1.0202e+02 l_orth: 1.0789e+02 l_diff: 3.0546e+01 l_align: 9.0607e+01 l_total: 3.3106e+02 
2026-05-22 15:36:25,899 INFO: [topki..][epoch: 44, iter:  29,740, lr:(6.482e-04,)][eta: 5:33:50, time (data): 0.536 (0.142)]l_bij: 9.0459e+01 l_orth: 1.0002e+02 l_diff: 2.7117e+01 l_align: 8.5581e+01 l_total: 3.0318e+02 
2026-05-22 15:36:38,648 INFO: [topki..][epoch: 45, iter:  29,760, lr:(6.343e-04,)][eta: 5:33:42, time (data): 0.529 (0.134)]l_bij: 7.2221e+01 l_orth: 8.0741e+01 l_diff: 2.3740e+01 l_align: 7.0965e+01 l_total: 2.4767e+02 
2026-05-22 15:36:49,537 INFO: [topki..][epoch: 45, iter:  29,780, lr:(6.343e-04,)][eta: 5:33:32, time (data): 0.539 (0.136)]l_bij: 5.5484e+01 l_orth: 6.7503e+01 l_diff: 2.0294e+01 l_align: 6.8213e+01 l_total: 2.1149e+02 
2026-05-22 15:37:00,207 INFO: [topki..][epoch: 45, iter:  29,800, lr:(6.343e-04,)][eta: 5:33:21, time (data): 0.537 (0.138)]l_bij: 5.7488e+01 l_orth: 7.2660e+01 l_diff: 2.0377e+01 l_align: 6.4833e+01 l_total: 2.1536e+02 
2026-05-22 15:37:10,368 INFO: [topki..][epoch: 45, iter:  29,820, lr:(6.343e-04,)][eta: 5:33:10, time (data): 0.529 (0.136)]l_bij: 6.3814e+01 l_orth: 7.6570e+01 l_diff: 2.8417e+01 l_align: 6.7206e+01 l_total: 2.3601e+02 
2026-05-22 15:37:21,178 INFO: [topki..][epoch: 45, iter:  29,840, lr:(6.343e-04,)][eta: 5:33:00, time (data): 0.531 (0.136)]l_bij: 9.4979e-01 l_orth: 3.0617e+01 l_diff: 2.2503e+01 l_align: 7.7186e+01 l_total: 1.3126e+02 
2026-05-22 15:37:31,856 INFO: [topki..][epoch: 45, iter:  29,860, lr:(6.343e-04,)][eta: 5:32:50, time (data): 0.532 (0.137)]l_bij: 6.8890e+01 l_orth: 8.0095e+01 l_diff: 2.1637e+01 l_align: 7.5466e+01 l_total: 2.4609e+02 
2026-05-22 15:37:42,512 INFO: [topki..][epoch: 45, iter:  29,880, lr:(6.343e-04,)][eta: 5:32:39, time (data): 0.532 (0.137)]l_bij: 9.0643e+01 l_orth: 9.6451e+01 l_diff: 2.7766e+01 l_align: 8.0152e+01 l_total: 2.9501e+02 
2026-05-22 15:37:53,820 INFO: [topki..][epoch: 45, iter:  29,900, lr:(6.343e-04,)][eta: 5:32:29, time (data): 0.536 (0.138)]l_bij: 5.6941e+01 l_orth: 7.0703e+01 l_diff: 2.5222e+01 l_align: 7.4684e+01 l_total: 2.2755e+02 
2026-05-22 15:38:04,580 INFO: [topki..][epoch: 45, iter:  29,920, lr:(6.343e-04,)][eta: 5:32:19, time (data): 0.536 (0.138)]l_bij: 5.1995e+01 l_orth: 6.7506e+01 l_diff: 2.4502e+01 l_align: 7.4481e+01 l_total: 2.1848e+02 
2026-05-22 15:38:15,333 INFO: [topki..][epoch: 45, iter:  29,940, lr:(6.343e-04,)][eta: 5:32:09, time (data): 0.537 (0.138)]l_bij: 8.8554e+01 l_orth: 9.7343e+01 l_diff: 3.0732e+01 l_align: 8.2724e+01 l_total: 2.9935e+02 
2026-05-22 15:38:25,775 INFO: [topki..][epoch: 45, iter:  29,960, lr:(6.343e-04,)][eta: 5:31:58, time (data): 0.527 (0.130)]l_bij: 6.1220e+01 l_orth: 7.1892e+01 l_diff: 2.2118e+01 l_align: 6.8370e+01 l_total: 2.2360e+02 
2026-05-22 15:38:36,137 INFO: [topki..][epoch: 45, iter:  29,980, lr:(6.343e-04,)][eta: 5:31:47, time (data): 0.521 (0.132)]l_bij: 7.2039e+01 l_orth: 8.5818e+01 l_diff: 2.8506e+01 l_align: 7.7070e+01 l_total: 2.6343e+02 
2026-05-22 15:38:47,301 INFO: [topki..][epoch: 45, iter:  30,000, lr:(6.343e-04,)][eta: 5:31:37, time (data): 0.536 (0.136)]l_bij: 7.5812e+01 l_orth: 8.5269e+01 l_diff: 3.2584e+01 l_align: 7.1410e+01 l_total: 2.6507e+02 
2026-05-22 15:38:57,548 INFO: [topki..][epoch: 45, iter:  30,020, lr:(6.343e-04,)][eta: 5:31:26, time (data): 0.529 (0.135)]l_bij: 6.7465e+01 l_orth: 7.9027e+01 l_diff: 2.3119e+01 l_align: 7.2262e+01 l_total: 2.4187e+02 
2026-05-22 15:39:07,798 INFO: [topki..][epoch: 45, iter:  30,040, lr:(6.343e-04,)][eta: 5:31:15, time (data): 0.525 (0.135)]l_bij: 8.1255e+01 l_orth: 8.9057e+01 l_diff: 2.8680e+01 l_align: 7.9691e+01 l_total: 2.7868e+02 
2026-05-22 15:39:18,473 INFO: [topki..][epoch: 45, iter:  30,060, lr:(6.343e-04,)][eta: 5:31:05, time (data): 0.527 (0.136)]l_bij: 7.9230e+01 l_orth: 8.8468e+01 l_diff: 2.5727e+01 l_align: 8.0945e+01 l_total: 2.7437e+02 
2026-05-22 15:39:28,750 INFO: [topki..][epoch: 45, iter:  30,080, lr:(6.343e-04,)][eta: 5:30:54, time (data): 0.525 (0.136)]l_bij: 5.6128e+01 l_orth: 7.1890e+01 l_diff: 2.6453e+01 l_align: 7.3200e+01 l_total: 2.2767e+02 
2026-05-22 15:39:39,583 INFO: [topki..][epoch: 45, iter:  30,100, lr:(6.343e-04,)][eta: 5:30:43, time (data): 0.527 (0.137)]l_bij: 8.1435e+01 l_orth: 8.9098e+01 l_diff: 2.6663e+01 l_align: 7.3514e+01 l_total: 2.7071e+02 
2026-05-22 15:39:50,175 INFO: [topki..][epoch: 45, iter:  30,120, lr:(6.343e-04,)][eta: 5:30:33, time (data): 0.527 (0.136)]l_bij: 4.4512e+01 l_orth: 6.5181e+01 l_diff: 2.9077e+01 l_align: 7.3843e+01 l_total: 2.1261e+02 
2026-05-22 15:40:00,400 INFO: [topki..][epoch: 45, iter:  30,140, lr:(6.343e-04,)][eta: 5:30:22, time (data): 0.526 (0.135)]l_bij: 7.3011e+01 l_orth: 8.3271e+01 l_diff: 2.6293e+01 l_align: 7.3060e+01 l_total: 2.5564e+02 
2026-05-22 15:40:11,405 INFO: [topki..][epoch: 45, iter:  30,160, lr:(6.343e-04,)][eta: 5:30:12, time (data): 0.562 (0.154)]l_bij: 8.7245e+01 l_orth: 9.5848e+01 l_diff: 3.0791e+01 l_align: 8.1704e+01 l_total: 2.9559e+02 
2026-05-22 15:40:22,132 INFO: [topki..][epoch: 45, iter:  30,180, lr:(6.343e-04,)][eta: 5:30:01, time (data): 0.545 (0.142)]l_bij: 9.7379e+01 l_orth: 1.0345e+02 l_diff: 3.5907e+01 l_align: 7.9671e+01 l_total: 3.1640e+02 
2026-05-22 15:40:32,935 INFO: [topki..][epoch: 45, iter:  30,200, lr:(6.343e-04,)][eta: 5:29:51, time (data): 0.543 (0.142)]l_bij: 3.6878e+01 l_orth: 5.7512e+01 l_diff: 2.9757e+01 l_align: 7.4934e+01 l_total: 1.9908e+02 
2026-05-22 15:40:43,232 INFO: [topki..][epoch: 45, iter:  30,220, lr:(6.343e-04,)][eta: 5:29:40, time (data): 0.535 (0.141)]l_bij: 5.2187e+01 l_orth: 6.5890e+01 l_diff: 2.1226e+01 l_align: 7.0665e+01 l_total: 2.0997e+02 
2026-05-22 15:40:53,652 INFO: [topki..][epoch: 45, iter:  30,240, lr:(6.343e-04,)][eta: 5:29:29, time (data): 0.532 (0.140)]l_bij: 6.8881e+01 l_orth: 7.8257e+01 l_diff: 2.5519e+01 l_align: 7.2728e+01 l_total: 2.4539e+02 
2026-05-22 15:41:04,373 INFO: [topki..][epoch: 45, iter:  30,260, lr:(6.343e-04,)][eta: 5:29:19, time (data): 0.532 (0.140)]l_bij: 9.4189e+01 l_orth: 1.0064e+02 l_diff: 3.0291e+01 l_align: 8.8117e+01 l_total: 3.1324e+02 
2026-05-22 15:41:14,675 INFO: [topki..][epoch: 45, iter:  30,280, lr:(6.343e-04,)][eta: 5:29:08, time (data): 0.530 (0.139)]l_bij: 9.1565e+01 l_orth: 9.8078e+01 l_diff: 3.1815e+01 l_align: 8.0135e+01 l_total: 3.0159e+02 
2026-05-22 15:41:25,435 INFO: [topki..][epoch: 45, iter:  30,300, lr:(6.343e-04,)][eta: 5:28:58, time (data): 0.531 (0.139)]l_bij: 6.0878e+01 l_orth: 7.4029e+01 l_diff: 2.8793e+01 l_align: 7.3452e+01 l_total: 2.3715e+02 
2026-05-22 15:41:36,250 INFO: [topki..][epoch: 45, iter:  30,320, lr:(6.343e-04,)][eta: 5:28:47, time (data): 0.532 (0.140)]l_bij: 8.3984e+01 l_orth: 9.3248e+01 l_diff: 2.5471e+01 l_align: 7.9944e+01 l_total: 2.8265e+02 
2026-05-22 15:41:47,301 INFO: [topki..][epoch: 45, iter:  30,340, lr:(6.343e-04,)][eta: 5:28:37, time (data): 0.534 (0.140)]l_bij: 6.1911e+01 l_orth: 7.3154e+01 l_diff: 2.5322e+01 l_align: 6.6853e+01 l_total: 2.2724e+02 
2026-05-22 15:41:58,043 INFO: [topki..][epoch: 45, iter:  30,360, lr:(6.343e-04,)][eta: 5:28:27, time (data): 0.541 (0.143)]l_bij: 6.5453e+01 l_orth: 7.9762e+01 l_diff: 2.7624e+01 l_align: 7.8714e+01 l_total: 2.5155e+02 
2026-05-22 15:42:09,375 INFO: [topki..][epoch: 45, iter:  30,380, lr:(6.343e-04,)][eta: 5:28:17, time (data): 0.558 (0.141)]l_bij: 7.0322e+01 l_orth: 8.3375e+01 l_diff: 2.4441e+01 l_align: 7.6752e+01 l_total: 2.5489e+02 
2026-05-22 15:42:19,963 INFO: [topki..][epoch: 45, iter:  30,400, lr:(6.343e-04,)][eta: 5:28:07, time (data): 0.547 (0.141)]l_bij: 6.5417e+01 l_orth: 7.5860e+01 l_diff: 2.6077e+01 l_align: 6.6911e+01 l_total: 2.3427e+02 
2026-05-22 15:42:31,053 INFO: [topki..][epoch: 45, iter:  30,420, lr:(6.343e-04,)][eta: 5:27:57, time (data): 0.549 (0.145)]l_bij: 7.8094e+01 l_orth: 8.8896e+01 l_diff: 2.8069e+01 l_align: 7.1789e+01 l_total: 2.6685e+02 
2026-05-22 15:42:43,529 INFO: [topki..][epoch: 46, iter:  30,440, lr:(6.204e-04,)][eta: 5:27:48, time (data): 0.566 (0.161)]l_bij: 5.8483e+01 l_orth: 7.1627e+01 l_diff: 2.3480e+01 l_align: 7.2737e+01 l_total: 2.2633e+02 
2026-05-22 15:42:54,232 INFO: [topki..][epoch: 46, iter:  30,460, lr:(6.204e-04,)][eta: 5:27:38, time (data): 0.560 (0.156)]l_bij: 5.5466e+01 l_orth: 6.7667e+01 l_diff: 2.3113e+01 l_align: 6.8357e+01 l_total: 2.1460e+02 
2026-05-22 15:43:04,431 INFO: [topki..][epoch: 46, iter:  30,480, lr:(6.204e-04,)][eta: 5:27:27, time (data): 0.552 (0.152)]l_bij: 6.8765e+01 l_orth: 8.0875e+01 l_diff: 3.6755e+01 l_align: 7.2333e+01 l_total: 2.5873e+02 
2026-05-22 15:43:15,239 INFO: [topki..][epoch: 46, iter:  30,500, lr:(6.204e-04,)][eta: 5:27:17, time (data): 0.551 (0.150)]l_bij: 6.1934e+01 l_orth: 7.7104e+01 l_diff: 2.8354e+01 l_align: 7.5918e+01 l_total: 2.4331e+02 
2026-05-22 15:43:26,443 INFO: [topki..][epoch: 46, iter:  30,520, lr:(6.204e-04,)][eta: 5:27:07, time (data): 0.552 (0.150)]l_bij: 4.6282e+01 l_orth: 6.4414e+01 l_diff: 2.5523e+01 l_align: 7.2425e+01 l_total: 2.0864e+02 
2026-05-22 15:43:37,580 INFO: [topki..][epoch: 46, iter:  30,540, lr:(6.204e-04,)][eta: 5:26:57, time (data): 0.552 (0.150)]l_bij: 8.6746e+01 l_orth: 9.9695e+01 l_diff: 2.6404e+01 l_align: 9.0886e+01 l_total: 3.0373e+02 
2026-05-22 15:43:48,325 INFO: [topki..][epoch: 46, iter:  30,560, lr:(6.204e-04,)][eta: 5:26:46, time (data): 0.528 (0.125)]l_bij: 4.7990e+01 l_orth: 6.2630e+01 l_diff: 2.7119e+01 l_align: 6.4810e+01 l_total: 2.0255e+02 
2026-05-22 15:43:58,839 INFO: [topki..][epoch: 46, iter:  30,580, lr:(6.204e-04,)][eta: 5:26:36, time (data): 0.526 (0.136)]l_bij: 8.3679e+01 l_orth: 9.1915e+01 l_diff: 3.0488e+01 l_align: 7.6848e+01 l_total: 2.8293e+02 
2026-05-22 15:44:09,317 INFO: [topki..][epoch: 46, iter:  30,600, lr:(6.204e-04,)][eta: 5:26:25, time (data): 0.525 (0.135)]l_bij: 6.7203e+01 l_orth: 7.8123e+01 l_diff: 3.1198e+01 l_align: 7.0264e+01 l_total: 2.4679e+02 
2026-05-22 15:44:19,162 INFO: [topki..][epoch: 46, iter:  30,620, lr:(6.204e-04,)][eta: 5:26:14, time (data): 0.515 (0.135)]l_bij: 8.8153e+01 l_orth: 1.0022e+02 l_diff: 3.1610e+01 l_align: 9.0085e+01 l_total: 3.1006e+02 
2026-05-22 15:44:29,595 INFO: [topki..][epoch: 46, iter:  30,640, lr:(6.204e-04,)][eta: 5:26:03, time (data): 0.517 (0.135)]l_bij: 6.0957e+01 l_orth: 7.2549e+01 l_diff: 2.8739e+01 l_align: 6.9139e+01 l_total: 2.3138e+02 
2026-05-22 15:44:39,728 INFO: [topki..][epoch: 46, iter:  30,660, lr:(6.204e-04,)][eta: 5:25:52, time (data): 0.515 (0.135)]l_bij: 5.9617e+01 l_orth: 7.1994e+01 l_diff: 2.2742e+01 l_align: 6.8978e+01 l_total: 2.2333e+02 
2026-05-22 15:44:49,824 INFO: [topki..][epoch: 46, iter:  30,680, lr:(6.204e-04,)][eta: 5:25:40, time (data): 0.513 (0.134)]l_bij: 6.2386e+01 l_orth: 7.3859e+01 l_diff: 2.3570e+01 l_align: 7.3156e+01 l_total: 2.3297e+02 
2026-05-22 15:44:59,634 INFO: [topki..][epoch: 46, iter:  30,700, lr:(6.204e-04,)][eta: 5:25:29, time (data): 0.510 (0.134)]l_bij: 4.0818e+01 l_orth: 5.8678e+01 l_diff: 2.0455e+01 l_align: 6.9764e+01 l_total: 1.8971e+02 
2026-05-22 15:45:09,214 INFO: [topki..][epoch: 46, iter:  30,720, lr:(6.204e-04,)][eta: 5:25:17, time (data): 0.507 (0.134)]l_bij: 7.1923e+01 l_orth: 8.3823e+01 l_diff: 3.5247e+01 l_align: 7.6437e+01 l_total: 2.6743e+02 
2026-05-22 15:45:19,127 INFO: [topki..][epoch: 46, iter:  30,740, lr:(6.204e-04,)][eta: 5:25:06, time (data): 0.505 (0.134)]l_bij: 7.1705e+01 l_orth: 8.1246e+01 l_diff: 2.5255e+01 l_align: 7.0720e+01 l_total: 2.4893e+02 
2026-05-22 15:45:28,975 INFO: [topki..][epoch: 46, iter:  30,760, lr:(6.204e-04,)][eta: 5:24:54, time (data): 0.500 (0.136)]l_bij: 5.1742e+01 l_orth: 6.8431e+01 l_diff: 2.3645e+01 l_align: 7.4438e+01 l_total: 2.1826e+02 
2026-05-22 15:45:38,994 INFO: [topki..][epoch: 46, iter:  30,780, lr:(6.204e-04,)][eta: 5:24:43, time (data): 0.501 (0.136)]l_bij: 6.0147e+01 l_orth: 7.1223e+01 l_diff: 2.3700e+01 l_align: 6.7795e+01 l_total: 2.2287e+02 
2026-05-22 15:45:48,958 INFO: [topki..][epoch: 46, iter:  30,800, lr:(6.204e-04,)][eta: 5:24:32, time (data): 0.500 (0.134)]l_bij: 8.1513e+01 l_orth: 9.2714e+01 l_diff: 3.1235e+01 l_align: 8.5222e+01 l_total: 2.9068e+02 
2026-05-22 15:45:58,567 INFO: [topki..][epoch: 46, iter:  30,820, lr:(6.204e-04,)][eta: 5:24:20, time (data): 0.494 (0.132)]l_bij: 4.8025e+01 l_orth: 6.1561e+01 l_diff: 2.8051e+01 l_align: 6.8201e+01 l_total: 2.0584e+02 
2026-05-22 15:46:07,869 INFO: [topki..][epoch: 46, iter:  30,840, lr:(6.204e-04,)][eta: 5:24:08, time (data): 0.487 (0.131)]l_bij: 9.5714e+01 l_orth: 1.0191e+02 l_diff: 2.3030e+01 l_align: 8.7376e+01 l_total: 3.0803e+02 
2026-05-22 15:46:17,355 INFO: [topki..][epoch: 46, iter:  30,860, lr:(6.204e-04,)][eta: 5:23:56, time (data): 0.485 (0.131)]l_bij: 7.9185e+01 l_orth: 8.9738e+01 l_diff: 2.5602e+01 l_align: 8.3255e+01 l_total: 2.7778e+02 
2026-05-22 15:46:26,907 INFO: [topki..][epoch: 46, iter:  30,880, lr:(6.204e-04,)][eta: 5:23:44, time (data): 0.484 (0.131)]l_bij: 8.4621e+01 l_orth: 9.1227e+01 l_diff: 2.9427e+01 l_align: 7.5463e+01 l_total: 2.8074e+02 
2026-05-22 15:46:36,643 INFO: [topki..][epoch: 46, iter:  30,900, lr:(6.204e-04,)][eta: 5:23:33, time (data): 0.484 (0.130)]l_bij: 8.9369e+01 l_orth: 9.5295e+01 l_diff: 2.7255e+01 l_align: 8.0483e+01 l_total: 2.9240e+02 
2026-05-22 15:46:46,393 INFO: [topki..][epoch: 46, iter:  30,920, lr:(6.204e-04,)][eta: 5:23:21, time (data): 0.484 (0.131)]l_bij: 1.4955e+00 l_orth: 3.4939e+01 l_diff: 2.0183e+01 l_align: 8.3085e+01 l_total: 1.3970e+02 
2026-05-22 15:46:56,385 INFO: [topki..][epoch: 46, iter:  30,940, lr:(6.204e-04,)][eta: 5:23:10, time (data): 0.486 (0.131)]l_bij: 5.2586e+01 l_orth: 6.7630e+01 l_diff: 2.4910e+01 l_align: 7.0126e+01 l_total: 2.1525e+02 
2026-05-22 15:47:06,038 INFO: [topki..][epoch: 46, iter:  30,960, lr:(6.204e-04,)][eta: 5:22:58, time (data): 0.512 (0.141)]l_bij: 9.2608e+01 l_orth: 9.9380e+01 l_diff: 2.5930e+01 l_align: 8.3224e+01 l_total: 3.0114e+02 
2026-05-22 15:47:15,610 INFO: [topki..][epoch: 46, iter:  30,980, lr:(6.204e-04,)][eta: 5:22:46, time (data): 0.486 (0.132)]l_bij: 7.1240e+01 l_orth: 8.4442e+01 l_diff: 2.8141e+01 l_align: 8.1250e+01 l_total: 2.6507e+02 
2026-05-22 15:47:25,535 INFO: [topki..][epoch: 46, iter:  31,000, lr:(6.204e-04,)][eta: 5:22:35, time (data): 0.491 (0.132)]l_bij: 7.0022e+01 l_orth: 8.0082e+01 l_diff: 2.9105e+01 l_align: 7.3550e+01 l_total: 2.5276e+02 
2026-05-22 15:47:35,171 INFO: [topki..][epoch: 46, iter:  31,020, lr:(6.204e-04,)][eta: 5:22:23, time (data): 0.488 (0.130)]l_bij: 5.7040e+01 l_orth: 7.3274e+01 l_diff: 2.6665e+01 l_align: 7.1925e+01 l_total: 2.2890e+02 
2026-05-22 15:47:45,182 INFO: [topki..][epoch: 46, iter:  31,040, lr:(6.204e-04,)][eta: 5:22:12, time (data): 0.491 (0.131)]l_bij: 7.3849e+01 l_orth: 8.6933e+01 l_diff: 2.8612e+01 l_align: 7.9481e+01 l_total: 2.6887e+02 
2026-05-22 15:47:54,927 INFO: [topki..][epoch: 46, iter:  31,060, lr:(6.204e-04,)][eta: 5:22:00, time (data): 0.490 (0.132)]l_bij: 4.7559e+01 l_orth: 6.2094e+01 l_diff: 2.2279e+01 l_align: 6.8218e+01 l_total: 2.0015e+02 
2026-05-22 15:48:04,677 INFO: [topki..][epoch: 46, iter:  31,080, lr:(6.204e-04,)][eta: 5:21:49, time (data): 0.490 (0.131)]l_bij: 5.0079e+01 l_orth: 6.3921e+01 l_diff: 2.6777e+01 l_align: 7.1431e+01 l_total: 2.1221e+02 
2026-05-22 15:48:16,777 INFO: [topki..][epoch: 47, iter:  31,100, lr:(6.064e-04,)][eta: 5:21:40, time (data): 0.505 (0.145)]l_bij: 5.5122e+01 l_orth: 6.8316e+01 l_diff: 3.0984e+01 l_align: 6.9278e+01 l_total: 2.2370e+02 
2026-05-22 15:48:25,684 INFO: [topki..][epoch: 47, iter:  31,120, lr:(6.064e-04,)][eta: 5:21:28, time (data): 0.498 (0.140)]l_bij: 4.8769e+01 l_orth: 6.4088e+01 l_diff: 2.2372e+01 l_align: 6.7146e+01 l_total: 2.0237e+02 
2026-05-22 15:48:35,152 INFO: [topki..][epoch: 47, iter:  31,140, lr:(6.064e-04,)][eta: 5:21:16, time (data): 0.496 (0.138)]l_bij: 4.7425e+01 l_orth: 6.0987e+01 l_diff: 2.3343e+01 l_align: 6.3737e+01 l_total: 1.9549e+02 
2026-05-22 15:48:44,766 INFO: [topki..][epoch: 47, iter:  31,160, lr:(6.064e-04,)][eta: 5:21:04, time (data): 0.470 (0.123)]l_bij: 1.9488e+00 l_orth: 3.6788e+01 l_diff: 2.3956e+01 l_align: 8.7711e+01 l_total: 1.5040e+02 
2026-05-22 15:48:54,492 INFO: [topki..][epoch: 47, iter:  31,180, lr:(6.064e-04,)][eta: 5:20:53, time (data): 0.483 (0.125)]l_bij: 9.1022e+01 l_orth: 9.9471e+01 l_diff: 2.7148e+01 l_align: 8.6901e+01 l_total: 3.0454e+02 
2026-05-22 15:49:04,224 INFO: [topki..][epoch: 47, iter:  31,200, lr:(6.064e-04,)][eta: 5:20:41, time (data): 0.485 (0.125)]l_bij: 7.6575e+01 l_orth: 8.6524e+01 l_diff: 2.3287e+01 l_align: 7.6875e+01 l_total: 2.6326e+02 
2026-05-22 15:49:13,523 INFO: [topki..][epoch: 47, iter:  31,220, lr:(6.064e-04,)][eta: 5:20:29, time (data): 0.478 (0.125)]l_bij: 1.0195e+02 l_orth: 1.0675e+02 l_diff: 3.3476e+01 l_align: 8.7275e+01 l_total: 3.2945e+02 
2026-05-22 15:49:23,210 INFO: [topki..][epoch: 47, iter:  31,240, lr:(6.064e-04,)][eta: 5:20:17, time (data): 0.480 (0.126)]l_bij: 1.0134e+02 l_orth: 1.0616e+02 l_diff: 2.9044e+01 l_align: 8.1947e+01 l_total: 3.1849e+02 
2026-05-22 15:49:32,520 INFO: [topki..][epoch: 47, iter:  31,260, lr:(6.064e-04,)][eta: 5:20:05, time (data): 0.477 (0.125)]l_bij: 7.4540e+01 l_orth: 8.5397e+01 l_diff: 2.4844e+01 l_align: 7.8744e+01 l_total: 2.6352e+02 
2026-05-22 15:49:42,273 INFO: [topki..][epoch: 47, iter:  31,280, lr:(6.064e-04,)][eta: 5:19:54, time (data): 0.479 (0.126)]l_bij: 9.9964e+01 l_orth: 1.0382e+02 l_diff: 3.4367e+01 l_align: 7.8645e+01 l_total: 3.1680e+02 
2026-05-22 15:49:52,205 INFO: [topki..][epoch: 47, iter:  31,300, lr:(6.064e-04,)][eta: 5:19:42, time (data): 0.481 (0.126)]l_bij: 7.3954e+01 l_orth: 8.3251e+01 l_diff: 2.8642e+01 l_align: 6.9401e+01 l_total: 2.5525e+02 
2026-05-22 15:50:01,820 INFO: [topki..][epoch: 47, iter:  31,320, lr:(6.064e-04,)][eta: 5:19:31, time (data): 0.481 (0.126)]l_bij: 8.4102e+01 l_orth: 9.3981e+01 l_diff: 2.8063e+01 l_align: 8.2377e+01 l_total: 2.8852e+02 
2026-05-22 15:50:11,651 INFO: [topki..][epoch: 47, iter:  31,340, lr:(6.064e-04,)][eta: 5:19:19, time (data): 0.482 (0.126)]l_bij: 7.7598e+01 l_orth: 8.6118e+01 l_diff: 3.3594e+01 l_align: 7.7082e+01 l_total: 2.7439e+02 
2026-05-22 15:50:21,386 INFO: [topki..][epoch: 47, iter:  31,360, lr:(6.064e-04,)][eta: 5:19:08, time (data): 0.484 (0.129)]l_bij: 5.4195e+01 l_orth: 7.0345e+01 l_diff: 2.6401e+01 l_align: 7.2468e+01 l_total: 2.2341e+02 
2026-05-22 15:50:31,317 INFO: [topki..][epoch: 47, iter:  31,380, lr:(6.064e-04,)][eta: 5:18:56, time (data): 0.494 (0.132)]l_bij: 7.4172e+01 l_orth: 8.2321e+01 l_diff: 2.8244e+01 l_align: 7.2771e+01 l_total: 2.5751e+02 
2026-05-22 15:50:41,113 INFO: [topki..][epoch: 47, iter:  31,400, lr:(6.064e-04,)][eta: 5:18:45, time (data): 0.492 (0.130)]l_bij: 7.1241e+01 l_orth: 8.2928e+01 l_diff: 3.2368e+01 l_align: 7.1883e+01 l_total: 2.5842e+02 
2026-05-22 15:50:51,032 INFO: [topki..][epoch: 47, iter:  31,420, lr:(6.064e-04,)][eta: 5:18:34, time (data): 0.493 (0.129)]l_bij: 8.9106e+01 l_orth: 9.7398e+01 l_diff: 3.1341e+01 l_align: 8.4604e+01 l_total: 3.0245e+02 
2026-05-22 15:51:01,038 INFO: [topki..][epoch: 47, iter:  31,440, lr:(6.064e-04,)][eta: 5:18:23, time (data): 0.495 (0.129)]l_bij: 5.6136e+01 l_orth: 6.8682e+01 l_diff: 2.4675e+01 l_align: 6.8277e+01 l_total: 2.1777e+02 
2026-05-22 15:51:10,783 INFO: [topki..][epoch: 47, iter:  31,460, lr:(6.064e-04,)][eta: 5:18:11, time (data): 0.493 (0.129)]l_bij: 5.9155e+01 l_orth: 7.3060e+01 l_diff: 2.4717e+01 l_align: 7.1256e+01 l_total: 2.2819e+02 
2026-05-22 15:51:20,587 INFO: [topki..][epoch: 47, iter:  31,480, lr:(6.064e-04,)][eta: 5:18:00, time (data): 0.493 (0.128)]l_bij: 5.6994e+01 l_orth: 7.0520e+01 l_diff: 2.8812e+01 l_align: 7.2099e+01 l_total: 2.2842e+02 
2026-05-22 15:51:29,481 INFO: [topki..][epoch: 47, iter:  31,500, lr:(6.064e-04,)][eta: 5:17:47, time (data): 0.486 (0.126)]l_bij: 6.2106e+01 l_orth: 7.5552e+01 l_diff: 2.9106e+01 l_align: 6.9594e+01 l_total: 2.3636e+02 
2026-05-22 15:51:38,105 INFO: [topki..][epoch: 47, iter:  31,520, lr:(6.064e-04,)][eta: 5:17:34, time (data): 0.480 (0.124)]l_bij: 6.0671e+01 l_orth: 7.2520e+01 l_diff: 2.6681e+01 l_align: 6.8375e+01 l_total: 2.2825e+02 
2026-05-22 15:51:47,697 INFO: [topki..][epoch: 47, iter:  31,540, lr:(6.064e-04,)][eta: 5:17:23, time (data): 0.480 (0.125)]l_bij: 8.2469e+01 l_orth: 9.4426e+01 l_diff: 3.0315e+01 l_align: 8.1184e+01 l_total: 2.8839e+02 
2026-05-22 15:51:57,148 INFO: [topki..][epoch: 47, iter:  31,560, lr:(6.064e-04,)][eta: 5:17:11, time (data): 0.446 (0.122)]l_bij: 1.0211e+02 l_orth: 1.0665e+02 l_diff: 2.9734e+01 l_align: 8.8779e+01 l_total: 3.2727e+02 
2026-05-22 15:52:07,111 INFO: [topki..][epoch: 47, iter:  31,580, lr:(6.064e-04,)][eta: 5:17:00, time (data): 0.491 (0.129)]l_bij: 8.8455e+01 l_orth: 9.8156e+01 l_diff: 2.4639e+01 l_align: 8.4323e+01 l_total: 2.9557e+02 
2026-05-22 15:52:16,831 INFO: [topki..][epoch: 47, iter:  31,600, lr:(6.064e-04,)][eta: 5:16:48, time (data): 0.489 (0.124)]l_bij: 7.2239e+01 l_orth: 8.6532e+01 l_diff: 2.3209e+01 l_align: 7.8434e+01 l_total: 2.6041e+02 
2026-05-22 15:52:26,162 INFO: [topki..][epoch: 47, iter:  31,620, lr:(6.064e-04,)][eta: 5:16:36, time (data): 0.482 (0.122)]l_bij: 1.2384e+00 l_orth: 2.7826e+01 l_diff: 1.9433e+01 l_align: 7.6444e+01 l_total: 1.2494e+02 
2026-05-22 15:52:35,893 INFO: [topki..][epoch: 47, iter:  31,640, lr:(6.064e-04,)][eta: 5:16:25, time (data): 0.483 (0.124)]l_bij: 5.8619e+01 l_orth: 7.2114e+01 l_diff: 2.4862e+01 l_align: 7.2146e+01 l_total: 2.2774e+02 
2026-05-22 15:52:44,909 INFO: [topki..][epoch: 47, iter:  31,660, lr:(6.064e-04,)][eta: 5:16:12, time (data): 0.477 (0.122)]l_bij: 6.1708e+01 l_orth: 7.3235e+01 l_diff: 2.8443e+01 l_align: 6.9100e+01 l_total: 2.3249e+02 
2026-05-22 15:52:54,836 INFO: [topki..][epoch: 47, iter:  31,680, lr:(6.064e-04,)][eta: 5:16:01, time (data): 0.480 (0.124)]l_bij: 7.0970e+01 l_orth: 8.1596e+01 l_diff: 2.4644e+01 l_align: 7.0791e+01 l_total: 2.4800e+02 
2026-05-22 15:53:04,881 INFO: [topki..][epoch: 47, iter:  31,700, lr:(6.064e-04,)][eta: 5:15:50, time (data): 0.483 (0.125)]l_bij: 8.5513e+01 l_orth: 9.4068e+01 l_diff: 3.0491e+01 l_align: 8.1829e+01 l_total: 2.9190e+02 
2026-05-22 15:53:14,567 INFO: [topki..][epoch: 47, iter:  31,720, lr:(6.064e-04,)][eta: 5:15:38, time (data): 0.483 (0.126)]l_bij: 9.4995e+01 l_orth: 1.0493e+02 l_diff: 3.0462e+01 l_align: 8.6810e+01 l_total: 3.1719e+02 
2026-05-22 15:53:23,943 INFO: [topki..][epoch: 47, iter:  31,740, lr:(6.064e-04,)][eta: 5:15:26, time (data): 0.482 (0.126)]l_bij: 6.1743e+01 l_orth: 7.5070e+01 l_diff: 2.5980e+01 l_align: 7.2793e+01 l_total: 2.3559e+02 
2026-05-22 15:53:33,533 INFO: [topki..][epoch: 47, iter:  31,760, lr:(6.064e-04,)][eta: 5:15:15, time (data): 0.521 (0.138)]l_bij: 6.4473e+01 l_orth: 7.5786e+01 l_diff: 2.4428e+01 l_align: 7.3331e+01 l_total: 2.3802e+02 
2026-05-22 15:53:45,103 INFO: [topki..][epoch: 48, iter:  31,780, lr:(5.923e-04,)][eta: 5:15:05, time (data): 0.573 (0.223)]l_bij: 9.1812e+01 l_orth: 1.0038e+02 l_diff: 2.7147e+01 l_align: 8.4336e+01 l_total: 3.0367e+02 
2026-05-22 15:53:54,746 INFO: [topki..][epoch: 48, iter:  31,800, lr:(5.923e-04,)][eta: 5:14:54, time (data): 0.530 (0.173)]l_bij: 8.8880e+01 l_orth: 9.6221e+01 l_diff: 3.0397e+01 l_align: 7.8505e+01 l_total: 2.9400e+02 
2026-05-22 15:54:03,432 INFO: [topki..][epoch: 48, iter:  31,820, lr:(5.923e-04,)][eta: 5:14:41, time (data): 0.499 (0.152)]l_bij: 7.7498e+01 l_orth: 8.7153e+01 l_diff: 2.8536e+01 l_align: 7.4831e+01 l_total: 2.6802e+02 
2026-05-22 15:54:12,545 INFO: [topki..][epoch: 48, iter:  31,840, lr:(5.923e-04,)][eta: 5:14:29, time (data): 0.488 (0.144)]l_bij: 9.4764e+01 l_orth: 1.0156e+02 l_diff: 3.2402e+01 l_align: 8.4151e+01 l_total: 3.1288e+02 
2026-05-22 15:54:21,996 INFO: [topki..][epoch: 48, iter:  31,860, lr:(5.923e-04,)][eta: 5:14:17, time (data): 0.485 (0.140)]l_bij: 8.8583e+01 l_orth: 9.5569e+01 l_diff: 2.5821e+01 l_align: 7.8093e+01 l_total: 2.8807e+02 
2026-05-22 15:54:31,931 INFO: [topki..][epoch: 48, iter:  31,880, lr:(5.923e-04,)][eta: 5:14:06, time (data): 0.487 (0.139)]l_bij: 6.7374e+01 l_orth: 8.0760e+01 l_diff: 3.0827e+01 l_align: 7.8407e+01 l_total: 2.5737e+02 
2026-05-22 15:54:41,720 INFO: [topki..][epoch: 48, iter:  31,900, lr:(5.923e-04,)][eta: 5:13:54, time (data): 0.487 (0.136)]l_bij: 4.2253e+01 l_orth: 5.9912e+01 l_diff: 2.2272e+01 l_align: 6.7509e+01 l_total: 1.9195e+02 
2026-05-22 15:54:51,878 INFO: [topki..][epoch: 48, iter:  31,920, lr:(5.923e-04,)][eta: 5:13:44, time (data): 0.490 (0.136)]l_bij: 6.2510e+01 l_orth: 7.2341e+01 l_diff: 2.4511e+01 l_align: 6.6881e+01 l_total: 2.2624e+02 
2026-05-22 15:55:01,437 INFO: [topki..][epoch: 48, iter:  31,940, lr:(5.923e-04,)][eta: 5:13:32, time (data): 0.489 (0.135)]l_bij: 5.5954e+01 l_orth: 6.8632e+01 l_diff: 2.4919e+01 l_align: 7.0417e+01 l_total: 2.1992e+02 
2026-05-22 15:55:11,067 INFO: [topki..][epoch: 48, iter:  31,960, lr:(5.923e-04,)][eta: 5:13:20, time (data): 0.479 (0.138)]l_bij: 7.0898e+01 l_orth: 8.1637e+01 l_diff: 2.9254e+01 l_align: 7.3922e+01 l_total: 2.5571e+02 
2026-05-22 15:55:20,545 INFO: [topki..][epoch: 48, iter:  31,980, lr:(5.923e-04,)][eta: 5:13:09, time (data): 0.474 (0.128)]l_bij: 8.6357e+01 l_orth: 9.3704e+01 l_diff: 2.8579e+01 l_align: 7.9793e+01 l_total: 2.8843e+02 
2026-05-22 15:55:29,959 INFO: [topki..][epoch: 48, iter:  32,000, lr:(5.923e-04,)][eta: 5:12:57, time (data): 0.472 (0.126)]l_bij: 7.5168e+01 l_orth: 8.5651e+01 l_diff: 2.4927e+01 l_align: 8.0112e+01 l_total: 2.6586e+02 
2026-05-22 15:55:29,960 INFO: Saving models and training states.
2026-05-22 15:55:29,979 INFO: Start validation.
2026-05-22 15:56:36,948 INFO: Avg time: 0.1060
2026-05-22 15:56:37,057 INFO: Val auc: 0.6886
2026-05-22 15:56:37,063 INFO: Val avg error: 0.0606
2026-05-22 15:56:47,031 INFO: [topki..][epoch: 48, iter:  32,020, lr:(5.923e-04,)][eta: 5:14:00, time (data): 0.476 (0.126)]l_bij: 6.5036e+01 l_orth: 7.6630e+01 l_diff: 2.7564e+01 l_align: 7.3393e+01 l_total: 2.4262e+02 
2026-05-22 15:56:56,758 INFO: [topki..][epoch: 48, iter:  32,040, lr:(5.923e-04,)][eta: 5:13:49, time (data): 0.478 (0.127)]l_bij: 8.1795e+01 l_orth: 8.9746e+01 l_diff: 2.9576e+01 l_align: 7.3693e+01 l_total: 2.7481e+02 
2026-05-22 15:57:06,726 INFO: [topki..][epoch: 48, iter:  32,060, lr:(5.923e-04,)][eta: 5:13:37, time (data): 0.482 (0.129)]l_bij: 5.6248e+01 l_orth: 7.0452e+01 l_diff: 2.4125e+01 l_align: 7.0843e+01 l_total: 2.2167e+02 
2026-05-22 15:57:16,808 INFO: [topki..][epoch: 48, iter:  32,080, lr:(5.923e-04,)][eta: 5:13:26, time (data): 0.486 (0.130)]l_bij: 5.4119e+01 l_orth: 6.6659e+01 l_diff: 2.3095e+01 l_align: 7.1098e+01 l_total: 2.1497e+02 
2026-05-22 15:57:26,186 INFO: [topki..][epoch: 48, iter:  32,100, lr:(5.923e-04,)][eta: 5:13:14, time (data): 0.483 (0.130)]l_bij: 9.3407e+01 l_orth: 1.0024e+02 l_diff: 2.6829e+01 l_align: 8.3821e+01 l_total: 3.0430e+02 
2026-05-22 15:57:34,829 INFO: [topki..][epoch: 48, iter:  32,120, lr:(5.923e-04,)][eta: 5:13:01, time (data): 0.477 (0.127)]l_bij: 7.4466e+01 l_orth: 8.4949e+01 l_diff: 2.9458e+01 l_align: 7.5977e+01 l_total: 2.6485e+02 
2026-05-22 15:57:44,471 INFO: [topki..][epoch: 48, iter:  32,140, lr:(5.923e-04,)][eta: 5:12:50, time (data): 0.478 (0.128)]l_bij: 8.5165e+01 l_orth: 9.5309e+01 l_diff: 3.5943e+01 l_align: 8.1334e+01 l_total: 2.9775e+02 
2026-05-22 15:57:52,996 INFO: [topki..][epoch: 48, iter:  32,160, lr:(5.923e-04,)][eta: 5:12:37, time (data): 0.472 (0.126)]l_bij: 6.9576e+01 l_orth: 7.8978e+01 l_diff: 2.3241e+01 l_align: 6.5144e+01 l_total: 2.3694e+02 
2026-05-22 15:58:02,609 INFO: [topki..][epoch: 48, iter:  32,180, lr:(5.923e-04,)][eta: 5:12:25, time (data): 0.481 (0.132)]l_bij: 6.6103e+01 l_orth: 7.7244e+01 l_diff: 2.3514e+01 l_align: 6.8758e+01 l_total: 2.3562e+02 
2026-05-22 15:58:12,371 INFO: [topki..][epoch: 48, iter:  32,200, lr:(5.923e-04,)][eta: 5:12:14, time (data): 0.484 (0.130)]l_bij: 7.1124e+01 l_orth: 8.3770e+01 l_diff: 2.4104e+01 l_align: 7.9373e+01 l_total: 2.5837e+02 
2026-05-22 15:58:23,908 INFO: [topki..][epoch: 48, iter:  32,220, lr:(5.923e-04,)][eta: 5:12:04, time (data): 0.515 (0.132)]l_bij: 7.1242e+01 l_orth: 8.0362e+01 l_diff: 2.4743e+01 l_align: 7.0052e+01 l_total: 2.4640e+02 
2026-05-22 15:58:35,815 INFO: [topki..][epoch: 48, iter:  32,240, lr:(5.923e-04,)][eta: 5:11:55, time (data): 0.535 (0.131)]l_bij: 2.4163e+00 l_orth: 3.5643e+01 l_diff: 1.9717e+01 l_align: 8.9958e+01 l_total: 1.4773e+02 
2026-05-22 15:58:46,915 INFO: [topki..][epoch: 48, iter:  32,260, lr:(5.923e-04,)][eta: 5:11:45, time (data): 0.539 (0.132)]l_bij: 7.9102e+01 l_orth: 8.7691e+01 l_diff: 2.7169e+01 l_align: 7.1202e+01 l_total: 2.6516e+02 
2026-05-22 15:58:58,994 INFO: [topki..][epoch: 48, iter:  32,280, lr:(5.923e-04,)][eta: 5:11:36, time (data): 0.550 (0.134)]l_bij: 7.6335e+01 l_orth: 8.4790e+01 l_diff: 2.1255e+01 l_align: 7.6320e+01 l_total: 2.5870e+02 
2026-05-22 15:59:09,930 INFO: [topki..][epoch: 48, iter:  32,300, lr:(5.923e-04,)][eta: 5:11:26, time (data): 0.549 (0.134)]l_bij: 7.5803e+01 l_orth: 8.6936e+01 l_diff: 2.8009e+01 l_align: 7.5069e+01 l_total: 2.6582e+02 
2026-05-22 15:59:21,411 INFO: [topki..][epoch: 48, iter:  32,320, lr:(5.923e-04,)][eta: 5:11:16, time (data): 0.553 (0.134)]l_bij: 7.2556e+01 l_orth: 8.3272e+01 l_diff: 2.5320e+01 l_align: 7.4217e+01 l_total: 2.5537e+02 
2026-05-22 15:59:33,380 INFO: [topki..][epoch: 48, iter:  32,340, lr:(5.923e-04,)][eta: 5:11:07, time (data): 0.558 (0.134)]l_bij: 6.2433e+01 l_orth: 7.6452e+01 l_diff: 2.6286e+01 l_align: 7.5376e+01 l_total: 2.4055e+02 
2026-05-22 15:59:45,679 INFO: [topki..][epoch: 48, iter:  32,360, lr:(5.923e-04,)][eta: 5:10:59, time (data): 0.563 (0.135)]l_bij: 3.4434e+01 l_orth: 5.2320e+01 l_diff: 2.2933e+01 l_align: 6.7077e+01 l_total: 1.7676e+02 
2026-05-22 15:59:56,775 INFO: [topki..][epoch: 48, iter:  32,380, lr:(5.923e-04,)][eta: 5:10:48, time (data): 0.556 (0.137)]l_bij: 7.1905e+01 l_orth: 8.7041e+01 l_diff: 3.6072e+01 l_align: 8.2032e+01 l_total: 2.7705e+02 
2026-05-22 16:00:09,044 INFO: [topki..][epoch: 48, iter:  32,400, lr:(5.923e-04,)][eta: 5:10:40, time (data): 0.585 (0.135)]l_bij: 9.6198e+01 l_orth: 1.0430e+02 l_diff: 3.5076e+01 l_align: 8.6773e+01 l_total: 3.2235e+02 
2026-05-22 16:00:20,510 INFO: [topki..][epoch: 48, iter:  32,420, lr:(5.923e-04,)][eta: 5:10:30, time (data): 0.581 (0.136)]l_bij: 1.0254e+00 l_orth: 2.6972e+01 l_diff: 2.3509e+01 l_align: 7.9460e+01 l_total: 1.3097e+02 
2026-05-22 16:00:32,625 INFO: [topki..][epoch: 48, iter:  32,440, lr:(5.923e-04,)][eta: 5:10:21, time (data): 0.587 (0.138)]l_bij: 3.7221e+01 l_orth: 5.7757e+01 l_diff: 2.3821e+01 l_align: 7.0563e+01 l_total: 1.8936e+02 
2026-05-22 16:00:45,722 INFO: [topki..][epoch: 49, iter:  32,460, lr:(5.783e-04,)][eta: 5:10:13, time (data): 0.601 (0.153)]l_bij: 8.0694e+01 l_orth: 9.2146e+01 l_diff: 2.8402e+01 l_align: 7.9854e+01 l_total: 2.8109e+02 
2026-05-22 16:00:57,293 INFO: [topki..][epoch: 49, iter:  32,480, lr:(5.783e-04,)][eta: 5:10:04, time (data): 0.597 (0.149)]l_bij: 7.0070e+01 l_orth: 8.2745e+01 l_diff: 2.9739e+01 l_align: 7.2743e+01 l_total: 2.5530e+02 
2026-05-22 16:01:09,604 INFO: [topki..][epoch: 49, iter:  32,500, lr:(5.783e-04,)][eta: 5:09:55, time (data): 0.600 (0.147)]l_bij: 9.9282e+01 l_orth: 1.0388e+02 l_diff: 2.6024e+01 l_align: 8.0611e+01 l_total: 3.0980e+02 
2026-05-22 16:01:21,121 INFO: [topki..][epoch: 49, iter:  32,520, lr:(5.783e-04,)][eta: 5:09:45, time (data): 0.597 (0.145)]l_bij: 4.8457e+01 l_orth: 6.3484e+01 l_diff: 2.3650e+01 l_align: 6.9904e+01 l_total: 2.0549e+02 
2026-05-22 16:01:32,357 INFO: [topki..][epoch: 49, iter:  32,540, lr:(5.783e-04,)][eta: 5:09:35, time (data): 0.593 (0.143)]l_bij: 6.8299e+01 l_orth: 7.9444e+01 l_diff: 2.9033e+01 l_align: 7.5164e+01 l_total: 2.5194e+02 
2026-05-22 16:01:43,961 INFO: [topki..][epoch: 49, iter:  32,560, lr:(5.783e-04,)][eta: 5:09:26, time (data): 0.592 (0.143)]l_bij: 7.7768e+01 l_orth: 8.5750e+01 l_diff: 3.1393e+01 l_align: 7.5834e+01 l_total: 2.7074e+02 
2026-05-22 16:01:56,916 INFO: [topki..][epoch: 49, iter:  32,580, lr:(5.783e-04,)][eta: 5:09:18, time (data): 0.649 (0.133)]l_bij: 5.4558e+01 l_orth: 6.8760e+01 l_diff: 2.2461e+01 l_align: 6.8481e+01 l_total: 2.1426e+02 
2026-05-22 16:02:08,790 INFO: [topki..][epoch: 49, iter:  32,600, lr:(5.783e-04,)][eta: 5:09:09, time (data): 0.620 (0.134)]l_bij: 7.9618e+01 l_orth: 9.0668e+01 l_diff: 3.2913e+01 l_align: 8.3223e+01 l_total: 2.8642e+02 
2026-05-22 16:02:21,279 INFO: [topki..][epoch: 49, iter:  32,620, lr:(5.783e-04,)][eta: 5:09:00, time (data): 0.621 (0.135)]l_bij: 4.1416e+01 l_orth: 5.9007e+01 l_diff: 2.6616e+01 l_align: 7.2519e+01 l_total: 1.9956e+02 
2026-05-22 16:02:33,096 INFO: [topki..][epoch: 49, iter:  32,640, lr:(5.783e-04,)][eta: 5:08:51, time (data): 0.614 (0.136)]l_bij: 5.5196e+01 l_orth: 6.8823e+01 l_diff: 2.2935e+01 l_align: 7.2071e+01 l_total: 2.1903e+02 
2026-05-22 16:02:45,657 INFO: [topki..][epoch: 49, iter:  32,660, lr:(5.783e-04,)][eta: 5:08:42, time (data): 0.617 (0.135)]l_bij: 5.7544e+01 l_orth: 6.9593e+01 l_diff: 2.6896e+01 l_align: 6.7586e+01 l_total: 2.2162e+02 
2026-05-22 16:02:57,830 INFO: [topki..][epoch: 49, iter:  32,680, lr:(5.783e-04,)][eta: 5:08:33, time (data): 0.615 (0.136)]l_bij: 5.4785e+01 l_orth: 7.2537e+01 l_diff: 2.8524e+01 l_align: 7.3881e+01 l_total: 2.2973e+02 
2026-05-22 16:03:09,641 INFO: [topki..][epoch: 49, iter:  32,700, lr:(5.783e-04,)][eta: 5:08:24, time (data): 0.612 (0.135)]l_bij: 6.2524e+01 l_orth: 7.4547e+01 l_diff: 2.4325e+01 l_align: 6.8272e+01 l_total: 2.2967e+02 
2026-05-22 16:03:21,954 INFO: [topki..][epoch: 49, iter:  32,720, lr:(5.783e-04,)][eta: 5:08:15, time (data): 0.612 (0.135)]l_bij: 7.2265e+01 l_orth: 8.1855e+01 l_diff: 2.6229e+01 l_align: 7.0746e+01 l_total: 2.5109e+02 
2026-05-22 16:03:33,012 INFO: [topki..][epoch: 49, iter:  32,740, lr:(5.783e-04,)][eta: 5:08:05, time (data): 0.605 (0.136)]l_bij: 8.1608e+01 l_orth: 9.1480e+01 l_diff: 2.5074e+01 l_align: 8.3075e+01 l_total: 2.8124e+02 
2026-05-22 16:03:45,049 INFO: [topki..][epoch: 49, iter:  32,760, lr:(5.783e-04,)][eta: 5:07:56, time (data): 0.605 (0.135)]l_bij: 7.4668e+01 l_orth: 8.4286e+01 l_diff: 2.9224e+01 l_align: 6.8165e+01 l_total: 2.5634e+02 
2026-05-22 16:03:56,101 INFO: [topki..][epoch: 49, iter:  32,780, lr:(5.783e-04,)][eta: 5:07:46, time (data): 0.564 (0.136)]l_bij: 6.0325e+01 l_orth: 7.5035e+01 l_diff: 1.9789e+01 l_align: 7.4343e+01 l_total: 2.2949e+02 
2026-05-22 16:04:08,074 INFO: [topki..][epoch: 49, iter:  32,800, lr:(5.783e-04,)][eta: 5:07:37, time (data): 0.583 (0.140)]l_bij: 6.9162e+01 l_orth: 7.9882e+01 l_diff: 3.1527e+01 l_align: 6.8125e+01 l_total: 2.4870e+02 
2026-05-22 16:04:20,424 INFO: [topki..][epoch: 49, iter:  32,820, lr:(5.783e-04,)][eta: 5:07:28, time (data): 0.595 (0.141)]l_bij: 7.4824e+01 l_orth: 8.4419e+01 l_diff: 2.6460e+01 l_align: 7.3141e+01 l_total: 2.5884e+02 
2026-05-22 16:04:32,303 INFO: [topki..][epoch: 49, iter:  32,840, lr:(5.783e-04,)][eta: 5:07:19, time (data): 0.595 (0.139)]l_bij: 6.2177e+01 l_orth: 7.7641e+01 l_diff: 2.7909e+01 l_align: 7.5771e+01 l_total: 2.4350e+02 
2026-05-22 16:04:44,273 INFO: [topki..][epoch: 49, iter:  32,860, lr:(5.783e-04,)][eta: 5:07:10, time (data): 0.595 (0.142)]l_bij: 7.6106e+01 l_orth: 8.8643e+01 l_diff: 2.4624e+01 l_align: 8.3391e+01 l_total: 2.7276e+02 
2026-05-22 16:04:56,487 INFO: [topki..][epoch: 49, iter:  32,880, lr:(5.783e-04,)][eta: 5:07:01, time (data): 0.598 (0.141)]l_bij: 7.2254e+01 l_orth: 8.1226e+01 l_diff: 2.7389e+01 l_align: 7.2924e+01 l_total: 2.5379e+02 
2026-05-22 16:05:08,540 INFO: [topki..][epoch: 49, iter:  32,900, lr:(5.783e-04,)][eta: 5:06:52, time (data): 0.599 (0.142)]l_bij: 7.6208e+01 l_orth: 8.7447e+01 l_diff: 2.3968e+01 l_align: 7.9547e+01 l_total: 2.6717e+02 
2026-05-22 16:05:19,861 INFO: [topki..][epoch: 49, iter:  32,920, lr:(5.783e-04,)][eta: 5:06:42, time (data): 0.595 (0.141)]l_bij: 8.1374e+01 l_orth: 9.0131e+01 l_diff: 2.8572e+01 l_align: 7.3495e+01 l_total: 2.7357e+02 
2026-05-22 16:05:31,119 INFO: [topki..][epoch: 49, iter:  32,940, lr:(5.783e-04,)][eta: 5:06:32, time (data): 0.591 (0.141)]l_bij: 6.7428e+01 l_orth: 7.8539e+01 l_diff: 2.3497e+01 l_align: 7.0866e+01 l_total: 2.4033e+02 
2026-05-22 16:05:42,412 INFO: [topki..][epoch: 49, iter:  32,960, lr:(5.783e-04,)][eta: 5:06:22, time (data): 0.588 (0.140)]l_bij: 5.7959e+01 l_orth: 7.0286e+01 l_diff: 2.4738e+01 l_align: 6.7370e+01 l_total: 2.2035e+02 
2026-05-22 16:05:54,381 INFO: [topki..][epoch: 49, iter:  32,980, lr:(5.783e-04,)][eta: 5:06:13, time (data): 0.610 (0.151)]l_bij: 6.8836e+01 l_orth: 8.2259e+01 l_diff: 2.8631e+01 l_align: 7.8956e+01 l_total: 2.5868e+02 
2026-05-22 16:06:06,374 INFO: [topki..][epoch: 49, iter:  33,000, lr:(5.783e-04,)][eta: 5:06:03, time (data): 0.604 (0.147)]l_bij: 5.6518e+01 l_orth: 6.8319e+01 l_diff: 2.5200e+01 l_align: 6.6398e+01 l_total: 2.1644e+02 
2026-05-22 16:06:17,504 INFO: [topki..][epoch: 49, iter:  33,020, lr:(5.783e-04,)][eta: 5:05:53, time (data): 0.587 (0.145)]l_bij: 6.1644e+01 l_orth: 7.4222e+01 l_diff: 2.4241e+01 l_align: 7.0224e+01 l_total: 2.3033e+02 
2026-05-22 16:06:28,825 INFO: [topki..][epoch: 49, iter:  33,040, lr:(5.783e-04,)][eta: 5:05:44, time (data): 0.582 (0.143)]l_bij: 7.5603e+01 l_orth: 8.7306e+01 l_diff: 3.4566e+01 l_align: 8.0826e+01 l_total: 2.7830e+02 
2026-05-22 16:06:40,425 INFO: [topki..][epoch: 49, iter:  33,060, lr:(5.783e-04,)][eta: 5:05:34, time (data): 0.581 (0.142)]l_bij: 8.8112e+01 l_orth: 9.8433e+01 l_diff: 2.6728e+01 l_align: 8.4419e+01 l_total: 2.9769e+02 
2026-05-22 16:06:51,998 INFO: [topki..][epoch: 49, iter:  33,080, lr:(5.783e-04,)][eta: 5:05:24, time (data): 0.581 (0.141)]l_bij: 9.6490e+01 l_orth: 1.0443e+02 l_diff: 3.1079e+01 l_align: 8.7433e+01 l_total: 3.1943e+02 
2026-05-22 16:07:03,713 INFO: [topki..][epoch: 49, iter:  33,100, lr:(5.783e-04,)][eta: 5:05:15, time (data): 0.582 (0.141)]l_bij: 6.5180e+01 l_orth: 7.6549e+01 l_diff: 2.6342e+01 l_align: 7.0409e+01 l_total: 2.3848e+02 
2026-05-22 16:07:15,563 INFO: [topki..][epoch: 49, iter:  33,120, lr:(5.783e-04,)][eta: 5:05:05, time (data): 0.583 (0.141)]l_bij: 6.1759e+01 l_orth: 7.3754e+01 l_diff: 2.8856e+01 l_align: 7.2505e+01 l_total: 2.3688e+02 
2026-05-22 16:07:29,513 INFO: [topki..][epoch: 50, iter:  33,140, lr:(5.641e-04,)][eta: 5:04:58, time (data): 0.596 (0.150)]l_bij: 8.4236e+01 l_orth: 9.1999e+01 l_diff: 3.3691e+01 l_align: 7.6860e+01 l_total: 2.8679e+02 
2026-05-22 16:07:40,222 INFO: [topki..][epoch: 50, iter:  33,160, lr:(5.641e-04,)][eta: 5:04:48, time (data): 0.590 (0.147)]l_bij: 8.9242e+01 l_orth: 9.9338e+01 l_diff: 3.3351e+01 l_align: 8.2152e+01 l_total: 3.0408e+02 
2026-05-22 16:07:51,801 INFO: [topki..][epoch: 50, iter:  33,180, lr:(5.641e-04,)][eta: 5:04:38, time (data): 0.567 (0.128)]l_bij: 8.9488e+01 l_orth: 9.6090e+01 l_diff: 3.6473e+01 l_align: 7.9141e+01 l_total: 3.0119e+02 
2026-05-22 16:08:03,368 INFO: [topki..][epoch: 50, iter:  33,200, lr:(5.641e-04,)][eta: 5:04:29, time (data): 0.574 (0.132)]l_bij: 5.4565e+01 l_orth: 6.7895e+01 l_diff: 2.5450e+01 l_align: 7.3525e+01 l_total: 2.2144e+02 
2026-05-22 16:08:13,937 INFO: [topki..][epoch: 50, iter:  33,220, lr:(5.641e-04,)][eta: 5:04:18, time (data): 0.557 (0.128)]l_bij: 6.8093e+01 l_orth: 8.0663e+01 l_diff: 2.3257e+01 l_align: 7.9156e+01 l_total: 2.5117e+02 
2026-05-22 16:08:25,577 INFO: [topki..][epoch: 50, iter:  33,240, lr:(5.641e-04,)][eta: 5:04:08, time (data): 0.564 (0.129)]l_bij: 8.6908e+01 l_orth: 9.5646e+01 l_diff: 3.5487e+01 l_align: 8.5883e+01 l_total: 3.0392e+02 
2026-05-22 16:08:37,673 INFO: [topki..][epoch: 50, iter:  33,260, lr:(5.641e-04,)][eta: 5:03:59, time (data): 0.572 (0.130)]l_bij: 5.8904e+01 l_orth: 7.2007e+01 l_diff: 2.2623e+01 l_align: 7.0544e+01 l_total: 2.2408e+02 
2026-05-22 16:08:49,068 INFO: [topki..][epoch: 50, iter:  33,280, lr:(5.641e-04,)][eta: 5:03:49, time (data): 0.572 (0.134)]l_bij: 5.6140e+01 l_orth: 6.9666e+01 l_diff: 2.1971e+01 l_align: 6.7174e+01 l_total: 2.1495e+02 
2026-05-22 16:09:00,807 INFO: [topki..][epoch: 50, iter:  33,300, lr:(5.641e-04,)][eta: 5:03:40, time (data): 0.574 (0.134)]l_bij: 6.9488e+01 l_orth: 8.3118e+01 l_diff: 3.1991e+01 l_align: 7.3314e+01 l_total: 2.5791e+02 
2026-05-22 16:09:12,190 INFO: [topki..][epoch: 50, iter:  33,320, lr:(5.641e-04,)][eta: 5:03:30, time (data): 0.573 (0.134)]l_bij: 7.2758e+01 l_orth: 8.1114e+01 l_diff: 2.7809e+01 l_align: 7.1890e+01 l_total: 2.5357e+02 
2026-05-22 16:09:24,256 INFO: [topki..][epoch: 50, iter:  33,340, lr:(5.641e-04,)][eta: 5:03:21, time (data): 0.577 (0.136)]l_bij: 8.5307e+01 l_orth: 9.4603e+01 l_diff: 3.1363e+01 l_align: 8.0451e+01 l_total: 2.9172e+02 
2026-05-22 16:09:35,935 INFO: [topki..][epoch: 50, iter:  33,360, lr:(5.641e-04,)][eta: 5:03:11, time (data): 0.578 (0.135)]l_bij: 6.1809e+01 l_orth: 7.3622e+01 l_diff: 2.4331e+01 l_align: 7.0272e+01 l_total: 2.3003e+02 
2026-05-22 16:09:47,882 INFO: [topki..][epoch: 50, iter:  33,380, lr:(5.641e-04,)][eta: 5:03:02, time (data): 0.601 (0.147)]l_bij: 6.9836e+01 l_orth: 8.0903e+01 l_diff: 2.7099e+01 l_align: 7.1747e+01 l_total: 2.4958e+02 
2026-05-22 16:09:59,758 INFO: [topki..][epoch: 50, iter:  33,400, lr:(5.641e-04,)][eta: 5:02:53, time (data): 0.597 (0.142)]l_bij: 6.7440e+01 l_orth: 7.8207e+01 l_diff: 2.7950e+01 l_align: 7.3186e+01 l_total: 2.4678e+02 
2026-05-22 16:10:13,012 INFO: [topki..][epoch: 50, iter:  33,420, lr:(5.641e-04,)][eta: 5:02:45, time (data): 0.621 (0.142)]l_bij: 3.7036e+01 l_orth: 5.6303e+01 l_diff: 2.0663e+01 l_align: 7.4062e+01 l_total: 1.8806e+02 
2026-05-22 16:10:26,579 INFO: [topki..][epoch: 50, iter:  33,440, lr:(5.641e-04,)][eta: 5:02:37, time (data): 0.637 (0.143)]l_bij: 7.6486e+01 l_orth: 8.6653e+01 l_diff: 2.4575e+01 l_align: 7.4872e+01 l_total: 2.6259e+02 
2026-05-22 16:10:40,108 INFO: [topki..][epoch: 50, iter:  33,460, lr:(5.641e-04,)][eta: 5:02:29, time (data): 0.645 (0.146)]l_bij: 6.4382e+01 l_orth: 7.7696e+01 l_diff: 2.6648e+01 l_align: 7.3929e+01 l_total: 2.4265e+02 
2026-05-22 16:10:53,082 INFO: [topki..][epoch: 50, iter:  33,480, lr:(5.641e-04,)][eta: 5:02:21, time (data): 0.646 (0.145)]l_bij: 8.0127e+01 l_orth: 8.9764e+01 l_diff: 3.0743e+01 l_align: 7.8668e+01 l_total: 2.7930e+02 
2026-05-22 16:11:06,371 INFO: [topki..][epoch: 50, iter:  33,500, lr:(5.641e-04,)][eta: 5:02:13, time (data): 0.648 (0.145)]l_bij: 5.6933e+01 l_orth: 7.0722e+01 l_diff: 2.6357e+01 l_align: 7.1544e+01 l_total: 2.2556e+02 
2026-05-22 16:11:19,830 INFO: [topki..][epoch: 50, iter:  33,520, lr:(5.641e-04,)][eta: 5:02:06, time (data): 0.652 (0.146)]l_bij: 4.5948e+01 l_orth: 6.1712e+01 l_diff: 2.2920e+01 l_align: 6.5412e+01 l_total: 1.9599e+02 
2026-05-22 16:11:32,799 INFO: [topki..][epoch: 50, iter:  33,540, lr:(5.641e-04,)][eta: 5:01:57, time (data): 0.651 (0.145)]l_bij: 5.1813e+01 l_orth: 6.6152e+01 l_diff: 2.6432e+01 l_align: 6.9140e+01 l_total: 2.1354e+02 
2026-05-22 16:11:45,304 INFO: [topki..][epoch: 50, iter:  33,560, lr:(5.641e-04,)][eta: 5:01:49, time (data): 0.649 (0.144)]l_bij: 6.7379e+01 l_orth: 7.8586e+01 l_diff: 2.6370e+01 l_align: 7.2240e+01 l_total: 2.4458e+02 
2026-05-22 16:11:58,633 INFO: [topki..][epoch: 50, iter:  33,580, lr:(5.641e-04,)][eta: 5:01:41, time (data): 0.668 (0.155)]l_bij: 3.7364e+01 l_orth: 5.7973e+01 l_diff: 2.4407e+01 l_align: 7.0509e+01 l_total: 1.9025e+02 
2026-05-22 16:12:11,333 INFO: [topki..][epoch: 50, iter:  33,600, lr:(5.641e-04,)][eta: 5:01:32, time (data): 0.648 (0.142)]l_bij: 6.2794e+01 l_orth: 7.4706e+01 l_diff: 2.9351e+01 l_align: 6.9493e+01 l_total: 2.3634e+02 
2026-05-22 16:12:23,738 INFO: [topki..][epoch: 50, iter:  33,620, lr:(5.641e-04,)][eta: 5:01:23, time (data): 0.638 (0.143)]l_bij: 6.2715e+01 l_orth: 7.8135e+01 l_diff: 2.7911e+01 l_align: 7.9391e+01 l_total: 2.4815e+02 
2026-05-22 16:12:35,935 INFO: [topki..][epoch: 50, iter:  33,640, lr:(5.641e-04,)][eta: 5:01:14, time (data): 0.630 (0.140)]l_bij: 7.4433e+01 l_orth: 8.4300e+01 l_diff: 2.4081e+01 l_align: 7.4794e+01 l_total: 2.5761e+02 
2026-05-22 16:12:48,589 INFO: [topki..][epoch: 50, iter:  33,660, lr:(5.641e-04,)][eta: 5:01:05, time (data): 0.631 (0.140)]l_bij: 5.8812e+01 l_orth: 7.3748e+01 l_diff: 2.4559e+01 l_align: 7.4654e+01 l_total: 2.3177e+02 
2026-05-22 16:13:02,460 INFO: [topki..][epoch: 50, iter:  33,680, lr:(5.641e-04,)][eta: 5:00:58, time (data): 0.642 (0.142)]l_bij: 6.7704e+01 l_orth: 8.0405e+01 l_diff: 3.4595e+01 l_align: 7.2109e+01 l_total: 2.5481e+02 
2026-05-22 16:13:16,453 INFO: [topki..][epoch: 50, iter:  33,700, lr:(5.641e-04,)][eta: 5:00:51, time (data): 0.650 (0.143)]l_bij: 6.4749e+01 l_orth: 7.5971e+01 l_diff: 3.1899e+01 l_align: 7.2319e+01 l_total: 2.4494e+02 
2026-05-22 16:13:29,982 INFO: [topki..][epoch: 50, iter:  33,720, lr:(5.641e-04,)][eta: 5:00:43, time (data): 0.654 (0.144)]l_bij: 8.9492e+01 l_orth: 9.8921e+01 l_diff: 2.7588e+01 l_align: 8.8998e+01 l_total: 3.0500e+02 
2026-05-22 16:13:42,060 INFO: [topki..][epoch: 50, iter:  33,740, lr:(5.641e-04,)][eta: 5:00:34, time (data): 0.648 (0.143)]l_bij: 7.6936e+01 l_orth: 8.4723e+01 l_diff: 2.6612e+01 l_align: 7.4693e+01 l_total: 2.6296e+02 
2026-05-22 16:13:55,169 INFO: [topki..][epoch: 50, iter:  33,760, lr:(5.641e-04,)][eta: 5:00:26, time (data): 0.649 (0.143)]l_bij: 6.6803e+01 l_orth: 7.7536e+01 l_diff: 2.9777e+01 l_align: 7.1609e+01 l_total: 2.4572e+02 
2026-05-22 16:14:06,686 INFO: [topki..][epoch: 50, iter:  33,780, lr:(5.641e-04,)][eta: 5:00:16, time (data): 0.581 (0.135)]l_bij: 9.3493e+01 l_orth: 1.0142e+02 l_diff: 3.0161e+01 l_align: 8.9513e+01 l_total: 3.1458e+02 
2026-05-22 16:14:19,426 INFO: [topki..][epoch: 50, iter:  33,800, lr:(5.641e-04,)][eta: 5:00:07, time (data): 0.616 (0.139)]l_bij: 6.2932e+01 l_orth: 7.5116e+01 l_diff: 2.8069e+01 l_align: 7.2853e+01 l_total: 2.3897e+02 
2026-05-22 16:14:35,211 INFO: [topki..][epoch: 51, iter:  33,820, lr:(5.500e-04,)][eta: 5:00:02, time (data): 0.683 (0.190)]l_bij: 8.1149e+01 l_orth: 8.9154e+01 l_diff: 3.4782e+01 l_align: 7.6058e+01 l_total: 2.8114e+02 
2026-05-22 16:14:47,707 INFO: [topki..][epoch: 51, iter:  33,840, lr:(5.500e-04,)][eta: 4:59:53, time (data): 0.666 (0.175)]l_bij: 5.3138e+01 l_orth: 6.7280e+01 l_diff: 2.5152e+01 l_align: 6.6821e+01 l_total: 2.1239e+02 
2026-05-22 16:15:00,846 INFO: [topki..][epoch: 51, iter:  33,860, lr:(5.500e-04,)][eta: 4:59:45, time (data): 0.664 (0.168)]l_bij: 9.4239e+01 l_orth: 1.0015e+02 l_diff: 2.7953e+01 l_align: 7.9031e+01 l_total: 3.0137e+02 
2026-05-22 16:15:14,082 INFO: [topki..][epoch: 51, iter:  33,880, lr:(5.500e-04,)][eta: 4:59:37, time (data): 0.664 (0.162)]l_bij: 6.3626e+01 l_orth: 7.6294e+01 l_diff: 2.9847e+01 l_align: 6.9370e+01 l_total: 2.3914e+02 
2026-05-22 16:15:27,648 INFO: [topki..][epoch: 51, iter:  33,900, lr:(5.500e-04,)][eta: 4:59:29, time (data): 0.666 (0.160)]l_bij: 7.0088e+01 l_orth: 8.2503e+01 l_diff: 3.0888e+01 l_align: 7.7843e+01 l_total: 2.6132e+02 
2026-05-22 16:15:40,784 INFO: [topki..][epoch: 51, iter:  33,920, lr:(5.500e-04,)][eta: 4:59:21, time (data): 0.665 (0.158)]l_bij: 8.0436e+01 l_orth: 9.0506e+01 l_diff: 3.3462e+01 l_align: 7.5532e+01 l_total: 2.7994e+02 
2026-05-22 16:15:53,616 INFO: [topki..][epoch: 51, iter:  33,940, lr:(5.500e-04,)][eta: 4:59:12, time (data): 0.662 (0.156)]l_bij: 6.4271e+01 l_orth: 7.4137e+01 l_diff: 2.8511e+01 l_align: 6.5167e+01 l_total: 2.3209e+02 
2026-05-22 16:16:05,576 INFO: [topki..][epoch: 51, iter:  33,960, lr:(5.500e-04,)][eta: 4:59:03, time (data): 0.655 (0.155)]l_bij: 6.1819e+01 l_orth: 7.4704e+01 l_diff: 3.0261e+01 l_align: 7.3145e+01 l_total: 2.3993e+02 
2026-05-22 16:16:18,260 INFO: [topki..][epoch: 51, iter:  33,980, lr:(5.500e-04,)][eta: 4:58:54, time (data): 0.632 (0.129)]l_bij: 8.3117e+01 l_orth: 9.1870e+01 l_diff: 2.7099e+01 l_align: 7.7801e+01 l_total: 2.7989e+02 
2026-05-22 16:16:31,238 INFO: [topki..][epoch: 51, iter:  34,000, lr:(5.500e-04,)][eta: 4:58:46, time (data): 0.643 (0.142)]l_bij: 5.7871e+01 l_orth: 6.8896e+01 l_diff: 2.1884e+01 l_align: 6.4435e+01 l_total: 2.1309e+02 
2026-05-22 16:16:43,916 INFO: [topki..][epoch: 51, iter:  34,020, lr:(5.500e-04,)][eta: 4:58:37, time (data): 0.639 (0.144)]l_bij: 4.0108e+01 l_orth: 5.9128e+01 l_diff: 2.1980e+01 l_align: 7.2182e+01 l_total: 1.9340e+02 
2026-05-22 16:16:56,292 INFO: [topki..][epoch: 51, iter:  34,040, lr:(5.500e-04,)][eta: 4:58:28, time (data): 0.633 (0.143)]l_bij: 9.4812e+01 l_orth: 1.0302e+02 l_diff: 2.7699e+01 l_align: 7.9175e+01 l_total: 3.0470e+02 
2026-05-22 16:17:10,226 INFO: [topki..][epoch: 51, iter:  34,060, lr:(5.500e-04,)][eta: 4:58:21, time (data): 0.647 (0.144)]l_bij: 8.8762e+01 l_orth: 9.7384e+01 l_diff: 3.3232e+01 l_align: 7.8728e+01 l_total: 2.9811e+02 
2026-05-22 16:17:23,928 INFO: [topki..][epoch: 51, iter:  34,080, lr:(5.500e-04,)][eta: 4:58:13, time (data): 0.654 (0.145)]l_bij: 9.2765e+01 l_orth: 9.8800e+01 l_diff: 3.4526e+01 l_align: 7.9387e+01 l_total: 3.0548e+02 
2026-05-22 16:17:36,586 INFO: [topki..][epoch: 51, iter:  34,100, lr:(5.500e-04,)][eta: 4:58:04, time (data): 0.651 (0.144)]l_bij: 1.7737e+00 l_orth: 3.3587e+01 l_diff: 2.3790e+01 l_align: 8.2989e+01 l_total: 1.4214e+02 
2026-05-22 16:17:49,883 INFO: [topki..][epoch: 51, iter:  34,120, lr:(5.500e-04,)][eta: 4:57:56, time (data): 0.653 (0.144)]l_bij: 1.0030e+02 l_orth: 1.0530e+02 l_diff: 3.1484e+01 l_align: 8.6783e+01 l_total: 3.2386e+02 
2026-05-22 16:18:03,601 INFO: [topki..][epoch: 51, iter:  34,140, lr:(5.500e-04,)][eta: 4:57:48, time (data): 0.657 (0.145)]l_bij: 6.3291e+01 l_orth: 7.3531e+01 l_diff: 2.4201e+01 l_align: 6.8328e+01 l_total: 2.2935e+02 
2026-05-22 16:18:16,536 INFO: [topki..][epoch: 51, iter:  34,160, lr:(5.500e-04,)][eta: 4:57:40, time (data): 0.656 (0.145)]l_bij: 5.8800e+01 l_orth: 7.1182e+01 l_diff: 2.6967e+01 l_align: 6.8793e+01 l_total: 2.2574e+02 
2026-05-22 16:18:29,642 INFO: [topki..][epoch: 51, iter:  34,180, lr:(5.500e-04,)][eta: 4:57:32, time (data): 0.652 (0.156)]l_bij: 7.0545e+01 l_orth: 8.1221e+01 l_diff: 2.5360e+01 l_align: 7.1610e+01 l_total: 2.4874e+02 
2026-05-22 16:18:42,882 INFO: [topki..][epoch: 51, iter:  34,200, lr:(5.500e-04,)][eta: 4:57:23, time (data): 0.658 (0.148)]l_bij: 6.9079e+01 l_orth: 8.0207e+01 l_diff: 2.8932e+01 l_align: 7.4370e+01 l_total: 2.5259e+02 
2026-05-22 16:18:56,334 INFO: [topki..][epoch: 51, iter:  34,220, lr:(5.500e-04,)][eta: 4:57:15, time (data): 0.664 (0.144)]l_bij: 5.4596e+01 l_orth: 6.7703e+01 l_diff: 2.6196e+01 l_align: 6.8383e+01 l_total: 2.1688e+02 
2026-05-22 16:19:09,021 INFO: [topki..][epoch: 51, iter:  34,240, lr:(5.500e-04,)][eta: 4:57:07, time (data): 0.656 (0.141)]l_bij: 8.1477e+01 l_orth: 9.4553e+01 l_diff: 2.8931e+01 l_align: 8.8962e+01 l_total: 2.9392e+02 
2026-05-22 16:19:21,792 INFO: [topki..][epoch: 51, iter:  34,260, lr:(5.500e-04,)][eta: 4:56:58, time (data): 0.652 (0.140)]l_bij: 7.7177e+01 l_orth: 8.6630e+01 l_diff: 3.3123e+01 l_align: 7.3025e+01 l_total: 2.6996e+02 
2026-05-22 16:19:34,096 INFO: [topki..][epoch: 51, iter:  34,280, lr:(5.500e-04,)][eta: 4:56:49, time (data): 0.645 (0.139)]l_bij: 5.9466e+01 l_orth: 7.2280e+01 l_diff: 2.2776e+01 l_align: 7.2637e+01 l_total: 2.2716e+02 
2026-05-22 16:19:45,174 INFO: [topki..][epoch: 51, iter:  34,300, lr:(5.500e-04,)][eta: 4:56:39, time (data): 0.631 (0.138)]l_bij: 4.1560e+01 l_orth: 5.8866e+01 l_diff: 2.0822e+01 l_align: 7.0393e+01 l_total: 1.9164e+02 
2026-05-22 16:19:56,112 INFO: [topki..][epoch: 51, iter:  34,320, lr:(5.500e-04,)][eta: 4:56:28, time (data): 0.620 (0.139)]l_bij: 6.5685e+01 l_orth: 7.9578e+01 l_diff: 2.4427e+01 l_align: 8.2170e+01 l_total: 2.5186e+02 
2026-05-22 16:20:06,958 INFO: [topki..][epoch: 51, iter:  34,340, lr:(5.500e-04,)][eta: 4:56:18, time (data): 0.611 (0.139)]l_bij: 5.4274e+01 l_orth: 6.9763e+01 l_diff: 2.6299e+01 l_align: 7.0922e+01 l_total: 2.2126e+02 
2026-05-22 16:20:17,520 INFO: [topki..][epoch: 51, iter:  34,360, lr:(5.500e-04,)][eta: 4:56:07, time (data): 0.602 (0.139)]l_bij: 5.4486e+01 l_orth: 7.1007e+01 l_diff: 2.5376e+01 l_align: 7.2153e+01 l_total: 2.2302e+02 
2026-05-22 16:20:28,034 INFO: [topki..][epoch: 51, iter:  34,380, lr:(5.500e-04,)][eta: 4:55:56, time (data): 0.533 (0.131)]l_bij: 6.7424e+01 l_orth: 8.0323e+01 l_diff: 2.1568e+01 l_align: 7.4403e+01 l_total: 2.4372e+02 
2026-05-22 16:20:38,817 INFO: [topki..][epoch: 51, iter:  34,400, lr:(5.500e-04,)][eta: 4:55:45, time (data): 0.537 (0.141)]l_bij: 3.6456e+01 l_orth: 5.4567e+01 l_diff: 2.4769e+01 l_align: 7.2895e+01 l_total: 1.8869e+02 
2026-05-22 16:20:49,621 INFO: [topki..][epoch: 51, iter:  34,420, lr:(5.500e-04,)][eta: 4:55:35, time (data): 0.538 (0.139)]l_bij: 6.2411e+01 l_orth: 7.3651e+01 l_diff: 2.2396e+01 l_align: 6.6555e+01 l_total: 2.2501e+02 
2026-05-22 16:21:00,815 INFO: [topki..][epoch: 51, iter:  34,440, lr:(5.500e-04,)][eta: 4:55:24, time (data): 0.545 (0.140)]l_bij: 7.6794e+01 l_orth: 8.6850e+01 l_diff: 2.7042e+01 l_align: 7.4308e+01 l_total: 2.6499e+02 
2026-05-22 16:21:10,552 INFO: [topki..][epoch: 51, iter:  34,460, lr:(5.500e-04,)][eta: 4:55:13, time (data): 0.532 (0.137)]l_bij: 5.5441e+01 l_orth: 6.6831e+01 l_diff: 2.2204e+01 l_align: 6.4695e+01 l_total: 2.0917e+02 
2026-05-22 16:21:22,430 INFO: [topki..][epoch: 52, iter:  34,480, lr:(5.359e-04,)][eta: 4:55:03, time (data): 0.543 (0.152)]l_bij: 6.7735e+01 l_orth: 7.9599e+01 l_diff: 3.3656e+01 l_align: 7.3745e+01 l_total: 2.5474e+02 
2026-05-22 16:21:32,796 INFO: [topki..][epoch: 52, iter:  34,500, lr:(5.359e-04,)][eta: 4:54:52, time (data): 0.539 (0.149)]l_bij: 7.4020e+01 l_orth: 8.4082e+01 l_diff: 2.8819e+01 l_align: 7.4182e+01 l_total: 2.6110e+02 
2026-05-22 16:21:43,149 INFO: [topki..][epoch: 52, iter:  34,520, lr:(5.359e-04,)][eta: 4:54:41, time (data): 0.536 (0.148)]l_bij: 7.5414e+01 l_orth: 8.5730e+01 l_diff: 3.1737e+01 l_align: 7.9386e+01 l_total: 2.7227e+02 
2026-05-22 16:21:53,631 INFO: [topki..][epoch: 52, iter:  34,540, lr:(5.359e-04,)][eta: 4:54:30, time (data): 0.535 (0.147)]l_bij: 7.3405e+01 l_orth: 8.4702e+01 l_diff: 4.0331e+01 l_align: 7.4450e+01 l_total: 2.7289e+02 
2026-05-22 16:22:03,902 INFO: [topki..][epoch: 52, iter:  34,560, lr:(5.359e-04,)][eta: 4:54:19, time (data): 0.533 (0.145)]l_bij: 8.4847e+01 l_orth: 9.5866e+01 l_diff: 2.9004e+01 l_align: 8.3550e+01 l_total: 2.9327e+02 
2026-05-22 16:22:14,546 INFO: [topki..][epoch: 52, iter:  34,580, lr:(5.359e-04,)][eta: 4:54:09, time (data): 0.516 (0.129)]l_bij: 6.2438e+01 l_orth: 7.3724e+01 l_diff: 2.2170e+01 l_align: 6.6789e+01 l_total: 2.2512e+02 
2026-05-22 16:22:25,102 INFO: [topki..][epoch: 52, iter:  34,600, lr:(5.359e-04,)][eta: 4:53:58, time (data): 0.524 (0.136)]l_bij: 7.5590e+01 l_orth: 8.4261e+01 l_diff: 3.3119e+01 l_align: 6.8546e+01 l_total: 2.6152e+02 
2026-05-22 16:22:35,580 INFO: [topki..][epoch: 52, iter:  34,620, lr:(5.359e-04,)][eta: 4:53:47, time (data): 0.524 (0.136)]l_bij: 6.4669e+01 l_orth: 7.8570e+01 l_diff: 2.8026e+01 l_align: 8.0040e+01 l_total: 2.5131e+02 
2026-05-22 16:22:46,729 INFO: [topki..][epoch: 52, iter:  34,640, lr:(5.359e-04,)][eta: 4:53:37, time (data): 0.534 (0.139)]l_bij: 7.4855e+01 l_orth: 8.4533e+01 l_diff: 2.6512e+01 l_align: 7.2352e+01 l_total: 2.5825e+02 
2026-05-22 16:22:57,358 INFO: [topki..][epoch: 52, iter:  34,660, lr:(5.359e-04,)][eta: 4:53:26, time (data): 0.533 (0.138)]l_bij: 2.2239e+00 l_orth: 4.0084e+01 l_diff: 1.9097e+01 l_align: 8.5948e+01 l_total: 1.4735e+02 
2026-05-22 16:23:08,978 INFO: [topki..][epoch: 52, iter:  34,680, lr:(5.359e-04,)][eta: 4:53:16, time (data): 0.542 (0.141)]l_bij: 9.1378e+01 l_orth: 9.7702e+01 l_diff: 3.3961e+01 l_align: 7.6051e+01 l_total: 2.9909e+02 
2026-05-22 16:23:19,890 INFO: [topki..][epoch: 52, iter:  34,700, lr:(5.359e-04,)][eta: 4:53:06, time (data): 0.543 (0.143)]l_bij: 9.0776e+01 l_orth: 1.0135e+02 l_diff: 3.0023e+01 l_align: 8.8429e+01 l_total: 3.1058e+02 
2026-05-22 16:23:31,429 INFO: [topki..][epoch: 52, iter:  34,720, lr:(5.359e-04,)][eta: 4:52:56, time (data): 0.547 (0.144)]l_bij: 7.6091e+01 l_orth: 8.5066e+01 l_diff: 2.8893e+01 l_align: 7.1442e+01 l_total: 2.6149e+02 
2026-05-22 16:23:42,650 INFO: [topki..][epoch: 52, iter:  34,740, lr:(5.359e-04,)][eta: 4:52:45, time (data): 0.549 (0.144)]l_bij: 8.9302e+01 l_orth: 9.6449e+01 l_diff: 3.3687e+01 l_align: 8.0435e+01 l_total: 2.9987e+02 
2026-05-22 16:23:53,562 INFO: [topki..][epoch: 52, iter:  34,760, lr:(5.359e-04,)][eta: 4:52:35, time (data): 0.549 (0.145)]l_bij: 7.2470e+01 l_orth: 8.4184e+01 l_diff: 2.7790e+01 l_align: 7.6898e+01 l_total: 2.6134e+02 
2026-05-22 16:24:04,570 INFO: [topki..][epoch: 52, iter:  34,780, lr:(5.359e-04,)][eta: 4:52:25, time (data): 0.589 (0.148)]l_bij: 1.8274e+00 l_orth: 3.4801e+01 l_diff: 2.5152e+01 l_align: 8.3355e+01 l_total: 1.4514e+02 
2026-05-22 16:24:15,541 INFO: [topki..][epoch: 52, iter:  34,800, lr:(5.359e-04,)][eta: 4:52:14, time (data): 0.559 (0.144)]l_bij: 6.4673e+01 l_orth: 8.0854e+01 l_diff: 2.4236e+01 l_align: 7.8725e+01 l_total: 2.4849e+02 
2026-05-22 16:24:26,342 INFO: [topki..][epoch: 52, iter:  34,820, lr:(5.359e-04,)][eta: 4:52:04, time (data): 0.551 (0.141)]l_bij: 4.7287e+01 l_orth: 6.4454e+01 l_diff: 2.8697e+01 l_align: 7.0440e+01 l_total: 2.1088e+02 
2026-05-22 16:24:37,040 INFO: [topki..][epoch: 52, iter:  34,840, lr:(5.359e-04,)][eta: 4:51:53, time (data): 0.546 (0.142)]l_bij: 6.2634e+01 l_orth: 7.9928e+01 l_diff: 2.8916e+01 l_align: 8.2901e+01 l_total: 2.5438e+02 
2026-05-22 16:24:47,582 INFO: [topki..][epoch: 52, iter:  34,860, lr:(5.359e-04,)][eta: 4:51:42, time (data): 0.542 (0.139)]l_bij: 9.6950e+01 l_orth: 1.0279e+02 l_diff: 2.7220e+01 l_align: 8.0464e+01 l_total: 3.0743e+02 
2026-05-22 16:24:57,832 INFO: [topki..][epoch: 52, iter:  34,880, lr:(5.359e-04,)][eta: 4:51:31, time (data): 0.536 (0.140)]l_bij: 6.5252e+01 l_orth: 7.8511e+01 l_diff: 2.2030e+01 l_align: 7.5071e+01 l_total: 2.4086e+02 
2026-05-22 16:25:08,631 INFO: [topki..][epoch: 52, iter:  34,900, lr:(5.359e-04,)][eta: 4:51:20, time (data): 0.537 (0.140)]l_bij: 6.6543e+01 l_orth: 7.9179e+01 l_diff: 2.5889e+01 l_align: 6.8703e+01 l_total: 2.4031e+02 
2026-05-22 16:25:19,639 INFO: [topki..][epoch: 52, iter:  34,920, lr:(5.359e-04,)][eta: 4:51:10, time (data): 0.539 (0.140)]l_bij: 7.0616e+01 l_orth: 8.4253e+01 l_diff: 2.3751e+01 l_align: 8.0074e+01 l_total: 2.5869e+02 
2026-05-22 16:25:30,197 INFO: [topki..][epoch: 52, iter:  34,940, lr:(5.359e-04,)][eta: 4:50:59, time (data): 0.537 (0.139)]l_bij: 5.6398e+01 l_orth: 7.0353e+01 l_diff: 2.3273e+01 l_align: 6.5816e+01 l_total: 2.1584e+02 
2026-05-22 16:25:41,269 INFO: [topki..][epoch: 52, iter:  34,960, lr:(5.359e-04,)][eta: 4:50:49, time (data): 0.539 (0.140)]l_bij: 6.1105e+01 l_orth: 7.7276e+01 l_diff: 2.6435e+01 l_align: 7.4390e+01 l_total: 2.3920e+02 
2026-05-22 16:25:52,160 INFO: [topki..][epoch: 52, iter:  34,980, lr:(5.359e-04,)][eta: 4:50:38, time (data): 0.534 (0.137)]l_bij: 7.0288e+01 l_orth: 8.0870e+01 l_diff: 2.5045e+01 l_align: 7.0356e+01 l_total: 2.4656e+02 
2026-05-22 16:26:03,200 INFO: [topki..][epoch: 52, iter:  35,000, lr:(5.359e-04,)][eta: 4:50:28, time (data): 0.548 (0.138)]l_bij: 5.6996e+01 l_orth: 6.9530e+01 l_diff: 2.7230e+01 l_align: 6.8424e+01 l_total: 2.2218e+02 
2026-05-22 16:26:14,066 INFO: [topki..][epoch: 52, iter:  35,020, lr:(5.359e-04,)][eta: 4:50:17, time (data): 0.546 (0.139)]l_bij: 7.7835e+01 l_orth: 8.9245e+01 l_diff: 3.5832e+01 l_align: 7.9223e+01 l_total: 2.8213e+02 
2026-05-22 16:26:24,681 INFO: [topki..][epoch: 52, iter:  35,040, lr:(5.359e-04,)][eta: 4:50:07, time (data): 0.541 (0.139)]l_bij: 5.8981e+01 l_orth: 6.9751e+01 l_diff: 2.2350e+01 l_align: 6.5514e+01 l_total: 2.1660e+02 
2026-05-22 16:26:35,275 INFO: [topki..][epoch: 52, iter:  35,060, lr:(5.359e-04,)][eta: 4:49:56, time (data): 0.538 (0.140)]l_bij: 7.2027e+01 l_orth: 8.1249e+01 l_diff: 2.7969e+01 l_align: 7.3119e+01 l_total: 2.5436e+02 
2026-05-22 16:26:46,375 INFO: [topki..][epoch: 52, iter:  35,080, lr:(5.359e-04,)][eta: 4:49:46, time (data): 0.542 (0.140)]l_bij: 3.6162e+01 l_orth: 5.6851e+01 l_diff: 2.1070e+01 l_align: 7.3021e+01 l_total: 1.8710e+02 
2026-05-22 16:26:57,256 INFO: [topki..][epoch: 52, iter:  35,100, lr:(5.359e-04,)][eta: 4:49:35, time (data): 0.542 (0.141)]l_bij: 7.8921e+01 l_orth: 8.5737e+01 l_diff: 3.0794e+01 l_align: 7.5705e+01 l_total: 2.7116e+02 
2026-05-22 16:27:08,232 INFO: [topki..][epoch: 52, iter:  35,120, lr:(5.359e-04,)][eta: 4:49:25, time (data): 0.543 (0.141)]l_bij: 9.3250e+01 l_orth: 1.0039e+02 l_diff: 3.4733e+01 l_align: 8.3102e+01 l_total: 3.1147e+02 
2026-05-22 16:27:18,575 INFO: [topki..][epoch: 52, iter:  35,140, lr:(5.359e-04,)][eta: 4:49:14, time (data): 0.540 (0.140)]l_bij: 7.2344e+01 l_orth: 8.2316e+01 l_diff: 3.2307e+01 l_align: 7.2463e+01 l_total: 2.5943e+02 
2026-05-22 16:27:30,399 INFO: [topki..][epoch: 53, iter:  35,160, lr:(5.217e-04,)][eta: 4:49:04, time (data): 0.545 (0.148)]l_bij: 6.9219e+01 l_orth: 7.9246e+01 l_diff: 2.6749e+01 l_align: 7.4022e+01 l_total: 2.4924e+02 
2026-05-22 16:27:40,715 INFO: [topki..][epoch: 53, iter:  35,180, lr:(5.217e-04,)][eta: 4:48:53, time (data): 0.533 (0.134)]l_bij: 7.4083e-01 l_orth: 2.6834e+01 l_diff: 2.2155e+01 l_align: 7.2985e+01 l_total: 1.2271e+02 
2026-05-22 16:27:51,545 INFO: [topki..][epoch: 53, iter:  35,200, lr:(5.217e-04,)][eta: 4:48:42, time (data): 0.540 (0.140)]l_bij: 6.7705e+01 l_orth: 7.9937e+01 l_diff: 2.7909e+01 l_align: 7.1234e+01 l_total: 2.4679e+02 
2026-05-22 16:28:02,379 INFO: [topki..][epoch: 53, iter:  35,220, lr:(5.217e-04,)][eta: 4:48:32, time (data): 0.541 (0.142)]l_bij: 6.2919e+01 l_orth: 7.5063e+01 l_diff: 2.6363e+01 l_align: 7.0449e+01 l_total: 2.3479e+02 
2026-05-22 16:28:13,492 INFO: [topki..][epoch: 53, iter:  35,240, lr:(5.217e-04,)][eta: 4:48:21, time (data): 0.545 (0.146)]l_bij: 6.5713e+01 l_orth: 7.5690e+01 l_diff: 2.8243e+01 l_align: 7.0632e+01 l_total: 2.4028e+02 
2026-05-22 16:28:25,026 INFO: [topki..][epoch: 53, iter:  35,260, lr:(5.217e-04,)][eta: 4:48:12, time (data): 0.553 (0.149)]l_bij: 9.2437e+01 l_orth: 9.9176e+01 l_diff: 2.9237e+01 l_align: 7.8820e+01 l_total: 2.9967e+02 
2026-05-22 16:28:35,754 INFO: [topki..][epoch: 53, iter:  35,280, lr:(5.217e-04,)][eta: 4:48:01, time (data): 0.549 (0.146)]l_bij: 8.3225e+01 l_orth: 8.9731e+01 l_diff: 2.4831e+01 l_align: 7.9374e+01 l_total: 2.7716e+02 
2026-05-22 16:28:46,723 INFO: [topki..][epoch: 53, iter:  35,300, lr:(5.217e-04,)][eta: 4:47:50, time (data): 0.549 (0.146)]l_bij: 7.9567e+01 l_orth: 8.8077e+01 l_diff: 2.9944e+01 l_align: 7.3463e+01 l_total: 2.7105e+02 
2026-05-22 16:28:57,583 INFO: [topki..][epoch: 53, iter:  35,320, lr:(5.217e-04,)][eta: 4:47:40, time (data): 0.548 (0.145)]l_bij: 8.1245e+01 l_orth: 8.9408e+01 l_diff: 3.3141e+01 l_align: 7.7702e+01 l_total: 2.8150e+02 
2026-05-22 16:29:08,716 INFO: [topki..][epoch: 53, iter:  35,340, lr:(5.217e-04,)][eta: 4:47:30, time (data): 0.549 (0.145)]l_bij: 9.3153e+01 l_orth: 1.0169e+02 l_diff: 2.4890e+01 l_align: 8.3762e+01 l_total: 3.0350e+02 
2026-05-22 16:29:19,611 INFO: [topki..][epoch: 53, iter:  35,360, lr:(5.217e-04,)][eta: 4:47:19, time (data): 0.549 (0.145)]l_bij: 8.7879e+01 l_orth: 9.6755e+01 l_diff: 3.3205e+01 l_align: 8.1927e+01 l_total: 2.9977e+02 
2026-05-22 16:29:30,285 INFO: [topki..][epoch: 53, iter:  35,380, lr:(5.217e-04,)][eta: 4:47:08, time (data): 0.567 (0.156)]l_bij: 8.1668e+01 l_orth: 9.2048e+01 l_diff: 3.0070e+01 l_align: 8.1581e+01 l_total: 2.8537e+02 
2026-05-22 16:29:41,818 INFO: [topki..][epoch: 53, iter:  35,400, lr:(5.217e-04,)][eta: 4:46:58, time (data): 0.575 (0.147)]l_bij: 6.0069e+01 l_orth: 7.1609e+01 l_diff: 2.1252e+01 l_align: 6.9288e+01 l_total: 2.2222e+02 
2026-05-22 16:29:52,474 INFO: [topki..][epoch: 53, iter:  35,420, lr:(5.217e-04,)][eta: 4:46:48, time (data): 0.556 (0.143)]l_bij: 7.9834e+01 l_orth: 8.9499e+01 l_diff: 2.3584e+01 l_align: 7.7098e+01 l_total: 2.7001e+02 
2026-05-22 16:30:03,112 INFO: [topki..][epoch: 53, iter:  35,440, lr:(5.217e-04,)][eta: 4:46:37, time (data): 0.548 (0.141)]l_bij: 7.6302e+01 l_orth: 8.5323e+01 l_diff: 3.0229e+01 l_align: 7.5458e+01 l_total: 2.6731e+02 
2026-05-22 16:30:14,138 INFO: [topki..][epoch: 53, iter:  35,460, lr:(5.217e-04,)][eta: 4:46:27, time (data): 0.549 (0.141)]l_bij: 9.3492e+01 l_orth: 1.0271e+02 l_diff: 2.5911e+01 l_align: 8.7765e+01 l_total: 3.0988e+02 
2026-05-22 16:30:25,149 INFO: [topki..][epoch: 53, iter:  35,480, lr:(5.217e-04,)][eta: 4:46:16, time (data): 0.549 (0.141)]l_bij: 3.4440e+01 l_orth: 5.3196e+01 l_diff: 3.1691e+01 l_align: 6.7237e+01 l_total: 1.8656e+02 
2026-05-22 16:30:35,050 INFO: [topki..][epoch: 53, iter:  35,500, lr:(5.217e-04,)][eta: 4:46:05, time (data): 0.541 (0.139)]l_bij: 5.7240e+01 l_orth: 7.3669e+01 l_diff: 2.2492e+01 l_align: 7.0917e+01 l_total: 2.2432e+02 
2026-05-22 16:30:45,288 INFO: [topki..][epoch: 53, iter:  35,520, lr:(5.217e-04,)][eta: 4:45:54, time (data): 0.537 (0.139)]l_bij: 6.6935e+01 l_orth: 7.8864e+01 l_diff: 3.3151e+01 l_align: 6.9781e+01 l_total: 2.4873e+02 
2026-05-22 16:30:55,949 INFO: [topki..][epoch: 53, iter:  35,540, lr:(5.217e-04,)][eta: 4:45:43, time (data): 0.536 (0.139)]l_bij: 6.1788e+01 l_orth: 7.4523e+01 l_diff: 3.3214e+01 l_align: 6.8566e+01 l_total: 2.3809e+02 
2026-05-22 16:31:07,317 INFO: [topki..][epoch: 53, iter:  35,560, lr:(5.217e-04,)][eta: 4:45:33, time (data): 0.540 (0.140)]l_bij: 7.1801e+01 l_orth: 8.4332e+01 l_diff: 3.2207e+01 l_align: 7.7829e+01 l_total: 2.6617e+02 
2026-05-22 16:31:18,046 INFO: [topki..][epoch: 53, iter:  35,580, lr:(5.217e-04,)][eta: 4:45:22, time (data): 0.502 (0.136)]l_bij: 4.2959e+01 l_orth: 6.0384e+01 l_diff: 2.2681e+01 l_align: 6.9931e+01 l_total: 1.9596e+02 
2026-05-22 16:31:28,856 INFO: [topki..][epoch: 53, iter:  35,600, lr:(5.217e-04,)][eta: 4:45:12, time (data): 0.535 (0.144)]l_bij: 4.6491e+01 l_orth: 6.3410e+01 l_diff: 2.6588e+01 l_align: 6.7415e+01 l_total: 2.0390e+02 
2026-05-22 16:31:39,320 INFO: [topki..][epoch: 53, iter:  35,620, lr:(5.217e-04,)][eta: 4:45:01, time (data): 0.530 (0.141)]l_bij: 5.9181e+01 l_orth: 7.0932e+01 l_diff: 2.9545e+01 l_align: 6.7307e+01 l_total: 2.2697e+02 
2026-05-22 16:31:50,616 INFO: [topki..][epoch: 53, iter:  35,640, lr:(5.217e-04,)][eta: 4:44:50, time (data): 0.541 (0.141)]l_bij: 8.9889e+01 l_orth: 9.9405e+01 l_diff: 3.3888e+01 l_align: 7.8760e+01 l_total: 3.0194e+02 
2026-05-22 16:32:00,967 INFO: [topki..][epoch: 53, iter:  35,660, lr:(5.217e-04,)][eta: 4:44:39, time (data): 0.535 (0.141)]l_bij: 6.7846e+01 l_orth: 8.1232e+01 l_diff: 2.2624e+01 l_align: 7.1628e+01 l_total: 2.4333e+02 
2026-05-22 16:32:11,092 INFO: [topki..][epoch: 53, iter:  35,680, lr:(5.217e-04,)][eta: 4:44:28, time (data): 0.530 (0.140)]l_bij: 6.6876e+01 l_orth: 7.8416e+01 l_diff: 2.5360e+01 l_align: 7.0738e+01 l_total: 2.4139e+02 
2026-05-22 16:32:21,864 INFO: [topki..][epoch: 53, iter:  35,700, lr:(5.217e-04,)][eta: 4:44:18, time (data): 0.531 (0.142)]l_bij: 8.4020e+01 l_orth: 9.1767e+01 l_diff: 3.2015e+01 l_align: 7.7411e+01 l_total: 2.8521e+02 
2026-05-22 16:32:32,284 INFO: [topki..][epoch: 53, iter:  35,720, lr:(5.217e-04,)][eta: 4:44:07, time (data): 0.530 (0.142)]l_bij: 7.8216e+01 l_orth: 8.6877e+01 l_diff: 3.2880e+01 l_align: 7.4190e+01 l_total: 2.7216e+02 
2026-05-22 16:32:43,094 INFO: [topki..][epoch: 53, iter:  35,740, lr:(5.217e-04,)][eta: 4:43:56, time (data): 0.531 (0.142)]l_bij: 6.1563e+01 l_orth: 7.5425e+01 l_diff: 2.4645e+01 l_align: 7.7108e+01 l_total: 2.3874e+02 
2026-05-22 16:32:53,561 INFO: [topki..][epoch: 53, iter:  35,760, lr:(5.217e-04,)][eta: 4:43:45, time (data): 0.530 (0.141)]l_bij: 6.6961e+01 l_orth: 7.8740e+01 l_diff: 2.8312e+01 l_align: 7.4073e+01 l_total: 2.4809e+02 
2026-05-22 16:33:04,507 INFO: [topki..][epoch: 53, iter:  35,780, lr:(5.217e-04,)][eta: 4:43:35, time (data): 0.534 (0.129)]l_bij: 8.4527e+01 l_orth: 9.2838e+01 l_diff: 2.6731e+01 l_align: 8.1125e+01 l_total: 2.8522e+02 
2026-05-22 16:33:15,287 INFO: [topki..][epoch: 53, iter:  35,800, lr:(5.217e-04,)][eta: 4:43:24, time (data): 0.538 (0.146)]l_bij: 5.4451e+01 l_orth: 7.1170e+01 l_diff: 3.0248e+01 l_align: 7.4114e+01 l_total: 2.2998e+02 
2026-05-22 16:33:25,117 INFO: [topki..][epoch: 53, iter:  35,820, lr:(5.217e-04,)][eta: 4:43:13, time (data): 0.516 (0.138)]l_bij: 8.5712e+01 l_orth: 9.8340e+01 l_diff: 3.1725e+01 l_align: 9.2744e+01 l_total: 3.0852e+02 
2026-05-22 16:33:37,263 INFO: [topki..][epoch: 54, iter:  35,840, lr:(5.077e-04,)][eta: 4:43:03, time (data): 0.545 (0.170)]l_bij: 5.8805e+01 l_orth: 7.2213e+01 l_diff: 2.6946e+01 l_align: 7.3732e+01 l_total: 2.3170e+02 
2026-05-22 16:33:47,844 INFO: [topki..][epoch: 54, iter:  35,860, lr:(5.077e-04,)][eta: 4:42:52, time (data): 0.541 (0.159)]l_bij: 4.8103e+01 l_orth: 6.4356e+01 l_diff: 2.6753e+01 l_align: 6.8070e+01 l_total: 2.0728e+02 
2026-05-22 16:33:59,068 INFO: [topki..][epoch: 54, iter:  35,880, lr:(5.077e-04,)][eta: 4:42:42, time (data): 0.545 (0.155)]l_bij: 5.3205e+01 l_orth: 6.5896e+01 l_diff: 2.4071e+01 l_align: 6.9644e+01 l_total: 2.1282e+02 
2026-05-22 16:34:09,210 INFO: [topki..][epoch: 54, iter:  35,900, lr:(5.077e-04,)][eta: 4:42:31, time (data): 0.539 (0.151)]l_bij: 6.1767e+01 l_orth: 7.6928e+01 l_diff: 3.0517e+01 l_align: 7.8229e+01 l_total: 2.4744e+02 
2026-05-22 16:34:19,977 INFO: [topki..][epoch: 54, iter:  35,920, lr:(5.077e-04,)][eta: 4:42:20, time (data): 0.539 (0.149)]l_bij: 6.8404e+01 l_orth: 8.0993e+01 l_diff: 2.9933e+01 l_align: 7.4313e+01 l_total: 2.5364e+02 
2026-05-22 16:34:30,874 INFO: [topki..][epoch: 54, iter:  35,940, lr:(5.077e-04,)][eta: 4:42:10, time (data): 0.540 (0.147)]l_bij: 4.5844e+01 l_orth: 6.0711e+01 l_diff: 3.0753e+01 l_align: 6.7152e+01 l_total: 2.0446e+02 
2026-05-22 16:34:41,599 INFO: [topki..][epoch: 54, iter:  35,960, lr:(5.077e-04,)][eta: 4:41:59, time (data): 0.539 (0.146)]l_bij: 8.0786e+01 l_orth: 8.8391e+01 l_diff: 2.7387e+01 l_align: 7.4922e+01 l_total: 2.7149e+02 
2026-05-22 16:34:52,250 INFO: [topki..][epoch: 54, iter:  35,980, lr:(5.077e-04,)][eta: 4:41:48, time (data): 0.585 (0.144)]l_bij: 7.4424e+01 l_orth: 8.5366e+01 l_diff: 2.7297e+01 l_align: 8.0878e+01 l_total: 2.6796e+02 
2026-05-22 16:35:02,800 INFO: [topki..][epoch: 54, iter:  36,000, lr:(5.077e-04,)][eta: 4:41:38, time (data): 0.530 (0.142)]l_bij: 8.6177e+01 l_orth: 9.5014e+01 l_diff: 2.9124e+01 l_align: 7.9055e+01 l_total: 2.8937e+02 
2026-05-22 16:35:02,801 INFO: Saving models and training states.
2026-05-22 16:35:02,820 INFO: Start validation.
2026-05-22 16:36:10,478 INFO: Avg time: 0.1370
2026-05-22 16:36:10,569 INFO: Val auc: 0.6894
2026-05-22 16:36:10,569 INFO: Val avg error: 0.0608
2026-05-22 16:36:20,918 INFO: [topki..][epoch: 54, iter:  36,020, lr:(5.077e-04,)][eta: 4:42:26, time (data): 0.517 (0.138)]l_bij: 5.6467e+01 l_orth: 6.9183e+01 l_diff: 2.1891e+01 l_align: 6.9052e+01 l_total: 2.1659e+02 
2026-05-22 16:36:29,744 INFO: [topki..][epoch: 54, iter:  36,040, lr:(5.077e-04,)][eta: 4:42:14, time (data): 0.492 (0.130)]l_bij: 4.4829e+01 l_orth: 6.1234e+01 l_diff: 2.5689e+01 l_align: 6.9725e+01 l_total: 2.0148e+02 
2026-05-22 16:36:39,843 INFO: [topki..][epoch: 54, iter:  36,060, lr:(5.077e-04,)][eta: 4:42:02, time (data): 0.495 (0.132)]l_bij: 8.1973e+01 l_orth: 9.1311e+01 l_diff: 3.1076e+01 l_align: 8.1293e+01 l_total: 2.8565e+02 
2026-05-22 16:36:50,230 INFO: [topki..][epoch: 54, iter:  36,080, lr:(5.077e-04,)][eta: 4:41:51, time (data): 0.500 (0.135)]l_bij: 6.9558e+01 l_orth: 8.0845e+01 l_diff: 3.4267e+01 l_align: 7.4855e+01 l_total: 2.5953e+02 
2026-05-22 16:37:00,156 INFO: [topki..][epoch: 54, iter:  36,100, lr:(5.077e-04,)][eta: 4:41:40, time (data): 0.499 (0.133)]l_bij: 5.6849e+01 l_orth: 7.1813e+01 l_diff: 2.9062e+01 l_align: 7.1772e+01 l_total: 2.2950e+02 
2026-05-22 16:37:09,740 INFO: [topki..][epoch: 54, iter:  36,120, lr:(5.077e-04,)][eta: 4:41:28, time (data): 0.497 (0.133)]l_bij: 7.6344e+01 l_orth: 8.7313e+01 l_diff: 2.9783e+01 l_align: 8.0599e+01 l_total: 2.7404e+02 
2026-05-22 16:37:19,504 INFO: [topki..][epoch: 54, iter:  36,140, lr:(5.077e-04,)][eta: 4:41:17, time (data): 0.496 (0.133)]l_bij: 7.5032e+01 l_orth: 8.4557e+01 l_diff: 2.9569e+01 l_align: 7.5445e+01 l_total: 2.6460e+02 
2026-05-22 16:37:29,073 INFO: [topki..][epoch: 54, iter:  36,160, lr:(5.077e-04,)][eta: 4:41:05, time (data): 0.494 (0.133)]l_bij: 9.9888e+01 l_orth: 1.0665e+02 l_diff: 3.1156e+01 l_align: 8.8223e+01 l_total: 3.2592e+02 
2026-05-22 16:37:37,739 INFO: [topki..][epoch: 54, iter:  36,180, lr:(5.077e-04,)][eta: 4:40:52, time (data): 0.488 (0.131)]l_bij: 5.1507e+01 l_orth: 6.7781e+01 l_diff: 2.4887e+01 l_align: 6.9165e+01 l_total: 2.1334e+02 
2026-05-22 16:37:47,370 INFO: [topki..][epoch: 54, iter:  36,200, lr:(5.077e-04,)][eta: 4:40:41, time (data): 0.482 (0.125)]l_bij: 5.8597e+01 l_orth: 7.3821e+01 l_diff: 2.5367e+01 l_align: 7.0758e+01 l_total: 2.2854e+02 
2026-05-22 16:37:57,190 INFO: [topki..][epoch: 54, iter:  36,220, lr:(5.077e-04,)][eta: 4:40:29, time (data): 0.486 (0.128)]l_bij: 8.8640e+01 l_orth: 9.6717e+01 l_diff: 2.9983e+01 l_align: 8.4352e+01 l_total: 2.9969e+02 
2026-05-22 16:38:06,583 INFO: [topki..][epoch: 54, iter:  36,240, lr:(5.077e-04,)][eta: 4:40:17, time (data): 0.481 (0.126)]l_bij: 6.5305e+01 l_orth: 7.4590e+01 l_diff: 2.8762e+01 l_align: 6.4718e+01 l_total: 2.3337e+02 
2026-05-22 16:38:15,288 INFO: [topki..][epoch: 54, iter:  36,260, lr:(5.077e-04,)][eta: 4:40:05, time (data): 0.469 (0.122)]l_bij: 7.3241e+01 l_orth: 8.2234e+01 l_diff: 2.8207e+01 l_align: 7.1752e+01 l_total: 2.5543e+02 
2026-05-22 16:38:24,915 INFO: [topki..][epoch: 54, iter:  36,280, lr:(5.077e-04,)][eta: 4:39:53, time (data): 0.472 (0.123)]l_bij: 8.3826e+01 l_orth: 9.2162e+01 l_diff: 3.3717e+01 l_align: 7.7990e+01 l_total: 2.8769e+02 
2026-05-22 16:38:34,643 INFO: [topki..][epoch: 54, iter:  36,300, lr:(5.077e-04,)][eta: 4:39:42, time (data): 0.474 (0.125)]l_bij: 6.1450e+01 l_orth: 7.4912e+01 l_diff: 2.6167e+01 l_align: 7.0880e+01 l_total: 2.3341e+02 
2026-05-22 16:38:44,791 INFO: [topki..][epoch: 54, iter:  36,320, lr:(5.077e-04,)][eta: 4:39:30, time (data): 0.479 (0.126)]l_bij: 8.3199e-01 l_orth: 2.7858e+01 l_diff: 2.1307e+01 l_align: 7.3500e+01 l_total: 1.2350e+02 
2026-05-22 16:38:54,773 INFO: [topki..][epoch: 54, iter:  36,340, lr:(5.077e-04,)][eta: 4:39:19, time (data): 0.481 (0.128)]l_bij: 9.9370e+01 l_orth: 1.0295e+02 l_diff: 2.8503e+01 l_align: 7.7437e+01 l_total: 3.0826e+02 
2026-05-22 16:39:04,640 INFO: [topki..][epoch: 54, iter:  36,360, lr:(5.077e-04,)][eta: 4:39:08, time (data): 0.483 (0.128)]l_bij: 7.0014e+01 l_orth: 8.0946e+01 l_diff: 2.9229e+01 l_align: 7.5040e+01 l_total: 2.5523e+02 
2026-05-22 16:39:14,517 INFO: [topki..][epoch: 54, iter:  36,380, lr:(5.077e-04,)][eta: 4:38:56, time (data): 0.484 (0.128)]l_bij: 6.1944e+01 l_orth: 7.3943e+01 l_diff: 2.4015e+01 l_align: 6.6659e+01 l_total: 2.2656e+02 
2026-05-22 16:39:23,846 INFO: [topki..][epoch: 54, iter:  36,400, lr:(5.077e-04,)][eta: 4:38:44, time (data): 0.467 (0.130)]l_bij: 8.5552e+01 l_orth: 9.4300e+01 l_diff: 2.9389e+01 l_align: 8.3502e+01 l_total: 2.9274e+02 
2026-05-22 16:39:33,149 INFO: [topki..][epoch: 54, iter:  36,420, lr:(5.077e-04,)][eta: 4:38:32, time (data): 0.466 (0.128)]l_bij: 9.2560e+01 l_orth: 1.0028e+02 l_diff: 3.2141e+01 l_align: 8.6874e+01 l_total: 3.1185e+02 
2026-05-22 16:39:42,799 INFO: [topki..][epoch: 54, iter:  36,440, lr:(5.077e-04,)][eta: 4:38:21, time (data): 0.472 (0.128)]l_bij: 7.2371e+01 l_orth: 8.1595e+01 l_diff: 2.4863e+01 l_align: 6.8034e+01 l_total: 2.4686e+02 
2026-05-22 16:39:52,439 INFO: [topki..][epoch: 54, iter:  36,460, lr:(5.077e-04,)][eta: 4:38:09, time (data): 0.474 (0.132)]l_bij: 9.2417e+01 l_orth: 1.0073e+02 l_diff: 2.5510e+01 l_align: 8.5391e+01 l_total: 3.0404e+02 
2026-05-22 16:40:02,547 INFO: [topki..][epoch: 54, iter:  36,480, lr:(5.077e-04,)][eta: 4:37:58, time (data): 0.481 (0.132)]l_bij: 6.6506e+01 l_orth: 7.7106e+01 l_diff: 2.5859e+01 l_align: 6.9861e+01 l_total: 2.3933e+02 
2026-05-22 16:40:12,349 INFO: [topki..][epoch: 54, iter:  36,500, lr:(5.077e-04,)][eta: 4:37:46, time (data): 0.482 (0.133)]l_bij: 8.7885e+01 l_orth: 9.5537e+01 l_diff: 3.0983e+01 l_align: 7.6677e+01 l_total: 2.9108e+02 
2026-05-22 16:40:24,515 INFO: [topki..][epoch: 55, iter:  36,520, lr:(4.936e-04,)][eta: 4:37:37, time (data): 0.500 (0.147)]l_bij: 5.5744e+01 l_orth: 6.8187e+01 l_diff: 2.5990e+01 l_align: 6.7277e+01 l_total: 2.1720e+02 
2026-05-22 16:40:33,561 INFO: [topki..][epoch: 55, iter:  36,540, lr:(4.936e-04,)][eta: 4:37:25, time (data): 0.494 (0.143)]l_bij: 7.3314e+01 l_orth: 8.3850e+01 l_diff: 3.3341e+01 l_align: 7.6234e+01 l_total: 2.6674e+02 
2026-05-22 16:40:42,800 INFO: [topki..][epoch: 55, iter:  36,560, lr:(4.936e-04,)][eta: 4:37:13, time (data): 0.491 (0.141)]l_bij: 5.6961e+01 l_orth: 7.2932e+01 l_diff: 2.8565e+01 l_align: 7.0125e+01 l_total: 2.2858e+02 
2026-05-22 16:40:52,391 INFO: [topki..][epoch: 55, iter:  36,580, lr:(4.936e-04,)][eta: 4:37:01, time (data): 0.489 (0.139)]l_bij: 5.1923e+01 l_orth: 6.6936e+01 l_diff: 2.6603e+01 l_align: 6.8593e+01 l_total: 2.1406e+02 
2026-05-22 16:41:02,632 INFO: [topki..][epoch: 55, iter:  36,600, lr:(4.936e-04,)][eta: 4:36:50, time (data): 0.504 (0.135)]l_bij: 8.1531e+01 l_orth: 9.0122e+01 l_diff: 3.2243e+01 l_align: 8.1719e+01 l_total: 2.8561e+02 
2026-05-22 16:41:12,539 INFO: [topki..][epoch: 55, iter:  36,620, lr:(4.936e-04,)][eta: 4:36:38, time (data): 0.500 (0.137)]l_bij: 7.4235e+01 l_orth: 8.7330e+01 l_diff: 2.2506e+01 l_align: 8.1221e+01 l_total: 2.6529e+02 
2026-05-22 16:41:22,964 INFO: [topki..][epoch: 55, iter:  36,640, lr:(4.936e-04,)][eta: 4:36:27, time (data): 0.507 (0.135)]l_bij: 5.2794e+01 l_orth: 6.7591e+01 l_diff: 2.6176e+01 l_align: 7.1000e+01 l_total: 2.1756e+02 
2026-05-22 16:41:32,505 INFO: [topki..][epoch: 55, iter:  36,660, lr:(4.936e-04,)][eta: 4:36:16, time (data): 0.499 (0.133)]l_bij: 5.8042e+01 l_orth: 7.0275e+01 l_diff: 2.1087e+01 l_align: 6.6546e+01 l_total: 2.1595e+02 
2026-05-22 16:41:41,543 INFO: [topki..][epoch: 55, iter:  36,680, lr:(4.936e-04,)][eta: 4:36:04, time (data): 0.490 (0.129)]l_bij: 6.9680e+01 l_orth: 8.1332e+01 l_diff: 2.3950e+01 l_align: 7.8158e+01 l_total: 2.5312e+02 
2026-05-22 16:41:51,354 INFO: [topki..][epoch: 55, iter:  36,700, lr:(4.936e-04,)][eta: 4:35:52, time (data): 0.490 (0.130)]l_bij: 6.5458e+01 l_orth: 7.6891e+01 l_diff: 2.4291e+01 l_align: 7.4972e+01 l_total: 2.4161e+02 
2026-05-22 16:42:01,139 INFO: [topki..][epoch: 55, iter:  36,720, lr:(4.936e-04,)][eta: 4:35:41, time (data): 0.490 (0.130)]l_bij: 7.9737e+01 l_orth: 9.2144e+01 l_diff: 3.1201e+01 l_align: 8.2168e+01 l_total: 2.8525e+02 
2026-05-22 16:42:10,594 INFO: [topki..][epoch: 55, iter:  36,740, lr:(4.936e-04,)][eta: 4:35:29, time (data): 0.488 (0.130)]l_bij: 7.7559e+01 l_orth: 8.4849e+01 l_diff: 2.8151e+01 l_align: 7.4647e+01 l_total: 2.6521e+02 
2026-05-22 16:42:20,541 INFO: [topki..][epoch: 55, iter:  36,760, lr:(4.936e-04,)][eta: 4:35:18, time (data): 0.489 (0.130)]l_bij: 8.9739e+01 l_orth: 9.8364e+01 l_diff: 2.7859e+01 l_align: 8.9075e+01 l_total: 3.0504e+02 
2026-05-22 16:42:30,629 INFO: [topki..][epoch: 55, iter:  36,780, lr:(4.936e-04,)][eta: 4:35:06, time (data): 0.490 (0.131)]l_bij: 4.2339e+01 l_orth: 5.7836e+01 l_diff: 2.1277e+01 l_align: 6.5428e+01 l_total: 1.8688e+02 
2026-05-22 16:42:40,255 INFO: [topki..][epoch: 55, iter:  36,800, lr:(4.936e-04,)][eta: 4:34:55, time (data): 0.476 (0.131)]l_bij: 3.1076e+00 l_orth: 4.4112e+01 l_diff: 2.4433e+01 l_align: 9.4940e+01 l_total: 1.6659e+02 
2026-05-22 16:42:49,806 INFO: [topki..][epoch: 55, iter:  36,820, lr:(4.936e-04,)][eta: 4:34:43, time (data): 0.477 (0.129)]l_bij: 1.0140e+02 l_orth: 1.0510e+02 l_diff: 3.0963e+01 l_align: 7.8663e+01 l_total: 3.1614e+02 
2026-05-22 16:42:59,351 INFO: [topki..][epoch: 55, iter:  36,840, lr:(4.936e-04,)][eta: 4:34:31, time (data): 0.477 (0.130)]l_bij: 6.2221e+01 l_orth: 7.2793e+01 l_diff: 2.4376e+01 l_align: 6.6875e+01 l_total: 2.2626e+02 
2026-05-22 16:43:08,685 INFO: [topki..][epoch: 55, iter:  36,860, lr:(4.936e-04,)][eta: 4:34:19, time (data): 0.474 (0.129)]l_bij: 9.3194e+01 l_orth: 9.9875e+01 l_diff: 2.7461e+01 l_align: 8.0814e+01 l_total: 3.0134e+02 
2026-05-22 16:43:17,718 INFO: [topki..][epoch: 55, iter:  36,880, lr:(4.936e-04,)][eta: 4:34:07, time (data): 0.470 (0.127)]l_bij: 4.3933e+01 l_orth: 6.1760e+01 l_diff: 2.3727e+01 l_align: 7.0183e+01 l_total: 1.9960e+02 
2026-05-22 16:43:27,165 INFO: [topki..][epoch: 55, iter:  36,900, lr:(4.936e-04,)][eta: 4:33:56, time (data): 0.470 (0.127)]l_bij: 7.8797e+01 l_orth: 9.2112e+01 l_diff: 3.2114e+01 l_align: 8.6868e+01 l_total: 2.8989e+02 
2026-05-22 16:43:37,144 INFO: [topki..][epoch: 55, iter:  36,920, lr:(4.936e-04,)][eta: 4:33:44, time (data): 0.474 (0.128)]l_bij: 6.0744e+01 l_orth: 7.2295e+01 l_diff: 2.5707e+01 l_align: 6.7507e+01 l_total: 2.2625e+02 
2026-05-22 16:43:46,878 INFO: [topki..][epoch: 55, iter:  36,940, lr:(4.936e-04,)][eta: 4:33:33, time (data): 0.476 (0.129)]l_bij: 7.0249e+01 l_orth: 8.2184e+01 l_diff: 3.6902e+01 l_align: 7.6491e+01 l_total: 2.6583e+02 
2026-05-22 16:43:56,860 INFO: [topki..][epoch: 55, iter:  36,960, lr:(4.936e-04,)][eta: 4:33:21, time (data): 0.478 (0.130)]l_bij: 7.8610e+01 l_orth: 8.8398e+01 l_diff: 2.4747e+01 l_align: 7.5531e+01 l_total: 2.6729e+02 
2026-05-22 16:44:06,607 INFO: [topki..][epoch: 55, iter:  36,980, lr:(4.936e-04,)][eta: 4:33:10, time (data): 0.479 (0.130)]l_bij: 9.0437e+01 l_orth: 9.6457e+01 l_diff: 3.1766e+01 l_align: 7.5889e+01 l_total: 2.9455e+02 
2026-05-22 16:44:15,821 INFO: [topki..][epoch: 55, iter:  37,000, lr:(4.936e-04,)][eta: 4:32:58, time (data): 0.450 (0.116)]l_bij: 7.9219e+01 l_orth: 8.8157e+01 l_diff: 2.8450e+01 l_align: 7.5981e+01 l_total: 2.7181e+02 
2026-05-22 16:44:25,587 INFO: [topki..][epoch: 55, iter:  37,020, lr:(4.936e-04,)][eta: 4:32:47, time (data): 0.471 (0.128)]l_bij: 7.1036e+01 l_orth: 8.3747e+01 l_diff: 2.8757e+01 l_align: 7.3727e+01 l_total: 2.5727e+02 
2026-05-22 16:44:35,096 INFO: [topki..][epoch: 55, iter:  37,040, lr:(4.936e-04,)][eta: 4:32:35, time (data): 0.473 (0.130)]l_bij: 7.6635e+01 l_orth: 8.5936e+01 l_diff: 2.8852e+01 l_align: 7.0827e+01 l_total: 2.6225e+02 
2026-05-22 16:44:44,785 INFO: [topki..][epoch: 55, iter:  37,060, lr:(4.936e-04,)][eta: 4:32:23, time (data): 0.476 (0.131)]l_bij: 7.9024e+01 l_orth: 8.9889e+01 l_diff: 2.8029e+01 l_align: 7.9175e+01 l_total: 2.7612e+02 
2026-05-22 16:44:54,737 INFO: [topki..][epoch: 55, iter:  37,080, lr:(4.936e-04,)][eta: 4:32:12, time (data): 0.480 (0.131)]l_bij: 5.1324e+01 l_orth: 6.5636e+01 l_diff: 2.5288e+01 l_align: 6.7535e+01 l_total: 2.0978e+02 
2026-05-22 16:45:04,219 INFO: [topki..][epoch: 55, iter:  37,100, lr:(4.936e-04,)][eta: 4:32:00, time (data): 0.479 (0.130)]l_bij: 4.1723e+01 l_orth: 6.0967e+01 l_diff: 2.4894e+01 l_align: 7.1469e+01 l_total: 1.9905e+02 
2026-05-22 16:45:13,942 INFO: [topki..][epoch: 55, iter:  37,120, lr:(4.936e-04,)][eta: 4:31:49, time (data): 0.480 (0.130)]l_bij: 7.7931e+01 l_orth: 8.9567e+01 l_diff: 3.2443e+01 l_align: 7.9721e+01 l_total: 2.7966e+02 
2026-05-22 16:45:23,780 INFO: [topki..][epoch: 55, iter:  37,140, lr:(4.936e-04,)][eta: 4:31:37, time (data): 0.482 (0.130)]l_bij: 5.2031e+01 l_orth: 6.9563e+01 l_diff: 2.5536e+01 l_align: 7.8585e+01 l_total: 2.2571e+02 
2026-05-22 16:45:33,725 INFO: [topki..][epoch: 55, iter:  37,160, lr:(4.936e-04,)][eta: 4:31:26, time (data): 0.483 (0.130)]l_bij: 6.6109e+01 l_orth: 7.7438e+01 l_diff: 2.6969e+01 l_align: 7.2632e+01 l_total: 2.4315e+02 
2026-05-22 16:45:43,696 INFO: [topki..][epoch: 55, iter:  37,180, lr:(4.936e-04,)][eta: 4:31:15, time (data): 0.485 (0.130)]l_bij: 7.5937e+01 l_orth: 8.7495e+01 l_diff: 2.9369e+01 l_align: 7.5600e+01 l_total: 2.6840e+02 
2026-05-22 16:45:54,596 INFO: [topki..][epoch: 56, iter:  37,200, lr:(4.796e-04,)][eta: 4:31:04, time (data): 0.437 (0.112)]l_bij: 6.1629e+01 l_orth: 7.8141e+01 l_diff: 2.7697e+01 l_align: 8.2589e+01 l_total: 2.5006e+02 
2026-05-22 16:46:04,286 INFO: [topki..][epoch: 56, iter:  37,220, lr:(4.796e-04,)][eta: 4:30:53, time (data): 0.464 (0.117)]l_bij: 7.3371e+01 l_orth: 8.2933e+01 l_diff: 2.8245e+01 l_align: 6.9881e+01 l_total: 2.5443e+02 
2026-05-22 16:46:13,953 INFO: [topki..][epoch: 56, iter:  37,240, lr:(4.796e-04,)][eta: 4:30:41, time (data): 0.471 (0.121)]l_bij: 7.4854e+01 l_orth: 8.4787e+01 l_diff: 2.9079e+01 l_align: 7.5195e+01 l_total: 2.6392e+02 
2026-05-22 16:46:23,480 INFO: [topki..][epoch: 56, iter:  37,260, lr:(4.796e-04,)][eta: 4:30:29, time (data): 0.472 (0.122)]l_bij: 5.3507e+01 l_orth: 6.6975e+01 l_diff: 2.1078e+01 l_align: 6.5494e+01 l_total: 2.0705e+02 
2026-05-22 16:46:32,975 INFO: [topki..][epoch: 56, iter:  37,280, lr:(4.796e-04,)][eta: 4:30:18, time (data): 0.473 (0.123)]l_bij: 7.3605e+01 l_orth: 8.4159e+01 l_diff: 2.6450e+01 l_align: 7.4680e+01 l_total: 2.5889e+02 
2026-05-22 16:46:42,488 INFO: [topki..][epoch: 56, iter:  37,300, lr:(4.796e-04,)][eta: 4:30:06, time (data): 0.473 (0.124)]l_bij: 6.9184e+01 l_orth: 8.1891e+01 l_diff: 2.5552e+01 l_align: 7.8988e+01 l_total: 2.5562e+02 
2026-05-22 16:46:52,525 INFO: [topki..][epoch: 56, iter:  37,320, lr:(4.796e-04,)][eta: 4:29:55, time (data): 0.478 (0.124)]l_bij: 3.4102e+01 l_orth: 5.1611e+01 l_diff: 2.4063e+01 l_align: 6.6783e+01 l_total: 1.7656e+02 
2026-05-22 16:47:02,437 INFO: [topki..][epoch: 56, iter:  37,340, lr:(4.796e-04,)][eta: 4:29:44, time (data): 0.480 (0.125)]l_bij: 8.1974e+01 l_orth: 9.5795e+01 l_diff: 3.2115e+01 l_align: 9.1064e+01 l_total: 3.0095e+02 
2026-05-22 16:47:11,772 INFO: [topki..][epoch: 56, iter:  37,360, lr:(4.796e-04,)][eta: 4:29:32, time (data): 0.478 (0.125)]l_bij: 6.0523e+01 l_orth: 7.3477e+01 l_diff: 1.9257e+01 l_align: 6.5771e+01 l_total: 2.1903e+02 
2026-05-22 16:47:21,432 INFO: [topki..][epoch: 56, iter:  37,380, lr:(4.796e-04,)][eta: 4:29:20, time (data): 0.479 (0.125)]l_bij: 8.9598e+01 l_orth: 9.7543e+01 l_diff: 2.9216e+01 l_align: 8.7117e+01 l_total: 3.0347e+02 
2026-05-22 16:47:30,702 INFO: [topki..][epoch: 56, iter:  37,400, lr:(4.796e-04,)][eta: 4:29:08, time (data): 0.467 (0.120)]l_bij: 6.4408e+01 l_orth: 7.4472e+01 l_diff: 2.2806e+01 l_align: 7.0653e+01 l_total: 2.3234e+02 
2026-05-22 16:47:40,492 INFO: [topki..][epoch: 56, iter:  37,420, lr:(4.796e-04,)][eta: 4:28:57, time (data): 0.480 (0.123)]l_bij: 8.2222e+01 l_orth: 9.1462e+01 l_diff: 3.3545e+01 l_align: 7.6084e+01 l_total: 2.8331e+02 
2026-05-22 16:47:50,215 INFO: [topki..][epoch: 56, iter:  37,440, lr:(4.796e-04,)][eta: 4:28:45, time (data): 0.482 (0.124)]l_bij: 8.9753e+01 l_orth: 9.7029e+01 l_diff: 2.9882e+01 l_align: 8.0383e+01 l_total: 2.9705e+02 
2026-05-22 16:47:59,456 INFO: [topki..][epoch: 56, iter:  37,460, lr:(4.796e-04,)][eta: 4:28:34, time (data): 0.477 (0.123)]l_bij: 5.0296e+01 l_orth: 6.4239e+01 l_diff: 2.7603e+01 l_align: 6.7457e+01 l_total: 2.0960e+02 
2026-05-22 16:48:09,088 INFO: [topki..][epoch: 56, iter:  37,480, lr:(4.796e-04,)][eta: 4:28:22, time (data): 0.478 (0.125)]l_bij: 7.2148e+01 l_orth: 8.0981e+01 l_diff: 2.6583e+01 l_align: 6.9732e+01 l_total: 2.4944e+02 
2026-05-22 16:48:18,759 INFO: [topki..][epoch: 56, iter:  37,500, lr:(4.796e-04,)][eta: 4:28:11, time (data): 0.479 (0.126)]l_bij: 7.5759e+01 l_orth: 8.8496e+01 l_diff: 3.0203e+01 l_align: 7.9830e+01 l_total: 2.7429e+02 
2026-05-22 16:48:28,384 INFO: [topki..][epoch: 56, iter:  37,520, lr:(4.796e-04,)][eta: 4:27:59, time (data): 0.479 (0.127)]l_bij: 5.7252e+01 l_orth: 7.0059e+01 l_diff: 2.3246e+01 l_align: 6.7194e+01 l_total: 2.1775e+02 
2026-05-22 16:48:37,901 INFO: [topki..][epoch: 56, iter:  37,540, lr:(4.796e-04,)][eta: 4:27:47, time (data): 0.479 (0.127)]l_bij: 8.0069e+01 l_orth: 8.7761e+01 l_diff: 2.8879e+01 l_align: 7.4807e+01 l_total: 2.7152e+02 
2026-05-22 16:48:47,499 INFO: [topki..][epoch: 56, iter:  37,560, lr:(4.796e-04,)][eta: 4:27:36, time (data): 0.479 (0.128)]l_bij: 6.3455e+01 l_orth: 7.5682e+01 l_diff: 2.7167e+01 l_align: 7.1348e+01 l_total: 2.3765e+02 
2026-05-22 16:48:57,143 INFO: [topki..][epoch: 56, iter:  37,580, lr:(4.796e-04,)][eta: 4:27:24, time (data): 0.479 (0.128)]l_bij: 4.9684e+01 l_orth: 6.6469e+01 l_diff: 2.8072e+01 l_align: 7.2926e+01 l_total: 2.1715e+02 
2026-05-22 16:49:07,026 INFO: [topki..][epoch: 56, iter:  37,600, lr:(4.796e-04,)][eta: 4:27:13, time (data): 0.486 (0.134)]l_bij: 6.8288e+01 l_orth: 7.9017e+01 l_diff: 3.1133e+01 l_align: 7.0535e+01 l_total: 2.4897e+02 
2026-05-22 16:49:16,434 INFO: [topki..][epoch: 56, iter:  37,620, lr:(4.796e-04,)][eta: 4:27:01, time (data): 0.476 (0.130)]l_bij: 8.1815e+01 l_orth: 9.0560e+01 l_diff: 2.6482e+01 l_align: 8.1161e+01 l_total: 2.8002e+02 
2026-05-22 16:49:26,623 INFO: [topki..][epoch: 56, iter:  37,640, lr:(4.796e-04,)][eta: 4:26:50, time (data): 0.489 (0.130)]l_bij: 3.8471e+01 l_orth: 5.8736e+01 l_diff: 2.2852e+01 l_align: 7.2215e+01 l_total: 1.9227e+02 
2026-05-22 16:49:36,582 INFO: [topki..][epoch: 56, iter:  37,660, lr:(4.796e-04,)][eta: 4:26:39, time (data): 0.491 (0.132)]l_bij: 5.7303e+01 l_orth: 7.1089e+01 l_diff: 2.3655e+01 l_align: 7.1885e+01 l_total: 2.2393e+02 
2026-05-22 16:49:46,429 INFO: [topki..][epoch: 56, iter:  37,680, lr:(4.796e-04,)][eta: 4:26:28, time (data): 0.492 (0.132)]l_bij: 7.5224e+01 l_orth: 8.5916e+01 l_diff: 2.8855e+01 l_align: 8.0368e+01 l_total: 2.7036e+02 
2026-05-22 16:49:55,999 INFO: [topki..][epoch: 56, iter:  37,700, lr:(4.796e-04,)][eta: 4:26:16, time (data): 0.489 (0.132)]l_bij: 4.1108e+01 l_orth: 6.1077e+01 l_diff: 2.2359e+01 l_align: 7.2581e+01 l_total: 1.9712e+02 
2026-05-22 16:50:05,356 INFO: [topki..][epoch: 56, iter:  37,720, lr:(4.796e-04,)][eta: 4:26:04, time (data): 0.486 (0.131)]l_bij: 8.7004e+01 l_orth: 9.5026e+01 l_diff: 3.4374e+01 l_align: 8.0118e+01 l_total: 2.9652e+02 
2026-05-22 16:50:14,387 INFO: [topki..][epoch: 56, iter:  37,740, lr:(4.796e-04,)][eta: 4:25:52, time (data): 0.481 (0.129)]l_bij: 5.4284e+01 l_orth: 6.8731e+01 l_diff: 2.7367e+01 l_align: 7.2656e+01 l_total: 2.2304e+02 
2026-05-22 16:50:24,116 INFO: [topki..][epoch: 56, iter:  37,760, lr:(4.796e-04,)][eta: 4:25:41, time (data): 0.482 (0.130)]l_bij: 5.8883e+01 l_orth: 7.1531e+01 l_diff: 3.4503e+01 l_align: 7.3094e+01 l_total: 2.3801e+02 
2026-05-22 16:50:33,895 INFO: [topki..][epoch: 56, iter:  37,780, lr:(4.796e-04,)][eta: 4:25:29, time (data): 0.483 (0.130)]l_bij: 3.3336e+00 l_orth: 4.9237e+01 l_diff: 1.9594e+01 l_align: 1.0521e+02 l_total: 1.7737e+02 
2026-05-22 16:50:43,717 INFO: [topki..][epoch: 56, iter:  37,800, lr:(4.796e-04,)][eta: 4:25:18, time (data): 0.481 (0.136)]l_bij: 6.7681e+01 l_orth: 8.5080e+01 l_diff: 3.0541e+01 l_align: 7.9665e+01 l_total: 2.6297e+02 
2026-05-22 16:50:53,470 INFO: [topki..][epoch: 56, iter:  37,820, lr:(4.796e-04,)][eta: 4:25:07, time (data): 0.485 (0.132)]l_bij: 6.9287e+01 l_orth: 8.1074e+01 l_diff: 2.5077e+01 l_align: 7.4525e+01 l_total: 2.4996e+02 
2026-05-22 16:51:03,276 INFO: [topki..][epoch: 56, iter:  37,840, lr:(4.796e-04,)][eta: 4:24:55, time (data): 0.487 (0.131)]l_bij: 6.6039e+01 l_orth: 7.8860e+01 l_diff: 2.7304e+01 l_align: 7.6297e+01 l_total: 2.4850e+02 
2026-05-22 16:51:14,674 INFO: [topki..][epoch: 57, iter:  37,860, lr:(4.657e-04,)][eta: 4:24:45, time (data): 0.510 (0.154)]l_bij: 6.2155e+01 l_orth: 7.1282e+01 l_diff: 2.1353e+01 l_align: 6.3666e+01 l_total: 2.1846e+02 
2026-05-22 16:51:24,467 INFO: [topki..][epoch: 57, iter:  37,880, lr:(4.657e-04,)][eta: 4:24:34, time (data): 0.506 (0.148)]l_bij: 7.3537e+01 l_orth: 8.4036e+01 l_diff: 2.5537e+01 l_align: 8.0755e+01 l_total: 2.6386e+02 
2026-05-22 16:51:33,656 INFO: [topki..][epoch: 57, iter:  37,900, lr:(4.657e-04,)][eta: 4:24:22, time (data): 0.497 (0.142)]l_bij: 4.8255e+01 l_orth: 6.3903e+01 l_diff: 2.3082e+01 l_align: 7.0303e+01 l_total: 2.0554e+02 
2026-05-22 16:51:43,579 INFO: [topki..][epoch: 57, iter:  37,920, lr:(4.657e-04,)][eta: 4:24:11, time (data): 0.497 (0.141)]l_bij: 8.0053e+01 l_orth: 8.9415e+01 l_diff: 2.9453e+01 l_align: 8.1884e+01 l_total: 2.8080e+02 
2026-05-22 16:51:53,196 INFO: [topki..][epoch: 57, iter:  37,940, lr:(4.657e-04,)][eta: 4:23:59, time (data): 0.495 (0.139)]l_bij: 6.5556e+01 l_orth: 7.6718e+01 l_diff: 2.4498e+01 l_align: 7.0527e+01 l_total: 2.3730e+02 
2026-05-22 16:52:02,328 INFO: [topki..][epoch: 57, iter:  37,960, lr:(4.657e-04,)][eta: 4:23:47, time (data): 0.491 (0.137)]l_bij: 6.6176e+01 l_orth: 7.9583e+01 l_diff: 2.3908e+01 l_align: 7.8548e+01 l_total: 2.4822e+02 
2026-05-22 16:52:12,669 INFO: [topki..][epoch: 57, iter:  37,980, lr:(4.657e-04,)][eta: 4:23:36, time (data): 0.493 (0.136)]l_bij: 7.2660e+01 l_orth: 8.4980e+01 l_diff: 2.9548e+01 l_align: 7.9610e+01 l_total: 2.6680e+02 
2026-05-22 16:52:22,539 INFO: [topki..][epoch: 57, iter:  38,000, lr:(4.657e-04,)][eta: 4:23:25, time (data): 0.504 (0.128)]l_bij: 5.8710e+01 l_orth: 7.3368e+01 l_diff: 3.0129e+01 l_align: 7.5126e+01 l_total: 2.3733e+02 
2026-05-22 16:52:32,280 INFO: [topki..][epoch: 57, iter:  38,020, lr:(4.657e-04,)][eta: 4:23:14, time (data): 0.493 (0.127)]l_bij: 6.4510e+01 l_orth: 7.6339e+01 l_diff: 2.9127e+01 l_align: 6.8936e+01 l_total: 2.3891e+02 
2026-05-22 16:52:41,776 INFO: [topki..][epoch: 57, iter:  38,040, lr:(4.657e-04,)][eta: 4:23:02, time (data): 0.486 (0.125)]l_bij: 8.2333e+01 l_orth: 9.1905e+01 l_diff: 3.5258e+01 l_align: 7.9908e+01 l_total: 2.8940e+02 
2026-05-22 16:52:50,933 INFO: [topki..][epoch: 57, iter:  38,060, lr:(4.657e-04,)][eta: 4:22:50, time (data): 0.478 (0.123)]l_bij: 9.9355e+01 l_orth: 1.0409e+02 l_diff: 2.4982e+01 l_align: 8.0499e+01 l_total: 3.0892e+02 
2026-05-22 16:52:59,830 INFO: [topki..][epoch: 57, iter:  38,080, lr:(4.657e-04,)][eta: 4:22:38, time (data): 0.471 (0.121)]l_bij: 9.5224e+01 l_orth: 1.0014e+02 l_diff: 3.1331e+01 l_align: 8.1022e+01 l_total: 3.0772e+02 
2026-05-22 16:53:09,162 INFO: [topki..][epoch: 57, iter:  38,100, lr:(4.657e-04,)][eta: 4:22:26, time (data): 0.470 (0.120)]l_bij: 6.7902e+01 l_orth: 7.9306e+01 l_diff: 2.6287e+01 l_align: 7.1222e+01 l_total: 2.4472e+02 
2026-05-22 16:53:18,930 INFO: [topki..][epoch: 57, iter:  38,120, lr:(4.657e-04,)][eta: 4:22:15, time (data): 0.473 (0.122)]l_bij: 1.2701e+00 l_orth: 3.3707e+01 l_diff: 2.2935e+01 l_align: 8.0931e+01 l_total: 1.3884e+02 
2026-05-22 16:53:28,799 INFO: [topki..][epoch: 57, iter:  38,140, lr:(4.657e-04,)][eta: 4:22:04, time (data): 0.475 (0.123)]l_bij: 8.2999e+01 l_orth: 9.4726e+01 l_diff: 2.7097e+01 l_align: 8.3592e+01 l_total: 2.8841e+02 
2026-05-22 16:53:38,364 INFO: [topki..][epoch: 57, iter:  38,160, lr:(4.657e-04,)][eta: 4:21:52, time (data): 0.476 (0.123)]l_bij: 6.0678e+01 l_orth: 7.3213e+01 l_diff: 2.9572e+01 l_align: 6.6217e+01 l_total: 2.2968e+02 
2026-05-22 16:53:46,951 INFO: [topki..][epoch: 57, iter:  38,180, lr:(4.657e-04,)][eta: 4:21:40, time (data): 0.471 (0.122)]l_bij: 6.2711e+01 l_orth: 7.3034e+01 l_diff: 2.2295e+01 l_align: 6.4136e+01 l_total: 2.2218e+02 
2026-05-22 16:53:55,816 INFO: [topki..][epoch: 57, iter:  38,200, lr:(4.657e-04,)][eta: 4:21:28, time (data): 0.442 (0.108)]l_bij: 9.7018e+01 l_orth: 1.0237e+02 l_diff: 3.0079e+01 l_align: 7.9446e+01 l_total: 3.0891e+02 
2026-05-22 16:54:05,880 INFO: [topki..][epoch: 57, iter:  38,220, lr:(4.657e-04,)][eta: 4:21:17, time (data): 0.483 (0.126)]l_bij: 4.2996e+01 l_orth: 6.2708e+01 l_diff: 2.8779e+01 l_align: 7.0638e+01 l_total: 2.0512e+02 
2026-05-22 16:54:15,808 INFO: [topki..][epoch: 57, iter:  38,240, lr:(4.657e-04,)][eta: 4:21:05, time (data): 0.488 (0.128)]l_bij: 8.3404e+01 l_orth: 9.1881e+01 l_diff: 2.5983e+01 l_align: 8.0910e+01 l_total: 2.8218e+02 
2026-05-22 16:54:25,184 INFO: [topki..][epoch: 57, iter:  38,260, lr:(4.657e-04,)][eta: 4:20:54, time (data): 0.483 (0.128)]l_bij: 8.0128e+01 l_orth: 9.1396e+01 l_diff: 2.5485e+01 l_align: 7.8286e+01 l_total: 2.7529e+02 
2026-05-22 16:54:34,499 INFO: [topki..][epoch: 57, iter:  38,280, lr:(4.657e-04,)][eta: 4:20:42, time (data): 0.479 (0.128)]l_bij: 4.6627e+01 l_orth: 5.9895e+01 l_diff: 2.1669e+01 l_align: 6.7162e+01 l_total: 1.9535e+02 
2026-05-22 16:54:44,383 INFO: [topki..][epoch: 57, iter:  38,300, lr:(4.657e-04,)][eta: 4:20:31, time (data): 0.482 (0.128)]l_bij: 6.9507e+01 l_orth: 7.8685e+01 l_diff: 3.0871e+01 l_align: 7.2941e+01 l_total: 2.5200e+02 
2026-05-22 16:54:53,754 INFO: [topki..][epoch: 57, iter:  38,320, lr:(4.657e-04,)][eta: 4:20:19, time (data): 0.480 (0.128)]l_bij: 4.4640e+01 l_orth: 5.9820e+01 l_diff: 1.8624e+01 l_align: 6.5636e+01 l_total: 1.8872e+02 
2026-05-22 16:55:03,195 INFO: [topki..][epoch: 57, iter:  38,340, lr:(4.657e-04,)][eta: 4:20:07, time (data): 0.479 (0.128)]l_bij: 5.2032e+01 l_orth: 6.7523e+01 l_diff: 2.6969e+01 l_align: 7.0926e+01 l_total: 2.1745e+02 
2026-05-22 16:55:12,895 INFO: [topki..][epoch: 57, iter:  38,360, lr:(4.657e-04,)][eta: 4:19:56, time (data): 0.479 (0.128)]l_bij: 5.5089e+01 l_orth: 7.0864e+01 l_diff: 2.6866e+01 l_align: 7.0238e+01 l_total: 2.2306e+02 
2026-05-22 16:55:22,429 INFO: [topki..][epoch: 57, iter:  38,380, lr:(4.657e-04,)][eta: 4:19:44, time (data): 0.479 (0.128)]l_bij: 8.1823e+01 l_orth: 9.1295e+01 l_diff: 2.4035e+01 l_align: 8.0980e+01 l_total: 2.7813e+02 
2026-05-22 16:55:32,461 INFO: [topki..][epoch: 57, iter:  38,400, lr:(4.657e-04,)][eta: 4:19:33, time (data): 0.516 (0.150)]l_bij: 5.7903e+01 l_orth: 6.9363e+01 l_diff: 2.5982e+01 l_align: 6.5545e+01 l_total: 2.1879e+02 
2026-05-22 16:55:42,360 INFO: [topki..][epoch: 57, iter:  38,420, lr:(4.657e-04,)][eta: 4:19:22, time (data): 0.501 (0.135)]l_bij: 6.5447e+01 l_orth: 7.8255e+01 l_diff: 3.4588e+01 l_align: 7.0382e+01 l_total: 2.4867e+02 
2026-05-22 16:55:52,030 INFO: [topki..][epoch: 57, iter:  38,440, lr:(4.657e-04,)][eta: 4:19:11, time (data): 0.494 (0.134)]l_bij: 4.4316e+01 l_orth: 6.0683e+01 l_diff: 2.4032e+01 l_align: 6.9852e+01 l_total: 1.9888e+02 
2026-05-22 16:56:01,911 INFO: [topki..][epoch: 57, iter:  38,460, lr:(4.657e-04,)][eta: 4:18:59, time (data): 0.494 (0.133)]l_bij: 6.5190e+01 l_orth: 7.7989e+01 l_diff: 2.7108e+01 l_align: 7.3310e+01 l_total: 2.4360e+02 
2026-05-22 16:56:11,704 INFO: [topki..][epoch: 57, iter:  38,480, lr:(4.657e-04,)][eta: 4:18:48, time (data): 0.493 (0.132)]l_bij: 3.2800e+01 l_orth: 5.1681e+01 l_diff: 2.1953e+01 l_align: 6.7307e+01 l_total: 1.7374e+02 
2026-05-22 16:56:21,309 INFO: [topki..][epoch: 57, iter:  38,500, lr:(4.657e-04,)][eta: 4:18:37, time (data): 0.491 (0.132)]l_bij: 9.6053e+01 l_orth: 1.0093e+02 l_diff: 3.1193e+01 l_align: 7.8741e+01 l_total: 3.0691e+02 
2026-05-22 16:56:30,868 INFO: [topki..][epoch: 57, iter:  38,520, lr:(4.657e-04,)][eta: 4:18:25, time (data): 0.489 (0.131)]l_bij: 8.4992e+01 l_orth: 9.4324e+01 l_diff: 2.5838e+01 l_align: 8.6523e+01 l_total: 2.9168e+02 
2026-05-22 16:56:42,638 INFO: [topki..][epoch: 58, iter:  38,540, lr:(4.518e-04,)][eta: 4:18:15, time (data): 0.502 (0.144)]l_bij: 6.8657e+01 l_orth: 7.9339e+01 l_diff: 2.8304e+01 l_align: 7.2626e+01 l_total: 2.4893e+02 
2026-05-22 16:56:51,327 INFO: [topki..][epoch: 58, iter:  38,560, lr:(4.518e-04,)][eta: 4:18:03, time (data): 0.494 (0.139)]l_bij: 6.4529e+01 l_orth: 7.4642e+01 l_diff: 3.4144e+01 l_align: 6.6546e+01 l_total: 2.3986e+02 
2026-05-22 16:56:59,953 INFO: [topki..][epoch: 58, iter:  38,580, lr:(4.518e-04,)][eta: 4:17:51, time (data): 0.487 (0.135)]l_bij: 7.0588e+01 l_orth: 8.0262e+01 l_diff: 3.1674e+01 l_align: 7.0698e+01 l_total: 2.5322e+02 
2026-05-22 16:57:09,716 INFO: [topki..][epoch: 58, iter:  38,600, lr:(4.518e-04,)][eta: 4:17:40, time (data): 0.529 (0.141)]l_bij: 1.4934e+00 l_orth: 3.2070e+01 l_diff: 2.0739e+01 l_align: 7.7419e+01 l_total: 1.3172e+02 
2026-05-22 16:57:18,972 INFO: [topki..][epoch: 58, iter:  38,620, lr:(4.518e-04,)][eta: 4:17:28, time (data): 0.482 (0.125)]l_bij: 7.3660e+01 l_orth: 8.5059e+01 l_diff: 2.5057e+01 l_align: 7.6821e+01 l_total: 2.6060e+02 
2026-05-22 16:57:28,349 INFO: [topki..][epoch: 58, iter:  38,640, lr:(4.518e-04,)][eta: 4:17:16, time (data): 0.476 (0.125)]l_bij: 6.9528e+01 l_orth: 7.9397e+01 l_diff: 2.5028e+01 l_align: 7.2521e+01 l_total: 2.4647e+02 
2026-05-22 16:57:37,689 INFO: [topki..][epoch: 58, iter:  38,660, lr:(4.518e-04,)][eta: 4:17:05, time (data): 0.474 (0.125)]l_bij: 6.6665e+01 l_orth: 7.7802e+01 l_diff: 3.0410e+01 l_align: 7.0504e+01 l_total: 2.4538e+02 
2026-05-22 16:57:47,225 INFO: [topki..][epoch: 58, iter:  38,680, lr:(4.518e-04,)][eta: 4:16:53, time (data): 0.474 (0.125)]l_bij: 7.9809e+01 l_orth: 8.8479e+01 l_diff: 2.7220e+01 l_align: 7.7028e+01 l_total: 2.7254e+02 
2026-05-22 16:57:56,734 INFO: [topki..][epoch: 58, iter:  38,700, lr:(4.518e-04,)][eta: 4:16:42, time (data): 0.474 (0.125)]l_bij: 1.6544e+00 l_orth: 3.5534e+01 l_diff: 2.2667e+01 l_align: 8.4198e+01 l_total: 1.4405e+02 
2026-05-22 16:58:07,079 INFO: [topki..][epoch: 58, iter:  38,720, lr:(4.518e-04,)][eta: 4:16:31, time (data): 0.481 (0.126)]l_bij: 9.6716e+01 l_orth: 1.0541e+02 l_diff: 3.0543e+01 l_align: 8.8351e+01 l_total: 3.2102e+02 
2026-05-22 16:58:17,172 INFO: [topki..][epoch: 58, iter:  38,740, lr:(4.518e-04,)][eta: 4:16:20, time (data): 0.484 (0.127)]l_bij: 7.2641e+01 l_orth: 8.0648e+01 l_diff: 2.3533e+01 l_align: 6.6371e+01 l_total: 2.4319e+02 
2026-05-22 16:58:26,900 INFO: [topki..][epoch: 58, iter:  38,760, lr:(4.518e-04,)][eta: 4:16:08, time (data): 0.485 (0.127)]l_bij: 4.4646e+01 l_orth: 5.9361e+01 l_diff: 2.6152e+01 l_align: 6.7380e+01 l_total: 1.9754e+02 
2026-05-22 16:58:36,410 INFO: [topki..][epoch: 58, iter:  38,780, lr:(4.518e-04,)][eta: 4:15:57, time (data): 0.484 (0.127)]l_bij: 6.2004e+01 l_orth: 7.5090e+01 l_diff: 2.9806e+01 l_align: 7.3282e+01 l_total: 2.4018e+02 
2026-05-22 16:58:45,963 INFO: [topki..][epoch: 58, iter:  38,800, lr:(4.518e-04,)][eta: 4:15:45, time (data): 0.458 (0.124)]l_bij: 1.0345e+02 l_orth: 1.0729e+02 l_diff: 3.2741e+01 l_align: 8.6795e+01 l_total: 3.3027e+02 
2026-05-22 16:58:54,984 INFO: [topki..][epoch: 58, iter:  38,820, lr:(4.518e-04,)][eta: 4:15:33, time (data): 0.453 (0.116)]l_bij: 5.8818e+01 l_orth: 7.3540e+01 l_diff: 2.5880e+01 l_align: 7.2968e+01 l_total: 2.3121e+02 
2026-05-22 16:59:03,757 INFO: [topki..][epoch: 58, iter:  38,840, lr:(4.518e-04,)][eta: 4:15:21, time (data): 0.447 (0.112)]l_bij: 5.9881e+01 l_orth: 7.4973e+01 l_diff: 2.7796e+01 l_align: 7.4388e+01 l_total: 2.3704e+02 
2026-05-22 16:59:12,217 INFO: [topki..][epoch: 58, iter:  38,860, lr:(4.518e-04,)][eta: 4:15:09, time (data): 0.440 (0.111)]l_bij: 9.2243e+01 l_orth: 9.9269e+01 l_diff: 3.4337e+01 l_align: 8.7066e+01 l_total: 3.1292e+02 
2026-05-22 16:59:20,800 INFO: [topki..][epoch: 58, iter:  38,880, lr:(4.518e-04,)][eta: 4:14:57, time (data): 0.437 (0.109)]l_bij: 5.5094e+01 l_orth: 6.7881e+01 l_diff: 2.8335e+01 l_align: 7.2032e+01 l_total: 2.2334e+02 
2026-05-22 16:59:28,786 INFO: [topki..][epoch: 58, iter:  38,900, lr:(4.518e-04,)][eta: 4:14:44, time (data): 0.430 (0.107)]l_bij: 5.4462e+01 l_orth: 6.8303e+01 l_diff: 2.6289e+01 l_align: 6.8417e+01 l_total: 2.1747e+02 
2026-05-22 16:59:37,994 INFO: [topki..][epoch: 58, iter:  38,920, lr:(4.518e-04,)][eta: 4:14:33, time (data): 0.435 (0.109)]l_bij: 6.5798e+01 l_orth: 7.7743e+01 l_diff: 2.8608e+01 l_align: 7.2633e+01 l_total: 2.4478e+02 
2026-05-22 16:59:47,641 INFO: [topki..][epoch: 58, iter:  38,940, lr:(4.518e-04,)][eta: 4:14:21, time (data): 0.441 (0.112)]l_bij: 7.3429e+01 l_orth: 8.4873e+01 l_diff: 2.6585e+01 l_align: 7.9683e+01 l_total: 2.6457e+02 
2026-05-22 16:59:57,207 INFO: [topki..][epoch: 58, iter:  38,960, lr:(4.518e-04,)][eta: 4:14:10, time (data): 0.446 (0.114)]l_bij: 6.6297e+01 l_orth: 7.6631e+01 l_diff: 2.4312e+01 l_align: 7.4832e+01 l_total: 2.4207e+02 
2026-05-22 17:00:07,052 INFO: [topki..][epoch: 58, iter:  38,980, lr:(4.518e-04,)][eta: 4:13:58, time (data): 0.451 (0.116)]l_bij: 7.7391e+01 l_orth: 8.8611e+01 l_diff: 2.4050e+01 l_align: 7.9710e+01 l_total: 2.6976e+02 
2026-05-22 17:00:16,726 INFO: [topki..][epoch: 58, iter:  39,000, lr:(4.518e-04,)][eta: 4:13:47, time (data): 0.460 (0.126)]l_bij: 6.2270e+01 l_orth: 7.2873e+01 l_diff: 2.5544e+01 l_align: 6.4855e+01 l_total: 2.2554e+02 
2026-05-22 17:00:26,432 INFO: [topki..][epoch: 58, iter:  39,020, lr:(4.518e-04,)][eta: 4:13:36, time (data): 0.479 (0.129)]l_bij: 5.6163e+01 l_orth: 6.9610e+01 l_diff: 2.4400e+01 l_align: 6.7686e+01 l_total: 2.1786e+02 
2026-05-22 17:00:36,775 INFO: [topki..][epoch: 58, iter:  39,040, lr:(4.518e-04,)][eta: 4:13:25, time (data): 0.496 (0.130)]l_bij: 8.3227e+01 l_orth: 9.1054e+01 l_diff: 2.2075e+01 l_align: 8.0821e+01 l_total: 2.7718e+02 
2026-05-22 17:00:47,675 INFO: [topki..][epoch: 58, iter:  39,060, lr:(4.518e-04,)][eta: 4:13:14, time (data): 0.511 (0.134)]l_bij: 8.5702e+01 l_orth: 9.4479e+01 l_diff: 2.6656e+01 l_align: 8.0038e+01 l_total: 2.8688e+02 
2026-05-22 17:00:57,914 INFO: [topki..][epoch: 58, iter:  39,080, lr:(4.518e-04,)][eta: 4:13:03, time (data): 0.511 (0.133)]l_bij: 4.7186e+01 l_orth: 6.2227e+01 l_diff: 1.9925e+01 l_align: 6.8606e+01 l_total: 1.9794e+02 
2026-05-22 17:01:08,518 INFO: [topki..][epoch: 58, iter:  39,100, lr:(4.518e-04,)][eta: 4:12:53, time (data): 0.515 (0.134)]l_bij: 2.8301e+00 l_orth: 4.3803e+01 l_diff: 2.7931e+01 l_align: 9.7615e+01 l_total: 1.7218e+02 
2026-05-22 17:01:18,914 INFO: [topki..][epoch: 58, iter:  39,120, lr:(4.518e-04,)][eta: 4:12:42, time (data): 0.515 (0.134)]l_bij: 7.1361e+01 l_orth: 8.2856e+01 l_diff: 2.7325e+01 l_align: 7.6537e+01 l_total: 2.5808e+02 
2026-05-22 17:01:29,168 INFO: [topki..][epoch: 58, iter:  39,140, lr:(4.518e-04,)][eta: 4:12:31, time (data): 0.515 (0.135)]l_bij: 5.5865e+01 l_orth: 7.0640e+01 l_diff: 2.2309e+01 l_align: 7.2063e+01 l_total: 2.2088e+02 
2026-05-22 17:01:39,604 INFO: [topki..][epoch: 58, iter:  39,160, lr:(4.518e-04,)][eta: 4:12:20, time (data): 0.516 (0.135)]l_bij: 5.4999e+01 l_orth: 6.7877e+01 l_diff: 2.4312e+01 l_align: 6.7335e+01 l_total: 2.1452e+02 
2026-05-22 17:01:50,236 INFO: [topki..][epoch: 58, iter:  39,180, lr:(4.518e-04,)][eta: 4:12:10, time (data): 0.517 (0.135)]l_bij: 8.7308e+01 l_orth: 9.6224e+01 l_diff: 2.7431e+01 l_align: 8.1586e+01 l_total: 2.9255e+02 
2026-05-22 17:02:01,101 INFO: [topki..][epoch: 58, iter:  39,200, lr:(4.518e-04,)][eta: 4:11:59, time (data): 0.558 (0.134)]l_bij: 8.5742e+01 l_orth: 9.3656e+01 l_diff: 2.8462e+01 l_align: 7.7151e+01 l_total: 2.8501e+02 
2026-05-22 17:02:13,331 INFO: [topki..][epoch: 59, iter:  39,220, lr:(4.381e-04,)][eta: 4:11:50, time (data): 0.601 (0.213)]l_bij: 6.4089e+01 l_orth: 7.5219e+01 l_diff: 2.5474e+01 l_align: 6.9339e+01 l_total: 2.3412e+02 
2026-05-22 17:02:23,703 INFO: [topki..][epoch: 59, iter:  39,240, lr:(4.381e-04,)][eta: 4:11:39, time (data): 0.564 (0.174)]l_bij: 3.8729e+01 l_orth: 5.5153e+01 l_diff: 2.3910e+01 l_align: 6.5322e+01 l_total: 1.8311e+02 
2026-05-22 17:02:34,560 INFO: [topki..][epoch: 59, iter:  39,260, lr:(4.381e-04,)][eta: 4:11:28, time (data): 0.558 (0.166)]l_bij: 7.4025e+01 l_orth: 8.4627e+01 l_diff: 2.8261e+01 l_align: 7.2647e+01 l_total: 2.5956e+02 
2026-05-22 17:02:45,591 INFO: [topki..][epoch: 59, iter:  39,280, lr:(4.381e-04,)][eta: 4:11:18, time (data): 0.556 (0.161)]l_bij: 6.5748e+01 l_orth: 7.9391e+01 l_diff: 3.3503e+01 l_align: 7.1942e+01 l_total: 2.5058e+02 
2026-05-22 17:02:56,627 INFO: [topki..][epoch: 59, iter:  39,300, lr:(4.381e-04,)][eta: 4:11:07, time (data): 0.555 (0.159)]l_bij: 1.4279e+00 l_orth: 3.6045e+01 l_diff: 2.0821e+01 l_align: 7.9869e+01 l_total: 1.3816e+02 
2026-05-22 17:03:07,569 INFO: [topki..][epoch: 59, iter:  39,320, lr:(4.381e-04,)][eta: 4:10:57, time (data): 0.554 (0.156)]l_bij: 8.9540e+01 l_orth: 9.8222e+01 l_diff: 2.7914e+01 l_align: 8.5143e+01 l_total: 3.0082e+02 
2026-05-22 17:03:18,224 INFO: [topki..][epoch: 59, iter:  39,340, lr:(4.381e-04,)][eta: 4:10:46, time (data): 0.551 (0.155)]l_bij: 6.1268e+01 l_orth: 7.4096e+01 l_diff: 3.0026e+01 l_align: 6.8017e+01 l_total: 2.3341e+02 
2026-05-22 17:03:28,897 INFO: [topki..][epoch: 59, iter:  39,360, lr:(4.381e-04,)][eta: 4:10:36, time (data): 0.549 (0.153)]l_bij: 3.9092e+01 l_orth: 5.5603e+01 l_diff: 2.1552e+01 l_align: 6.8396e+01 l_total: 1.8464e+02 
2026-05-22 17:03:39,924 INFO: [topki..][epoch: 59, iter:  39,380, lr:(4.381e-04,)][eta: 4:10:25, time (data): 0.549 (0.151)]l_bij: 7.2551e+01 l_orth: 8.3754e+01 l_diff: 2.4786e+01 l_align: 7.9284e+01 l_total: 2.6038e+02 
2026-05-22 17:03:50,858 INFO: [topki..][epoch: 59, iter:  39,400, lr:(4.381e-04,)][eta: 4:10:15, time (data): 0.528 (0.143)]l_bij: 7.5755e+01 l_orth: 8.6442e+01 l_diff: 3.1409e+01 l_align: 7.1534e+01 l_total: 2.6514e+02 
2026-05-22 17:04:01,343 INFO: [topki..][epoch: 59, iter:  39,420, lr:(4.381e-04,)][eta: 4:10:04, time (data): 0.525 (0.138)]l_bij: 6.1488e+01 l_orth: 7.6589e+01 l_diff: 2.3520e+01 l_align: 8.1149e+01 l_total: 2.4275e+02 
2026-05-22 17:04:11,718 INFO: [topki..][epoch: 59, iter:  39,440, lr:(4.381e-04,)][eta: 4:09:53, time (data): 0.522 (0.137)]l_bij: 8.9575e+01 l_orth: 9.9541e+01 l_diff: 3.7960e+01 l_align: 8.8976e+01 l_total: 3.1605e+02 
2026-05-22 17:04:22,976 INFO: [topki..][epoch: 59, iter:  39,460, lr:(4.381e-04,)][eta: 4:09:43, time (data): 0.535 (0.140)]l_bij: 6.7146e+01 l_orth: 7.8004e+01 l_diff: 2.7596e+01 l_align: 7.0970e+01 l_total: 2.4372e+02 
2026-05-22 17:04:33,480 INFO: [topki..][epoch: 59, iter:  39,480, lr:(4.381e-04,)][eta: 4:09:32, time (data): 0.532 (0.139)]l_bij: 8.5306e+01 l_orth: 9.4725e+01 l_diff: 2.5927e+01 l_align: 8.7392e+01 l_total: 2.9335e+02 
2026-05-22 17:04:44,150 INFO: [topki..][epoch: 59, iter:  39,500, lr:(4.381e-04,)][eta: 4:09:22, time (data): 0.533 (0.139)]l_bij: 6.2760e+01 l_orth: 7.6987e+01 l_diff: 2.9335e+01 l_align: 7.2993e+01 l_total: 2.4207e+02 
2026-05-22 17:04:55,814 INFO: [topki..][epoch: 59, iter:  39,520, lr:(4.381e-04,)][eta: 4:09:12, time (data): 0.541 (0.142)]l_bij: 6.4905e+01 l_orth: 7.5925e+01 l_diff: 2.6013e+01 l_align: 7.3188e+01 l_total: 2.4003e+02 
2026-05-22 17:05:07,726 INFO: [topki..][epoch: 59, iter:  39,540, lr:(4.381e-04,)][eta: 4:09:02, time (data): 0.548 (0.145)]l_bij: 5.7560e+01 l_orth: 7.0436e+01 l_diff: 2.5499e+01 l_align: 7.0025e+01 l_total: 2.2352e+02 
2026-05-22 17:05:18,586 INFO: [topki..][epoch: 59, iter:  39,560, lr:(4.381e-04,)][eta: 4:08:52, time (data): 0.548 (0.145)]l_bij: 8.7294e+01 l_orth: 9.9752e+01 l_diff: 3.2448e+01 l_align: 8.9703e+01 l_total: 3.0920e+02 
2026-05-22 17:05:29,300 INFO: [topki..][epoch: 59, iter:  39,580, lr:(4.381e-04,)][eta: 4:08:41, time (data): 0.546 (0.144)]l_bij: 8.3477e+01 l_orth: 9.2414e+01 l_diff: 2.7469e+01 l_align: 8.6363e+01 l_total: 2.8972e+02 
2026-05-22 17:05:39,786 INFO: [topki..][epoch: 59, iter:  39,600, lr:(4.381e-04,)][eta: 4:08:30, time (data): 0.540 (0.131)]l_bij: 6.8928e+01 l_orth: 8.0588e+01 l_diff: 2.9675e+01 l_align: 7.4313e+01 l_total: 2.5350e+02 
2026-05-22 17:05:50,721 INFO: [topki..][epoch: 59, iter:  39,620, lr:(4.381e-04,)][eta: 4:08:20, time (data): 0.546 (0.139)]l_bij: 7.9519e+01 l_orth: 9.0697e+01 l_diff: 2.7095e+01 l_align: 8.1863e+01 l_total: 2.7917e+02 
2026-05-22 17:06:01,174 INFO: [topki..][epoch: 59, iter:  39,640, lr:(4.381e-04,)][eta: 4:08:09, time (data): 0.535 (0.137)]l_bij: 7.2446e+01 l_orth: 7.8909e+01 l_diff: 2.5420e+01 l_align: 6.1596e+01 l_total: 2.3837e+02 
2026-05-22 17:06:11,788 INFO: [topki..][epoch: 59, iter:  39,660, lr:(4.381e-04,)][eta: 4:07:58, time (data): 0.534 (0.138)]l_bij: 9.0486e+01 l_orth: 9.7924e+01 l_diff: 3.4789e+01 l_align: 8.4383e+01 l_total: 3.0758e+02 
2026-05-22 17:06:22,883 INFO: [topki..][epoch: 59, iter:  39,680, lr:(4.381e-04,)][eta: 4:07:48, time (data): 0.539 (0.139)]l_bij: 7.7502e+01 l_orth: 8.4392e+01 l_diff: 2.9688e+01 l_align: 7.1607e+01 l_total: 2.6319e+02 
2026-05-22 17:06:33,356 INFO: [topki..][epoch: 59, iter:  39,700, lr:(4.381e-04,)][eta: 4:07:37, time (data): 0.536 (0.138)]l_bij: 7.4498e+01 l_orth: 8.5869e+01 l_diff: 2.6381e+01 l_align: 7.8895e+01 l_total: 2.6564e+02 
2026-05-22 17:06:44,065 INFO: [topki..][epoch: 59, iter:  39,720, lr:(4.381e-04,)][eta: 4:07:27, time (data): 0.536 (0.139)]l_bij: 9.1820e+01 l_orth: 1.0053e+02 l_diff: 2.7759e+01 l_align: 8.6975e+01 l_total: 3.0708e+02 
2026-05-22 17:06:54,804 INFO: [topki..][epoch: 59, iter:  39,740, lr:(4.381e-04,)][eta: 4:07:16, time (data): 0.536 (0.138)]l_bij: 6.4057e+01 l_orth: 7.6617e+01 l_diff: 2.5356e+01 l_align: 7.2331e+01 l_total: 2.3836e+02 
2026-05-22 17:07:05,346 INFO: [topki..][epoch: 59, iter:  39,760, lr:(4.381e-04,)][eta: 4:07:05, time (data): 0.535 (0.138)]l_bij: 6.9258e+01 l_orth: 8.2969e+01 l_diff: 2.6782e+01 l_align: 7.8386e+01 l_total: 2.5739e+02 
2026-05-22 17:07:15,963 INFO: [topki..][epoch: 59, iter:  39,780, lr:(4.381e-04,)][eta: 4:06:55, time (data): 0.534 (0.138)]l_bij: 7.9369e+01 l_orth: 8.8927e+01 l_diff: 2.9300e+01 l_align: 8.1456e+01 l_total: 2.7905e+02 
2026-05-22 17:07:27,082 INFO: [topki..][epoch: 59, iter:  39,800, lr:(4.381e-04,)][eta: 4:06:44, time (data): 0.592 (0.156)]l_bij: 6.3505e+01 l_orth: 7.3196e+01 l_diff: 2.6714e+01 l_align: 6.5156e+01 l_total: 2.2857e+02 
2026-05-22 17:07:37,996 INFO: [topki..][epoch: 59, iter:  39,820, lr:(4.381e-04,)][eta: 4:06:34, time (data): 0.550 (0.140)]l_bij: 6.8121e+01 l_orth: 8.0073e+01 l_diff: 3.0367e+01 l_align: 7.6043e+01 l_total: 2.5460e+02 
2026-05-22 17:07:48,656 INFO: [topki..][epoch: 59, iter:  39,840, lr:(4.381e-04,)][eta: 4:06:23, time (data): 0.542 (0.138)]l_bij: 1.1957e+00 l_orth: 3.1245e+01 l_diff: 2.5402e+01 l_align: 7.6301e+01 l_total: 1.3414e+02 
2026-05-22 17:07:59,593 INFO: [topki..][epoch: 59, iter:  39,860, lr:(4.381e-04,)][eta: 4:06:13, time (data): 0.543 (0.139)]l_bij: 9.1152e+01 l_orth: 9.6685e+01 l_diff: 3.8710e+01 l_align: 7.8021e+01 l_total: 3.0457e+02 
2026-05-22 17:08:09,584 INFO: [topki..][epoch: 59, iter:  39,880, lr:(4.381e-04,)][eta: 4:06:02, time (data): 0.533 (0.136)]l_bij: 5.4071e+01 l_orth: 6.9046e+01 l_diff: 2.5544e+01 l_align: 7.0329e+01 l_total: 2.1899e+02 
2026-05-22 17:08:22,314 INFO: [topki..][epoch: 60, iter:  39,900, lr:(4.245e-04,)][eta: 4:05:52, time (data): 0.553 (0.154)]l_bij: 6.0175e+01 l_orth: 7.1257e+01 l_diff: 2.1931e+01 l_align: 6.6576e+01 l_total: 2.1994e+02 
2026-05-22 17:08:32,534 INFO: [topki..][epoch: 60, iter:  39,920, lr:(4.245e-04,)][eta: 4:05:41, time (data): 0.546 (0.149)]l_bij: 7.3150e+01 l_orth: 8.3816e+01 l_diff: 3.1179e+01 l_align: 7.6050e+01 l_total: 2.6419e+02 
2026-05-22 17:08:43,695 INFO: [topki..][epoch: 60, iter:  39,940, lr:(4.245e-04,)][eta: 4:05:31, time (data): 0.548 (0.149)]l_bij: 8.0655e+01 l_orth: 9.0397e+01 l_diff: 2.7867e+01 l_align: 7.9845e+01 l_total: 2.7876e+02 
2026-05-22 17:08:54,586 INFO: [topki..][epoch: 60, iter:  39,960, lr:(4.245e-04,)][eta: 4:05:21, time (data): 0.547 (0.148)]l_bij: 8.1569e+01 l_orth: 8.8759e+01 l_diff: 2.7154e+01 l_align: 7.9223e+01 l_total: 2.7671e+02 
2026-05-22 17:09:04,898 INFO: [topki..][epoch: 60, iter:  39,980, lr:(4.245e-04,)][eta: 4:05:10, time (data): 0.544 (0.146)]l_bij: 1.1886e+00 l_orth: 2.8747e+01 l_diff: 2.3331e+01 l_align: 7.4279e+01 l_total: 1.2755e+02 
2026-05-22 17:09:15,190 INFO: [topki..][epoch: 60, iter:  40,000, lr:(4.245e-04,)][eta: 4:04:59, time (data): 0.555 (0.106)]l_bij: 6.4283e+01 l_orth: 7.5223e+01 l_diff: 2.4632e+01 l_align: 6.9777e+01 l_total: 2.3392e+02 
2026-05-22 17:09:15,191 INFO: Saving models and training states.
2026-05-22 17:09:15,210 INFO: Start validation.
2026-05-22 17:10:24,596 INFO: Avg time: 0.1498
2026-05-22 17:10:24,706 INFO: Val auc: 0.6881
2026-05-22 17:10:24,712 INFO: Val avg error: 0.0610
2026-05-22 17:10:35,361 INFO: [topki..][epoch: 60, iter:  40,020, lr:(4.245e-04,)][eta: 4:05:36, time (data): 0.519 (0.133)]l_bij: 5.9603e+01 l_orth: 7.0782e+01 l_diff: 2.3475e+01 l_align: 6.7429e+01 l_total: 2.2129e+02 
2026-05-22 17:10:46,060 INFO: [topki..][epoch: 60, iter:  40,040, lr:(4.245e-04,)][eta: 4:05:25, time (data): 0.527 (0.135)]l_bij: 7.6443e+01 l_orth: 8.9235e+01 l_diff: 3.0781e+01 l_align: 8.3916e+01 l_total: 2.8037e+02 
2026-05-22 17:10:56,929 INFO: [topki..][epoch: 60, iter:  40,060, lr:(4.245e-04,)][eta: 4:05:15, time (data): 0.532 (0.137)]l_bij: 7.3802e+01 l_orth: 8.3648e+01 l_diff: 2.4714e+01 l_align: 7.1215e+01 l_total: 2.5338e+02 
2026-05-22 17:11:08,643 INFO: [topki..][epoch: 60, iter:  40,080, lr:(4.245e-04,)][eta: 4:05:05, time (data): 0.545 (0.139)]l_bij: 7.5703e+01 l_orth: 8.4869e+01 l_diff: 2.8146e+01 l_align: 7.1920e+01 l_total: 2.6064e+02 
2026-05-22 17:11:19,378 INFO: [topki..][epoch: 60, iter:  40,100, lr:(4.245e-04,)][eta: 4:04:54, time (data): 0.544 (0.139)]l_bij: 6.7295e+01 l_orth: 8.0009e+01 l_diff: 3.4811e+01 l_align: 7.7233e+01 l_total: 2.5935e+02 
2026-05-22 17:11:30,140 INFO: [topki..][epoch: 60, iter:  40,120, lr:(4.245e-04,)][eta: 4:04:44, time (data): 0.543 (0.140)]l_bij: 8.6123e+01 l_orth: 9.4650e+01 l_diff: 3.0270e+01 l_align: 7.8092e+01 l_total: 2.8913e+02 
2026-05-22 17:11:40,667 INFO: [topki..][epoch: 60, iter:  40,140, lr:(4.245e-04,)][eta: 4:04:33, time (data): 0.540 (0.140)]l_bij: 5.4715e+01 l_orth: 6.6715e+01 l_diff: 2.2746e+01 l_align: 6.6423e+01 l_total: 2.1060e+02 
2026-05-22 17:11:51,537 INFO: [topki..][epoch: 60, iter:  40,160, lr:(4.245e-04,)][eta: 4:04:22, time (data): 0.541 (0.140)]l_bij: 9.0470e-01 l_orth: 2.8920e+01 l_diff: 2.2240e+01 l_align: 7.2381e+01 l_total: 1.2445e+02 
2026-05-22 17:12:02,812 INFO: [topki..][epoch: 60, iter:  40,180, lr:(4.245e-04,)][eta: 4:04:12, time (data): 0.543 (0.141)]l_bij: 6.2320e+01 l_orth: 7.3928e+01 l_diff: 2.9513e+01 l_align: 7.6078e+01 l_total: 2.4184e+02 
2026-05-22 17:12:14,054 INFO: [topki..][epoch: 60, iter:  40,200, lr:(4.245e-04,)][eta: 4:04:02, time (data): 0.545 (0.142)]l_bij: 5.8753e+01 l_orth: 7.2723e+01 l_diff: 3.0048e+01 l_align: 7.4271e+01 l_total: 2.3579e+02 
2026-05-22 17:12:24,918 INFO: [topki..][epoch: 60, iter:  40,220, lr:(4.245e-04,)][eta: 4:03:51, time (data): 0.543 (0.138)]l_bij: 6.8179e+01 l_orth: 7.7245e+01 l_diff: 2.5282e+01 l_align: 6.7216e+01 l_total: 2.3792e+02 
2026-05-22 17:12:35,497 INFO: [topki..][epoch: 60, iter:  40,240, lr:(4.245e-04,)][eta: 4:03:40, time (data): 0.536 (0.135)]l_bij: 8.2458e+01 l_orth: 9.1650e+01 l_diff: 2.4287e+01 l_align: 8.1162e+01 l_total: 2.7956e+02 
2026-05-22 17:12:46,497 INFO: [topki..][epoch: 60, iter:  40,260, lr:(4.245e-04,)][eta: 4:03:30, time (data): 0.541 (0.137)]l_bij: 6.4134e+01 l_orth: 7.8239e+01 l_diff: 2.9680e+01 l_align: 7.3047e+01 l_total: 2.4510e+02 
2026-05-22 17:12:57,471 INFO: [topki..][epoch: 60, iter:  40,280, lr:(4.245e-04,)][eta: 4:03:19, time (data): 0.543 (0.140)]l_bij: 6.9792e+01 l_orth: 7.9140e+01 l_diff: 3.2630e+01 l_align: 7.0901e+01 l_total: 2.5246e+02 
2026-05-22 17:13:08,065 INFO: [topki..][epoch: 60, iter:  40,300, lr:(4.245e-04,)][eta: 4:03:09, time (data): 0.540 (0.139)]l_bij: 8.0071e+01 l_orth: 8.8642e+01 l_diff: 2.8701e+01 l_align: 7.3813e+01 l_total: 2.7123e+02 
2026-05-22 17:13:18,351 INFO: [topki..][epoch: 60, iter:  40,320, lr:(4.245e-04,)][eta: 4:02:58, time (data): 0.536 (0.140)]l_bij: 5.4903e+01 l_orth: 7.0406e+01 l_diff: 2.6677e+01 l_align: 7.0840e+01 l_total: 2.2283e+02 
2026-05-22 17:13:29,331 INFO: [topki..][epoch: 60, iter:  40,340, lr:(4.245e-04,)][eta: 4:02:47, time (data): 0.538 (0.139)]l_bij: 5.3889e+01 l_orth: 6.7863e+01 l_diff: 2.9381e+01 l_align: 6.9698e+01 l_total: 2.2083e+02 
2026-05-22 17:13:40,197 INFO: [topki..][epoch: 60, iter:  40,360, lr:(4.245e-04,)][eta: 4:02:36, time (data): 0.538 (0.140)]l_bij: 8.2531e+01 l_orth: 9.1732e+01 l_diff: 3.2185e+01 l_align: 8.2265e+01 l_total: 2.8871e+02 
2026-05-22 17:13:50,679 INFO: [topki..][epoch: 60, iter:  40,380, lr:(4.245e-04,)][eta: 4:02:26, time (data): 0.537 (0.139)]l_bij: 9.7274e+01 l_orth: 1.0530e+02 l_diff: 3.0241e+01 l_align: 8.9970e+01 l_total: 3.2278e+02 
2026-05-22 17:14:01,465 INFO: [topki..][epoch: 60, iter:  40,400, lr:(4.245e-04,)][eta: 4:02:15, time (data): 0.537 (0.139)]l_bij: 6.9045e+01 l_orth: 8.2210e+01 l_diff: 2.8451e+01 l_align: 7.7458e+01 l_total: 2.5716e+02 
2026-05-22 17:14:12,808 INFO: [topki..][epoch: 60, iter:  40,420, lr:(4.245e-04,)][eta: 4:02:05, time (data): 0.572 (0.148)]l_bij: 5.5551e+01 l_orth: 6.8692e+01 l_diff: 2.2512e+01 l_align: 6.9903e+01 l_total: 2.1666e+02 
2026-05-22 17:14:23,227 INFO: [topki..][epoch: 60, iter:  40,440, lr:(4.245e-04,)][eta: 4:01:54, time (data): 0.546 (0.143)]l_bij: 8.1557e+01 l_orth: 8.9700e+01 l_diff: 2.7708e+01 l_align: 7.8519e+01 l_total: 2.7748e+02 
2026-05-22 17:14:33,887 INFO: [topki..][epoch: 60, iter:  40,460, lr:(4.245e-04,)][eta: 4:01:43, time (data): 0.541 (0.141)]l_bij: 3.4280e+01 l_orth: 5.3367e+01 l_diff: 2.4554e+01 l_align: 7.1898e+01 l_total: 1.8410e+02 
2026-05-22 17:14:44,644 INFO: [topki..][epoch: 60, iter:  40,480, lr:(4.245e-04,)][eta: 4:01:33, time (data): 0.541 (0.142)]l_bij: 7.2509e+01 l_orth: 8.2181e+01 l_diff: 2.5891e+01 l_align: 7.3955e+01 l_total: 2.5454e+02 
2026-05-22 17:14:56,271 INFO: [topki..][epoch: 60, iter:  40,500, lr:(4.245e-04,)][eta: 4:01:23, time (data): 0.549 (0.145)]l_bij: 6.0865e+01 l_orth: 7.2523e+01 l_diff: 2.5341e+01 l_align: 6.7887e+01 l_total: 2.2662e+02 
2026-05-22 17:15:07,287 INFO: [topki..][epoch: 60, iter:  40,520, lr:(4.245e-04,)][eta: 4:01:12, time (data): 0.549 (0.146)]l_bij: 5.5471e+01 l_orth: 6.8364e+01 l_diff: 2.2021e+01 l_align: 7.3577e+01 l_total: 2.1943e+02 
2026-05-22 17:15:17,594 INFO: [topki..][epoch: 60, iter:  40,540, lr:(4.245e-04,)][eta: 4:01:01, time (data): 0.544 (0.145)]l_bij: 6.9305e+01 l_orth: 8.1199e+01 l_diff: 2.7247e+01 l_align: 7.7633e+01 l_total: 2.5538e+02 
2026-05-22 17:15:27,668 INFO: [topki..][epoch: 60, iter:  40,560, lr:(4.245e-04,)][eta: 4:00:50, time (data): 0.539 (0.143)]l_bij: 6.7323e+01 l_orth: 7.9951e+01 l_diff: 2.5878e+01 l_align: 7.4383e+01 l_total: 2.4753e+02 
2026-05-22 17:15:40,369 INFO: [topki..][epoch: 61, iter:  40,580, lr:(4.109e-04,)][eta: 4:00:41, time (data): 0.550 (0.154)]l_bij: 6.8006e+01 l_orth: 7.8285e+01 l_diff: 2.8471e+01 l_align: 6.9431e+01 l_total: 2.4419e+02 
2026-05-22 17:15:50,821 INFO: [topki..][epoch: 61, iter:  40,600, lr:(4.109e-04,)][eta: 4:00:30, time (data): 0.547 (0.151)]l_bij: 5.4127e+01 l_orth: 6.8218e+01 l_diff: 2.5849e+01 l_align: 6.9645e+01 l_total: 2.1784e+02 
2026-05-22 17:16:01,757 INFO: [topki..][epoch: 61, iter:  40,620, lr:(4.109e-04,)][eta: 4:00:19, time (data): 0.542 (0.140)]l_bij: 7.0714e+01 l_orth: 8.1397e+01 l_diff: 2.1956e+01 l_align: 7.4943e+01 l_total: 2.4901e+02 
2026-05-22 17:16:13,150 INFO: [topki..][epoch: 61, iter:  40,640, lr:(4.109e-04,)][eta: 4:00:09, time (data): 0.556 (0.144)]l_bij: 7.2991e+01 l_orth: 8.5174e+01 l_diff: 2.5036e+01 l_align: 7.9011e+01 l_total: 2.6221e+02 
2026-05-22 17:16:24,077 INFO: [topki..][epoch: 61, iter:  40,660, lr:(4.109e-04,)][eta: 3:59:59, time (data): 0.553 (0.145)]l_bij: 6.5526e+01 l_orth: 7.6871e+01 l_diff: 2.2808e+01 l_align: 7.1572e+01 l_total: 2.3678e+02 
2026-05-22 17:16:34,683 INFO: [topki..][epoch: 61, iter:  40,680, lr:(4.109e-04,)][eta: 3:59:48, time (data): 0.547 (0.142)]l_bij: 8.6301e+01 l_orth: 9.3288e+01 l_diff: 3.0098e+01 l_align: 7.9867e+01 l_total: 2.8955e+02 
2026-05-22 17:16:45,939 INFO: [topki..][epoch: 61, iter:  40,700, lr:(4.109e-04,)][eta: 3:59:37, time (data): 0.550 (0.143)]l_bij: 6.5747e+01 l_orth: 7.6858e+01 l_diff: 2.7821e+01 l_align: 7.0235e+01 l_total: 2.4066e+02 
2026-05-22 17:16:56,603 INFO: [topki..][epoch: 61, iter:  40,720, lr:(4.109e-04,)][eta: 3:59:27, time (data): 0.547 (0.143)]l_bij: 6.1026e+01 l_orth: 7.2103e+01 l_diff: 2.7869e+01 l_align: 6.9487e+01 l_total: 2.3049e+02 
2026-05-22 17:17:07,591 INFO: [topki..][epoch: 61, iter:  40,740, lr:(4.109e-04,)][eta: 3:59:16, time (data): 0.548 (0.143)]l_bij: 3.4913e+01 l_orth: 5.3852e+01 l_diff: 2.7744e+01 l_align: 6.8069e+01 l_total: 1.8458e+02 
2026-05-22 17:17:18,291 INFO: [topki..][epoch: 61, iter:  40,760, lr:(4.109e-04,)][eta: 3:59:06, time (data): 0.546 (0.142)]l_bij: 4.9027e+01 l_orth: 6.2994e+01 l_diff: 2.1813e+01 l_align: 6.8174e+01 l_total: 2.0201e+02 
2026-05-22 17:17:28,692 INFO: [topki..][epoch: 61, iter:  40,780, lr:(4.109e-04,)][eta: 3:58:55, time (data): 0.543 (0.142)]l_bij: 7.6019e+01 l_orth: 8.8933e+01 l_diff: 2.7921e+01 l_align: 8.1422e+01 l_total: 2.7430e+02 
2026-05-22 17:17:40,108 INFO: [topki..][epoch: 61, iter:  40,800, lr:(4.109e-04,)][eta: 3:58:44, time (data): 0.546 (0.142)]l_bij: 5.2720e+01 l_orth: 6.6056e+01 l_diff: 2.5801e+01 l_align: 6.7508e+01 l_total: 2.1208e+02 
2026-05-22 17:17:50,833 INFO: [topki..][epoch: 61, iter:  40,820, lr:(4.109e-04,)][eta: 3:58:34, time (data): 0.523 (0.132)]l_bij: 6.1048e+01 l_orth: 7.2332e+01 l_diff: 2.6231e+01 l_align: 7.0274e+01 l_total: 2.2989e+02 
2026-05-22 17:18:01,609 INFO: [topki..][epoch: 61, iter:  40,840, lr:(4.109e-04,)][eta: 3:58:23, time (data): 0.531 (0.143)]l_bij: 6.0619e+01 l_orth: 7.0963e+01 l_diff: 2.8204e+01 l_align: 6.7410e+01 l_total: 2.2720e+02 
2026-05-22 17:18:11,645 INFO: [topki..][epoch: 61, iter:  40,860, lr:(4.109e-04,)][eta: 3:58:12, time (data): 0.521 (0.140)]l_bij: 4.1657e+01 l_orth: 6.0760e+01 l_diff: 2.7379e+01 l_align: 6.9535e+01 l_total: 1.9933e+02 
2026-05-22 17:18:22,131 INFO: [topki..][epoch: 61, iter:  40,880, lr:(4.109e-04,)][eta: 3:58:01, time (data): 0.522 (0.141)]l_bij: 7.3982e+01 l_orth: 8.3439e+01 l_diff: 2.7173e+01 l_align: 7.3537e+01 l_total: 2.5813e+02 
2026-05-22 17:18:33,512 INFO: [topki..][epoch: 61, iter:  40,900, lr:(4.109e-04,)][eta: 3:57:51, time (data): 0.532 (0.143)]l_bij: 3.3682e+00 l_orth: 4.6785e+01 l_diff: 2.1383e+01 l_align: 9.3794e+01 l_total: 1.6533e+02 
2026-05-22 17:18:44,469 INFO: [topki..][epoch: 61, iter:  40,920, lr:(4.109e-04,)][eta: 3:57:40, time (data): 0.534 (0.143)]l_bij: 6.5335e+01 l_orth: 7.9399e+01 l_diff: 2.8675e+01 l_align: 7.5300e+01 l_total: 2.4871e+02 
2026-05-22 17:18:55,414 INFO: [topki..][epoch: 61, iter:  40,940, lr:(4.109e-04,)][eta: 3:57:30, time (data): 0.536 (0.143)]l_bij: 4.0938e+01 l_orth: 6.0054e+01 l_diff: 2.3851e+01 l_align: 6.8818e+01 l_total: 1.9366e+02 
2026-05-22 17:19:06,641 INFO: [topki..][epoch: 61, iter:  40,960, lr:(4.109e-04,)][eta: 3:57:20, time (data): 0.539 (0.143)]l_bij: 7.3081e+01 l_orth: 8.3862e+01 l_diff: 2.6627e+01 l_align: 7.8376e+01 l_total: 2.6195e+02 
2026-05-22 17:19:19,440 INFO: [topki..][epoch: 61, iter:  40,980, lr:(4.109e-04,)][eta: 3:57:10, time (data): 0.551 (0.147)]l_bij: 5.9779e+01 l_orth: 7.1784e+01 l_diff: 2.5445e+01 l_align: 6.9831e+01 l_total: 2.2684e+02 
2026-05-22 17:19:30,414 INFO: [topki..][epoch: 61, iter:  41,000, lr:(4.109e-04,)][eta: 3:57:00, time (data): 0.551 (0.147)]l_bij: 6.4470e+01 l_orth: 7.7311e+01 l_diff: 2.7269e+01 l_align: 7.3519e+01 l_total: 2.4257e+02 
2026-05-22 17:19:41,609 INFO: [topki..][epoch: 61, iter:  41,020, lr:(4.109e-04,)][eta: 3:56:49, time (data): 0.539 (0.142)]l_bij: 5.6861e+01 l_orth: 6.9465e+01 l_diff: 2.0987e+01 l_align: 6.9465e+01 l_total: 2.1678e+02 
2026-05-22 17:19:53,681 INFO: [topki..][epoch: 61, iter:  41,040, lr:(4.109e-04,)][eta: 3:56:40, time (data): 0.575 (0.154)]l_bij: 9.0239e+01 l_orth: 9.6594e+01 l_diff: 2.4771e+01 l_align: 8.0562e+01 l_total: 2.9217e+02 
2026-05-22 17:20:04,786 INFO: [topki..][epoch: 61, iter:  41,060, lr:(4.109e-04,)][eta: 3:56:29, time (data): 0.568 (0.150)]l_bij: 7.3206e+01 l_orth: 8.5429e+01 l_diff: 2.9854e+01 l_align: 8.0464e+01 l_total: 2.6895e+02 
2026-05-22 17:20:15,648 INFO: [topki..][epoch: 61, iter:  41,080, lr:(4.109e-04,)][eta: 3:56:19, time (data): 0.561 (0.148)]l_bij: 9.8543e+01 l_orth: 1.0546e+02 l_diff: 2.7122e+01 l_align: 8.9126e+01 l_total: 3.2025e+02 
2026-05-22 17:20:27,445 INFO: [topki..][epoch: 61, iter:  41,100, lr:(4.109e-04,)][eta: 3:56:09, time (data): 0.567 (0.149)]l_bij: 8.0064e+01 l_orth: 8.8575e+01 l_diff: 3.3122e+01 l_align: 7.5461e+01 l_total: 2.7722e+02 
2026-05-22 17:20:38,534 INFO: [topki..][epoch: 61, iter:  41,120, lr:(4.109e-04,)][eta: 3:55:58, time (data): 0.565 (0.149)]l_bij: 6.6308e+01 l_orth: 7.6964e+01 l_diff: 2.7653e+01 l_align: 7.1174e+01 l_total: 2.4210e+02 
2026-05-22 17:20:49,094 INFO: [topki..][epoch: 61, iter:  41,140, lr:(4.109e-04,)][eta: 3:55:47, time (data): 0.560 (0.148)]l_bij: 7.7852e+01 l_orth: 8.5794e+01 l_diff: 3.0392e+01 l_align: 7.5636e+01 l_total: 2.6967e+02 
2026-05-22 17:20:59,871 INFO: [topki..][epoch: 61, iter:  41,160, lr:(4.109e-04,)][eta: 3:55:37, time (data): 0.557 (0.147)]l_bij: 7.1205e+01 l_orth: 8.1075e+01 l_diff: 2.7942e+01 l_align: 7.4340e+01 l_total: 2.5456e+02 
2026-05-22 17:21:10,384 INFO: [topki..][epoch: 61, iter:  41,180, lr:(4.109e-04,)][eta: 3:55:26, time (data): 0.553 (0.147)]l_bij: 6.2130e+01 l_orth: 7.4199e+01 l_diff: 2.9552e+01 l_align: 7.0692e+01 l_total: 2.3657e+02 
2026-05-22 17:21:21,108 INFO: [topki..][epoch: 61, iter:  41,200, lr:(4.109e-04,)][eta: 3:55:15, time (data): 0.552 (0.146)]l_bij: 8.2706e+01 l_orth: 9.2278e+01 l_diff: 2.4359e+01 l_align: 8.0503e+01 l_total: 2.7985e+02 
2026-05-22 17:21:31,600 INFO: [topki..][epoch: 61, iter:  41,220, lr:(4.109e-04,)][eta: 3:55:04, time (data): 0.534 (0.138)]l_bij: 4.3285e+01 l_orth: 6.1013e+01 l_diff: 2.0406e+01 l_align: 6.9597e+01 l_total: 1.9430e+02 
2026-05-22 17:21:44,057 INFO: [topki..][epoch: 62, iter:  41,240, lr:(3.976e-04,)][eta: 3:54:55, time (data): 0.585 (0.191)]l_bij: 6.9282e+01 l_orth: 8.0724e+01 l_diff: 3.2121e+01 l_align: 7.3871e+01 l_total: 2.5600e+02 
2026-05-22 17:21:54,969 INFO: [topki..][epoch: 62, iter:  41,260, lr:(3.976e-04,)][eta: 3:54:44, time (data): 0.571 (0.169)]l_bij: 8.6832e+01 l_orth: 9.3735e+01 l_diff: 2.5685e+01 l_align: 8.1236e+01 l_total: 2.8749e+02 
2026-05-22 17:22:05,705 INFO: [topki..][epoch: 62, iter:  41,280, lr:(3.976e-04,)][eta: 3:54:34, time (data): 0.562 (0.159)]l_bij: 6.8368e+01 l_orth: 7.8095e+01 l_diff: 2.5943e+01 l_align: 6.9141e+01 l_total: 2.4155e+02 
2026-05-22 17:22:17,220 INFO: [topki..][epoch: 62, iter:  41,300, lr:(3.976e-04,)][eta: 3:54:23, time (data): 0.565 (0.156)]l_bij: 6.7927e+01 l_orth: 8.1096e+01 l_diff: 2.8643e+01 l_align: 7.6065e+01 l_total: 2.5373e+02 
2026-05-22 17:22:27,653 INFO: [topki..][epoch: 62, iter:  41,320, lr:(3.976e-04,)][eta: 3:54:13, time (data): 0.557 (0.153)]l_bij: 2.4031e+00 l_orth: 4.0515e+01 l_diff: 2.3654e+01 l_align: 9.2801e+01 l_total: 1.5937e+02 
2026-05-22 17:22:38,719 INFO: [topki..][epoch: 62, iter:  41,340, lr:(3.976e-04,)][eta: 3:54:02, time (data): 0.556 (0.151)]l_bij: 6.1824e+01 l_orth: 7.2303e+01 l_diff: 2.3846e+01 l_align: 6.9479e+01 l_total: 2.2745e+02 
2026-05-22 17:22:50,102 INFO: [topki..][epoch: 62, iter:  41,360, lr:(3.976e-04,)][eta: 3:53:52, time (data): 0.558 (0.150)]l_bij: 7.3733e+01 l_orth: 8.4234e+01 l_diff: 3.0626e+01 l_align: 7.1628e+01 l_total: 2.6022e+02 
2026-05-22 17:23:01,341 INFO: [topki..][epoch: 62, iter:  41,380, lr:(3.976e-04,)][eta: 3:53:42, time (data): 0.559 (0.150)]l_bij: 5.8036e+01 l_orth: 6.9419e+01 l_diff: 2.4409e+01 l_align: 6.6531e+01 l_total: 2.1839e+02 
2026-05-22 17:23:12,516 INFO: [topki..][epoch: 62, iter:  41,400, lr:(3.976e-04,)][eta: 3:53:31, time (data): 0.559 (0.150)]l_bij: 7.2996e+01 l_orth: 8.2497e+01 l_diff: 2.7831e+01 l_align: 7.3388e+01 l_total: 2.5671e+02 
2026-05-22 17:23:22,940 INFO: [topki..][epoch: 62, iter:  41,420, lr:(3.976e-04,)][eta: 3:53:20, time (data): 0.524 (0.150)]l_bij: 1.0033e+02 l_orth: 1.0398e+02 l_diff: 3.4032e+01 l_align: 8.0037e+01 l_total: 3.1838e+02 
2026-05-22 17:23:33,993 INFO: [topki..][epoch: 62, iter:  41,440, lr:(3.976e-04,)][eta: 3:53:10, time (data): 0.541 (0.148)]l_bij: 5.7492e+01 l_orth: 7.1586e+01 l_diff: 2.5172e+01 l_align: 7.3546e+01 l_total: 2.2780e+02 
2026-05-22 17:23:44,292 INFO: [topki..][epoch: 62, iter:  41,460, lr:(3.976e-04,)][eta: 3:52:59, time (data): 0.531 (0.144)]l_bij: 8.6436e+01 l_orth: 9.4704e+01 l_diff: 2.9656e+01 l_align: 8.2763e+01 l_total: 2.9356e+02 
2026-05-22 17:23:54,943 INFO: [topki..][epoch: 62, iter:  41,480, lr:(3.976e-04,)][eta: 3:52:48, time (data): 0.531 (0.143)]l_bij: 6.6745e+01 l_orth: 7.5957e+01 l_diff: 2.3946e+01 l_align: 7.0787e+01 l_total: 2.3744e+02 
2026-05-22 17:24:05,348 INFO: [topki..][epoch: 62, iter:  41,500, lr:(3.976e-04,)][eta: 3:52:37, time (data): 0.529 (0.142)]l_bij: 7.0385e+01 l_orth: 8.2022e+01 l_diff: 3.0222e+01 l_align: 7.9404e+01 l_total: 2.6203e+02 
2026-05-22 17:24:15,921 INFO: [topki..][epoch: 62, iter:  41,520, lr:(3.976e-04,)][eta: 3:52:26, time (data): 0.529 (0.141)]l_bij: 5.3459e+01 l_orth: 6.6643e+01 l_diff: 2.2548e+01 l_align: 6.9222e+01 l_total: 2.1187e+02 
2026-05-22 17:24:26,177 INFO: [topki..][epoch: 62, iter:  41,540, lr:(3.976e-04,)][eta: 3:52:16, time (data): 0.527 (0.140)]l_bij: 7.9136e+01 l_orth: 8.9776e+01 l_diff: 2.7442e+01 l_align: 8.0703e+01 l_total: 2.7706e+02 
2026-05-22 17:24:37,197 INFO: [topki..][epoch: 62, iter:  41,560, lr:(3.976e-04,)][eta: 3:52:05, time (data): 0.530 (0.142)]l_bij: 8.3999e+01 l_orth: 9.3461e+01 l_diff: 2.8961e+01 l_align: 8.6629e+01 l_total: 2.9305e+02 
2026-05-22 17:24:47,983 INFO: [topki..][epoch: 62, iter:  41,580, lr:(3.976e-04,)][eta: 3:51:54, time (data): 0.531 (0.141)]l_bij: 8.7766e+01 l_orth: 9.6144e+01 l_diff: 3.3784e+01 l_align: 7.6164e+01 l_total: 2.9386e+02 
2026-05-22 17:24:58,729 INFO: [topki..][epoch: 62, iter:  41,600, lr:(3.976e-04,)][eta: 3:51:44, time (data): 0.531 (0.141)]l_bij: 7.5917e+01 l_orth: 8.3710e+01 l_diff: 3.0066e+01 l_align: 7.3257e+01 l_total: 2.6295e+02 
2026-05-22 17:25:08,041 INFO: [topki..][epoch: 62, iter:  41,620, lr:(3.976e-04,)][eta: 3:51:32, time (data): 0.468 (0.125)]l_bij: 7.5816e+01 l_orth: 8.6295e+01 l_diff: 2.6347e+01 l_align: 7.5849e+01 l_total: 2.6431e+02 
2026-05-22 17:25:17,990 INFO: [topki..][epoch: 62, iter:  41,640, lr:(3.976e-04,)][eta: 3:51:21, time (data): 0.486 (0.128)]l_bij: 8.0408e+01 l_orth: 8.9104e+01 l_diff: 3.3806e+01 l_align: 7.9419e+01 l_total: 2.8274e+02 
2026-05-22 17:25:28,073 INFO: [topki..][epoch: 62, iter:  41,660, lr:(3.976e-04,)][eta: 3:51:10, time (data): 0.493 (0.130)]l_bij: 5.0348e+01 l_orth: 6.5917e+01 l_diff: 2.4955e+01 l_align: 7.0887e+01 l_total: 2.1211e+02 
2026-05-22 17:25:37,674 INFO: [topki..][epoch: 62, iter:  41,680, lr:(3.976e-04,)][eta: 3:50:59, time (data): 0.489 (0.131)]l_bij: 6.6075e+01 l_orth: 7.8123e+01 l_diff: 2.4476e+01 l_align: 7.2226e+01 l_total: 2.4090e+02 
2026-05-22 17:25:47,154 INFO: [topki..][epoch: 62, iter:  41,700, lr:(3.976e-04,)][eta: 3:50:47, time (data): 0.486 (0.131)]l_bij: 9.3499e+01 l_orth: 9.9184e+01 l_diff: 2.6987e+01 l_align: 7.7248e+01 l_total: 2.9692e+02 
2026-05-22 17:25:57,404 INFO: [topki..][epoch: 62, iter:  41,720, lr:(3.976e-04,)][eta: 3:50:36, time (data): 0.491 (0.132)]l_bij: 6.5929e+01 l_orth: 7.6456e+01 l_diff: 2.6224e+01 l_align: 7.5296e+01 l_total: 2.4391e+02 
2026-05-22 17:26:06,980 INFO: [topki..][epoch: 62, iter:  41,740, lr:(3.976e-04,)][eta: 3:50:25, time (data): 0.489 (0.132)]l_bij: 6.6135e+01 l_orth: 7.9012e+01 l_diff: 3.0722e+01 l_align: 7.4117e+01 l_total: 2.4999e+02 
2026-05-22 17:26:17,187 INFO: [topki..][epoch: 62, iter:  41,760, lr:(3.976e-04,)][eta: 3:50:14, time (data): 0.492 (0.133)]l_bij: 5.3886e+01 l_orth: 6.9118e+01 l_diff: 2.5010e+01 l_align: 6.9330e+01 l_total: 2.1734e+02 
2026-05-22 17:26:26,639 INFO: [topki..][epoch: 62, iter:  41,780, lr:(3.976e-04,)][eta: 3:50:02, time (data): 0.489 (0.132)]l_bij: 7.7557e+01 l_orth: 8.9224e+01 l_diff: 3.0541e+01 l_align: 8.1510e+01 l_total: 2.7883e+02 
2026-05-22 17:26:36,256 INFO: [topki..][epoch: 62, iter:  41,800, lr:(3.976e-04,)][eta: 3:49:51, time (data): 0.488 (0.132)]l_bij: 8.8527e+01 l_orth: 9.7415e+01 l_diff: 3.0849e+01 l_align: 8.8124e+01 l_total: 3.0491e+02 
2026-05-22 17:26:45,921 INFO: [topki..][epoch: 62, iter:  41,820, lr:(3.976e-04,)][eta: 3:49:40, time (data): 0.488 (0.128)]l_bij: 8.4029e+01 l_orth: 9.2650e+01 l_diff: 2.9959e+01 l_align: 7.7052e+01 l_total: 2.8369e+02 
2026-05-22 17:26:55,400 INFO: [topki..][epoch: 62, iter:  41,840, lr:(3.976e-04,)][eta: 3:49:28, time (data): 0.479 (0.128)]l_bij: 7.7750e+01 l_orth: 8.9701e+01 l_diff: 2.4861e+01 l_align: 7.7834e+01 l_total: 2.7015e+02 
2026-05-22 17:27:04,626 INFO: [topki..][epoch: 62, iter:  41,860, lr:(3.976e-04,)][eta: 3:49:17, time (data): 0.472 (0.127)]l_bij: 7.2130e+01 l_orth: 8.2135e+01 l_diff: 3.0545e+01 l_align: 7.2332e+01 l_total: 2.5714e+02 
2026-05-22 17:27:14,751 INFO: [topki..][epoch: 62, iter:  41,880, lr:(3.976e-04,)][eta: 3:49:06, time (data): 0.482 (0.131)]l_bij: 4.0357e+01 l_orth: 5.8065e+01 l_diff: 2.7636e+01 l_align: 7.0921e+01 l_total: 1.9698e+02 
2026-05-22 17:27:24,327 INFO: [topki..][epoch: 62, iter:  41,900, lr:(3.976e-04,)][eta: 3:48:54, time (data): 0.481 (0.130)]l_bij: 7.0524e+01 l_orth: 8.5160e+01 l_diff: 3.1978e+01 l_align: 8.1010e+01 l_total: 2.6867e+02 
2026-05-22 17:27:36,486 INFO: [topki..][epoch: 63, iter:  41,920, lr:(3.843e-04,)][eta: 3:48:44, time (data): 0.504 (0.148)]l_bij: 7.0574e+01 l_orth: 8.4332e+01 l_diff: 2.8351e+01 l_align: 8.0681e+01 l_total: 2.6394e+02 
2026-05-22 17:27:45,550 INFO: [topki..][epoch: 63, iter:  41,940, lr:(3.843e-04,)][eta: 3:48:33, time (data): 0.496 (0.142)]l_bij: 7.6139e+01 l_orth: 8.5926e+01 l_diff: 2.7624e+01 l_align: 7.1178e+01 l_total: 2.6087e+02 
2026-05-22 17:27:55,643 INFO: [topki..][epoch: 63, iter:  41,960, lr:(3.843e-04,)][eta: 3:48:22, time (data): 0.497 (0.140)]l_bij: 6.0859e+01 l_orth: 7.1522e+01 l_diff: 2.3155e+01 l_align: 6.5269e+01 l_total: 2.2080e+02 
2026-05-22 17:28:05,645 INFO: [topki..][epoch: 63, iter:  41,980, lr:(3.843e-04,)][eta: 3:48:11, time (data): 0.497 (0.139)]l_bij: 5.0352e+01 l_orth: 6.5239e+01 l_diff: 2.5606e+01 l_align: 6.6132e+01 l_total: 2.0733e+02 
2026-05-22 17:28:15,763 INFO: [topki..][epoch: 63, iter:  42,000, lr:(3.843e-04,)][eta: 3:48:00, time (data): 0.498 (0.140)]l_bij: 5.2747e+01 l_orth: 6.6078e+01 l_diff: 2.3761e+01 l_align: 6.4752e+01 l_total: 2.0734e+02 
2026-05-22 17:28:25,255 INFO: [topki..][epoch: 63, iter:  42,020, lr:(3.843e-04,)][eta: 3:47:48, time (data): 0.475 (0.129)]l_bij: 8.5191e+01 l_orth: 9.4534e+01 l_diff: 2.6676e+01 l_align: 7.9700e+01 l_total: 2.8610e+02 
2026-05-22 17:28:34,666 INFO: [topki..][epoch: 63, iter:  42,040, lr:(3.843e-04,)][eta: 3:47:37, time (data): 0.472 (0.126)]l_bij: 7.2972e+01 l_orth: 8.3294e+01 l_diff: 3.1086e+01 l_align: 7.8031e+01 l_total: 2.6538e+02 
2026-05-22 17:28:44,784 INFO: [topki..][epoch: 63, iter:  42,060, lr:(3.843e-04,)][eta: 3:47:26, time (data): 0.485 (0.126)]l_bij: 6.2433e+01 l_orth: 7.4617e+01 l_diff: 2.5965e+01 l_align: 6.9594e+01 l_total: 2.3261e+02 
2026-05-22 17:28:54,319 INFO: [topki..][epoch: 63, iter:  42,080, lr:(3.843e-04,)][eta: 3:47:14, time (data): 0.483 (0.128)]l_bij: 8.3531e+01 l_orth: 9.5889e+01 l_diff: 3.2273e+01 l_align: 8.8837e+01 l_total: 3.0053e+02 
2026-05-22 17:29:03,799 INFO: [topki..][epoch: 63, iter:  42,100, lr:(3.843e-04,)][eta: 3:47:03, time (data): 0.481 (0.128)]l_bij: 5.2840e+01 l_orth: 6.6752e+01 l_diff: 2.7998e+01 l_align: 6.7321e+01 l_total: 2.1491e+02 
2026-05-22 17:29:14,161 INFO: [topki..][epoch: 63, iter:  42,120, lr:(3.843e-04,)][eta: 3:46:52, time (data): 0.488 (0.131)]l_bij: 6.8977e+01 l_orth: 8.0845e+01 l_diff: 2.5464e+01 l_align: 7.6183e+01 l_total: 2.5147e+02 
2026-05-22 17:29:23,704 INFO: [topki..][epoch: 63, iter:  42,140, lr:(3.843e-04,)][eta: 3:46:41, time (data): 0.486 (0.130)]l_bij: 6.5410e+01 l_orth: 7.4079e+01 l_diff: 2.6321e+01 l_align: 6.7603e+01 l_total: 2.3341e+02 
2026-05-22 17:29:32,205 INFO: [topki..][epoch: 63, iter:  42,160, lr:(3.843e-04,)][eta: 3:46:29, time (data): 0.478 (0.127)]l_bij: 8.8745e+01 l_orth: 1.0037e+02 l_diff: 3.2783e+01 l_align: 8.7210e+01 l_total: 3.0911e+02 
2026-05-22 17:29:41,523 INFO: [topki..][epoch: 63, iter:  42,180, lr:(3.843e-04,)][eta: 3:46:17, time (data): 0.477 (0.127)]l_bij: 1.1855e+00 l_orth: 3.0218e+01 l_diff: 2.4578e+01 l_align: 7.7371e+01 l_total: 1.3335e+02 
2026-05-22 17:29:49,807 INFO: [topki..][epoch: 63, iter:  42,200, lr:(3.843e-04,)][eta: 3:46:05, time (data): 0.470 (0.125)]l_bij: 4.9884e+01 l_orth: 6.2584e+01 l_diff: 2.0036e+01 l_align: 6.9713e+01 l_total: 2.0222e+02 
2026-05-22 17:30:00,198 INFO: [topki..][epoch: 63, iter:  42,220, lr:(3.843e-04,)][eta: 3:45:54, time (data): 0.548 (0.138)]l_bij: 7.3069e+01 l_orth: 8.1599e+01 l_diff: 3.2157e+01 l_align: 7.1060e+01 l_total: 2.5789e+02 
2026-05-22 17:30:09,618 INFO: [topki..][epoch: 63, iter:  42,240, lr:(3.843e-04,)][eta: 3:45:43, time (data): 0.496 (0.131)]l_bij: 6.7134e+01 l_orth: 7.9371e+01 l_diff: 2.3891e+01 l_align: 7.5201e+01 l_total: 2.4560e+02 
2026-05-22 17:30:19,313 INFO: [topki..][epoch: 63, iter:  42,260, lr:(3.843e-04,)][eta: 3:45:31, time (data): 0.492 (0.133)]l_bij: 6.6810e+01 l_orth: 7.5986e+01 l_diff: 2.5198e+01 l_align: 6.7088e+01 l_total: 2.3508e+02 
2026-05-22 17:30:28,991 INFO: [topki..][epoch: 63, iter:  42,280, lr:(3.843e-04,)][eta: 3:45:20, time (data): 0.489 (0.131)]l_bij: 8.4336e+01 l_orth: 9.2110e+01 l_diff: 2.6452e+01 l_align: 7.7352e+01 l_total: 2.8025e+02 
2026-05-22 17:30:38,602 INFO: [topki..][epoch: 63, iter:  42,300, lr:(3.843e-04,)][eta: 3:45:09, time (data): 0.487 (0.130)]l_bij: 6.9033e+01 l_orth: 8.4356e+01 l_diff: 3.0507e+01 l_align: 7.9822e+01 l_total: 2.6372e+02 
2026-05-22 17:30:48,165 INFO: [topki..][epoch: 63, iter:  42,320, lr:(3.843e-04,)][eta: 3:44:57, time (data): 0.486 (0.129)]l_bij: 5.8665e+01 l_orth: 7.0017e+01 l_diff: 2.1428e+01 l_align: 6.5491e+01 l_total: 2.1560e+02 
2026-05-22 17:30:57,495 INFO: [topki..][epoch: 63, iter:  42,340, lr:(3.843e-04,)][eta: 3:44:46, time (data): 0.483 (0.129)]l_bij: 5.8038e+01 l_orth: 7.1653e+01 l_diff: 2.5295e+01 l_align: 7.2127e+01 l_total: 2.2711e+02 
2026-05-22 17:31:07,410 INFO: [topki..][epoch: 63, iter:  42,360, lr:(3.843e-04,)][eta: 3:44:35, time (data): 0.485 (0.129)]l_bij: 6.7972e+01 l_orth: 7.9737e+01 l_diff: 2.5629e+01 l_align: 7.1469e+01 l_total: 2.4481e+02 
2026-05-22 17:31:17,266 INFO: [topki..][epoch: 63, iter:  42,380, lr:(3.843e-04,)][eta: 3:44:24, time (data): 0.485 (0.129)]l_bij: 5.4748e+01 l_orth: 7.0297e+01 l_diff: 2.7087e+01 l_align: 7.1859e+01 l_total: 2.2399e+02 
2026-05-22 17:31:27,067 INFO: [topki..][epoch: 63, iter:  42,400, lr:(3.843e-04,)][eta: 3:44:12, time (data): 0.486 (0.129)]l_bij: 5.5867e+01 l_orth: 7.0382e+01 l_diff: 2.3599e+01 l_align: 7.3307e+01 l_total: 2.2315e+02 
2026-05-22 17:31:36,851 INFO: [topki..][epoch: 63, iter:  42,420, lr:(3.843e-04,)][eta: 3:44:01, time (data): 0.487 (0.135)]l_bij: 3.9647e+01 l_orth: 5.7736e+01 l_diff: 2.8735e+01 l_align: 6.9477e+01 l_total: 1.9560e+02 
2026-05-22 17:31:45,933 INFO: [topki..][epoch: 63, iter:  42,440, lr:(3.843e-04,)][eta: 3:43:50, time (data): 0.464 (0.123)]l_bij: 7.0912e+01 l_orth: 8.1596e+01 l_diff: 2.9899e+01 l_align: 7.1147e+01 l_total: 2.5355e+02 
2026-05-22 17:31:55,241 INFO: [topki..][epoch: 63, iter:  42,460, lr:(3.843e-04,)][eta: 3:43:38, time (data): 0.465 (0.124)]l_bij: 7.7597e+01 l_orth: 8.5929e+01 l_diff: 2.3945e+01 l_align: 7.6627e+01 l_total: 2.6410e+02 
2026-05-22 17:32:04,590 INFO: [topki..][epoch: 63, iter:  42,480, lr:(3.843e-04,)][eta: 3:43:27, time (data): 0.465 (0.124)]l_bij: 7.2696e+01 l_orth: 8.3940e+01 l_diff: 3.0889e+01 l_align: 7.5529e+01 l_total: 2.6305e+02 
2026-05-22 17:32:14,453 INFO: [topki..][epoch: 63, iter:  42,500, lr:(3.843e-04,)][eta: 3:43:15, time (data): 0.472 (0.126)]l_bij: 4.8953e+01 l_orth: 6.5014e+01 l_diff: 2.2259e+01 l_align: 7.1065e+01 l_total: 2.0729e+02 
2026-05-22 17:32:24,262 INFO: [topki..][epoch: 63, iter:  42,520, lr:(3.843e-04,)][eta: 3:43:04, time (data): 0.475 (0.127)]l_bij: 4.4782e+01 l_orth: 5.9752e+01 l_diff: 2.3471e+01 l_align: 6.6057e+01 l_total: 1.9406e+02 
2026-05-22 17:32:34,204 INFO: [topki..][epoch: 63, iter:  42,540, lr:(3.843e-04,)][eta: 3:42:53, time (data): 0.478 (0.128)]l_bij: 7.6508e+01 l_orth: 8.6576e+01 l_diff: 2.9128e+01 l_align: 8.0466e+01 l_total: 2.7268e+02 
2026-05-22 17:32:44,056 INFO: [topki..][epoch: 63, iter:  42,560, lr:(3.843e-04,)][eta: 3:42:42, time (data): 0.480 (0.128)]l_bij: 6.7253e+01 l_orth: 8.1250e+01 l_diff: 2.5577e+01 l_align: 7.9137e+01 l_total: 2.5322e+02 
2026-05-22 17:32:53,089 INFO: [topki..][epoch: 63, iter:  42,580, lr:(3.843e-04,)][eta: 3:42:30, time (data): 0.477 (0.127)]l_bij: 5.3804e+01 l_orth: 6.6253e+01 l_diff: 2.0151e+01 l_align: 6.1513e+01 l_total: 2.0172e+02 
2026-05-22 17:33:05,731 INFO: [topki..][epoch: 64, iter:  42,600, lr:(3.713e-04,)][eta: 3:42:21, time (data): 0.493 (0.139)]l_bij: 8.3182e+01 l_orth: 9.2618e+01 l_diff: 3.4141e+01 l_align: 8.0277e+01 l_total: 2.9022e+02 
2026-05-22 17:33:14,668 INFO: [topki..][epoch: 64, iter:  42,620, lr:(3.713e-04,)][eta: 3:42:09, time (data): 0.442 (0.112)]l_bij: 7.5907e+01 l_orth: 8.5625e+01 l_diff: 2.8058e+01 l_align: 7.7700e+01 l_total: 2.6729e+02 
2026-05-22 17:33:23,952 INFO: [topki..][epoch: 64, iter:  42,640, lr:(3.713e-04,)][eta: 3:41:58, time (data): 0.458 (0.118)]l_bij: 9.1916e-01 l_orth: 2.6348e+01 l_diff: 2.5719e+01 l_align: 7.2340e+01 l_total: 1.2533e+02 
2026-05-22 17:33:33,836 INFO: [topki..][epoch: 64, iter:  42,660, lr:(3.713e-04,)][eta: 3:41:47, time (data): 0.473 (0.123)]l_bij: 9.5532e+01 l_orth: 1.0098e+02 l_diff: 2.8368e+01 l_align: 7.9921e+01 l_total: 3.0480e+02 
2026-05-22 17:33:44,124 INFO: [topki..][epoch: 64, iter:  42,680, lr:(3.713e-04,)][eta: 3:41:36, time (data): 0.485 (0.126)]l_bij: 9.7808e+01 l_orth: 1.0396e+02 l_diff: 3.2944e+01 l_align: 8.7701e+01 l_total: 3.2241e+02 
2026-05-22 17:33:53,382 INFO: [topki..][epoch: 64, iter:  42,700, lr:(3.713e-04,)][eta: 3:41:24, time (data): 0.480 (0.126)]l_bij: 5.3730e+01 l_orth: 6.5370e+01 l_diff: 2.2028e+01 l_align: 7.1722e+01 l_total: 2.1285e+02 
2026-05-22 17:34:02,900 INFO: [topki..][epoch: 64, iter:  42,720, lr:(3.713e-04,)][eta: 3:41:13, time (data): 0.479 (0.127)]l_bij: 6.3476e+01 l_orth: 7.7366e+01 l_diff: 2.4959e+01 l_align: 7.7578e+01 l_total: 2.4338e+02 
2026-05-22 17:34:12,361 INFO: [topki..][epoch: 64, iter:  42,740, lr:(3.713e-04,)][eta: 3:41:01, time (data): 0.478 (0.127)]l_bij: 8.0992e+01 l_orth: 9.0100e+01 l_diff: 2.6767e+01 l_align: 7.8673e+01 l_total: 2.7653e+02 
2026-05-22 17:34:21,703 INFO: [topki..][epoch: 64, iter:  42,760, lr:(3.713e-04,)][eta: 3:40:50, time (data): 0.477 (0.127)]l_bij: 6.1166e+01 l_orth: 7.0700e+01 l_diff: 2.4796e+01 l_align: 6.3402e+01 l_total: 2.2006e+02 
2026-05-22 17:34:31,327 INFO: [topki..][epoch: 64, iter:  42,780, lr:(3.713e-04,)][eta: 3:40:39, time (data): 0.477 (0.127)]l_bij: 6.0853e+01 l_orth: 7.2650e+01 l_diff: 2.7918e+01 l_align: 6.7506e+01 l_total: 2.2893e+02 
2026-05-22 17:34:40,640 INFO: [topki..][epoch: 64, iter:  42,800, lr:(3.713e-04,)][eta: 3:40:27, time (data): 0.476 (0.127)]l_bij: 8.8419e+01 l_orth: 9.8673e+01 l_diff: 3.3138e+01 l_align: 8.5125e+01 l_total: 3.0536e+02 
2026-05-22 17:34:50,215 INFO: [topki..][epoch: 64, iter:  42,820, lr:(3.713e-04,)][eta: 3:40:16, time (data): 0.476 (0.131)]l_bij: 6.3788e+01 l_orth: 7.5570e+01 l_diff: 2.5801e+01 l_align: 7.2266e+01 l_total: 2.3742e+02 
2026-05-22 17:35:00,228 INFO: [topki..][epoch: 64, iter:  42,840, lr:(3.713e-04,)][eta: 3:40:05, time (data): 0.494 (0.133)]l_bij: 5.1914e+01 l_orth: 6.4586e+01 l_diff: 2.2078e+01 l_align: 6.7295e+01 l_total: 2.0587e+02 
2026-05-22 17:35:10,140 INFO: [topki..][epoch: 64, iter:  42,860, lr:(3.713e-04,)][eta: 3:39:54, time (data): 0.495 (0.134)]l_bij: 6.3331e+01 l_orth: 7.4623e+01 l_diff: 2.8676e+01 l_align: 6.9277e+01 l_total: 2.3591e+02 
2026-05-22 17:35:19,771 INFO: [topki..][epoch: 64, iter:  42,880, lr:(3.713e-04,)][eta: 3:39:43, time (data): 0.491 (0.135)]l_bij: 5.9132e+01 l_orth: 7.2837e+01 l_diff: 2.6853e+01 l_align: 7.5513e+01 l_total: 2.3433e+02 
2026-05-22 17:35:29,141 INFO: [topki..][epoch: 64, iter:  42,900, lr:(3.713e-04,)][eta: 3:39:31, time (data): 0.486 (0.132)]l_bij: 6.4867e+01 l_orth: 7.7327e+01 l_diff: 3.4214e+01 l_align: 7.3677e+01 l_total: 2.5008e+02 
2026-05-22 17:35:38,514 INFO: [topki..][epoch: 64, iter:  42,920, lr:(3.713e-04,)][eta: 3:39:20, time (data): 0.482 (0.131)]l_bij: 7.3315e+01 l_orth: 8.4436e+01 l_diff: 3.3637e+01 l_align: 7.1831e+01 l_total: 2.6322e+02 
2026-05-22 17:35:48,080 INFO: [topki..][epoch: 64, iter:  42,940, lr:(3.713e-04,)][eta: 3:39:08, time (data): 0.482 (0.129)]l_bij: 6.0199e+01 l_orth: 7.0564e+01 l_diff: 2.3274e+01 l_align: 6.4737e+01 l_total: 2.1877e+02 
2026-05-22 17:35:57,757 INFO: [topki..][epoch: 64, iter:  42,960, lr:(3.713e-04,)][eta: 3:38:57, time (data): 0.482 (0.129)]l_bij: 6.8605e+01 l_orth: 7.9695e+01 l_diff: 2.8477e+01 l_align: 7.5743e+01 l_total: 2.5252e+02 
2026-05-22 17:36:07,452 INFO: [topki..][epoch: 64, iter:  42,980, lr:(3.713e-04,)][eta: 3:38:46, time (data): 0.482 (0.128)]l_bij: 9.0452e+01 l_orth: 9.6697e+01 l_diff: 3.6266e+01 l_align: 7.6227e+01 l_total: 2.9964e+02 
2026-05-22 17:36:17,230 INFO: [topki..][epoch: 64, iter:  43,000, lr:(3.713e-04,)][eta: 3:38:35, time (data): 0.483 (0.129)]l_bij: 6.8653e+01 l_orth: 8.0073e+01 l_diff: 2.8118e+01 l_align: 7.6119e+01 l_total: 2.5296e+02 
2026-05-22 17:36:27,195 INFO: [topki..][epoch: 64, iter:  43,020, lr:(3.713e-04,)][eta: 3:38:24, time (data): 0.540 (0.128)]l_bij: 5.4767e+01 l_orth: 7.3663e+01 l_diff: 2.8167e+01 l_align: 7.4132e+01 l_total: 2.3073e+02 
2026-05-22 17:36:36,942 INFO: [topki..][epoch: 64, iter:  43,040, lr:(3.713e-04,)][eta: 3:38:13, time (data): 0.499 (0.128)]l_bij: 7.7471e+01 l_orth: 8.5759e+01 l_diff: 3.0316e+01 l_align: 7.6003e+01 l_total: 2.6955e+02 
2026-05-22 17:36:46,665 INFO: [topki..][epoch: 64, iter:  43,060, lr:(3.713e-04,)][eta: 3:38:01, time (data): 0.494 (0.128)]l_bij: 9.6727e+01 l_orth: 1.0399e+02 l_diff: 3.8691e+01 l_align: 8.3742e+01 l_total: 3.2315e+02 
2026-05-22 17:36:56,399 INFO: [topki..][epoch: 64, iter:  43,080, lr:(3.713e-04,)][eta: 3:37:50, time (data): 0.492 (0.128)]l_bij: 6.0232e+01 l_orth: 7.3192e+01 l_diff: 2.0495e+01 l_align: 6.8239e+01 l_total: 2.2216e+02 
2026-05-22 17:37:05,864 INFO: [topki..][epoch: 64, iter:  43,100, lr:(3.713e-04,)][eta: 3:37:39, time (data): 0.487 (0.128)]l_bij: 6.6556e+01 l_orth: 7.8950e+01 l_diff: 2.7012e+01 l_align: 7.5071e+01 l_total: 2.4759e+02 
2026-05-22 17:37:15,606 INFO: [topki..][epoch: 64, iter:  43,120, lr:(3.713e-04,)][eta: 3:37:28, time (data): 0.487 (0.129)]l_bij: 5.6684e+01 l_orth: 7.1541e+01 l_diff: 2.3487e+01 l_align: 7.2783e+01 l_total: 2.2450e+02 
2026-05-22 17:37:25,129 INFO: [topki..][epoch: 64, iter:  43,140, lr:(3.713e-04,)][eta: 3:37:16, time (data): 0.485 (0.129)]l_bij: 5.0388e+01 l_orth: 6.3592e+01 l_diff: 2.0817e+01 l_align: 6.4853e+01 l_total: 1.9965e+02 
2026-05-22 17:37:34,663 INFO: [topki..][epoch: 64, iter:  43,160, lr:(3.713e-04,)][eta: 3:37:05, time (data): 0.484 (0.128)]l_bij: 5.8983e+01 l_orth: 6.9499e+01 l_diff: 2.1919e+01 l_align: 6.6163e+01 l_total: 2.1656e+02 
2026-05-22 17:37:43,945 INFO: [topki..][epoch: 64, iter:  43,180, lr:(3.713e-04,)][eta: 3:36:54, time (data): 0.482 (0.127)]l_bij: 6.2270e+01 l_orth: 7.5012e+01 l_diff: 2.4353e+01 l_align: 7.5068e+01 l_total: 2.3670e+02 
2026-05-22 17:37:53,921 INFO: [topki..][epoch: 64, iter:  43,200, lr:(3.713e-04,)][eta: 3:36:43, time (data): 0.484 (0.128)]l_bij: 7.4590e+01 l_orth: 8.5556e+01 l_diff: 2.8021e+01 l_align: 8.0967e+01 l_total: 2.6913e+02 
2026-05-22 17:38:03,696 INFO: [topki..][epoch: 64, iter:  43,220, lr:(3.713e-04,)][eta: 3:36:31, time (data): 0.497 (0.129)]l_bij: 5.3322e+01 l_orth: 6.5346e+01 l_diff: 2.4301e+01 l_align: 6.4218e+01 l_total: 2.0719e+02 
2026-05-22 17:38:12,499 INFO: [topki..][epoch: 64, iter:  43,240, lr:(3.713e-04,)][eta: 3:36:20, time (data): 0.451 (0.116)]l_bij: 6.4412e+01 l_orth: 7.6965e+01 l_diff: 2.8899e+01 l_align: 7.7520e+01 l_total: 2.4780e+02 
2026-05-22 17:38:21,261 INFO: [topki..][epoch: 64, iter:  43,260, lr:(3.713e-04,)][eta: 3:36:08, time (data): 0.445 (0.112)]l_bij: 7.6389e+01 l_orth: 8.5679e+01 l_diff: 2.3965e+01 l_align: 7.4769e+01 l_total: 2.6080e+02 
2026-05-22 17:38:32,731 INFO: [topki..][epoch: 65, iter:  43,280, lr:(3.584e-04,)][eta: 3:35:58, time (data): 0.485 (0.145)]l_bij: 6.7039e+01 l_orth: 7.8212e+01 l_diff: 2.6608e+01 l_align: 7.3370e+01 l_total: 2.4523e+02 
2026-05-22 17:38:42,515 INFO: [topki..][epoch: 65, iter:  43,300, lr:(3.584e-04,)][eta: 3:35:47, time (data): 0.486 (0.141)]l_bij: 7.0142e+01 l_orth: 8.3271e+01 l_diff: 3.2452e+01 l_align: 8.0072e+01 l_total: 2.6594e+02 
2026-05-22 17:38:52,123 INFO: [topki..][epoch: 65, iter:  43,320, lr:(3.584e-04,)][eta: 3:35:35, time (data): 0.485 (0.139)]l_bij: 8.1890e+01 l_orth: 9.0318e+01 l_diff: 2.7304e+01 l_align: 7.5147e+01 l_total: 2.7466e+02 
2026-05-22 17:39:01,761 INFO: [topki..][epoch: 65, iter:  43,340, lr:(3.584e-04,)][eta: 3:35:24, time (data): 0.484 (0.137)]l_bij: 8.9699e+01 l_orth: 9.8286e+01 l_diff: 2.7673e+01 l_align: 8.3235e+01 l_total: 2.9889e+02 
2026-05-22 17:39:11,193 INFO: [topki..][epoch: 65, iter:  43,360, lr:(3.584e-04,)][eta: 3:35:13, time (data): 0.483 (0.134)]l_bij: 7.0022e+01 l_orth: 8.0294e+01 l_diff: 2.4339e+01 l_align: 7.4910e+01 l_total: 2.4957e+02 
2026-05-22 17:39:20,841 INFO: [topki..][epoch: 65, iter:  43,380, lr:(3.584e-04,)][eta: 3:35:02, time (data): 0.483 (0.133)]l_bij: 5.8765e+01 l_orth: 6.7721e+01 l_diff: 3.0774e+01 l_align: 6.3736e+01 l_total: 2.2100e+02 
2026-05-22 17:39:31,166 INFO: [topki..][epoch: 65, iter:  43,400, lr:(3.584e-04,)][eta: 3:34:51, time (data): 0.486 (0.133)]l_bij: 7.9928e+01 l_orth: 8.9137e+01 l_diff: 3.0845e+01 l_align: 7.6443e+01 l_total: 2.7635e+02 
2026-05-22 17:39:40,242 INFO: [topki..][epoch: 65, iter:  43,420, lr:(3.584e-04,)][eta: 3:34:39, time (data): 0.495 (0.121)]l_bij: 5.9017e+01 l_orth: 7.2484e+01 l_diff: 2.5935e+01 l_align: 7.1792e+01 l_total: 2.2923e+02 
2026-05-22 17:39:49,750 INFO: [topki..][epoch: 65, iter:  43,440, lr:(3.584e-04,)][eta: 3:34:28, time (data): 0.479 (0.126)]l_bij: 4.5311e+01 l_orth: 5.9282e+01 l_diff: 2.2188e+01 l_align: 6.5337e+01 l_total: 1.9212e+02 
2026-05-22 17:39:59,802 INFO: [topki..][epoch: 65, iter:  43,460, lr:(3.584e-04,)][eta: 3:34:17, time (data): 0.490 (0.130)]l_bij: 6.6832e+01 l_orth: 7.8535e+01 l_diff: 2.3510e+01 l_align: 7.2908e+01 l_total: 2.4179e+02 
2026-05-22 17:40:09,236 INFO: [topki..][epoch: 65, iter:  43,480, lr:(3.584e-04,)][eta: 3:34:06, time (data): 0.484 (0.129)]l_bij: 7.0815e+01 l_orth: 7.7370e+01 l_diff: 2.3712e+01 l_align: 6.1269e+01 l_total: 2.3317e+02 
2026-05-22 17:40:18,737 INFO: [topki..][epoch: 65, iter:  43,500, lr:(3.584e-04,)][eta: 3:33:54, time (data): 0.482 (0.129)]l_bij: 4.0400e+01 l_orth: 5.8978e+01 l_diff: 2.8803e+01 l_align: 7.0882e+01 l_total: 1.9906e+02 
2026-05-22 17:40:28,271 INFO: [topki..][epoch: 65, iter:  43,520, lr:(3.584e-04,)][eta: 3:33:43, time (data): 0.481 (0.128)]l_bij: 4.5448e+01 l_orth: 6.2865e+01 l_diff: 2.3741e+01 l_align: 7.2047e+01 l_total: 2.0410e+02 
2026-05-22 17:40:38,005 INFO: [topki..][epoch: 65, iter:  43,540, lr:(3.584e-04,)][eta: 3:33:32, time (data): 0.482 (0.128)]l_bij: 7.0733e+01 l_orth: 7.9921e+01 l_diff: 2.7483e+01 l_align: 7.3284e+01 l_total: 2.5142e+02 
2026-05-22 17:40:46,227 INFO: [topki..][epoch: 65, iter:  43,560, lr:(3.584e-04,)][eta: 3:33:20, time (data): 0.472 (0.124)]l_bij: 7.2811e+01 l_orth: 8.1978e+01 l_diff: 3.8507e+01 l_align: 7.0191e+01 l_total: 2.6349e+02 
2026-05-22 17:40:55,367 INFO: [topki..][epoch: 65, iter:  43,580, lr:(3.584e-04,)][eta: 3:33:08, time (data): 0.470 (0.124)]l_bij: 5.0752e+01 l_orth: 6.3690e+01 l_diff: 2.7455e+01 l_align: 6.2806e+01 l_total: 2.0470e+02 
2026-05-22 17:41:04,844 INFO: [topki..][epoch: 65, iter:  43,600, lr:(3.584e-04,)][eta: 3:32:57, time (data): 0.470 (0.124)]l_bij: 6.0860e+01 l_orth: 7.3625e+01 l_diff: 2.7720e+01 l_align: 7.3092e+01 l_total: 2.3530e+02 
2026-05-22 17:41:14,156 INFO: [topki..][epoch: 65, iter:  43,620, lr:(3.584e-04,)][eta: 3:32:46, time (data): 0.454 (0.123)]l_bij: 7.0830e+01 l_orth: 7.9970e+01 l_diff: 3.0984e+01 l_align: 6.8700e+01 l_total: 2.5048e+02 
2026-05-22 17:41:24,213 INFO: [topki..][epoch: 65, iter:  43,640, lr:(3.584e-04,)][eta: 3:32:35, time (data): 0.496 (0.131)]l_bij: 5.8562e+01 l_orth: 6.9487e+01 l_diff: 2.1130e+01 l_align: 6.5675e+01 l_total: 2.1485e+02 
2026-05-22 17:41:33,861 INFO: [topki..][epoch: 65, iter:  43,660, lr:(3.584e-04,)][eta: 3:32:24, time (data): 0.490 (0.134)]l_bij: 7.1376e+01 l_orth: 7.9792e+01 l_diff: 2.8519e+01 l_align: 6.5679e+01 l_total: 2.4537e+02 
2026-05-22 17:41:43,530 INFO: [topki..][epoch: 65, iter:  43,680, lr:(3.584e-04,)][eta: 3:32:12, time (data): 0.488 (0.132)]l_bij: 7.2059e+01 l_orth: 8.1340e+01 l_diff: 3.1154e+01 l_align: 7.2366e+01 l_total: 2.5692e+02 
2026-05-22 17:41:52,915 INFO: [topki..][epoch: 65, iter:  43,700, lr:(3.584e-04,)][eta: 3:32:01, time (data): 0.483 (0.130)]l_bij: 6.3540e+01 l_orth: 7.4759e+01 l_diff: 2.8675e+01 l_align: 6.9113e+01 l_total: 2.3609e+02 
2026-05-22 17:42:02,562 INFO: [topki..][epoch: 65, iter:  43,720, lr:(3.584e-04,)][eta: 3:31:50, time (data): 0.483 (0.130)]l_bij: 5.9040e+01 l_orth: 7.0827e+01 l_diff: 3.1877e+01 l_align: 6.5733e+01 l_total: 2.2748e+02 
2026-05-22 17:42:12,139 INFO: [topki..][epoch: 65, iter:  43,740, lr:(3.584e-04,)][eta: 3:31:39, time (data): 0.482 (0.129)]l_bij: 8.1501e+01 l_orth: 9.1547e+01 l_diff: 2.9023e+01 l_align: 8.1308e+01 l_total: 2.8338e+02 
2026-05-22 17:42:21,853 INFO: [topki..][epoch: 65, iter:  43,760, lr:(3.584e-04,)][eta: 3:31:28, time (data): 0.483 (0.128)]l_bij: 6.0811e+01 l_orth: 7.3062e+01 l_diff: 2.7455e+01 l_align: 6.5278e+01 l_total: 2.2661e+02 
2026-05-22 17:42:31,228 INFO: [topki..][epoch: 65, iter:  43,780, lr:(3.584e-04,)][eta: 3:31:16, time (data): 0.481 (0.128)]l_bij: 7.1208e+01 l_orth: 8.2114e+01 l_diff: 2.5832e+01 l_align: 7.6140e+01 l_total: 2.5529e+02 
2026-05-22 17:42:41,413 INFO: [topki..][epoch: 65, iter:  43,800, lr:(3.584e-04,)][eta: 3:31:05, time (data): 0.484 (0.129)]l_bij: 5.1554e+01 l_orth: 6.6836e+01 l_diff: 2.5230e+01 l_align: 6.9095e+01 l_total: 2.1271e+02 
2026-05-22 17:42:50,626 INFO: [topki..][epoch: 65, iter:  43,820, lr:(3.584e-04,)][eta: 3:30:54, time (data): 0.484 (0.113)]l_bij: 5.1519e+01 l_orth: 6.3944e+01 l_diff: 2.7110e+01 l_align: 6.5975e+01 l_total: 2.0855e+02 
2026-05-22 17:43:00,411 INFO: [topki..][epoch: 65, iter:  43,840, lr:(3.584e-04,)][eta: 3:30:43, time (data): 0.489 (0.130)]l_bij: 9.0987e+01 l_orth: 9.7406e+01 l_diff: 2.7161e+01 l_align: 8.3239e+01 l_total: 2.9879e+02 
2026-05-22 17:43:09,960 INFO: [topki..][epoch: 65, iter:  43,860, lr:(3.584e-04,)][eta: 3:30:32, time (data): 0.483 (0.129)]l_bij: 6.6904e+01 l_orth: 8.0086e+01 l_diff: 2.8859e+01 l_align: 7.8083e+01 l_total: 2.5393e+02 
2026-05-22 17:43:19,505 INFO: [topki..][epoch: 65, iter:  43,880, lr:(3.584e-04,)][eta: 3:30:20, time (data): 0.481 (0.129)]l_bij: 4.9943e+01 l_orth: 6.4683e+01 l_diff: 3.6270e+01 l_align: 7.5219e+01 l_total: 2.2612e+02 
2026-05-22 17:43:29,107 INFO: [topki..][epoch: 65, iter:  43,900, lr:(3.584e-04,)][eta: 3:30:09, time (data): 0.481 (0.129)]l_bij: 9.4458e+01 l_orth: 9.9895e+01 l_diff: 3.2767e+01 l_align: 8.0495e+01 l_total: 3.0762e+02 
2026-05-22 17:43:38,674 INFO: [topki..][epoch: 65, iter:  43,920, lr:(3.584e-04,)][eta: 3:29:58, time (data): 0.480 (0.129)]l_bij: 6.0489e+01 l_orth: 7.2398e+01 l_diff: 2.8831e+01 l_align: 6.9585e+01 l_total: 2.3130e+02 
2026-05-22 17:43:48,357 INFO: [topki..][epoch: 65, iter:  43,940, lr:(3.584e-04,)][eta: 3:29:47, time (data): 0.481 (0.130)]l_bij: 7.0068e+01 l_orth: 8.5704e+01 l_diff: 3.1691e+01 l_align: 7.9971e+01 l_total: 2.6744e+02 
2026-05-22 17:43:58,823 INFO: [topki..][epoch: 66, iter:  43,960, lr:(3.457e-04,)][eta: 3:29:36, time (data): 0.487 (0.139)]l_bij: 8.3528e+01 l_orth: 9.1677e+01 l_diff: 2.9121e+01 l_align: 7.6044e+01 l_total: 2.8037e+02 
2026-05-22 17:44:07,828 INFO: [topki..][epoch: 66, iter:  43,980, lr:(3.457e-04,)][eta: 3:29:24, time (data): 0.482 (0.135)]l_bij: 6.2089e+01 l_orth: 7.4472e+01 l_diff: 2.1615e+01 l_align: 7.1969e+01 l_total: 2.3014e+02 
2026-05-22 17:44:17,657 INFO: [topki..][epoch: 66, iter:  44,000, lr:(3.457e-04,)][eta: 3:29:13, time (data): 0.483 (0.135)]l_bij: 6.7475e+01 l_orth: 7.7223e+01 l_diff: 2.8434e+01 l_align: 7.2025e+01 l_total: 2.4516e+02 
2026-05-22 17:44:17,658 INFO: Saving models and training states.
2026-05-22 17:44:17,679 INFO: Start validation.
2026-05-22 17:45:23,615 INFO: Avg time: 0.1184
2026-05-22 17:45:23,724 INFO: Val auc: 0.6885
2026-05-22 17:45:23,731 INFO: Val avg error: 0.0607
2026-05-22 17:45:33,694 INFO: [topki..][epoch: 66, iter:  44,020, lr:(3.457e-04,)][eta: 3:29:38, time (data): 0.484 (0.120)]l_bij: 6.4565e+01 l_orth: 7.5436e+01 l_diff: 2.2009e+01 l_align: 7.2830e+01 l_total: 2.3484e+02 
2026-05-22 17:45:43,379 INFO: [topki..][epoch: 66, iter:  44,040, lr:(3.457e-04,)][eta: 3:29:27, time (data): 0.484 (0.128)]l_bij: 5.7755e+01 l_orth: 6.9277e+01 l_diff: 2.2912e+01 l_align: 6.7720e+01 l_total: 2.1766e+02 
2026-05-22 17:45:53,232 INFO: [topki..][epoch: 66, iter:  44,060, lr:(3.457e-04,)][eta: 3:29:15, time (data): 0.488 (0.129)]l_bij: 4.8519e+01 l_orth: 6.1653e+01 l_diff: 2.1982e+01 l_align: 7.0077e+01 l_total: 2.0223e+02 
2026-05-22 17:46:02,904 INFO: [topki..][epoch: 66, iter:  44,080, lr:(3.457e-04,)][eta: 3:29:04, time (data): 0.487 (0.129)]l_bij: 7.0664e+01 l_orth: 7.9094e+01 l_diff: 2.2628e+01 l_align: 7.0283e+01 l_total: 2.4267e+02 
2026-05-22 17:46:12,721 INFO: [topki..][epoch: 66, iter:  44,100, lr:(3.457e-04,)][eta: 3:28:53, time (data): 0.488 (0.128)]l_bij: 7.4391e+01 l_orth: 8.6229e+01 l_diff: 3.0212e+01 l_align: 7.9864e+01 l_total: 2.7070e+02 
2026-05-22 17:46:22,145 INFO: [topki..][epoch: 66, iter:  44,120, lr:(3.457e-04,)][eta: 3:28:42, time (data): 0.484 (0.128)]l_bij: 7.2468e+01 l_orth: 8.3497e+01 l_diff: 3.9916e+01 l_align: 8.0574e+01 l_total: 2.7646e+02 
2026-05-22 17:46:31,597 INFO: [topki..][epoch: 66, iter:  44,140, lr:(3.457e-04,)][eta: 3:28:31, time (data): 0.482 (0.127)]l_bij: 6.6339e+01 l_orth: 7.6481e+01 l_diff: 2.8740e+01 l_align: 6.9119e+01 l_total: 2.4068e+02 
2026-05-22 17:46:41,074 INFO: [topki..][epoch: 66, iter:  44,160, lr:(3.457e-04,)][eta: 3:28:19, time (data): 0.481 (0.127)]l_bij: 6.7110e+01 l_orth: 7.8309e+01 l_diff: 2.9362e+01 l_align: 7.3940e+01 l_total: 2.4872e+02 
2026-05-22 17:46:51,314 INFO: [topki..][epoch: 66, iter:  44,180, lr:(3.457e-04,)][eta: 3:28:08, time (data): 0.485 (0.128)]l_bij: 5.7087e+01 l_orth: 7.1075e+01 l_diff: 2.8666e+01 l_align: 7.1154e+01 l_total: 2.2798e+02 
2026-05-22 17:47:00,919 INFO: [topki..][epoch: 66, iter:  44,200, lr:(3.457e-04,)][eta: 3:27:57, time (data): 0.484 (0.128)]l_bij: 6.1066e+01 l_orth: 7.1197e+01 l_diff: 2.5191e+01 l_align: 6.5358e+01 l_total: 2.2281e+02 
2026-05-22 17:47:10,015 INFO: [topki..][epoch: 66, iter:  44,220, lr:(3.457e-04,)][eta: 3:27:46, time (data): 0.482 (0.128)]l_bij: 7.6180e+01 l_orth: 8.7755e+01 l_diff: 2.5027e+01 l_align: 8.0478e+01 l_total: 2.6944e+02 
2026-05-22 17:47:20,272 INFO: [topki..][epoch: 66, iter:  44,240, lr:(3.457e-04,)][eta: 3:27:35, time (data): 0.513 (0.135)]l_bij: 4.5208e+01 l_orth: 6.0584e+01 l_diff: 2.3138e+01 l_align: 6.6743e+01 l_total: 1.9567e+02 
2026-05-22 17:47:29,550 INFO: [topki..][epoch: 66, iter:  44,260, lr:(3.457e-04,)][eta: 3:27:23, time (data): 0.488 (0.130)]l_bij: 5.5775e+01 l_orth: 6.9668e+01 l_diff: 2.1419e+01 l_align: 6.9983e+01 l_total: 2.1684e+02 
2026-05-22 17:47:39,354 INFO: [topki..][epoch: 66, iter:  44,280, lr:(3.457e-04,)][eta: 3:27:12, time (data): 0.489 (0.130)]l_bij: 5.1607e+01 l_orth: 6.5008e+01 l_diff: 2.3386e+01 l_align: 6.7513e+01 l_total: 2.0751e+02 
2026-05-22 17:47:49,029 INFO: [topki..][epoch: 66, iter:  44,300, lr:(3.457e-04,)][eta: 3:27:01, time (data): 0.488 (0.130)]l_bij: 3.7085e+01 l_orth: 5.5824e+01 l_diff: 2.6353e+01 l_align: 6.4863e+01 l_total: 1.8412e+02 
2026-05-22 17:47:59,486 INFO: [topki..][epoch: 66, iter:  44,320, lr:(3.457e-04,)][eta: 3:26:50, time (data): 0.495 (0.130)]l_bij: 6.4645e+01 l_orth: 7.7991e+01 l_diff: 2.4872e+01 l_align: 7.6108e+01 l_total: 2.4362e+02 
2026-05-22 17:48:09,349 INFO: [topki..][epoch: 66, iter:  44,340, lr:(3.457e-04,)][eta: 3:26:39, time (data): 0.494 (0.132)]l_bij: 4.2932e+01 l_orth: 5.8089e+01 l_diff: 2.8087e+01 l_align: 6.7139e+01 l_total: 1.9625e+02 
2026-05-22 17:48:19,179 INFO: [topki..][epoch: 66, iter:  44,360, lr:(3.457e-04,)][eta: 3:26:28, time (data): 0.494 (0.132)]l_bij: 6.6302e+01 l_orth: 7.7262e+01 l_diff: 2.9394e+01 l_align: 7.1107e+01 l_total: 2.4407e+02 
2026-05-22 17:48:28,749 INFO: [topki..][epoch: 66, iter:  44,380, lr:(3.457e-04,)][eta: 3:26:17, time (data): 0.492 (0.131)]l_bij: 7.3017e+01 l_orth: 8.1266e+01 l_diff: 2.6581e+01 l_align: 6.9887e+01 l_total: 2.5075e+02 
2026-05-22 17:48:38,606 INFO: [topki..][epoch: 66, iter:  44,400, lr:(3.457e-04,)][eta: 3:26:06, time (data): 0.492 (0.131)]l_bij: 4.9682e+01 l_orth: 6.2401e+01 l_diff: 3.2959e+01 l_align: 6.4599e+01 l_total: 2.0964e+02 
2026-05-22 17:48:48,569 INFO: [topki..][epoch: 66, iter:  44,420, lr:(3.457e-04,)][eta: 3:25:55, time (data): 0.493 (0.132)]l_bij: 7.4075e+01 l_orth: 8.1960e+01 l_diff: 2.4436e+01 l_align: 6.6363e+01 l_total: 2.4683e+02 
2026-05-22 17:48:58,391 INFO: [topki..][epoch: 66, iter:  44,440, lr:(3.457e-04,)][eta: 3:25:44, time (data): 0.491 (0.130)]l_bij: 4.8588e+01 l_orth: 6.4286e+01 l_diff: 2.8385e+01 l_align: 6.8607e+01 l_total: 2.0987e+02 
2026-05-22 17:49:08,116 INFO: [topki..][epoch: 66, iter:  44,460, lr:(3.457e-04,)][eta: 3:25:32, time (data): 0.488 (0.132)]l_bij: 6.5104e+01 l_orth: 7.5902e+01 l_diff: 2.9996e+01 l_align: 7.0387e+01 l_total: 2.4139e+02 
2026-05-22 17:49:17,821 INFO: [topki..][epoch: 66, iter:  44,480, lr:(3.457e-04,)][eta: 3:25:21, time (data): 0.487 (0.132)]l_bij: 6.5611e+01 l_orth: 7.8927e+01 l_diff: 2.8834e+01 l_align: 8.0404e+01 l_total: 2.5378e+02 
2026-05-22 17:49:28,213 INFO: [topki..][epoch: 66, iter:  44,500, lr:(3.457e-04,)][eta: 3:25:11, time (data): 0.496 (0.132)]l_bij: 7.4403e+01 l_orth: 8.5075e+01 l_diff: 3.1341e+01 l_align: 7.8565e+01 l_total: 2.6938e+02 
2026-05-22 17:49:38,889 INFO: [topki..][epoch: 66, iter:  44,520, lr:(3.457e-04,)][eta: 3:25:00, time (data): 0.503 (0.134)]l_bij: 3.8580e+01 l_orth: 5.7313e+01 l_diff: 2.2688e+01 l_align: 6.8474e+01 l_total: 1.8706e+02 
2026-05-22 17:49:49,827 INFO: [topki..][epoch: 66, iter:  44,540, lr:(3.457e-04,)][eta: 3:24:49, time (data): 0.511 (0.136)]l_bij: 7.1113e+01 l_orth: 8.1523e+01 l_diff: 2.9108e+01 l_align: 7.3019e+01 l_total: 2.5476e+02 
2026-05-22 17:50:00,781 INFO: [topki..][epoch: 66, iter:  44,560, lr:(3.457e-04,)][eta: 3:24:39, time (data): 0.516 (0.137)]l_bij: 3.4014e+01 l_orth: 5.2666e+01 l_diff: 1.8264e+01 l_align: 7.0116e+01 l_total: 1.7506e+02 
2026-05-22 17:50:11,493 INFO: [topki..][epoch: 66, iter:  44,580, lr:(3.457e-04,)][eta: 3:24:28, time (data): 0.518 (0.138)]l_bij: 8.6390e+01 l_orth: 9.3276e+01 l_diff: 2.4522e+01 l_align: 8.2720e+01 l_total: 2.8691e+02 
2026-05-22 17:50:21,738 INFO: [topki..][epoch: 66, iter:  44,600, lr:(3.457e-04,)][eta: 3:24:17, time (data): 0.518 (0.138)]l_bij: 5.2412e+01 l_orth: 6.6118e+01 l_diff: 2.7915e+01 l_align: 6.7114e+01 l_total: 2.1356e+02 
2026-05-22 17:50:34,383 INFO: [topki..][epoch: 67, iter:  44,620, lr:(3.332e-04,)][eta: 3:24:08, time (data): 0.529 (0.146)]l_bij: 5.0065e+01 l_orth: 6.4539e+01 l_diff: 2.3531e+01 l_align: 7.4332e+01 l_total: 2.1247e+02 
2026-05-22 17:50:44,906 INFO: [topki..][epoch: 67, iter:  44,640, lr:(3.332e-04,)][eta: 3:23:57, time (data): 0.530 (0.132)]l_bij: 8.7878e+01 l_orth: 9.7010e+01 l_diff: 3.2198e+01 l_align: 8.5979e+01 l_total: 3.0307e+02 
2026-05-22 17:50:55,125 INFO: [topki..][epoch: 67, iter:  44,660, lr:(3.332e-04,)][eta: 3:23:46, time (data): 0.520 (0.129)]l_bij: 8.3041e+01 l_orth: 9.2326e+01 l_diff: 3.2156e+01 l_align: 8.5689e+01 l_total: 2.9321e+02 
2026-05-22 17:51:05,828 INFO: [topki..][epoch: 67, iter:  44,680, lr:(3.332e-04,)][eta: 3:23:35, time (data): 0.525 (0.131)]l_bij: 4.8325e+01 l_orth: 6.6163e+01 l_diff: 2.7816e+01 l_align: 6.8360e+01 l_total: 2.1066e+02 
2026-05-22 17:51:16,673 INFO: [topki..][epoch: 67, iter:  44,700, lr:(3.332e-04,)][eta: 3:23:25, time (data): 0.529 (0.133)]l_bij: 5.1322e+01 l_orth: 6.4679e+01 l_diff: 2.7474e+01 l_align: 6.6265e+01 l_total: 2.0974e+02 
2026-05-22 17:51:27,337 INFO: [topki..][epoch: 67, iter:  44,720, lr:(3.332e-04,)][eta: 3:23:14, time (data): 0.530 (0.133)]l_bij: 7.6777e+01 l_orth: 8.6206e+01 l_diff: 2.9416e+01 l_align: 8.0730e+01 l_total: 2.7313e+02 
2026-05-22 17:51:38,130 INFO: [topki..][epoch: 67, iter:  44,740, lr:(3.332e-04,)][eta: 3:23:04, time (data): 0.532 (0.134)]l_bij: 5.2808e+01 l_orth: 6.7250e+01 l_diff: 2.3043e+01 l_align: 7.1480e+01 l_total: 2.1458e+02 
2026-05-22 17:51:49,179 INFO: [topki..][epoch: 67, iter:  44,760, lr:(3.332e-04,)][eta: 3:22:53, time (data): 0.535 (0.137)]l_bij: 6.6067e+01 l_orth: 7.8960e+01 l_diff: 2.8024e+01 l_align: 7.4068e+01 l_total: 2.4712e+02 
2026-05-22 17:52:00,264 INFO: [topki..][epoch: 67, iter:  44,780, lr:(3.332e-04,)][eta: 3:22:43, time (data): 0.537 (0.137)]l_bij: 7.0391e+01 l_orth: 7.9129e+01 l_diff: 2.6654e+01 l_align: 6.8169e+01 l_total: 2.4434e+02 
2026-05-22 17:52:10,901 INFO: [topki..][epoch: 67, iter:  44,800, lr:(3.332e-04,)][eta: 3:22:32, time (data): 0.537 (0.137)]l_bij: 7.1131e+01 l_orth: 8.3667e+01 l_diff: 2.6613e+01 l_align: 8.1522e+01 l_total: 2.6293e+02 
2026-05-22 17:52:21,529 INFO: [topki..][epoch: 67, iter:  44,820, lr:(3.332e-04,)][eta: 3:22:21, time (data): 0.536 (0.137)]l_bij: 4.4619e+01 l_orth: 6.0545e+01 l_diff: 2.2658e+01 l_align: 6.8101e+01 l_total: 1.9592e+02 
2026-05-22 17:52:31,901 INFO: [topki..][epoch: 67, iter:  44,840, lr:(3.332e-04,)][eta: 3:22:11, time (data): 0.518 (0.134)]l_bij: 5.7711e+01 l_orth: 7.3397e+01 l_diff: 2.3415e+01 l_align: 7.4519e+01 l_total: 2.2904e+02 
2026-05-22 17:52:42,445 INFO: [topki..][epoch: 67, iter:  44,860, lr:(3.332e-04,)][eta: 3:22:00, time (data): 0.523 (0.136)]l_bij: 5.8984e+01 l_orth: 6.9275e+01 l_diff: 2.1649e+01 l_align: 6.5713e+01 l_total: 2.1562e+02 
2026-05-22 17:52:53,108 INFO: [topki..][epoch: 67, iter:  44,880, lr:(3.332e-04,)][eta: 3:21:49, time (data): 0.527 (0.136)]l_bij: 7.7250e+01 l_orth: 8.4388e+01 l_diff: 2.6361e+01 l_align: 7.3345e+01 l_total: 2.6134e+02 
2026-05-22 17:53:03,782 INFO: [topki..][epoch: 67, iter:  44,900, lr:(3.332e-04,)][eta: 3:21:39, time (data): 0.528 (0.136)]l_bij: 5.0126e+01 l_orth: 6.3997e+01 l_diff: 2.3906e+01 l_align: 6.8466e+01 l_total: 2.0649e+02 
2026-05-22 17:53:14,369 INFO: [topki..][epoch: 67, iter:  44,920, lr:(3.332e-04,)][eta: 3:21:28, time (data): 0.529 (0.137)]l_bij: 4.9527e+01 l_orth: 6.2705e+01 l_diff: 2.4677e+01 l_align: 6.9427e+01 l_total: 2.0634e+02 
2026-05-22 17:53:25,278 INFO: [topki..][epoch: 67, iter:  44,940, lr:(3.332e-04,)][eta: 3:21:17, time (data): 0.531 (0.137)]l_bij: 4.5109e+01 l_orth: 6.0565e+01 l_diff: 2.1530e+01 l_align: 6.7802e+01 l_total: 1.9501e+02 
2026-05-22 17:53:35,986 INFO: [topki..][epoch: 67, iter:  44,960, lr:(3.332e-04,)][eta: 3:21:07, time (data): 0.532 (0.137)]l_bij: 7.0625e+01 l_orth: 8.1150e+01 l_diff: 2.5339e+01 l_align: 7.4938e+01 l_total: 2.5205e+02 
2026-05-22 17:53:46,883 INFO: [topki..][epoch: 67, iter:  44,980, lr:(3.332e-04,)][eta: 3:20:56, time (data): 0.534 (0.137)]l_bij: 5.2492e+01 l_orth: 6.5843e+01 l_diff: 2.4715e+01 l_align: 6.4639e+01 l_total: 2.0769e+02 
2026-05-22 17:53:57,537 INFO: [topki..][epoch: 67, iter:  45,000, lr:(3.332e-04,)][eta: 3:20:45, time (data): 0.534 (0.137)]l_bij: 6.2496e+01 l_orth: 7.4466e+01 l_diff: 2.9189e+01 l_align: 6.8323e+01 l_total: 2.3447e+02 
2026-05-22 17:54:08,084 INFO: [topki..][epoch: 67, iter:  45,020, lr:(3.332e-04,)][eta: 3:20:35, time (data): 0.533 (0.138)]l_bij: 5.9761e+01 l_orth: 7.0942e+01 l_diff: 3.4294e+01 l_align: 6.6141e+01 l_total: 2.3114e+02 
2026-05-22 17:54:18,717 INFO: [topki..][epoch: 67, iter:  45,040, lr:(3.332e-04,)][eta: 3:20:24, time (data): 0.527 (0.137)]l_bij: 4.0895e+01 l_orth: 5.9337e+01 l_diff: 3.0045e+01 l_align: 6.8317e+01 l_total: 1.9859e+02 
2026-05-22 17:54:29,745 INFO: [topki..][epoch: 67, iter:  45,060, lr:(3.332e-04,)][eta: 3:20:14, time (data): 0.540 (0.143)]l_bij: 5.9351e+01 l_orth: 7.0655e+01 l_diff: 3.1629e+01 l_align: 6.6854e+01 l_total: 2.2849e+02 
2026-05-22 17:54:41,288 INFO: [topki..][epoch: 67, iter:  45,080, lr:(3.332e-04,)][eta: 3:20:03, time (data): 0.553 (0.146)]l_bij: 6.7941e+01 l_orth: 8.2665e+01 l_diff: 2.9094e+01 l_align: 7.4821e+01 l_total: 2.5452e+02 
2026-05-22 17:54:52,551 INFO: [topki..][epoch: 67, iter:  45,100, lr:(3.332e-04,)][eta: 3:19:53, time (data): 0.556 (0.148)]l_bij: 6.3156e+01 l_orth: 7.8672e+01 l_diff: 2.5502e+01 l_align: 7.9834e+01 l_total: 2.4716e+02 
2026-05-22 17:55:03,766 INFO: [topki..][epoch: 67, iter:  45,120, lr:(3.332e-04,)][eta: 3:19:43, time (data): 0.557 (0.147)]l_bij: 6.6890e+01 l_orth: 7.7626e+01 l_diff: 2.9107e+01 l_align: 6.8566e+01 l_total: 2.4219e+02 
2026-05-22 17:55:14,540 INFO: [topki..][epoch: 67, iter:  45,140, lr:(3.332e-04,)][eta: 3:19:32, time (data): 0.554 (0.145)]l_bij: 5.8848e+01 l_orth: 7.0971e+01 l_diff: 2.6104e+01 l_align: 7.0448e+01 l_total: 2.2637e+02 
2026-05-22 17:55:25,545 INFO: [topki..][epoch: 67, iter:  45,160, lr:(3.332e-04,)][eta: 3:19:22, time (data): 0.553 (0.145)]l_bij: 6.2106e+01 l_orth: 7.4218e+01 l_diff: 2.4463e+01 l_align: 7.0875e+01 l_total: 2.3166e+02 
2026-05-22 17:55:36,338 INFO: [topki..][epoch: 67, iter:  45,180, lr:(3.332e-04,)][eta: 3:19:11, time (data): 0.552 (0.146)]l_bij: 6.3107e+01 l_orth: 7.4810e+01 l_diff: 2.5496e+01 l_align: 7.2134e+01 l_total: 2.3555e+02 
2026-05-22 17:55:46,777 INFO: [topki..][epoch: 67, iter:  45,200, lr:(3.332e-04,)][eta: 3:19:00, time (data): 0.548 (0.145)]l_bij: 7.0562e-01 l_orth: 2.6668e+01 l_diff: 2.1078e+01 l_align: 6.8585e+01 l_total: 1.1704e+02 
2026-05-22 17:55:57,144 INFO: [topki..][epoch: 67, iter:  45,220, lr:(3.332e-04,)][eta: 3:18:49, time (data): 0.545 (0.144)]l_bij: 7.9664e+01 l_orth: 9.0623e+01 l_diff: 2.3790e+01 l_align: 8.0567e+01 l_total: 2.7464e+02 
2026-05-22 17:56:07,504 INFO: [topki..][epoch: 67, iter:  45,240, lr:(3.332e-04,)][eta: 3:18:39, time (data): 0.519 (0.134)]l_bij: 7.8380e+01 l_orth: 9.2755e+01 l_diff: 2.6381e+01 l_align: 9.1774e+01 l_total: 2.8929e+02 
2026-05-22 17:56:18,379 INFO: [topki..][epoch: 67, iter:  45,260, lr:(3.332e-04,)][eta: 3:18:28, time (data): 0.533 (0.141)]l_bij: 6.1832e+01 l_orth: 7.5051e+01 l_diff: 3.1956e+01 l_align: 7.5957e+01 l_total: 2.4480e+02 
2026-05-22 17:56:28,233 INFO: [topki..][epoch: 67, iter:  45,280, lr:(3.332e-04,)][eta: 3:18:17, time (data): 0.518 (0.135)]l_bij: 6.7026e+01 l_orth: 7.7332e+01 l_diff: 2.9429e+01 l_align: 7.3451e+01 l_total: 2.4724e+02 
2026-05-22 17:56:40,856 INFO: [topki..][epoch: 68, iter:  45,300, lr:(3.209e-04,)][eta: 3:18:07, time (data): 0.548 (0.163)]l_bij: 6.0729e+01 l_orth: 7.2678e+01 l_diff: 2.9141e+01 l_align: 6.6007e+01 l_total: 2.2855e+02 
2026-05-22 17:56:50,936 INFO: [topki..][epoch: 68, iter:  45,320, lr:(3.209e-04,)][eta: 3:17:56, time (data): 0.539 (0.155)]l_bij: 9.0671e+01 l_orth: 9.8420e+01 l_diff: 3.2608e+01 l_align: 8.5336e+01 l_total: 3.0704e+02 
2026-05-22 17:57:01,652 INFO: [topki..][epoch: 68, iter:  45,340, lr:(3.209e-04,)][eta: 3:17:46, time (data): 0.538 (0.151)]l_bij: 2.4925e+00 l_orth: 4.3208e+01 l_diff: 2.4838e+01 l_align: 9.2751e+01 l_total: 1.6329e+02 
2026-05-22 17:57:12,433 INFO: [topki..][epoch: 68, iter:  45,360, lr:(3.209e-04,)][eta: 3:17:35, time (data): 0.539 (0.149)]l_bij: 2.2432e+00 l_orth: 3.9135e+01 l_diff: 2.5081e+01 l_align: 8.9641e+01 l_total: 1.5610e+02 
2026-05-22 17:57:22,701 INFO: [topki..][epoch: 68, iter:  45,380, lr:(3.209e-04,)][eta: 3:17:24, time (data): 0.535 (0.147)]l_bij: 7.7116e+01 l_orth: 8.7898e+01 l_diff: 3.2649e+01 l_align: 8.5826e+01 l_total: 2.8349e+02 
2026-05-22 17:57:33,735 INFO: [topki..][epoch: 68, iter:  45,400, lr:(3.209e-04,)][eta: 3:17:14, time (data): 0.537 (0.146)]l_bij: 6.7814e+01 l_orth: 7.8079e+01 l_diff: 2.3212e+01 l_align: 7.2346e+01 l_total: 2.4145e+02 
2026-05-22 17:57:44,455 INFO: [topki..][epoch: 68, iter:  45,420, lr:(3.209e-04,)][eta: 3:17:03, time (data): 0.537 (0.145)]l_bij: 6.6611e+01 l_orth: 7.7905e+01 l_diff: 2.7948e+01 l_align: 7.1240e+01 l_total: 2.4370e+02 
2026-05-22 17:57:55,214 INFO: [topki..][epoch: 68, iter:  45,440, lr:(3.209e-04,)][eta: 3:16:52, time (data): 0.529 (0.134)]l_bij: 8.2265e+01 l_orth: 9.3728e+01 l_diff: 2.4106e+01 l_align: 8.6538e+01 l_total: 2.8664e+02 
2026-05-22 17:58:06,077 INFO: [topki..][epoch: 68, iter:  45,460, lr:(3.209e-04,)][eta: 3:16:42, time (data): 0.537 (0.137)]l_bij: 8.2416e+01 l_orth: 9.1394e+01 l_diff: 2.7985e+01 l_align: 8.3841e+01 l_total: 2.8564e+02 
2026-05-22 17:58:16,476 INFO: [topki..][epoch: 68, iter:  45,480, lr:(3.209e-04,)][eta: 3:16:31, time (data): 0.531 (0.137)]l_bij: 7.7825e+01 l_orth: 8.7706e+01 l_diff: 3.2486e+01 l_align: 7.4932e+01 l_total: 2.7295e+02 
2026-05-22 17:58:27,159 INFO: [topki..][epoch: 68, iter:  45,500, lr:(3.209e-04,)][eta: 3:16:20, time (data): 0.532 (0.135)]l_bij: 8.6253e+01 l_orth: 9.3903e+01 l_diff: 3.1731e+01 l_align: 8.1845e+01 l_total: 2.9373e+02 
2026-05-22 17:58:37,450 INFO: [topki..][epoch: 68, iter:  45,520, lr:(3.209e-04,)][eta: 3:16:10, time (data): 0.528 (0.136)]l_bij: 6.9134e+01 l_orth: 7.9380e+01 l_diff: 2.6212e+01 l_align: 7.0656e+01 l_total: 2.4538e+02 
2026-05-22 17:58:49,004 INFO: [topki..][epoch: 68, iter:  45,540, lr:(3.209e-04,)][eta: 3:15:59, time (data): 0.537 (0.138)]l_bij: 1.5967e+00 l_orth: 3.3658e+01 l_diff: 2.4507e+01 l_align: 8.1830e+01 l_total: 1.4159e+02 
2026-05-22 17:58:59,456 INFO: [topki..][epoch: 68, iter:  45,560, lr:(3.209e-04,)][eta: 3:15:49, time (data): 0.535 (0.137)]l_bij: 6.8465e+01 l_orth: 7.8737e+01 l_diff: 2.6854e+01 l_align: 7.0306e+01 l_total: 2.4436e+02 
2026-05-22 17:59:10,010 INFO: [topki..][epoch: 68, iter:  45,580, lr:(3.209e-04,)][eta: 3:15:38, time (data): 0.534 (0.137)]l_bij: 8.3822e+01 l_orth: 9.0316e+01 l_diff: 3.1557e+01 l_align: 7.9549e+01 l_total: 2.8524e+02 
2026-05-22 17:59:20,777 INFO: [topki..][epoch: 68, iter:  45,600, lr:(3.209e-04,)][eta: 3:15:27, time (data): 0.534 (0.138)]l_bij: 5.9151e+01 l_orth: 7.1647e+01 l_diff: 2.5557e+01 l_align: 6.6060e+01 l_total: 2.2241e+02 
2026-05-22 17:59:30,973 INFO: [topki..][epoch: 68, iter:  45,620, lr:(3.209e-04,)][eta: 3:15:16, time (data): 0.532 (0.137)]l_bij: 9.4844e+01 l_orth: 1.0021e+02 l_diff: 3.1919e+01 l_align: 8.1087e+01 l_total: 3.0806e+02 
2026-05-22 17:59:41,800 INFO: [topki..][epoch: 68, iter:  45,640, lr:(3.209e-04,)][eta: 3:15:06, time (data): 0.554 (0.141)]l_bij: 3.5539e+01 l_orth: 5.5693e+01 l_diff: 2.5671e+01 l_align: 7.1201e+01 l_total: 1.8810e+02 
2026-05-22 17:59:52,831 INFO: [topki..][epoch: 68, iter:  45,660, lr:(3.209e-04,)][eta: 3:14:55, time (data): 0.552 (0.145)]l_bij: 6.5500e+01 l_orth: 7.5679e+01 l_diff: 3.1127e+01 l_align: 6.6141e+01 l_total: 2.3845e+02 
2026-05-22 18:00:03,447 INFO: [topki..][epoch: 68, iter:  45,680, lr:(3.209e-04,)][eta: 3:14:45, time (data): 0.544 (0.144)]l_bij: 5.3199e+01 l_orth: 6.5553e+01 l_diff: 2.8567e+01 l_align: 6.3328e+01 l_total: 2.1065e+02 
2026-05-22 18:00:14,155 INFO: [topki..][epoch: 68, iter:  45,700, lr:(3.209e-04,)][eta: 3:14:34, time (data): 0.542 (0.144)]l_bij: 5.0630e+01 l_orth: 6.4588e+01 l_diff: 2.3464e+01 l_align: 6.7018e+01 l_total: 2.0570e+02 
2026-05-22 18:00:25,077 INFO: [topki..][epoch: 68, iter:  45,720, lr:(3.209e-04,)][eta: 3:14:24, time (data): 0.543 (0.144)]l_bij: 7.9917e+01 l_orth: 8.9062e+01 l_diff: 2.6350e+01 l_align: 7.6694e+01 l_total: 2.7202e+02 
2026-05-22 18:00:35,698 INFO: [topki..][epoch: 68, iter:  45,740, lr:(3.209e-04,)][eta: 3:14:13, time (data): 0.541 (0.142)]l_bij: 5.0176e+01 l_orth: 6.5941e+01 l_diff: 2.9498e+01 l_align: 7.6142e+01 l_total: 2.2176e+02 
2026-05-22 18:00:46,359 INFO: [topki..][epoch: 68, iter:  45,760, lr:(3.209e-04,)][eta: 3:14:02, time (data): 0.539 (0.142)]l_bij: 5.1317e+01 l_orth: 6.5564e+01 l_diff: 2.6510e+01 l_align: 7.0188e+01 l_total: 2.1358e+02 
2026-05-22 18:00:56,761 INFO: [topki..][epoch: 68, iter:  45,780, lr:(3.209e-04,)][eta: 3:13:51, time (data): 0.537 (0.140)]l_bij: 7.2290e+01 l_orth: 8.1969e+01 l_diff: 2.6324e+01 l_align: 7.3343e+01 l_total: 2.5393e+02 
2026-05-22 18:01:07,425 INFO: [topki..][epoch: 68, iter:  45,800, lr:(3.209e-04,)][eta: 3:13:41, time (data): 0.536 (0.141)]l_bij: 5.7827e+01 l_orth: 7.0711e+01 l_diff: 2.8583e+01 l_align: 6.8476e+01 l_total: 2.2560e+02 
2026-05-22 18:01:18,083 INFO: [topki..][epoch: 68, iter:  45,820, lr:(3.209e-04,)][eta: 3:13:30, time (data): 0.536 (0.140)]l_bij: 7.8059e+01 l_orth: 9.2288e+01 l_diff: 3.1621e+01 l_align: 9.2110e+01 l_total: 2.9408e+02 
2026-05-22 18:01:27,714 INFO: [topki..][epoch: 68, iter:  45,840, lr:(3.209e-04,)][eta: 3:13:19, time (data): 0.493 (0.135)]l_bij: 5.7383e+01 l_orth: 6.8974e+01 l_diff: 2.8010e+01 l_align: 6.9690e+01 l_total: 2.2406e+02 
2026-05-22 18:01:38,465 INFO: [topki..][epoch: 68, iter:  45,860, lr:(3.209e-04,)][eta: 3:13:08, time (data): 0.521 (0.140)]l_bij: 8.4035e+01 l_orth: 9.1717e+01 l_diff: 2.9884e+01 l_align: 7.6697e+01 l_total: 2.8233e+02 
2026-05-22 18:01:49,585 INFO: [topki..][epoch: 68, iter:  45,880, lr:(3.209e-04,)][eta: 3:12:58, time (data): 0.534 (0.141)]l_bij: 6.3087e+01 l_orth: 7.2063e+01 l_diff: 2.9312e+01 l_align: 6.6884e+01 l_total: 2.3135e+02 
2026-05-22 18:02:00,370 INFO: [topki..][epoch: 68, iter:  45,900, lr:(3.209e-04,)][eta: 3:12:47, time (data): 0.536 (0.141)]l_bij: 2.6240e+00 l_orth: 4.4017e+01 l_diff: 2.8999e+01 l_align: 8.4039e+01 l_total: 1.5968e+02 
2026-05-22 18:02:11,445 INFO: [topki..][epoch: 68, iter:  45,920, lr:(3.209e-04,)][eta: 3:12:37, time (data): 0.540 (0.141)]l_bij: 8.7580e+01 l_orth: 9.7051e+01 l_diff: 3.1659e+01 l_align: 8.7335e+01 l_total: 3.0362e+02 
2026-05-22 18:02:22,496 INFO: [topki..][epoch: 68, iter:  45,940, lr:(3.209e-04,)][eta: 3:12:26, time (data): 0.542 (0.140)]l_bij: 6.1636e+01 l_orth: 7.1426e+01 l_diff: 2.8483e+01 l_align: 6.3682e+01 l_total: 2.2523e+02 
2026-05-22 18:02:32,558 INFO: [topki..][epoch: 68, iter:  45,960, lr:(3.209e-04,)][eta: 3:12:15, time (data): 0.536 (0.138)]l_bij: 5.1775e+01 l_orth: 6.5693e+01 l_diff: 2.5738e+01 l_align: 6.4026e+01 l_total: 2.0723e+02 
2026-05-22 18:02:44,487 INFO: [topki..][epoch: 69, iter:  45,980, lr:(3.089e-04,)][eta: 3:12:05, time (data): 0.544 (0.150)]l_bij: 9.5965e+01 l_orth: 1.0259e+02 l_diff: 3.2083e+01 l_align: 7.9205e+01 l_total: 3.0984e+02 
2026-05-22 18:02:55,102 INFO: [topki..][epoch: 69, iter:  46,000, lr:(3.089e-04,)][eta: 3:11:55, time (data): 0.542 (0.147)]l_bij: 7.7889e+01 l_orth: 8.7167e+01 l_diff: 2.7031e+01 l_align: 7.9739e+01 l_total: 2.7183e+02 
2026-05-22 18:03:05,822 INFO: [topki..][epoch: 69, iter:  46,020, lr:(3.089e-04,)][eta: 3:11:44, time (data): 0.542 (0.146)]l_bij: 5.1728e+01 l_orth: 6.5691e+01 l_diff: 2.7345e+01 l_align: 7.1437e+01 l_total: 2.1620e+02 
2026-05-22 18:03:16,902 INFO: [topki..][epoch: 69, iter:  46,040, lr:(3.089e-04,)][eta: 3:11:33, time (data): 0.569 (0.134)]l_bij: 6.1689e+01 l_orth: 7.1012e+01 l_diff: 2.4759e+01 l_align: 6.3845e+01 l_total: 2.2131e+02 
2026-05-22 18:03:27,170 INFO: [topki..][epoch: 69, iter:  46,060, lr:(3.089e-04,)][eta: 3:11:23, time (data): 0.533 (0.135)]l_bij: 7.8485e+01 l_orth: 8.8436e+01 l_diff: 2.6852e+01 l_align: 7.8647e+01 l_total: 2.7242e+02 
2026-05-22 18:03:38,026 INFO: [topki..][epoch: 69, iter:  46,080, lr:(3.089e-04,)][eta: 3:11:12, time (data): 0.537 (0.136)]l_bij: 5.3146e+01 l_orth: 6.6224e+01 l_diff: 2.6925e+01 l_align: 6.5311e+01 l_total: 2.1161e+02 
2026-05-22 18:03:49,764 INFO: [topki..][epoch: 69, iter:  46,100, lr:(3.089e-04,)][eta: 3:11:02, time (data): 0.551 (0.141)]l_bij: 8.1579e+01 l_orth: 8.9819e+01 l_diff: 3.4142e+01 l_align: 7.9629e+01 l_total: 2.8517e+02 
2026-05-22 18:04:00,227 INFO: [topki..][epoch: 69, iter:  46,120, lr:(3.089e-04,)][eta: 3:10:51, time (data): 0.545 (0.141)]l_bij: 7.7495e+01 l_orth: 8.9820e+01 l_diff: 3.0215e+01 l_align: 8.2590e+01 l_total: 2.8012e+02 
2026-05-22 18:04:10,993 INFO: [topki..][epoch: 69, iter:  46,140, lr:(3.089e-04,)][eta: 3:10:41, time (data): 0.544 (0.142)]l_bij: 6.1249e+01 l_orth: 7.1461e+01 l_diff: 2.7195e+01 l_align: 6.8291e+01 l_total: 2.2820e+02 
2026-05-22 18:04:22,207 INFO: [topki..][epoch: 69, iter:  46,160, lr:(3.089e-04,)][eta: 3:10:30, time (data): 0.546 (0.142)]l_bij: 8.4628e+01 l_orth: 9.4675e+01 l_diff: 3.0642e+01 l_align: 8.5554e+01 l_total: 2.9550e+02 
2026-05-22 18:04:31,939 INFO: [topki..][epoch: 69, iter:  46,180, lr:(3.089e-04,)][eta: 3:10:19, time (data): 0.538 (0.139)]l_bij: 6.6029e+01 l_orth: 7.7005e+01 l_diff: 2.2094e+01 l_align: 7.2107e+01 l_total: 2.3723e+02 
2026-05-22 18:04:42,444 INFO: [topki..][epoch: 69, iter:  46,200, lr:(3.089e-04,)][eta: 3:10:08, time (data): 0.537 (0.139)]l_bij: 6.4383e+01 l_orth: 7.4649e+01 l_diff: 1.9691e+01 l_align: 6.9119e+01 l_total: 2.2784e+02 
2026-05-22 18:04:52,836 INFO: [topki..][epoch: 69, iter:  46,220, lr:(3.089e-04,)][eta: 3:09:58, time (data): 0.535 (0.139)]l_bij: 5.3061e+01 l_orth: 6.8312e+01 l_diff: 2.4719e+01 l_align: 6.9485e+01 l_total: 2.1558e+02 
2026-05-22 18:05:03,797 INFO: [topki..][epoch: 69, iter:  46,240, lr:(3.089e-04,)][eta: 3:09:47, time (data): 0.521 (0.137)]l_bij: 6.1444e+01 l_orth: 7.2690e+01 l_diff: 2.4283e+01 l_align: 6.9109e+01 l_total: 2.2753e+02 
2026-05-22 18:05:14,550 INFO: [topki..][epoch: 69, iter:  46,260, lr:(3.089e-04,)][eta: 3:09:36, time (data): 0.532 (0.136)]l_bij: 8.1756e+01 l_orth: 9.1699e+01 l_diff: 3.1400e+01 l_align: 7.9408e+01 l_total: 2.8426e+02 
2026-05-22 18:05:24,930 INFO: [topki..][epoch: 69, iter:  46,280, lr:(3.089e-04,)][eta: 3:09:26, time (data): 0.527 (0.134)]l_bij: 6.5121e+01 l_orth: 7.9772e+01 l_diff: 2.4737e+01 l_align: 8.1019e+01 l_total: 2.5065e+02 
2026-05-22 18:05:35,913 INFO: [topki..][epoch: 69, iter:  46,300, lr:(3.089e-04,)][eta: 3:09:15, time (data): 0.533 (0.136)]l_bij: 6.4971e+01 l_orth: 7.4134e+01 l_diff: 2.5639e+01 l_align: 7.1357e+01 l_total: 2.3610e+02 
2026-05-22 18:05:46,843 INFO: [topki..][epoch: 69, iter:  46,320, lr:(3.089e-04,)][eta: 3:09:05, time (data): 0.536 (0.138)]l_bij: 7.2087e+01 l_orth: 8.0422e+01 l_diff: 2.4503e+01 l_align: 6.6200e+01 l_total: 2.4321e+02 
2026-05-22 18:05:57,438 INFO: [topki..][epoch: 69, iter:  46,340, lr:(3.089e-04,)][eta: 3:08:54, time (data): 0.535 (0.138)]l_bij: 7.3955e+01 l_orth: 8.6221e+01 l_diff: 3.1158e+01 l_align: 7.9172e+01 l_total: 2.7051e+02 
2026-05-22 18:06:07,988 INFO: [topki..][epoch: 69, iter:  46,360, lr:(3.089e-04,)][eta: 3:08:43, time (data): 0.534 (0.137)]l_bij: 4.9752e+01 l_orth: 6.4690e+01 l_diff: 2.5004e+01 l_align: 7.1056e+01 l_total: 2.1050e+02 
2026-05-22 18:06:18,697 INFO: [topki..][epoch: 69, iter:  46,380, lr:(3.089e-04,)][eta: 3:08:32, time (data): 0.534 (0.137)]l_bij: 6.4158e+01 l_orth: 7.8529e+01 l_diff: 2.9438e+01 l_align: 7.7779e+01 l_total: 2.4990e+02 
2026-05-22 18:06:28,431 INFO: [topki..][epoch: 69, iter:  46,400, lr:(3.089e-04,)][eta: 3:08:21, time (data): 0.528 (0.136)]l_bij: 6.1609e+01 l_orth: 7.0728e+01 l_diff: 2.6150e+01 l_align: 6.1074e+01 l_total: 2.1956e+02 
2026-05-22 18:06:39,223 INFO: [topki..][epoch: 69, iter:  46,420, lr:(3.089e-04,)][eta: 3:08:11, time (data): 0.530 (0.137)]l_bij: 6.6484e+01 l_orth: 7.6536e+01 l_diff: 2.0918e+01 l_align: 7.0801e+01 l_total: 2.3474e+02 
2026-05-22 18:06:50,226 INFO: [topki..][epoch: 69, iter:  46,440, lr:(3.089e-04,)][eta: 3:08:00, time (data): 0.513 (0.132)]l_bij: 3.3390e+01 l_orth: 5.1584e+01 l_diff: 2.6797e+01 l_align: 6.4942e+01 l_total: 1.7671e+02 
2026-05-22 18:07:01,547 INFO: [topki..][epoch: 69, iter:  46,460, lr:(3.089e-04,)][eta: 3:07:50, time (data): 0.549 (0.140)]l_bij: 5.3885e-01 l_orth: 2.6799e+01 l_diff: 2.0460e+01 l_align: 6.9486e+01 l_total: 1.1728e+02 
2026-05-22 18:07:12,535 INFO: [topki..][epoch: 69, iter:  46,480, lr:(3.089e-04,)][eta: 3:07:39, time (data): 0.549 (0.142)]l_bij: 6.7229e+01 l_orth: 7.7394e+01 l_diff: 2.6609e+01 l_align: 7.6556e+01 l_total: 2.4779e+02 
2026-05-22 18:07:23,312 INFO: [topki..][epoch: 69, iter:  46,500, lr:(3.089e-04,)][eta: 3:07:29, time (data): 0.546 (0.141)]l_bij: 7.7031e+01 l_orth: 8.6471e+01 l_diff: 2.6125e+01 l_align: 7.8016e+01 l_total: 2.6764e+02 
2026-05-22 18:07:33,854 INFO: [topki..][epoch: 69, iter:  46,520, lr:(3.089e-04,)][eta: 3:07:18, time (data): 0.542 (0.139)]l_bij: 7.8692e+01 l_orth: 8.8274e+01 l_diff: 2.3610e+01 l_align: 7.9392e+01 l_total: 2.6997e+02 
2026-05-22 18:07:44,399 INFO: [topki..][epoch: 69, iter:  46,540, lr:(3.089e-04,)][eta: 3:07:07, time (data): 0.539 (0.139)]l_bij: 7.5449e+01 l_orth: 8.7108e+01 l_diff: 3.6740e+01 l_align: 8.2669e+01 l_total: 2.8197e+02 
2026-05-22 18:07:54,986 INFO: [topki..][epoch: 69, iter:  46,560, lr:(3.089e-04,)][eta: 3:06:57, time (data): 0.538 (0.138)]l_bij: 8.4368e+01 l_orth: 9.3471e+01 l_diff: 3.1448e+01 l_align: 8.0632e+01 l_total: 2.8992e+02 
2026-05-22 18:08:05,344 INFO: [topki..][epoch: 69, iter:  46,580, lr:(3.089e-04,)][eta: 3:06:46, time (data): 0.535 (0.138)]l_bij: 5.0495e+01 l_orth: 6.1702e+01 l_diff: 2.2999e+01 l_align: 6.0848e+01 l_total: 1.9604e+02 
2026-05-22 18:08:15,687 INFO: [topki..][epoch: 69, iter:  46,600, lr:(3.089e-04,)][eta: 3:06:35, time (data): 0.533 (0.137)]l_bij: 8.7505e+01 l_orth: 9.6169e+01 l_diff: 3.3602e+01 l_align: 8.3637e+01 l_total: 3.0091e+02 
2026-05-22 18:08:26,395 INFO: [topki..][epoch: 69, iter:  46,620, lr:(3.089e-04,)][eta: 3:06:24, time (data): 0.533 (0.137)]l_bij: 6.3280e+01 l_orth: 7.3712e+01 l_diff: 2.4090e+01 l_align: 7.0103e+01 l_total: 2.3118e+02 
2026-05-22 18:08:36,519 INFO: [topki..][epoch: 69, iter:  46,640, lr:(3.089e-04,)][eta: 3:06:13, time (data): 0.521 (0.138)]l_bij: 6.4934e+01 l_orth: 7.4502e+01 l_diff: 2.3986e+01 l_align: 6.9331e+01 l_total: 2.3275e+02 
2026-05-22 18:08:49,659 INFO: [topki..][epoch: 70, iter:  46,660, lr:(2.971e-04,)][eta: 3:06:04, time (data): 0.618 (0.212)]l_bij: 8.1873e+01 l_orth: 8.8561e+01 l_diff: 2.9453e+01 l_align: 7.9082e+01 l_total: 2.7897e+02 
2026-05-22 18:08:59,745 INFO: [topki..][epoch: 70, iter:  46,680, lr:(2.971e-04,)][eta: 3:05:53, time (data): 0.571 (0.174)]l_bij: 5.9072e+01 l_orth: 7.1923e+01 l_diff: 2.3130e+01 l_align: 7.0623e+01 l_total: 2.2475e+02 
2026-05-22 18:09:10,532 INFO: [topki..][epoch: 70, iter:  46,700, lr:(2.971e-04,)][eta: 3:05:42, time (data): 0.561 (0.162)]l_bij: 5.4112e+01 l_orth: 6.8669e+01 l_diff: 2.3214e+01 l_align: 6.9484e+01 l_total: 2.1548e+02 
2026-05-22 18:09:21,630 INFO: [topki..][epoch: 70, iter:  46,720, lr:(2.971e-04,)][eta: 3:05:32, time (data): 0.560 (0.157)]l_bij: 6.3030e+01 l_orth: 7.4074e+01 l_diff: 2.8756e+01 l_align: 6.9890e+01 l_total: 2.3575e+02 
2026-05-22 18:09:32,609 INFO: [topki..][epoch: 70, iter:  46,740, lr:(2.971e-04,)][eta: 3:05:21, time (data): 0.558 (0.154)]l_bij: 7.8028e-01 l_orth: 2.6934e+01 l_diff: 2.3808e+01 l_align: 7.4626e+01 l_total: 1.2615e+02 
2026-05-22 18:09:43,214 INFO: [topki..][epoch: 70, iter:  46,760, lr:(2.971e-04,)][eta: 3:05:11, time (data): 0.554 (0.151)]l_bij: 5.4918e+01 l_orth: 6.7404e+01 l_diff: 2.7632e+01 l_align: 7.0617e+01 l_total: 2.2057e+02 
2026-05-22 18:09:54,538 INFO: [topki..][epoch: 70, iter:  46,780, lr:(2.971e-04,)][eta: 3:05:00, time (data): 0.555 (0.151)]l_bij: 7.9980e+01 l_orth: 8.7399e+01 l_diff: 2.9854e+01 l_align: 7.4863e+01 l_total: 2.7210e+02 
2026-05-22 18:10:05,387 INFO: [topki..][epoch: 70, iter:  46,800, lr:(2.971e-04,)][eta: 3:04:50, time (data): 0.554 (0.150)]l_bij: 7.5710e+01 l_orth: 8.8922e+01 l_diff: 2.6489e+01 l_align: 8.8145e+01 l_total: 2.7927e+02 
2026-05-22 18:10:16,318 INFO: [topki..][epoch: 70, iter:  46,820, lr:(2.971e-04,)][eta: 3:04:39, time (data): 0.553 (0.150)]l_bij: 6.6027e+01 l_orth: 7.7856e+01 l_diff: 2.8258e+01 l_align: 7.0153e+01 l_total: 2.4229e+02 
2026-05-22 18:10:26,784 INFO: [topki..][epoch: 70, iter:  46,840, lr:(2.971e-04,)][eta: 3:04:28, time (data): 0.543 (0.142)]l_bij: 4.5907e+01 l_orth: 6.2116e+01 l_diff: 2.8880e+01 l_align: 6.8187e+01 l_total: 2.0509e+02 
2026-05-22 18:10:37,682 INFO: [topki..][epoch: 70, iter:  46,860, lr:(2.971e-04,)][eta: 3:04:18, time (data): 0.544 (0.150)]l_bij: 7.5959e+01 l_orth: 8.5192e+01 l_diff: 2.5397e+01 l_align: 7.9781e+01 l_total: 2.6633e+02 
2026-05-22 18:10:48,577 INFO: [topki..][epoch: 70, iter:  46,880, lr:(2.971e-04,)][eta: 3:04:07, time (data): 0.544 (0.148)]l_bij: 8.3082e+01 l_orth: 8.9862e+01 l_diff: 2.5351e+01 l_align: 7.4670e+01 l_total: 2.7296e+02 
2026-05-22 18:10:59,331 INFO: [topki..][epoch: 70, iter:  46,900, lr:(2.971e-04,)][eta: 3:03:57, time (data): 0.542 (0.146)]l_bij: 5.6552e+01 l_orth: 6.8175e+01 l_diff: 2.7811e+01 l_align: 6.3486e+01 l_total: 2.1603e+02 
2026-05-22 18:11:09,652 INFO: [topki..][epoch: 70, iter:  46,920, lr:(2.971e-04,)][eta: 3:03:46, time (data): 0.536 (0.143)]l_bij: 3.7188e+01 l_orth: 5.3185e+01 l_diff: 2.4466e+01 l_align: 6.4185e+01 l_total: 1.7902e+02 
2026-05-22 18:11:20,561 INFO: [topki..][epoch: 70, iter:  46,940, lr:(2.971e-04,)][eta: 3:03:35, time (data): 0.538 (0.142)]l_bij: 6.3824e+01 l_orth: 7.5265e+01 l_diff: 2.6784e+01 l_align: 7.2541e+01 l_total: 2.3841e+02 
2026-05-22 18:11:30,980 INFO: [topki..][epoch: 70, iter:  46,960, lr:(2.971e-04,)][eta: 3:03:25, time (data): 0.535 (0.141)]l_bij: 9.0392e+01 l_orth: 9.9741e+01 l_diff: 2.7890e+01 l_align: 8.6029e+01 l_total: 3.0405e+02 
2026-05-22 18:11:42,045 INFO: [topki..][epoch: 70, iter:  46,980, lr:(2.971e-04,)][eta: 3:03:14, time (data): 0.538 (0.142)]l_bij: 1.1112e+00 l_orth: 2.8683e+01 l_diff: 1.7689e+01 l_align: 7.2159e+01 l_total: 1.1964e+02 
2026-05-22 18:11:53,522 INFO: [topki..][epoch: 70, iter:  47,000, lr:(2.971e-04,)][eta: 3:03:04, time (data): 0.542 (0.142)]l_bij: 4.9618e+01 l_orth: 6.3222e+01 l_diff: 2.1555e+01 l_align: 6.6924e+01 l_total: 2.0132e+02 
2026-05-22 18:12:04,481 INFO: [topki..][epoch: 70, iter:  47,020, lr:(2.971e-04,)][eta: 3:02:53, time (data): 0.543 (0.142)]l_bij: 5.9704e+01 l_orth: 7.0858e+01 l_diff: 2.7682e+01 l_align: 6.7093e+01 l_total: 2.2534e+02 
2026-05-22 18:12:14,689 INFO: [topki..][epoch: 70, iter:  47,040, lr:(2.971e-04,)][eta: 3:02:42, time (data): 0.499 (0.141)]l_bij: 5.7329e+01 l_orth: 7.2218e+01 l_diff: 2.8408e+01 l_align: 7.1762e+01 l_total: 2.2972e+02 
2026-05-22 18:12:25,584 INFO: [topki..][epoch: 70, iter:  47,060, lr:(2.971e-04,)][eta: 3:02:32, time (data): 0.534 (0.141)]l_bij: 8.7480e+01 l_orth: 9.5072e+01 l_diff: 3.0208e+01 l_align: 8.0097e+01 l_total: 2.9286e+02 
2026-05-22 18:12:35,866 INFO: [topki..][epoch: 70, iter:  47,080, lr:(2.971e-04,)][eta: 3:02:21, time (data): 0.525 (0.136)]l_bij: 4.0719e+01 l_orth: 5.5276e+01 l_diff: 2.8373e+01 l_align: 6.2181e+01 l_total: 1.8655e+02 
2026-05-22 18:12:46,479 INFO: [topki..][epoch: 70, iter:  47,100, lr:(2.971e-04,)][eta: 3:02:10, time (data): 0.527 (0.137)]l_bij: 5.7824e+01 l_orth: 7.1555e+01 l_diff: 2.5177e+01 l_align: 7.2356e+01 l_total: 2.2691e+02 
2026-05-22 18:12:56,969 INFO: [topki..][epoch: 70, iter:  47,120, lr:(2.971e-04,)][eta: 3:02:00, time (data): 0.526 (0.137)]l_bij: 8.4042e+01 l_orth: 9.2732e+01 l_diff: 2.6543e+01 l_align: 8.2087e+01 l_total: 2.8540e+02 
2026-05-22 18:13:07,531 INFO: [topki..][epoch: 70, iter:  47,140, lr:(2.971e-04,)][eta: 3:01:49, time (data): 0.527 (0.136)]l_bij: 7.9882e+01 l_orth: 8.9271e+01 l_diff: 2.4958e+01 l_align: 7.8708e+01 l_total: 2.7282e+02 
2026-05-22 18:13:18,324 INFO: [topki..][epoch: 70, iter:  47,160, lr:(2.971e-04,)][eta: 3:01:38, time (data): 0.529 (0.137)]l_bij: 5.3832e+01 l_orth: 6.7175e+01 l_diff: 2.7228e+01 l_align: 6.6904e+01 l_total: 2.1514e+02 
2026-05-22 18:13:29,261 INFO: [topki..][epoch: 70, iter:  47,180, lr:(2.971e-04,)][eta: 3:01:28, time (data): 0.531 (0.138)]l_bij: 6.6255e+01 l_orth: 7.7144e+01 l_diff: 2.5705e+01 l_align: 7.3577e+01 l_total: 2.4268e+02 
2026-05-22 18:13:39,875 INFO: [topki..][epoch: 70, iter:  47,200, lr:(2.971e-04,)][eta: 3:01:17, time (data): 0.531 (0.138)]l_bij: 7.1424e+01 l_orth: 8.5743e+01 l_diff: 2.8121e+01 l_align: 7.9428e+01 l_total: 2.6472e+02 
2026-05-22 18:13:49,410 INFO: [topki..][epoch: 70, iter:  47,220, lr:(2.971e-04,)][eta: 3:01:06, time (data): 0.525 (0.136)]l_bij: 4.3788e+01 l_orth: 5.7378e+01 l_diff: 2.5073e+01 l_align: 6.1594e+01 l_total: 1.8783e+02 
2026-05-22 18:13:59,172 INFO: [topki..][epoch: 70, iter:  47,240, lr:(2.971e-04,)][eta: 3:00:55, time (data): 0.487 (0.125)]l_bij: 4.8844e+01 l_orth: 6.0594e+01 l_diff: 2.3595e+01 l_align: 6.1114e+01 l_total: 1.9415e+02 
2026-05-22 18:14:09,298 INFO: [topki..][epoch: 70, iter:  47,260, lr:(2.971e-04,)][eta: 3:00:44, time (data): 0.502 (0.133)]l_bij: 5.6330e+01 l_orth: 6.7562e+01 l_diff: 2.6557e+01 l_align: 6.6791e+01 l_total: 2.1724e+02 
2026-05-22 18:14:19,054 INFO: [topki..][epoch: 70, iter:  47,280, lr:(2.971e-04,)][eta: 3:00:33, time (data): 0.496 (0.132)]l_bij: 8.3802e+01 l_orth: 9.1929e+01 l_diff: 2.9300e+01 l_align: 7.5507e+01 l_total: 2.8054e+02 
2026-05-22 18:14:28,429 INFO: [topki..][epoch: 70, iter:  47,300, lr:(2.971e-04,)][eta: 3:00:22, time (data): 0.488 (0.130)]l_bij: 4.7531e+01 l_orth: 6.2870e+01 l_diff: 2.8482e+01 l_align: 6.9962e+01 l_total: 2.0885e+02 
2026-05-22 18:14:38,334 INFO: [topki..][epoch: 70, iter:  47,320, lr:(2.971e-04,)][eta: 3:00:11, time (data): 0.489 (0.130)]l_bij: 3.8301e+01 l_orth: 5.4191e+01 l_diff: 2.2789e+01 l_align: 6.4425e+01 l_total: 1.7971e+02 
2026-05-22 18:14:49,453 INFO: [topki..][epoch: 71, iter:  47,340, lr:(2.855e-04,)][eta: 3:00:00, time (data): 0.502 (0.145)]l_bij: 7.4702e+01 l_orth: 8.2914e+01 l_diff: 2.9762e+01 l_align: 7.4283e+01 l_total: 2.6166e+02 
2026-05-22 18:14:59,646 INFO: [topki..][epoch: 71, iter:  47,360, lr:(2.855e-04,)][eta: 2:59:49, time (data): 0.503 (0.142)]l_bij: 5.5845e+01 l_orth: 6.7383e+01 l_diff: 2.3071e+01 l_align: 6.7307e+01 l_total: 2.1361e+02 
2026-05-22 18:15:09,292 INFO: [topki..][epoch: 71, iter:  47,380, lr:(2.855e-04,)][eta: 2:59:38, time (data): 0.500 (0.140)]l_bij: 5.3656e+01 l_orth: 6.6385e+01 l_diff: 2.5787e+01 l_align: 7.0116e+01 l_total: 2.1594e+02 
2026-05-22 18:15:19,191 INFO: [topki..][epoch: 71, iter:  47,400, lr:(2.855e-04,)][eta: 2:59:27, time (data): 0.500 (0.139)]l_bij: 7.0743e+01 l_orth: 7.9275e+01 l_diff: 3.1790e+01 l_align: 6.9172e+01 l_total: 2.5098e+02 
2026-05-22 18:15:28,625 INFO: [topki..][epoch: 71, iter:  47,420, lr:(2.855e-04,)][eta: 2:59:16, time (data): 0.497 (0.138)]l_bij: 7.0909e+01 l_orth: 8.4416e+01 l_diff: 3.1290e+01 l_align: 7.8539e+01 l_total: 2.6515e+02 
2026-05-22 18:15:38,138 INFO: [topki..][epoch: 71, iter:  47,440, lr:(2.855e-04,)][eta: 2:59:05, time (data): 0.467 (0.125)]l_bij: 6.4376e+01 l_orth: 7.4482e+01 l_diff: 2.9954e+01 l_align: 6.7024e+01 l_total: 2.3584e+02 
2026-05-22 18:15:47,731 INFO: [topki..][epoch: 71, iter:  47,460, lr:(2.855e-04,)][eta: 2:58:54, time (data): 0.477 (0.127)]l_bij: 5.6628e+01 l_orth: 6.9089e+01 l_diff: 2.6425e+01 l_align: 6.5478e+01 l_total: 2.1762e+02 
2026-05-22 18:15:57,497 INFO: [topki..][epoch: 71, iter:  47,480, lr:(2.855e-04,)][eta: 2:58:43, time (data): 0.482 (0.127)]l_bij: 6.6563e+01 l_orth: 7.7077e+01 l_diff: 2.2557e+01 l_align: 7.1288e+01 l_total: 2.3749e+02 
2026-05-22 18:16:07,159 INFO: [topki..][epoch: 71, iter:  47,500, lr:(2.855e-04,)][eta: 2:58:32, time (data): 0.483 (0.128)]l_bij: 9.3993e+01 l_orth: 9.8033e+01 l_diff: 2.8512e+01 l_align: 7.7478e+01 l_total: 2.9802e+02 
2026-05-22 18:16:17,226 INFO: [topki..][epoch: 71, iter:  47,520, lr:(2.855e-04,)][eta: 2:58:21, time (data): 0.487 (0.130)]l_bij: 5.1560e+01 l_orth: 6.4613e+01 l_diff: 2.8330e+01 l_align: 6.9814e+01 l_total: 2.1432e+02 
2026-05-22 18:16:27,448 INFO: [topki..][epoch: 71, iter:  47,540, lr:(2.855e-04,)][eta: 2:58:10, time (data): 0.492 (0.130)]l_bij: 6.5721e+01 l_orth: 7.5322e+01 l_diff: 2.9115e+01 l_align: 6.8016e+01 l_total: 2.3817e+02 
2026-05-22 18:16:36,610 INFO: [topki..][epoch: 71, iter:  47,560, lr:(2.855e-04,)][eta: 2:57:59, time (data): 0.487 (0.129)]l_bij: 5.0748e+01 l_orth: 6.3541e+01 l_diff: 2.4832e+01 l_align: 6.4646e+01 l_total: 2.0377e+02 
2026-05-22 18:16:46,638 INFO: [topki..][epoch: 71, iter:  47,580, lr:(2.855e-04,)][eta: 2:57:48, time (data): 0.489 (0.129)]l_bij: 7.9304e+01 l_orth: 8.8055e+01 l_diff: 3.0336e+01 l_align: 7.7969e+01 l_total: 2.7566e+02 
2026-05-22 18:16:55,827 INFO: [topki..][epoch: 71, iter:  47,600, lr:(2.855e-04,)][eta: 2:57:36, time (data): 0.485 (0.129)]l_bij: 6.3024e+01 l_orth: 7.6063e+01 l_diff: 2.5817e+01 l_align: 6.8478e+01 l_total: 2.3338e+02 
2026-05-22 18:17:05,232 INFO: [topki..][epoch: 71, iter:  47,620, lr:(2.855e-04,)][eta: 2:57:25, time (data): 0.483 (0.128)]l_bij: 6.6610e+01 l_orth: 7.6451e+01 l_diff: 2.6197e+01 l_align: 6.6021e+01 l_total: 2.3528e+02 
2026-05-22 18:17:14,879 INFO: [topki..][epoch: 71, iter:  47,640, lr:(2.855e-04,)][eta: 2:57:14, time (data): 0.503 (0.137)]l_bij: 6.5288e+01 l_orth: 7.6044e+01 l_diff: 2.4654e+01 l_align: 7.6780e+01 l_total: 2.4277e+02 
2026-05-22 18:17:24,820 INFO: [topki..][epoch: 71, iter:  47,660, lr:(2.855e-04,)][eta: 2:57:03, time (data): 0.498 (0.135)]l_bij: 7.3143e+01 l_orth: 8.2004e+01 l_diff: 2.8547e+01 l_align: 6.9750e+01 l_total: 2.5344e+02 
2026-05-22 18:17:34,456 INFO: [topki..][epoch: 71, iter:  47,680, lr:(2.855e-04,)][eta: 2:56:52, time (data): 0.490 (0.132)]l_bij: 8.6836e+01 l_orth: 9.5291e+01 l_diff: 3.0773e+01 l_align: 8.4020e+01 l_total: 2.9692e+02 
2026-05-22 18:17:43,637 INFO: [topki..][epoch: 71, iter:  47,700, lr:(2.855e-04,)][eta: 2:56:41, time (data): 0.480 (0.129)]l_bij: 5.5444e+01 l_orth: 6.9411e+01 l_diff: 2.4902e+01 l_align: 6.7534e+01 l_total: 2.1729e+02 
2026-05-22 18:17:53,100 INFO: [topki..][epoch: 71, iter:  47,720, lr:(2.855e-04,)][eta: 2:56:30, time (data): 0.479 (0.128)]l_bij: 8.4611e+01 l_orth: 9.2733e+01 l_diff: 3.5128e+01 l_align: 8.2161e+01 l_total: 2.9463e+02 
2026-05-22 18:18:01,807 INFO: [topki..][epoch: 71, iter:  47,740, lr:(2.855e-04,)][eta: 2:56:18, time (data): 0.470 (0.125)]l_bij: 7.8866e+01 l_orth: 8.7727e+01 l_diff: 2.4421e+01 l_align: 7.4854e+01 l_total: 2.6587e+02 
2026-05-22 18:18:12,233 INFO: [topki..][epoch: 71, iter:  47,760, lr:(2.855e-04,)][eta: 2:56:07, time (data): 0.478 (0.127)]l_bij: 7.2447e+01 l_orth: 8.2999e+01 l_diff: 2.2798e+01 l_align: 8.0143e+01 l_total: 2.5839e+02 
2026-05-22 18:18:21,924 INFO: [topki..][epoch: 71, iter:  47,780, lr:(2.855e-04,)][eta: 2:55:56, time (data): 0.479 (0.128)]l_bij: 6.6357e+01 l_orth: 7.6855e+01 l_diff: 2.6761e+01 l_align: 7.1705e+01 l_total: 2.4168e+02 
2026-05-22 18:18:31,375 INFO: [topki..][epoch: 71, iter:  47,800, lr:(2.855e-04,)][eta: 2:55:45, time (data): 0.478 (0.128)]l_bij: 2.9513e+00 l_orth: 4.2694e+01 l_diff: 2.2277e+01 l_align: 9.3465e+01 l_total: 1.6139e+02 
2026-05-22 18:18:40,765 INFO: [topki..][epoch: 71, iter:  47,820, lr:(2.855e-04,)][eta: 2:55:34, time (data): 0.477 (0.128)]l_bij: 9.7527e+01 l_orth: 1.0157e+02 l_diff: 2.9757e+01 l_align: 8.4875e+01 l_total: 3.1373e+02 
2026-05-22 18:18:49,740 INFO: [topki..][epoch: 71, iter:  47,840, lr:(2.855e-04,)][eta: 2:55:23, time (data): 0.424 (0.108)]l_bij: 7.9566e+01 l_orth: 8.6898e+01 l_diff: 2.4689e+01 l_align: 7.2845e+01 l_total: 2.6400e+02 
2026-05-22 18:18:58,978 INFO: [topki..][epoch: 71, iter:  47,860, lr:(2.855e-04,)][eta: 2:55:12, time (data): 0.458 (0.119)]l_bij: 5.6666e+01 l_orth: 6.8861e+01 l_diff: 2.5812e+01 l_align: 6.8713e+01 l_total: 2.2005e+02 
2026-05-22 18:19:08,359 INFO: [topki..][epoch: 71, iter:  47,880, lr:(2.855e-04,)][eta: 2:55:00, time (data): 0.463 (0.122)]l_bij: 7.8134e+01 l_orth: 8.6564e+01 l_diff: 2.7671e+01 l_align: 7.8491e+01 l_total: 2.7086e+02 
2026-05-22 18:19:17,636 INFO: [topki..][epoch: 71, iter:  47,900, lr:(2.855e-04,)][eta: 2:54:49, time (data): 0.464 (0.122)]l_bij: 8.7560e+01 l_orth: 9.6871e+01 l_diff: 2.8131e+01 l_align: 8.6954e+01 l_total: 2.9952e+02 
2026-05-22 18:19:28,580 INFO: [topki..][epoch: 71, iter:  47,920, lr:(2.855e-04,)][eta: 2:54:39, time (data): 0.484 (0.127)]l_bij: 6.1638e+01 l_orth: 7.4259e+01 l_diff: 2.5795e+01 l_align: 7.1880e+01 l_total: 2.3357e+02 
2026-05-22 18:19:38,402 INFO: [topki..][epoch: 71, iter:  47,940, lr:(2.855e-04,)][eta: 2:54:28, time (data): 0.485 (0.128)]l_bij: 5.9919e+01 l_orth: 7.4754e+01 l_diff: 3.2003e+01 l_align: 7.5946e+01 l_total: 2.4262e+02 
2026-05-22 18:19:48,239 INFO: [topki..][epoch: 71, iter:  47,960, lr:(2.855e-04,)][eta: 2:54:17, time (data): 0.486 (0.129)]l_bij: 6.5394e+01 l_orth: 7.4986e+01 l_diff: 2.5710e+01 l_align: 7.1992e+01 l_total: 2.3808e+02 
2026-05-22 18:19:57,656 INFO: [topki..][epoch: 71, iter:  47,980, lr:(2.855e-04,)][eta: 2:54:05, time (data): 0.484 (0.129)]l_bij: 7.8354e+01 l_orth: 8.7017e+01 l_diff: 2.4392e+01 l_align: 7.6132e+01 l_total: 2.6589e+02 
2026-05-22 18:20:10,034 INFO: [topki..][epoch: 72, iter:  48,000, lr:(2.742e-04,)][eta: 2:53:56, time (data): 0.501 (0.143)]l_bij: 4.3794e+01 l_orth: 6.0467e+01 l_diff: 2.8340e+01 l_align: 6.7236e+01 l_total: 1.9984e+02 
2026-05-22 18:20:10,034 INFO: Saving models and training states.
2026-05-22 18:20:10,054 INFO: Start validation.
2026-05-22 18:21:15,927 INFO: Avg time: 0.1082
2026-05-22 18:21:16,038 INFO: Val auc: 0.6888
2026-05-22 18:21:16,043 INFO: Val avg error: 0.0610
2026-05-22 18:21:25,103 INFO: [topki..][epoch: 72, iter:  48,020, lr:(2.742e-04,)][eta: 2:54:11, time (data): 0.494 (0.139)]l_bij: 6.4017e+01 l_orth: 7.6814e+01 l_diff: 3.3925e+01 l_align: 6.9773e+01 l_total: 2.4453e+02 
2026-05-22 18:21:33,543 INFO: [topki..][epoch: 72, iter:  48,040, lr:(2.742e-04,)][eta: 2:54:00, time (data): 0.431 (0.101)]l_bij: 6.5896e+01 l_orth: 7.3705e+01 l_diff: 2.5705e+01 l_align: 6.6382e+01 l_total: 2.3169e+02 
2026-05-22 18:21:42,540 INFO: [topki..][epoch: 72, iter:  48,060, lr:(2.742e-04,)][eta: 2:53:48, time (data): 0.449 (0.115)]l_bij: 4.8815e+01 l_orth: 6.0678e+01 l_diff: 2.6175e+01 l_align: 6.4345e+01 l_total: 2.0001e+02 
2026-05-22 18:21:52,178 INFO: [topki..][epoch: 72, iter:  48,080, lr:(2.742e-04,)][eta: 2:53:37, time (data): 0.465 (0.124)]l_bij: 4.3328e+01 l_orth: 5.8893e+01 l_diff: 2.8096e+01 l_align: 6.5390e+01 l_total: 1.9571e+02 
2026-05-22 18:22:01,657 INFO: [topki..][epoch: 72, iter:  48,100, lr:(2.742e-04,)][eta: 2:53:26, time (data): 0.468 (0.125)]l_bij: 6.7958e+01 l_orth: 7.7716e+01 l_diff: 2.6668e+01 l_align: 7.2276e+01 l_total: 2.4462e+02 
2026-05-22 18:22:10,669 INFO: [topki..][epoch: 72, iter:  48,120, lr:(2.742e-04,)][eta: 2:53:15, time (data): 0.464 (0.122)]l_bij: 7.4260e+01 l_orth: 8.4334e+01 l_diff: 2.3528e+01 l_align: 7.6488e+01 l_total: 2.5861e+02 
2026-05-22 18:22:20,392 INFO: [topki..][epoch: 72, iter:  48,140, lr:(2.742e-04,)][eta: 2:53:04, time (data): 0.468 (0.124)]l_bij: 6.0968e+01 l_orth: 7.1052e+01 l_diff: 2.5596e+01 l_align: 6.2177e+01 l_total: 2.1979e+02 
2026-05-22 18:22:30,277 INFO: [topki..][epoch: 72, iter:  48,160, lr:(2.742e-04,)][eta: 2:52:53, time (data): 0.472 (0.127)]l_bij: 6.6539e+01 l_orth: 7.7186e+01 l_diff: 2.9233e+01 l_align: 7.0381e+01 l_total: 2.4334e+02 
2026-05-22 18:22:39,879 INFO: [topki..][epoch: 72, iter:  48,180, lr:(2.742e-04,)][eta: 2:52:41, time (data): 0.473 (0.127)]l_bij: 8.2444e+01 l_orth: 9.0405e+01 l_diff: 2.8417e+01 l_align: 7.6507e+01 l_total: 2.7777e+02 
2026-05-22 18:22:49,705 INFO: [topki..][epoch: 72, iter:  48,200, lr:(2.742e-04,)][eta: 2:52:30, time (data): 0.476 (0.128)]l_bij: 8.2366e+01 l_orth: 9.1767e+01 l_diff: 3.1625e+01 l_align: 8.5356e+01 l_total: 2.9111e+02 
2026-05-22 18:22:59,381 INFO: [topki..][epoch: 72, iter:  48,220, lr:(2.742e-04,)][eta: 2:52:19, time (data): 0.477 (0.127)]l_bij: 4.4517e+01 l_orth: 5.8854e+01 l_diff: 2.4664e+01 l_align: 6.7349e+01 l_total: 1.9538e+02 
2026-05-22 18:23:09,028 INFO: [topki..][epoch: 72, iter:  48,240, lr:(2.742e-04,)][eta: 2:52:08, time (data): 0.477 (0.128)]l_bij: 6.8103e+01 l_orth: 8.1505e+01 l_diff: 3.0197e+01 l_align: 7.6466e+01 l_total: 2.5627e+02 
2026-05-22 18:23:18,790 INFO: [topki..][epoch: 72, iter:  48,260, lr:(2.742e-04,)][eta: 2:51:57, time (data): 0.488 (0.131)]l_bij: 7.5391e+01 l_orth: 8.7758e+01 l_diff: 2.4829e+01 l_align: 8.7323e+01 l_total: 2.7530e+02 
2026-05-22 18:23:28,523 INFO: [topki..][epoch: 72, iter:  48,280, lr:(2.742e-04,)][eta: 2:51:46, time (data): 0.487 (0.130)]l_bij: 4.0472e+01 l_orth: 6.3707e+01 l_diff: 2.8272e+01 l_align: 7.0912e+01 l_total: 2.0336e+02 
2026-05-22 18:23:38,217 INFO: [topki..][epoch: 72, iter:  48,300, lr:(2.742e-04,)][eta: 2:51:35, time (data): 0.486 (0.129)]l_bij: 7.4947e+01 l_orth: 8.4836e+01 l_diff: 2.6192e+01 l_align: 7.3073e+01 l_total: 2.5905e+02 
2026-05-22 18:23:47,751 INFO: [topki..][epoch: 72, iter:  48,320, lr:(2.742e-04,)][eta: 2:51:24, time (data): 0.484 (0.129)]l_bij: 6.1407e+01 l_orth: 7.5421e+01 l_diff: 2.8965e+01 l_align: 7.6390e+01 l_total: 2.4218e+02 
2026-05-22 18:23:57,581 INFO: [topki..][epoch: 72, iter:  48,340, lr:(2.742e-04,)][eta: 2:51:13, time (data): 0.485 (0.129)]l_bij: 8.0045e+01 l_orth: 9.0703e+01 l_diff: 2.5572e+01 l_align: 7.9716e+01 l_total: 2.7604e+02 
2026-05-22 18:24:07,132 INFO: [topki..][epoch: 72, iter:  48,360, lr:(2.742e-04,)][eta: 2:51:02, time (data): 0.484 (0.129)]l_bij: 6.2712e+01 l_orth: 7.6740e+01 l_diff: 2.5866e+01 l_align: 7.7595e+01 l_total: 2.4291e+02 
2026-05-22 18:24:16,933 INFO: [topki..][epoch: 72, iter:  48,380, lr:(2.742e-04,)][eta: 2:50:51, time (data): 0.485 (0.129)]l_bij: 7.0432e+01 l_orth: 8.2264e+01 l_diff: 2.3160e+01 l_align: 7.4476e+01 l_total: 2.5033e+02 
2026-05-22 18:24:26,814 INFO: [topki..][epoch: 72, iter:  48,400, lr:(2.742e-04,)][eta: 2:50:40, time (data): 0.486 (0.130)]l_bij: 4.9504e+01 l_orth: 6.3449e+01 l_diff: 2.2649e+01 l_align: 6.9027e+01 l_total: 2.0463e+02 
2026-05-22 18:24:36,755 INFO: [topki..][epoch: 72, iter:  48,420, lr:(2.742e-04,)][eta: 2:50:29, time (data): 0.487 (0.130)]l_bij: 5.8701e+01 l_orth: 7.0238e+01 l_diff: 2.0149e+01 l_align: 7.0125e+01 l_total: 2.1921e+02 
2026-05-22 18:24:46,459 INFO: [topki..][epoch: 72, iter:  48,440, lr:(2.742e-04,)][eta: 2:50:18, time (data): 0.487 (0.130)]l_bij: 7.0937e+01 l_orth: 7.9269e+01 l_diff: 3.2997e+01 l_align: 6.6808e+01 l_total: 2.5001e+02 
2026-05-22 18:24:56,495 INFO: [topki..][epoch: 72, iter:  48,460, lr:(2.742e-04,)][eta: 2:50:07, time (data): 0.503 (0.130)]l_bij: 5.5057e+01 l_orth: 6.7124e+01 l_diff: 2.4227e+01 l_align: 6.5562e+01 l_total: 2.1197e+02 
2026-05-22 18:25:06,381 INFO: [topki..][epoch: 72, iter:  48,480, lr:(2.742e-04,)][eta: 2:49:56, time (data): 0.499 (0.126)]l_bij: 8.4662e+01 l_orth: 9.2058e+01 l_diff: 2.8690e+01 l_align: 7.6980e+01 l_total: 2.8239e+02 
2026-05-22 18:25:16,066 INFO: [topki..][epoch: 72, iter:  48,500, lr:(2.742e-04,)][eta: 2:49:45, time (data): 0.494 (0.128)]l_bij: 7.1301e+01 l_orth: 8.1417e+01 l_diff: 2.8490e+01 l_align: 7.0640e+01 l_total: 2.5185e+02 
2026-05-22 18:25:25,825 INFO: [topki..][epoch: 72, iter:  48,520, lr:(2.742e-04,)][eta: 2:49:34, time (data): 0.492 (0.129)]l_bij: 7.3516e+01 l_orth: 8.0073e+01 l_diff: 2.8822e+01 l_align: 6.8313e+01 l_total: 2.5072e+02 
2026-05-22 18:25:35,702 INFO: [topki..][epoch: 72, iter:  48,540, lr:(2.742e-04,)][eta: 2:49:23, time (data): 0.493 (0.129)]l_bij: 5.6976e+01 l_orth: 6.8534e+01 l_diff: 2.5212e+01 l_align: 6.7370e+01 l_total: 2.1809e+02 
2026-05-22 18:25:45,224 INFO: [topki..][epoch: 72, iter:  48,560, lr:(2.742e-04,)][eta: 2:49:12, time (data): 0.490 (0.128)]l_bij: 5.7750e+01 l_orth: 7.0171e+01 l_diff: 2.8963e+01 l_align: 7.0373e+01 l_total: 2.2726e+02 
2026-05-22 18:25:54,932 INFO: [topki..][epoch: 72, iter:  48,580, lr:(2.742e-04,)][eta: 2:49:01, time (data): 0.489 (0.129)]l_bij: 8.2588e+01 l_orth: 9.5178e+01 l_diff: 2.9922e+01 l_align: 9.0800e+01 l_total: 2.9849e+02 
2026-05-22 18:26:04,716 INFO: [topki..][epoch: 72, iter:  48,600, lr:(2.742e-04,)][eta: 2:48:50, time (data): 0.489 (0.130)]l_bij: 6.4779e+01 l_orth: 7.4956e+01 l_diff: 2.5635e+01 l_align: 6.8798e+01 l_total: 2.3417e+02 
2026-05-22 18:26:14,615 INFO: [topki..][epoch: 72, iter:  48,620, lr:(2.742e-04,)][eta: 2:48:39, time (data): 0.490 (0.130)]l_bij: 8.3249e+01 l_orth: 9.1982e+01 l_diff: 2.7920e+01 l_align: 8.1080e+01 l_total: 2.8423e+02 
2026-05-22 18:26:24,126 INFO: [topki..][epoch: 72, iter:  48,640, lr:(2.742e-04,)][eta: 2:48:28, time (data): 0.488 (0.130)]l_bij: 6.2311e+01 l_orth: 7.2645e+01 l_diff: 2.9332e+01 l_align: 7.1314e+01 l_total: 2.3560e+02 
2026-05-22 18:26:33,497 INFO: [topki..][epoch: 72, iter:  48,660, lr:(2.742e-04,)][eta: 2:48:17, time (data): 0.472 (0.125)]l_bij: 7.3150e+01 l_orth: 8.2668e+01 l_diff: 2.9989e+01 l_align: 6.9305e+01 l_total: 2.5511e+02 
2026-05-22 18:26:45,664 INFO: [topki..][epoch: 73, iter:  48,680, lr:(2.632e-04,)][eta: 2:48:06, time (data): 0.544 (0.179)]l_bij: 7.1606e+01 l_orth: 8.2677e+01 l_diff: 2.6508e+01 l_align: 7.8995e+01 l_total: 2.5979e+02 
2026-05-22 18:26:54,917 INFO: [topki..][epoch: 73, iter:  48,700, lr:(2.632e-04,)][eta: 2:47:55, time (data): 0.516 (0.156)]l_bij: 4.2819e+01 l_orth: 5.7220e+01 l_diff: 1.9813e+01 l_align: 6.1223e+01 l_total: 1.8108e+02 
2026-05-22 18:27:03,098 INFO: [topki..][epoch: 73, iter:  48,720, lr:(2.632e-04,)][eta: 2:47:44, time (data): 0.488 (0.142)]l_bij: 5.2502e+01 l_orth: 6.5620e+01 l_diff: 2.4973e+01 l_align: 6.7927e+01 l_total: 2.1102e+02 
2026-05-22 18:27:12,091 INFO: [topki..][epoch: 73, iter:  48,740, lr:(2.632e-04,)][eta: 2:47:32, time (data): 0.480 (0.135)]l_bij: 8.7553e+01 l_orth: 9.3990e+01 l_diff: 3.2131e+01 l_align: 8.1621e+01 l_total: 2.9530e+02 
2026-05-22 18:27:22,375 INFO: [topki..][epoch: 73, iter:  48,760, lr:(2.632e-04,)][eta: 2:47:22, time (data): 0.486 (0.135)]l_bij: 8.0777e+01 l_orth: 8.9597e+01 l_diff: 3.1120e+01 l_align: 7.9438e+01 l_total: 2.8093e+02 
2026-05-22 18:27:32,695 INFO: [topki..][epoch: 73, iter:  48,780, lr:(2.632e-04,)][eta: 2:47:11, time (data): 0.490 (0.136)]l_bij: 6.5962e+01 l_orth: 7.5513e+01 l_diff: 2.7421e+01 l_align: 6.8743e+01 l_total: 2.3764e+02 
2026-05-22 18:27:42,374 INFO: [topki..][epoch: 73, iter:  48,800, lr:(2.632e-04,)][eta: 2:47:00, time (data): 0.490 (0.135)]l_bij: 6.9857e+01 l_orth: 7.9038e+01 l_diff: 2.5927e+01 l_align: 6.7643e+01 l_total: 2.4246e+02 
2026-05-22 18:27:51,678 INFO: [topki..][epoch: 73, iter:  48,820, lr:(2.632e-04,)][eta: 2:46:49, time (data): 0.487 (0.133)]l_bij: 5.2031e+01 l_orth: 6.5124e+01 l_diff: 2.4999e+01 l_align: 6.7329e+01 l_total: 2.0948e+02 
2026-05-22 18:28:01,321 INFO: [topki..][epoch: 73, iter:  48,840, lr:(2.632e-04,)][eta: 2:46:37, time (data): 0.486 (0.132)]l_bij: 4.4159e+01 l_orth: 6.0178e+01 l_diff: 2.9012e+01 l_align: 6.6134e+01 l_total: 1.9948e+02 
2026-05-22 18:28:10,050 INFO: [topki..][epoch: 73, iter:  48,860, lr:(2.632e-04,)][eta: 2:46:26, time (data): 0.430 (0.105)]l_bij: 5.1507e+01 l_orth: 6.6183e+01 l_diff: 2.3837e+01 l_align: 6.9372e+01 l_total: 2.1090e+02 
2026-05-22 18:28:19,686 INFO: [topki..][epoch: 73, iter:  48,880, lr:(2.632e-04,)][eta: 2:46:15, time (data): 0.458 (0.117)]l_bij: 4.2580e+01 l_orth: 5.6927e+01 l_diff: 2.4440e+01 l_align: 6.4646e+01 l_total: 1.8859e+02 
2026-05-22 18:28:29,072 INFO: [topki..][epoch: 73, iter:  48,900, lr:(2.632e-04,)][eta: 2:46:04, time (data): 0.462 (0.121)]l_bij: 5.5960e+01 l_orth: 6.8635e+01 l_diff: 2.4731e+01 l_align: 6.6918e+01 l_total: 2.1624e+02 
2026-05-22 18:28:38,958 INFO: [topki..][epoch: 73, iter:  48,920, lr:(2.632e-04,)][eta: 2:45:53, time (data): 0.470 (0.122)]l_bij: 6.5604e+01 l_orth: 7.8813e+01 l_diff: 2.8930e+01 l_align: 7.3610e+01 l_total: 2.4696e+02 
2026-05-22 18:28:48,546 INFO: [topki..][epoch: 73, iter:  48,940, lr:(2.632e-04,)][eta: 2:45:42, time (data): 0.472 (0.123)]l_bij: 4.2663e+01 l_orth: 5.6275e+01 l_diff: 2.5575e+01 l_align: 6.1810e+01 l_total: 1.8632e+02 
2026-05-22 18:28:58,600 INFO: [topki..][epoch: 73, iter:  48,960, lr:(2.632e-04,)][eta: 2:45:31, time (data): 0.477 (0.124)]l_bij: 5.2050e+01 l_orth: 6.4764e+01 l_diff: 2.1462e+01 l_align: 6.0981e+01 l_total: 1.9926e+02 
2026-05-22 18:29:08,182 INFO: [topki..][epoch: 73, iter:  48,980, lr:(2.632e-04,)][eta: 2:45:20, time (data): 0.478 (0.124)]l_bij: 8.0209e+01 l_orth: 8.9260e+01 l_diff: 2.7490e+01 l_align: 8.1128e+01 l_total: 2.7809e+02 
2026-05-22 18:29:17,953 INFO: [topki..][epoch: 73, iter:  49,000, lr:(2.632e-04,)][eta: 2:45:09, time (data): 0.479 (0.125)]l_bij: 7.4580e+01 l_orth: 8.7202e+01 l_diff: 3.0620e+01 l_align: 8.4626e+01 l_total: 2.7703e+02 
2026-05-22 18:29:27,165 INFO: [topki..][epoch: 73, iter:  49,020, lr:(2.632e-04,)][eta: 2:44:58, time (data): 0.477 (0.125)]l_bij: 4.3421e+01 l_orth: 5.9846e+01 l_diff: 2.6827e+01 l_align: 6.5314e+01 l_total: 1.9541e+02 
2026-05-22 18:29:36,093 INFO: [topki..][epoch: 73, iter:  49,040, lr:(2.632e-04,)][eta: 2:44:46, time (data): 0.474 (0.124)]l_bij: 9.3898e+01 l_orth: 1.0070e+02 l_diff: 2.5335e+01 l_align: 8.8255e+01 l_total: 3.0819e+02 
2026-05-22 18:29:45,781 INFO: [topki..][epoch: 73, iter:  49,060, lr:(2.632e-04,)][eta: 2:44:35, time (data): 0.469 (0.133)]l_bij: 7.0719e+01 l_orth: 8.2952e+01 l_diff: 3.2675e+01 l_align: 7.3212e+01 l_total: 2.5956e+02 
2026-05-22 18:29:55,174 INFO: [topki..][epoch: 73, iter:  49,080, lr:(2.632e-04,)][eta: 2:44:24, time (data): 0.469 (0.126)]l_bij: 5.4007e+01 l_orth: 6.7330e+01 l_diff: 2.7498e+01 l_align: 7.1747e+01 l_total: 2.2058e+02 
2026-05-22 18:30:04,848 INFO: [topki..][epoch: 73, iter:  49,100, lr:(2.632e-04,)][eta: 2:44:13, time (data): 0.474 (0.127)]l_bij: 6.4828e+01 l_orth: 7.6343e+01 l_diff: 2.5822e+01 l_align: 6.9541e+01 l_total: 2.3653e+02 
2026-05-22 18:30:14,565 INFO: [topki..][epoch: 73, iter:  49,120, lr:(2.632e-04,)][eta: 2:44:02, time (data): 0.477 (0.128)]l_bij: 8.1537e+01 l_orth: 8.9753e+01 l_diff: 2.9214e+01 l_align: 7.6300e+01 l_total: 2.7680e+02 
2026-05-22 18:30:24,959 INFO: [topki..][epoch: 73, iter:  49,140, lr:(2.632e-04,)][eta: 2:43:51, time (data): 0.486 (0.129)]l_bij: 5.6529e+01 l_orth: 7.0527e+01 l_diff: 2.4383e+01 l_align: 7.2211e+01 l_total: 2.2365e+02 
2026-05-22 18:30:35,071 INFO: [topki..][epoch: 73, iter:  49,160, lr:(2.632e-04,)][eta: 2:43:41, time (data): 0.490 (0.131)]l_bij: 1.1107e+00 l_orth: 3.1813e+01 l_diff: 1.9689e+01 l_align: 7.2531e+01 l_total: 1.2514e+02 
2026-05-22 18:30:45,200 INFO: [topki..][epoch: 73, iter:  49,180, lr:(2.632e-04,)][eta: 2:43:30, time (data): 0.492 (0.130)]l_bij: 1.9545e+00 l_orth: 3.5836e+01 l_diff: 2.3999e+01 l_align: 8.2162e+01 l_total: 1.4395e+02 
2026-05-22 18:30:55,377 INFO: [topki..][epoch: 73, iter:  49,200, lr:(2.632e-04,)][eta: 2:43:19, time (data): 0.494 (0.131)]l_bij: 6.0213e+01 l_orth: 7.1847e+01 l_diff: 2.7977e+01 l_align: 7.2097e+01 l_total: 2.3213e+02 
2026-05-22 18:31:05,079 INFO: [topki..][epoch: 73, iter:  49,220, lr:(2.632e-04,)][eta: 2:43:08, time (data): 0.493 (0.131)]l_bij: 7.4967e+01 l_orth: 8.6023e+01 l_diff: 2.9137e+01 l_align: 7.7044e+01 l_total: 2.6717e+02 
2026-05-22 18:31:14,860 INFO: [topki..][epoch: 73, iter:  49,240, lr:(2.632e-04,)][eta: 2:42:57, time (data): 0.493 (0.131)]l_bij: 4.8215e+01 l_orth: 6.3499e+01 l_diff: 2.5287e+01 l_align: 7.0287e+01 l_total: 2.0729e+02 
2026-05-22 18:31:24,185 INFO: [topki..][epoch: 73, iter:  49,260, lr:(2.632e-04,)][eta: 2:42:46, time (data): 0.471 (0.130)]l_bij: 5.9034e+01 l_orth: 7.1629e+01 l_diff: 2.5983e+01 l_align: 6.5463e+01 l_total: 2.2211e+02 
2026-05-22 18:31:33,855 INFO: [topki..][epoch: 73, iter:  49,280, lr:(2.632e-04,)][eta: 2:42:35, time (data): 0.478 (0.128)]l_bij: 8.3568e+01 l_orth: 9.2270e+01 l_diff: 3.2704e+01 l_align: 7.7966e+01 l_total: 2.8651e+02 
2026-05-22 18:31:43,168 INFO: [topki..][epoch: 73, iter:  49,300, lr:(2.632e-04,)][eta: 2:42:24, time (data): 0.474 (0.127)]l_bij: 7.2581e+01 l_orth: 8.2203e+01 l_diff: 3.0699e+01 l_align: 7.1640e+01 l_total: 2.5712e+02 
2026-05-22 18:31:52,713 INFO: [topki..][epoch: 73, iter:  49,320, lr:(2.632e-04,)][eta: 2:42:13, time (data): 0.475 (0.127)]l_bij: 8.7003e+01 l_orth: 9.2609e+01 l_diff: 2.9574e+01 l_align: 7.7465e+01 l_total: 2.8665e+02 
2026-05-22 18:32:02,223 INFO: [topki..][epoch: 73, iter:  49,340, lr:(2.632e-04,)][eta: 2:42:02, time (data): 0.475 (0.127)]l_bij: 5.6662e+01 l_orth: 6.8457e+01 l_diff: 3.1242e+01 l_align: 6.8751e+01 l_total: 2.2511e+02 
2026-05-22 18:32:13,712 INFO: [topki..][epoch: 74, iter:  49,360, lr:(2.524e-04,)][eta: 2:41:51, time (data): 0.492 (0.143)]l_bij: 7.6268e+01 l_orth: 8.4391e+01 l_diff: 2.8398e+01 l_align: 7.6462e+01 l_total: 2.6552e+02 
2026-05-22 18:32:23,533 INFO: [topki..][epoch: 74, iter:  49,380, lr:(2.524e-04,)][eta: 2:41:40, time (data): 0.492 (0.139)]l_bij: 8.4440e+01 l_orth: 9.3329e+01 l_diff: 2.9587e+01 l_align: 8.4303e+01 l_total: 2.9166e+02 
2026-05-22 18:32:33,130 INFO: [topki..][epoch: 74, iter:  49,400, lr:(2.524e-04,)][eta: 2:41:29, time (data): 0.490 (0.138)]l_bij: 8.3710e+01 l_orth: 9.0687e+01 l_diff: 2.8168e+01 l_align: 7.7662e+01 l_total: 2.8023e+02 
2026-05-22 18:32:42,789 INFO: [topki..][epoch: 74, iter:  49,420, lr:(2.524e-04,)][eta: 2:41:18, time (data): 0.489 (0.137)]l_bij: 6.6263e+01 l_orth: 7.6163e+01 l_diff: 2.5606e+01 l_align: 7.4008e+01 l_total: 2.4204e+02 
2026-05-22 18:32:51,762 INFO: [topki..][epoch: 74, iter:  49,440, lr:(2.524e-04,)][eta: 2:41:07, time (data): 0.485 (0.134)]l_bij: 5.8451e+01 l_orth: 7.0186e+01 l_diff: 2.7351e+01 l_align: 7.0119e+01 l_total: 2.2611e+02 
2026-05-22 18:33:00,196 INFO: [topki..][epoch: 74, iter:  49,460, lr:(2.524e-04,)][eta: 2:40:55, time (data): 0.430 (0.105)]l_bij: 8.8782e+01 l_orth: 9.7391e+01 l_diff: 3.2074e+01 l_align: 8.5346e+01 l_total: 3.0359e+02 
2026-05-22 18:33:08,573 INFO: [topki..][epoch: 74, iter:  49,480, lr:(2.524e-04,)][eta: 2:40:44, time (data): 0.423 (0.104)]l_bij: 4.0298e+01 l_orth: 5.3788e+01 l_diff: 2.0805e+01 l_align: 6.1598e+01 l_total: 1.7649e+02 
2026-05-22 18:33:18,390 INFO: [topki..][epoch: 74, iter:  49,500, lr:(2.524e-04,)][eta: 2:40:33, time (data): 0.448 (0.113)]l_bij: 6.3184e+01 l_orth: 7.2275e+01 l_diff: 2.8387e+01 l_align: 6.7351e+01 l_total: 2.3120e+02 
2026-05-22 18:33:27,961 INFO: [topki..][epoch: 74, iter:  49,520, lr:(2.524e-04,)][eta: 2:40:22, time (data): 0.456 (0.117)]l_bij: 7.3515e+01 l_orth: 8.4244e+01 l_diff: 2.7900e+01 l_align: 7.9378e+01 l_total: 2.6504e+02 
2026-05-22 18:33:37,355 INFO: [topki..][epoch: 74, iter:  49,540, lr:(2.524e-04,)][eta: 2:40:11, time (data): 0.459 (0.118)]l_bij: 7.1636e+01 l_orth: 7.9772e+01 l_diff: 2.9744e+01 l_align: 6.4944e+01 l_total: 2.4610e+02 
2026-05-22 18:33:46,469 INFO: [topki..][epoch: 74, iter:  49,560, lr:(2.524e-04,)][eta: 2:40:00, time (data): 0.459 (0.117)]l_bij: 7.4963e+01 l_orth: 8.4950e+01 l_diff: 2.6680e+01 l_align: 7.8869e+01 l_total: 2.6546e+02 
2026-05-22 18:33:55,495 INFO: [topki..][epoch: 74, iter:  49,580, lr:(2.524e-04,)][eta: 2:39:48, time (data): 0.458 (0.116)]l_bij: 9.3781e+01 l_orth: 1.0009e+02 l_diff: 3.2466e+01 l_align: 8.0828e+01 l_total: 3.0717e+02 
2026-05-22 18:34:04,837 INFO: [topki..][epoch: 74, iter:  49,600, lr:(2.524e-04,)][eta: 2:39:37, time (data): 0.459 (0.116)]l_bij: 8.4114e+01 l_orth: 9.7807e+01 l_diff: 2.4905e+01 l_align: 8.9688e+01 l_total: 2.9651e+02 
2026-05-22 18:34:14,300 INFO: [topki..][epoch: 74, iter:  49,620, lr:(2.524e-04,)][eta: 2:39:26, time (data): 0.460 (0.116)]l_bij: 5.0091e+01 l_orth: 6.5617e+01 l_diff: 2.4450e+01 l_align: 7.5301e+01 l_total: 2.1546e+02 
2026-05-22 18:34:24,214 INFO: [topki..][epoch: 74, iter:  49,640, lr:(2.524e-04,)][eta: 2:39:15, time (data): 0.464 (0.118)]l_bij: 6.2060e+01 l_orth: 7.1265e+01 l_diff: 2.6635e+01 l_align: 6.4279e+01 l_total: 2.2424e+02 
2026-05-22 18:34:33,599 INFO: [topki..][epoch: 74, iter:  49,660, lr:(2.524e-04,)][eta: 2:39:04, time (data): 0.465 (0.129)]l_bij: 5.3224e+01 l_orth: 6.6318e+01 l_diff: 1.9707e+01 l_align: 7.0350e+01 l_total: 2.0960e+02 
2026-05-22 18:34:43,421 INFO: [topki..][epoch: 74, iter:  49,680, lr:(2.524e-04,)][eta: 2:38:53, time (data): 0.481 (0.133)]l_bij: 7.8733e+01 l_orth: 8.7025e+01 l_diff: 2.3929e+01 l_align: 7.5669e+01 l_total: 2.6536e+02 
2026-05-22 18:34:53,128 INFO: [topki..][epoch: 74, iter:  49,700, lr:(2.524e-04,)][eta: 2:38:42, time (data): 0.482 (0.132)]l_bij: 6.6671e+01 l_orth: 7.9027e+01 l_diff: 3.0580e+01 l_align: 7.3686e+01 l_total: 2.4996e+02 
2026-05-22 18:35:02,459 INFO: [topki..][epoch: 74, iter:  49,720, lr:(2.524e-04,)][eta: 2:38:31, time (data): 0.478 (0.129)]l_bij: 6.5410e+01 l_orth: 7.7724e+01 l_diff: 3.1716e+01 l_align: 7.3558e+01 l_total: 2.4841e+02 
2026-05-22 18:35:12,036 INFO: [topki..][epoch: 74, iter:  49,740, lr:(2.524e-04,)][eta: 2:38:20, time (data): 0.478 (0.129)]l_bij: 8.1919e+01 l_orth: 9.0511e+01 l_diff: 3.1554e+01 l_align: 7.6477e+01 l_total: 2.8046e+02 
2026-05-22 18:35:21,099 INFO: [topki..][epoch: 74, iter:  49,760, lr:(2.524e-04,)][eta: 2:38:09, time (data): 0.474 (0.128)]l_bij: 6.3849e+01 l_orth: 7.6237e+01 l_diff: 2.4216e+01 l_align: 7.0532e+01 l_total: 2.3483e+02 
2026-05-22 18:35:30,483 INFO: [topki..][epoch: 74, iter:  49,780, lr:(2.524e-04,)][eta: 2:37:58, time (data): 0.473 (0.128)]l_bij: 6.5239e+01 l_orth: 7.4364e+01 l_diff: 2.4522e+01 l_align: 6.7748e+01 l_total: 2.3187e+02 
2026-05-22 18:35:40,144 INFO: [topki..][epoch: 74, iter:  49,800, lr:(2.524e-04,)][eta: 2:37:47, time (data): 0.474 (0.128)]l_bij: 8.9101e-01 l_orth: 3.0870e+01 l_diff: 2.0459e+01 l_align: 7.2984e+01 l_total: 1.2520e+02 
2026-05-22 18:35:49,754 INFO: [topki..][epoch: 74, iter:  49,820, lr:(2.524e-04,)][eta: 2:37:36, time (data): 0.475 (0.128)]l_bij: 5.2254e+01 l_orth: 6.7205e+01 l_diff: 2.8287e+01 l_align: 7.1165e+01 l_total: 2.1891e+02 
2026-05-22 18:35:58,368 INFO: [topki..][epoch: 74, iter:  49,840, lr:(2.524e-04,)][eta: 2:37:25, time (data): 0.470 (0.127)]l_bij: 5.6263e+01 l_orth: 7.0339e+01 l_diff: 2.2226e+01 l_align: 7.1294e+01 l_total: 2.2012e+02 
2026-05-22 18:36:07,976 INFO: [topki..][epoch: 74, iter:  49,860, lr:(2.524e-04,)][eta: 2:37:14, time (data): 0.480 (0.127)]l_bij: 7.9530e+01 l_orth: 8.9390e+01 l_diff: 2.4934e+01 l_align: 8.4320e+01 l_total: 2.7817e+02 
2026-05-22 18:36:18,452 INFO: [topki..][epoch: 74, iter:  49,880, lr:(2.524e-04,)][eta: 2:37:03, time (data): 0.507 (0.133)]l_bij: 6.1624e+01 l_orth: 7.3566e+01 l_diff: 3.1153e+01 l_align: 7.0976e+01 l_total: 2.3732e+02 
2026-05-22 18:36:28,103 INFO: [topki..][epoch: 74, iter:  49,900, lr:(2.524e-04,)][eta: 2:36:52, time (data): 0.498 (0.131)]l_bij: 7.5283e+01 l_orth: 8.4645e+01 l_diff: 2.4490e+01 l_align: 7.2590e+01 l_total: 2.5701e+02 
2026-05-22 18:36:36,933 INFO: [topki..][epoch: 74, iter:  49,920, lr:(2.524e-04,)][eta: 2:36:41, time (data): 0.482 (0.126)]l_bij: 6.1387e+01 l_orth: 7.1026e+01 l_diff: 2.5998e+01 l_align: 6.1129e+01 l_total: 2.1954e+02 
2026-05-22 18:36:46,901 INFO: [topki..][epoch: 74, iter:  49,940, lr:(2.524e-04,)][eta: 2:36:30, time (data): 0.486 (0.130)]l_bij: 4.4858e+01 l_orth: 6.1003e+01 l_diff: 2.6730e+01 l_align: 6.8110e+01 l_total: 2.0070e+02 
2026-05-22 18:36:56,553 INFO: [topki..][epoch: 74, iter:  49,960, lr:(2.524e-04,)][eta: 2:36:19, time (data): 0.485 (0.131)]l_bij: 9.4919e+01 l_orth: 1.0049e+02 l_diff: 3.4218e+01 l_align: 8.4834e+01 l_total: 3.1446e+02 
2026-05-22 18:37:06,265 INFO: [topki..][epoch: 74, iter:  49,980, lr:(2.524e-04,)][eta: 2:36:08, time (data): 0.485 (0.131)]l_bij: 2.6454e+00 l_orth: 4.5100e+01 l_diff: 2.5670e+01 l_align: 8.0864e+01 l_total: 1.5428e+02 
2026-05-22 18:37:15,879 INFO: [topki..][epoch: 74, iter:  50,000, lr:(2.524e-04,)][eta: 2:35:57, time (data): 0.485 (0.130)]l_bij: 5.6982e+01 l_orth: 6.7089e+01 l_diff: 2.0136e+01 l_align: 6.3860e+01 l_total: 2.0807e+02 
2026-05-22 18:37:25,923 INFO: [topki..][epoch: 74, iter:  50,020, lr:(2.524e-04,)][eta: 2:35:46, time (data): 0.487 (0.130)]l_bij: 6.5407e+01 l_orth: 7.5568e+01 l_diff: 2.4272e+01 l_align: 7.0967e+01 l_total: 2.3621e+02 
2026-05-22 18:37:37,425 INFO: [topki..][epoch: 75, iter:  50,040, lr:(2.420e-04,)][eta: 2:35:36, time (data): 0.496 (0.139)]l_bij: 7.5674e+01 l_orth: 8.5931e+01 l_diff: 2.3386e+01 l_align: 7.9952e+01 l_total: 2.6494e+02 
2026-05-22 18:37:46,434 INFO: [topki..][epoch: 75, iter:  50,060, lr:(2.420e-04,)][eta: 2:35:24, time (data): 0.456 (0.107)]l_bij: 6.1697e+01 l_orth: 7.2752e+01 l_diff: 2.7495e+01 l_align: 6.9751e+01 l_total: 2.3169e+02 
2026-05-22 18:37:55,732 INFO: [topki..][epoch: 75, iter:  50,080, lr:(2.420e-04,)][eta: 2:35:13, time (data): 0.462 (0.114)]l_bij: 6.3430e+01 l_orth: 7.5434e+01 l_diff: 2.7459e+01 l_align: 7.0849e+01 l_total: 2.3717e+02 
2026-05-22 18:38:05,155 INFO: [topki..][epoch: 75, iter:  50,100, lr:(2.420e-04,)][eta: 2:35:02, time (data): 0.465 (0.117)]l_bij: 6.1878e+01 l_orth: 7.4951e+01 l_diff: 2.8981e+01 l_align: 7.1472e+01 l_total: 2.3728e+02 
2026-05-22 18:38:14,805 INFO: [topki..][epoch: 75, iter:  50,120, lr:(2.420e-04,)][eta: 2:34:51, time (data): 0.470 (0.118)]l_bij: 6.9141e+01 l_orth: 8.0192e+01 l_diff: 2.9993e+01 l_align: 8.0474e+01 l_total: 2.5980e+02 
2026-05-22 18:38:25,711 INFO: [topki..][epoch: 75, iter:  50,140, lr:(2.420e-04,)][eta: 2:34:41, time (data): 0.487 (0.122)]l_bij: 5.8750e+01 l_orth: 7.2265e+01 l_diff: 3.0045e+01 l_align: 7.1844e+01 l_total: 2.3290e+02 
2026-05-22 18:38:36,056 INFO: [topki..][epoch: 75, iter:  50,160, lr:(2.420e-04,)][eta: 2:34:30, time (data): 0.492 (0.124)]l_bij: 7.6810e+01 l_orth: 8.5501e+01 l_diff: 3.0493e+01 l_align: 7.8116e+01 l_total: 2.7092e+02 
2026-05-22 18:38:46,477 INFO: [topki..][epoch: 75, iter:  50,180, lr:(2.420e-04,)][eta: 2:34:19, time (data): 0.497 (0.126)]l_bij: 6.3932e+01 l_orth: 7.5728e+01 l_diff: 2.5901e+01 l_align: 7.4383e+01 l_total: 2.3994e+02 
2026-05-22 18:38:58,158 INFO: [topki..][epoch: 75, iter:  50,200, lr:(2.420e-04,)][eta: 2:34:09, time (data): 0.508 (0.131)]l_bij: 7.2926e+01 l_orth: 8.2863e+01 l_diff: 2.5329e+01 l_align: 7.6993e+01 l_total: 2.5811e+02 
2026-05-22 18:39:10,057 INFO: [topki..][epoch: 75, iter:  50,220, lr:(2.420e-04,)][eta: 2:33:59, time (data): 0.518 (0.134)]l_bij: 5.3521e+01 l_orth: 6.5292e+01 l_diff: 2.1883e+01 l_align: 6.4948e+01 l_total: 2.0564e+02 
2026-05-22 18:39:20,878 INFO: [topki..][epoch: 75, iter:  50,240, lr:(2.420e-04,)][eta: 2:33:48, time (data): 0.521 (0.135)]l_bij: 5.3534e+01 l_orth: 6.7463e+01 l_diff: 2.4209e+01 l_align: 7.0363e+01 l_total: 2.1557e+02 
2026-05-22 18:39:30,906 INFO: [topki..][epoch: 75, iter:  50,260, lr:(2.420e-04,)][eta: 2:33:37, time (data): 0.509 (0.138)]l_bij: 5.4530e+01 l_orth: 6.9710e+01 l_diff: 2.3447e+01 l_align: 6.9006e+01 l_total: 2.1669e+02 
2026-05-22 18:39:41,800 INFO: [topki..][epoch: 75, iter:  50,280, lr:(2.420e-04,)][eta: 2:33:27, time (data): 0.533 (0.140)]l_bij: 5.0200e+01 l_orth: 6.3784e+01 l_diff: 2.7983e+01 l_align: 6.6397e+01 l_total: 2.0836e+02 
2026-05-22 18:39:52,401 INFO: [topki..][epoch: 75, iter:  50,300, lr:(2.420e-04,)][eta: 2:33:16, time (data): 0.532 (0.139)]l_bij: 3.7738e+01 l_orth: 5.5803e+01 l_diff: 2.2431e+01 l_align: 6.5138e+01 l_total: 1.8111e+02 
2026-05-22 18:40:03,032 INFO: [topki..][epoch: 75, iter:  50,320, lr:(2.420e-04,)][eta: 2:33:06, time (data): 0.532 (0.138)]l_bij: 8.5765e-01 l_orth: 3.0981e+01 l_diff: 2.1303e+01 l_align: 7.4779e+01 l_total: 1.2792e+02 
2026-05-22 18:40:13,780 INFO: [topki..][epoch: 75, iter:  50,340, lr:(2.420e-04,)][eta: 2:32:55, time (data): 0.533 (0.138)]l_bij: 5.1769e+01 l_orth: 6.5244e+01 l_diff: 1.9574e+01 l_align: 6.5897e+01 l_total: 2.0248e+02 
2026-05-22 18:40:24,621 INFO: [topki..][epoch: 75, iter:  50,360, lr:(2.420e-04,)][eta: 2:32:44, time (data): 0.534 (0.138)]l_bij: 6.1515e+01 l_orth: 7.2072e+01 l_diff: 2.2914e+01 l_align: 6.7056e+01 l_total: 2.2356e+02 
2026-05-22 18:40:35,355 INFO: [topki..][epoch: 75, iter:  50,380, lr:(2.420e-04,)][eta: 2:32:34, time (data): 0.535 (0.138)]l_bij: 8.5746e+01 l_orth: 9.3881e+01 l_diff: 3.1391e+01 l_align: 8.6573e+01 l_total: 2.9759e+02 
2026-05-22 18:40:46,106 INFO: [topki..][epoch: 75, iter:  50,400, lr:(2.420e-04,)][eta: 2:32:23, time (data): 0.535 (0.139)]l_bij: 4.9411e+01 l_orth: 6.2674e+01 l_diff: 2.1651e+01 l_align: 6.7604e+01 l_total: 2.0134e+02 
2026-05-22 18:40:56,766 INFO: [topki..][epoch: 75, iter:  50,420, lr:(2.420e-04,)][eta: 2:32:13, time (data): 0.535 (0.139)]l_bij: 5.0735e+01 l_orth: 6.2712e+01 l_diff: 2.7016e+01 l_align: 6.4103e+01 l_total: 2.0457e+02 
2026-05-22 18:41:07,322 INFO: [topki..][epoch: 75, iter:  50,440, lr:(2.420e-04,)][eta: 2:32:02, time (data): 0.534 (0.139)]l_bij: 6.2347e+01 l_orth: 7.4789e+01 l_diff: 2.4578e+01 l_align: 7.3688e+01 l_total: 2.3540e+02 
2026-05-22 18:41:17,234 INFO: [topki..][epoch: 75, iter:  50,460, lr:(2.420e-04,)][eta: 2:31:51, time (data): 0.490 (0.130)]l_bij: 7.3156e+01 l_orth: 8.4858e+01 l_diff: 2.2933e+01 l_align: 7.8772e+01 l_total: 2.5972e+02 
2026-05-22 18:41:27,697 INFO: [topki..][epoch: 75, iter:  50,480, lr:(2.420e-04,)][eta: 2:31:40, time (data): 0.513 (0.133)]l_bij: 6.2397e+01 l_orth: 7.3000e+01 l_diff: 2.2594e+01 l_align: 6.8446e+01 l_total: 2.2644e+02 
2026-05-22 18:41:38,221 INFO: [topki..][epoch: 75, iter:  50,500, lr:(2.420e-04,)][eta: 2:31:30, time (data): 0.518 (0.137)]l_bij: 6.3196e+01 l_orth: 7.6677e+01 l_diff: 2.8124e+01 l_align: 7.2174e+01 l_total: 2.4017e+02 
2026-05-22 18:41:48,782 INFO: [topki..][epoch: 75, iter:  50,520, lr:(2.420e-04,)][eta: 2:31:19, time (data): 0.521 (0.136)]l_bij: 7.0972e+01 l_orth: 8.0530e+01 l_diff: 2.5287e+01 l_align: 7.2210e+01 l_total: 2.4900e+02 
2026-05-22 18:41:59,437 INFO: [topki..][epoch: 75, iter:  50,540, lr:(2.420e-04,)][eta: 2:31:08, time (data): 0.524 (0.136)]l_bij: 4.8742e+01 l_orth: 6.2129e+01 l_diff: 2.5231e+01 l_align: 6.6237e+01 l_total: 2.0234e+02 
2026-05-22 18:42:10,814 INFO: [topki..][epoch: 75, iter:  50,560, lr:(2.420e-04,)][eta: 2:30:58, time (data): 0.532 (0.137)]l_bij: 7.1716e+01 l_orth: 7.8989e+01 l_diff: 2.7648e+01 l_align: 6.9115e+01 l_total: 2.4747e+02 
2026-05-22 18:42:21,380 INFO: [topki..][epoch: 75, iter:  50,580, lr:(2.420e-04,)][eta: 2:30:47, time (data): 0.531 (0.138)]l_bij: 8.5979e+01 l_orth: 9.4129e+01 l_diff: 2.8691e+01 l_align: 8.2974e+01 l_total: 2.9177e+02 
2026-05-22 18:42:31,722 INFO: [topki..][epoch: 75, iter:  50,600, lr:(2.420e-04,)][eta: 2:30:37, time (data): 0.529 (0.137)]l_bij: 8.5694e+01 l_orth: 9.5167e+01 l_diff: 3.1675e+01 l_align: 8.6420e+01 l_total: 2.9896e+02 
2026-05-22 18:42:42,721 INFO: [topki..][epoch: 75, iter:  50,620, lr:(2.420e-04,)][eta: 2:30:26, time (data): 0.532 (0.138)]l_bij: 6.0009e+01 l_orth: 7.2295e+01 l_diff: 2.4129e+01 l_align: 7.3635e+01 l_total: 2.3007e+02 
2026-05-22 18:42:53,556 INFO: [topki..][epoch: 75, iter:  50,640, lr:(2.420e-04,)][eta: 2:30:16, time (data): 0.533 (0.138)]l_bij: 8.1571e+01 l_orth: 8.8558e+01 l_diff: 2.7956e+01 l_align: 7.4616e+01 l_total: 2.7270e+02 
2026-05-22 18:43:04,325 INFO: [topki..][epoch: 75, iter:  50,660, lr:(2.420e-04,)][eta: 2:30:05, time (data): 0.550 (0.148)]l_bij: 5.6508e+01 l_orth: 6.8980e+01 l_diff: 2.3458e+01 l_align: 6.4880e+01 l_total: 2.1383e+02 
2026-05-22 18:43:14,854 INFO: [topki..][epoch: 75, iter:  50,680, lr:(2.420e-04,)][eta: 2:29:54, time (data): 0.533 (0.144)]l_bij: 7.2821e+01 l_orth: 8.3091e+01 l_diff: 2.3909e+01 l_align: 7.7643e+01 l_total: 2.5746e+02 
2026-05-22 18:43:25,073 INFO: [topki..][epoch: 75, iter:  50,700, lr:(2.420e-04,)][eta: 2:29:44, time (data): 0.524 (0.141)]l_bij: 7.9479e+01 l_orth: 8.7261e+01 l_diff: 2.5059e+01 l_align: 7.3046e+01 l_total: 2.6485e+02 
2026-05-22 18:43:37,871 INFO: [topki..][epoch: 76, iter:  50,720, lr:(2.318e-04,)][eta: 2:29:34, time (data): 0.558 (0.171)]l_bij: 6.9664e+01 l_orth: 7.9280e+01 l_diff: 3.1263e+01 l_align: 6.9332e+01 l_total: 2.4954e+02 
2026-05-22 18:43:48,012 INFO: [topki..][epoch: 76, iter:  50,740, lr:(2.318e-04,)][eta: 2:29:23, time (data): 0.546 (0.160)]l_bij: 8.3782e+01 l_orth: 9.0947e+01 l_diff: 3.0047e+01 l_align: 7.9836e+01 l_total: 2.8461e+02 
2026-05-22 18:43:58,451 INFO: [topki..][epoch: 76, iter:  50,760, lr:(2.318e-04,)][eta: 2:29:12, time (data): 0.542 (0.156)]l_bij: 5.7666e+01 l_orth: 7.0097e+01 l_diff: 2.6481e+01 l_align: 6.4978e+01 l_total: 2.1922e+02 
2026-05-22 18:44:08,876 INFO: [topki..][epoch: 76, iter:  50,780, lr:(2.318e-04,)][eta: 2:29:02, time (data): 0.539 (0.152)]l_bij: 4.9201e+01 l_orth: 6.2509e+01 l_diff: 2.4310e+01 l_align: 6.1644e+01 l_total: 1.9766e+02 
2026-05-22 18:44:19,828 INFO: [topki..][epoch: 76, iter:  50,800, lr:(2.318e-04,)][eta: 2:28:51, time (data): 0.540 (0.150)]l_bij: 9.5169e+01 l_orth: 9.9873e+01 l_diff: 2.8862e+01 l_align: 7.9077e+01 l_total: 3.0298e+02 
2026-05-22 18:44:30,602 INFO: [topki..][epoch: 76, iter:  50,820, lr:(2.318e-04,)][eta: 2:28:40, time (data): 0.540 (0.149)]l_bij: 7.6014e+01 l_orth: 8.4926e+01 l_diff: 2.8334e+01 l_align: 7.3898e+01 l_total: 2.6317e+02 
2026-05-22 18:44:41,163 INFO: [topki..][epoch: 76, iter:  50,840, lr:(2.318e-04,)][eta: 2:28:30, time (data): 0.538 (0.147)]l_bij: 6.4730e+01 l_orth: 7.3767e+01 l_diff: 2.7629e+01 l_align: 6.5092e+01 l_total: 2.3122e+02 
2026-05-22 18:44:52,014 INFO: [topki..][epoch: 76, iter:  50,860, lr:(2.318e-04,)][eta: 2:28:19, time (data): 0.515 (0.132)]l_bij: 6.8010e+01 l_orth: 8.0347e+01 l_diff: 3.2412e+01 l_align: 7.4331e+01 l_total: 2.5510e+02 
2026-05-22 18:45:02,863 INFO: [topki..][epoch: 76, iter:  50,880, lr:(2.318e-04,)][eta: 2:28:09, time (data): 0.535 (0.137)]l_bij: 6.3624e+01 l_orth: 7.3636e+01 l_diff: 2.8289e+01 l_align: 7.1245e+01 l_total: 2.3679e+02 
2026-05-22 18:45:13,713 INFO: [topki..][epoch: 76, iter:  50,900, lr:(2.318e-04,)][eta: 2:27:58, time (data): 0.538 (0.140)]l_bij: 8.0713e+01 l_orth: 9.0115e+01 l_diff: 3.3998e+01 l_align: 8.4075e+01 l_total: 2.8890e+02 
2026-05-22 18:45:23,969 INFO: [topki..][epoch: 76, iter:  50,920, lr:(2.318e-04,)][eta: 2:27:47, time (data): 0.531 (0.139)]l_bij: 7.3257e+01 l_orth: 8.5779e+01 l_diff: 3.0539e+01 l_align: 7.9236e+01 l_total: 2.6881e+02 
2026-05-22 18:45:34,604 INFO: [topki..][epoch: 76, iter:  50,940, lr:(2.318e-04,)][eta: 2:27:37, time (data): 0.531 (0.138)]l_bij: 7.2216e+01 l_orth: 8.1510e+01 l_diff: 2.7565e+01 l_align: 7.1269e+01 l_total: 2.5256e+02 
2026-05-22 18:45:46,101 INFO: [topki..][epoch: 76, iter:  50,960, lr:(2.318e-04,)][eta: 2:27:26, time (data): 0.539 (0.140)]l_bij: 7.6283e+01 l_orth: 8.5891e+01 l_diff: 3.4250e+01 l_align: 7.5966e+01 l_total: 2.7239e+02 
2026-05-22 18:45:56,935 INFO: [topki..][epoch: 76, iter:  50,980, lr:(2.318e-04,)][eta: 2:27:16, time (data): 0.540 (0.140)]l_bij: 6.4553e+01 l_orth: 7.3153e+01 l_diff: 2.6851e+01 l_align: 7.0206e+01 l_total: 2.3476e+02 
2026-05-22 18:46:08,182 INFO: [topki..][epoch: 76, iter:  51,000, lr:(2.318e-04,)][eta: 2:27:05, time (data): 0.543 (0.141)]l_bij: 7.5355e+01 l_orth: 8.3349e+01 l_diff: 3.0891e+01 l_align: 7.5691e+01 l_total: 2.6529e+02 
2026-05-22 18:46:18,462 INFO: [topki..][epoch: 76, iter:  51,020, lr:(2.318e-04,)][eta: 2:26:55, time (data): 0.539 (0.140)]l_bij: 6.5637e+01 l_orth: 7.7541e+01 l_diff: 2.8657e+01 l_align: 7.7035e+01 l_total: 2.4887e+02 
2026-05-22 18:46:29,194 INFO: [topki..][epoch: 76, iter:  51,040, lr:(2.318e-04,)][eta: 2:26:44, time (data): 0.539 (0.140)]l_bij: 5.6562e+01 l_orth: 7.2043e+01 l_diff: 2.4929e+01 l_align: 7.1818e+01 l_total: 2.2535e+02 
2026-05-22 18:46:39,917 INFO: [topki..][epoch: 76, iter:  51,060, lr:(2.318e-04,)][eta: 2:26:33, time (data): 0.598 (0.146)]l_bij: 6.0605e+01 l_orth: 7.3581e+01 l_diff: 2.2236e+01 l_align: 7.1165e+01 l_total: 2.2759e+02 
2026-05-22 18:46:50,018 INFO: [topki..][epoch: 76, iter:  51,080, lr:(2.318e-04,)][eta: 2:26:23, time (data): 0.526 (0.130)]l_bij: 7.5428e+01 l_orth: 9.0432e+01 l_diff: 2.7294e+01 l_align: 9.0509e+01 l_total: 2.8366e+02 
2026-05-22 18:47:00,184 INFO: [topki..][epoch: 76, iter:  51,100, lr:(2.318e-04,)][eta: 2:26:12, time (data): 0.518 (0.133)]l_bij: 7.0908e+01 l_orth: 8.2088e+01 l_diff: 2.3810e+01 l_align: 7.7470e+01 l_total: 2.5427e+02 
2026-05-22 18:47:10,487 INFO: [topki..][epoch: 76, iter:  51,120, lr:(2.318e-04,)][eta: 2:26:01, time (data): 0.517 (0.134)]l_bij: 5.1282e+01 l_orth: 6.4006e+01 l_diff: 2.2695e+01 l_align: 6.5673e+01 l_total: 2.0366e+02 
2026-05-22 18:47:21,139 INFO: [topki..][epoch: 76, iter:  51,140, lr:(2.318e-04,)][eta: 2:25:50, time (data): 0.521 (0.135)]l_bij: 6.0568e-01 l_orth: 2.6414e+01 l_diff: 1.9448e+01 l_align: 6.6850e+01 l_total: 1.1332e+02 
2026-05-22 18:47:32,272 INFO: [topki..][epoch: 76, iter:  51,160, lr:(2.318e-04,)][eta: 2:25:40, time (data): 0.528 (0.138)]l_bij: 8.5835e+01 l_orth: 9.2350e+01 l_diff: 2.7276e+01 l_align: 8.5540e+01 l_total: 2.9100e+02 
2026-05-22 18:47:42,641 INFO: [topki..][epoch: 76, iter:  51,180, lr:(2.318e-04,)][eta: 2:25:29, time (data): 0.526 (0.138)]l_bij: 7.5144e+01 l_orth: 8.3987e+01 l_diff: 3.2353e+01 l_align: 7.5836e+01 l_total: 2.6732e+02 
2026-05-22 18:47:52,904 INFO: [topki..][epoch: 76, iter:  51,200, lr:(2.318e-04,)][eta: 2:25:18, time (data): 0.524 (0.137)]l_bij: 8.2487e+01 l_orth: 8.9448e+01 l_diff: 2.7399e+01 l_align: 7.4435e+01 l_total: 2.7377e+02 
2026-05-22 18:48:03,484 INFO: [topki..][epoch: 76, iter:  51,220, lr:(2.318e-04,)][eta: 2:25:08, time (data): 0.525 (0.137)]l_bij: 7.9532e+01 l_orth: 9.0119e+01 l_diff: 3.1099e+01 l_align: 8.3345e+01 l_total: 2.8409e+02 
2026-05-22 18:48:13,872 INFO: [topki..][epoch: 76, iter:  51,240, lr:(2.318e-04,)][eta: 2:24:57, time (data): 0.524 (0.136)]l_bij: 5.1344e+01 l_orth: 6.4952e+01 l_diff: 2.0739e+01 l_align: 7.0850e+01 l_total: 2.0788e+02 
2026-05-22 18:48:24,739 INFO: [topki..][epoch: 76, iter:  51,260, lr:(2.318e-04,)][eta: 2:24:47, time (data): 0.527 (0.145)]l_bij: 5.2387e+01 l_orth: 6.5930e+01 l_diff: 2.4102e+01 l_align: 6.8761e+01 l_total: 2.1118e+02 
2026-05-22 18:48:35,918 INFO: [topki..][epoch: 76, iter:  51,280, lr:(2.318e-04,)][eta: 2:24:36, time (data): 0.552 (0.144)]l_bij: 6.7190e+01 l_orth: 7.6805e+01 l_diff: 2.4794e+01 l_align: 7.0635e+01 l_total: 2.3942e+02 
2026-05-22 18:48:46,378 INFO: [topki..][epoch: 76, iter:  51,300, lr:(2.318e-04,)][eta: 2:24:25, time (data): 0.539 (0.142)]l_bij: 5.3029e+01 l_orth: 6.4105e+01 l_diff: 2.2934e+01 l_align: 6.6050e+01 l_total: 2.0612e+02 
2026-05-22 18:48:57,257 INFO: [topki..][epoch: 76, iter:  51,320, lr:(2.318e-04,)][eta: 2:24:15, time (data): 0.541 (0.140)]l_bij: 6.5504e+01 l_orth: 7.5315e+01 l_diff: 2.6370e+01 l_align: 7.1422e+01 l_total: 2.3861e+02 
2026-05-22 18:49:08,317 INFO: [topki..][epoch: 76, iter:  51,340, lr:(2.318e-04,)][eta: 2:24:04, time (data): 0.544 (0.141)]l_bij: 5.4949e+01 l_orth: 6.7994e+01 l_diff: 2.5618e+01 l_align: 6.5568e+01 l_total: 2.1413e+02 
2026-05-22 18:49:18,181 INFO: [topki..][epoch: 76, iter:  51,360, lr:(2.318e-04,)][eta: 2:23:53, time (data): 0.534 (0.139)]l_bij: 6.9986e+01 l_orth: 8.1359e+01 l_diff: 2.8408e+01 l_align: 7.9683e+01 l_total: 2.5944e+02 
2026-05-22 18:49:30,650 INFO: [topki..][epoch: 77, iter:  51,380, lr:(2.220e-04,)][eta: 2:23:43, time (data): 0.548 (0.154)]l_bij: 7.6855e+01 l_orth: 8.7596e+01 l_diff: 3.2368e+01 l_align: 7.9636e+01 l_total: 2.7645e+02 
2026-05-22 18:49:40,621 INFO: [topki..][epoch: 77, iter:  51,400, lr:(2.220e-04,)][eta: 2:23:33, time (data): 0.541 (0.150)]l_bij: 4.2404e+01 l_orth: 5.6611e+01 l_diff: 2.2808e+01 l_align: 6.2910e+01 l_total: 1.8473e+02 
2026-05-22 18:49:50,760 INFO: [topki..][epoch: 77, iter:  51,420, lr:(2.220e-04,)][eta: 2:23:22, time (data): 0.537 (0.147)]l_bij: 7.0596e+01 l_orth: 8.1417e+01 l_diff: 2.9454e+01 l_align: 7.1964e+01 l_total: 2.5343e+02 
2026-05-22 18:50:01,075 INFO: [topki..][epoch: 77, iter:  51,440, lr:(2.220e-04,)][eta: 2:23:11, time (data): 0.535 (0.145)]l_bij: 5.2621e+01 l_orth: 6.7144e+01 l_diff: 2.6115e+01 l_align: 6.8388e+01 l_total: 2.1427e+02 
2026-05-22 18:50:11,968 INFO: [topki..][epoch: 77, iter:  51,460, lr:(2.220e-04,)][eta: 2:23:00, time (data): 0.523 (0.154)]l_bij: 7.2087e+01 l_orth: 8.2236e+01 l_diff: 3.0037e+01 l_align: 7.5786e+01 l_total: 2.6015e+02 
2026-05-22 18:50:23,122 INFO: [topki..][epoch: 77, iter:  51,480, lr:(2.220e-04,)][eta: 2:22:50, time (data): 0.552 (0.141)]l_bij: 6.3517e+01 l_orth: 7.4864e+01 l_diff: 3.0250e+01 l_align: 6.9868e+01 l_total: 2.3850e+02 
2026-05-22 18:50:33,647 INFO: [topki..][epoch: 77, iter:  51,500, lr:(2.220e-04,)][eta: 2:22:39, time (data): 0.540 (0.137)]l_bij: 4.9971e+01 l_orth: 6.4321e+01 l_diff: 3.0099e+01 l_align: 6.4610e+01 l_total: 2.0900e+02 
2026-05-22 18:50:44,610 INFO: [topki..][epoch: 77, iter:  51,520, lr:(2.220e-04,)][eta: 2:22:29, time (data): 0.543 (0.138)]l_bij: 4.8784e+01 l_orth: 6.3423e+01 l_diff: 2.4101e+01 l_align: 6.7966e+01 l_total: 2.0427e+02 
2026-05-22 18:50:54,817 INFO: [topki..][epoch: 77, iter:  51,540, lr:(2.220e-04,)][eta: 2:22:18, time (data): 0.535 (0.137)]l_bij: 4.4564e+01 l_orth: 5.9412e+01 l_diff: 2.6394e+01 l_align: 6.4931e+01 l_total: 1.9530e+02 
2026-05-22 18:51:05,673 INFO: [topki..][epoch: 77, iter:  51,560, lr:(2.220e-04,)][eta: 2:22:07, time (data): 0.536 (0.138)]l_bij: 7.7308e+01 l_orth: 8.4790e+01 l_diff: 2.6307e+01 l_align: 7.2404e+01 l_total: 2.6081e+02 
2026-05-22 18:51:17,259 INFO: [topki..][epoch: 77, iter:  51,580, lr:(2.220e-04,)][eta: 2:21:57, time (data): 0.543 (0.141)]l_bij: 5.3284e+01 l_orth: 6.5259e+01 l_diff: 1.9509e+01 l_align: 6.4576e+01 l_total: 2.0263e+02 
2026-05-22 18:51:28,825 INFO: [topki..][epoch: 77, iter:  51,600, lr:(2.220e-04,)][eta: 2:21:47, time (data): 0.548 (0.143)]l_bij: 7.1913e+01 l_orth: 8.1826e+01 l_diff: 3.1064e+01 l_align: 7.4753e+01 l_total: 2.5956e+02 
2026-05-22 18:51:39,819 INFO: [topki..][epoch: 77, iter:  51,620, lr:(2.220e-04,)][eta: 2:21:36, time (data): 0.548 (0.142)]l_bij: 6.5368e+01 l_orth: 7.9976e+01 l_diff: 2.7750e+01 l_align: 7.7081e+01 l_total: 2.5018e+02 
2026-05-22 18:51:50,575 INFO: [topki..][epoch: 77, iter:  51,640, lr:(2.220e-04,)][eta: 2:21:26, time (data): 0.547 (0.142)]l_bij: 6.0223e+01 l_orth: 7.7155e+01 l_diff: 2.7977e+01 l_align: 7.9854e+01 l_total: 2.4521e+02 
2026-05-22 18:52:00,809 INFO: [topki..][epoch: 77, iter:  51,660, lr:(2.220e-04,)][eta: 2:21:15, time (data): 0.500 (0.132)]l_bij: 6.0906e+01 l_orth: 7.4695e+01 l_diff: 2.6686e+01 l_align: 7.6135e+01 l_total: 2.3842e+02 
2026-05-22 18:52:12,058 INFO: [topki..][epoch: 77, iter:  51,680, lr:(2.220e-04,)][eta: 2:21:04, time (data): 0.554 (0.149)]l_bij: 6.2703e+01 l_orth: 7.2122e+01 l_diff: 2.8561e+01 l_align: 6.5750e+01 l_total: 2.2914e+02 
2026-05-22 18:52:23,088 INFO: [topki..][epoch: 77, iter:  51,700, lr:(2.220e-04,)][eta: 2:20:54, time (data): 0.553 (0.148)]l_bij: 6.6182e+01 l_orth: 7.5990e+01 l_diff: 2.6104e+01 l_align: 6.9755e+01 l_total: 2.3803e+02 
2026-05-22 18:52:34,164 INFO: [topki..][epoch: 77, iter:  51,720, lr:(2.220e-04,)][eta: 2:20:43, time (data): 0.553 (0.145)]l_bij: 6.6943e+01 l_orth: 7.7396e+01 l_diff: 2.8286e+01 l_align: 7.4581e+01 l_total: 2.4721e+02 
2026-05-22 18:52:44,948 INFO: [topki..][epoch: 77, iter:  51,740, lr:(2.220e-04,)][eta: 2:20:33, time (data): 0.550 (0.145)]l_bij: 6.7090e+01 l_orth: 7.6442e+01 l_diff: 2.4593e+01 l_align: 7.0333e+01 l_total: 2.3846e+02 
2026-05-22 18:52:55,677 INFO: [topki..][epoch: 77, iter:  51,760, lr:(2.220e-04,)][eta: 2:20:22, time (data): 0.547 (0.145)]l_bij: 5.7554e+01 l_orth: 7.0366e+01 l_diff: 2.6732e+01 l_align: 6.5834e+01 l_total: 2.2049e+02 
2026-05-22 18:53:06,701 INFO: [topki..][epoch: 77, iter:  51,780, lr:(2.220e-04,)][eta: 2:20:12, time (data): 0.548 (0.145)]l_bij: 6.8034e+01 l_orth: 7.9868e+01 l_diff: 2.9485e+01 l_align: 7.8818e+01 l_total: 2.5620e+02 
2026-05-22 18:53:17,389 INFO: [topki..][epoch: 77, iter:  51,800, lr:(2.220e-04,)][eta: 2:20:01, time (data): 0.546 (0.143)]l_bij: 6.6800e+01 l_orth: 7.4164e+01 l_diff: 2.5782e+01 l_align: 6.6128e+01 l_total: 2.3287e+02 
2026-05-22 18:53:28,354 INFO: [topki..][epoch: 77, iter:  51,820, lr:(2.220e-04,)][eta: 2:19:51, time (data): 0.546 (0.143)]l_bij: 6.0217e+01 l_orth: 7.1465e+01 l_diff: 2.3723e+01 l_align: 6.7703e+01 l_total: 2.2311e+02 
2026-05-22 18:53:39,501 INFO: [topki..][epoch: 77, iter:  51,840, lr:(2.220e-04,)][eta: 2:19:40, time (data): 0.547 (0.142)]l_bij: 6.5635e+01 l_orth: 7.9625e+01 l_diff: 2.2573e+01 l_align: 7.3843e+01 l_total: 2.4168e+02 
2026-05-22 18:53:50,258 INFO: [topki..][epoch: 77, iter:  51,860, lr:(2.220e-04,)][eta: 2:19:30, time (data): 0.497 (0.140)]l_bij: 5.9771e+01 l_orth: 7.0767e+01 l_diff: 2.7294e+01 l_align: 6.8968e+01 l_total: 2.2680e+02 
2026-05-22 18:54:01,130 INFO: [topki..][epoch: 77, iter:  51,880, lr:(2.220e-04,)][eta: 2:19:19, time (data): 0.539 (0.147)]l_bij: 8.1494e+01 l_orth: 8.9484e+01 l_diff: 3.5339e+01 l_align: 8.0202e+01 l_total: 2.8652e+02 
2026-05-22 18:54:11,785 INFO: [topki..][epoch: 77, iter:  51,900, lr:(2.220e-04,)][eta: 2:19:08, time (data): 0.536 (0.144)]l_bij: 9.2903e+01 l_orth: 9.7636e+01 l_diff: 2.5495e+01 l_align: 7.6207e+01 l_total: 2.9224e+02 
2026-05-22 18:54:23,308 INFO: [topki..][epoch: 77, iter:  51,920, lr:(2.220e-04,)][eta: 2:18:58, time (data): 0.549 (0.147)]l_bij: 6.0659e+01 l_orth: 7.3256e+01 l_diff: 2.3918e+01 l_align: 6.8726e+01 l_total: 2.2656e+02 
2026-05-22 18:54:33,433 INFO: [topki..][epoch: 77, iter:  51,940, lr:(2.220e-04,)][eta: 2:18:47, time (data): 0.539 (0.143)]l_bij: 7.1187e+01 l_orth: 8.1752e+01 l_diff: 2.8957e+01 l_align: 7.7746e+01 l_total: 2.5964e+02 
2026-05-22 18:54:43,940 INFO: [topki..][epoch: 77, iter:  51,960, lr:(2.220e-04,)][eta: 2:18:36, time (data): 0.536 (0.141)]l_bij: 6.5544e+01 l_orth: 7.7752e+01 l_diff: 2.7584e+01 l_align: 7.6812e+01 l_total: 2.4769e+02 
2026-05-22 18:54:54,734 INFO: [topki..][epoch: 77, iter:  51,980, lr:(2.220e-04,)][eta: 2:18:26, time (data): 0.537 (0.141)]l_bij: 6.8573e-01 l_orth: 2.8024e+01 l_diff: 2.2268e+01 l_align: 7.2794e+01 l_total: 1.2377e+02 
2026-05-22 18:55:05,375 INFO: [topki..][epoch: 77, iter:  52,000, lr:(2.220e-04,)][eta: 2:18:15, time (data): 0.536 (0.140)]l_bij: 6.1901e+01 l_orth: 7.3737e+01 l_diff: 2.9670e+01 l_align: 6.7756e+01 l_total: 2.3306e+02 
2026-05-22 18:55:05,376 INFO: Saving models and training states.
2026-05-22 18:55:05,394 INFO: Start validation.
2026-05-22 18:56:13,271 INFO: Avg time: 0.1617
2026-05-22 18:56:13,380 INFO: Val auc: 0.6903
2026-05-22 18:56:13,380 INFO: Val avg error: 0.0602
2026-05-22 18:56:24,698 INFO: [topki..][epoch: 77, iter:  52,020, lr:(2.220e-04,)][eta: 2:18:25, time (data): 0.538 (0.141)]l_bij: 6.9834e+01 l_orth: 8.2056e+01 l_diff: 2.4590e+01 l_align: 7.8461e+01 l_total: 2.5494e+02 
2026-05-22 18:56:35,081 INFO: [topki..][epoch: 77, iter:  52,040, lr:(2.220e-04,)][eta: 2:18:14, time (data): 0.536 (0.140)]l_bij: 6.4480e+01 l_orth: 7.3910e+01 l_diff: 2.7646e+01 l_align: 7.0539e+01 l_total: 2.3658e+02 
2026-05-22 18:56:47,997 INFO: [topki..][epoch: 78, iter:  52,060, lr:(2.125e-04,)][eta: 2:18:04, time (data): 0.586 (0.135)]l_bij: 7.5475e+01 l_orth: 8.5181e+01 l_diff: 2.9768e+01 l_align: 7.8053e+01 l_total: 2.6848e+02 
2026-05-22 18:56:58,339 INFO: [topki..][epoch: 78, iter:  52,080, lr:(2.125e-04,)][eta: 2:17:54, time (data): 0.520 (0.126)]l_bij: 5.6862e+01 l_orth: 6.8306e+01 l_diff: 2.2560e+01 l_align: 6.8870e+01 l_total: 2.1660e+02 
2026-05-22 18:57:08,907 INFO: [topki..][epoch: 78, iter:  52,100, lr:(2.125e-04,)][eta: 2:17:43, time (data): 0.524 (0.131)]l_bij: 4.6308e+01 l_orth: 6.2626e+01 l_diff: 2.8081e+01 l_align: 6.9309e+01 l_total: 2.0633e+02 
2026-05-22 18:57:20,049 INFO: [topki..][epoch: 78, iter:  52,120, lr:(2.125e-04,)][eta: 2:17:32, time (data): 0.535 (0.134)]l_bij: 9.3075e+01 l_orth: 9.9027e+01 l_diff: 3.2975e+01 l_align: 8.4712e+01 l_total: 3.0979e+02 
2026-05-22 18:57:30,194 INFO: [topki..][epoch: 78, iter:  52,140, lr:(2.125e-04,)][eta: 2:17:22, time (data): 0.528 (0.133)]l_bij: 6.7191e+01 l_orth: 7.6307e+01 l_diff: 2.1984e+01 l_align: 6.9853e+01 l_total: 2.3533e+02 
2026-05-22 18:57:41,480 INFO: [topki..][epoch: 78, iter:  52,160, lr:(2.125e-04,)][eta: 2:17:11, time (data): 0.535 (0.138)]l_bij: 6.4138e+01 l_orth: 7.6572e+01 l_diff: 2.6451e+01 l_align: 7.6233e+01 l_total: 2.4339e+02 
2026-05-22 18:57:52,194 INFO: [topki..][epoch: 78, iter:  52,180, lr:(2.125e-04,)][eta: 2:17:01, time (data): 0.535 (0.138)]l_bij: 5.5561e+01 l_orth: 6.8623e+01 l_diff: 3.0703e+01 l_align: 6.7217e+01 l_total: 2.2210e+02 
2026-05-22 18:58:02,858 INFO: [topki..][epoch: 78, iter:  52,200, lr:(2.125e-04,)][eta: 2:16:50, time (data): 0.535 (0.138)]l_bij: 5.8065e+01 l_orth: 6.8565e+01 l_diff: 2.8572e+01 l_align: 6.3901e+01 l_total: 2.1910e+02 
2026-05-22 18:58:13,039 INFO: [topki..][epoch: 78, iter:  52,220, lr:(2.125e-04,)][eta: 2:16:39, time (data): 0.532 (0.137)]l_bij: 8.6087e+01 l_orth: 9.3081e+01 l_diff: 3.3009e+01 l_align: 8.0869e+01 l_total: 2.9305e+02 
2026-05-22 18:58:23,384 INFO: [topki..][epoch: 78, iter:  52,240, lr:(2.125e-04,)][eta: 2:16:28, time (data): 0.530 (0.137)]l_bij: 4.0312e+01 l_orth: 5.5041e+01 l_diff: 1.8875e+01 l_align: 6.1719e+01 l_total: 1.7595e+02 
2026-05-22 18:58:34,621 INFO: [topki..][epoch: 78, iter:  52,260, lr:(2.125e-04,)][eta: 2:16:18, time (data): 0.533 (0.138)]l_bij: 7.2141e+01 l_orth: 7.9951e+01 l_diff: 2.5843e+01 l_align: 6.9593e+01 l_total: 2.4753e+02 
2026-05-22 18:58:45,922 INFO: [topki..][epoch: 78, iter:  52,280, lr:(2.125e-04,)][eta: 2:16:07, time (data): 0.565 (0.146)]l_bij: 5.5696e+01 l_orth: 6.7586e+01 l_diff: 2.7625e+01 l_align: 6.6430e+01 l_total: 2.1734e+02 
2026-05-22 18:58:56,964 INFO: [topki..][epoch: 78, iter:  52,300, lr:(2.125e-04,)][eta: 2:15:57, time (data): 0.558 (0.144)]l_bij: 5.4513e+01 l_orth: 6.7462e+01 l_diff: 2.1300e+01 l_align: 7.0323e+01 l_total: 2.1360e+02 
2026-05-22 18:59:08,031 INFO: [topki..][epoch: 78, iter:  52,320, lr:(2.125e-04,)][eta: 2:15:46, time (data): 0.557 (0.146)]l_bij: 6.5618e+01 l_orth: 7.8582e+01 l_diff: 2.6774e+01 l_align: 7.7775e+01 l_total: 2.4875e+02 
2026-05-22 18:59:19,092 INFO: [topki..][epoch: 78, iter:  52,340, lr:(2.125e-04,)][eta: 2:15:36, time (data): 0.556 (0.148)]l_bij: 8.9527e+01 l_orth: 9.5348e+01 l_diff: 3.0993e+01 l_align: 7.7139e+01 l_total: 2.9301e+02 
2026-05-22 18:59:29,929 INFO: [topki..][epoch: 78, iter:  52,360, lr:(2.125e-04,)][eta: 2:15:25, time (data): 0.553 (0.145)]l_bij: 5.8194e+01 l_orth: 7.0049e+01 l_diff: 2.5612e+01 l_align: 6.6191e+01 l_total: 2.2005e+02 
2026-05-22 18:59:41,017 INFO: [topki..][epoch: 78, iter:  52,380, lr:(2.125e-04,)][eta: 2:15:15, time (data): 0.553 (0.145)]l_bij: 9.2340e-01 l_orth: 2.7995e+01 l_diff: 2.0615e+01 l_align: 7.1858e+01 l_total: 1.2139e+02 
2026-05-22 18:59:51,510 INFO: [topki..][epoch: 78, iter:  52,400, lr:(2.125e-04,)][eta: 2:15:04, time (data): 0.549 (0.144)]l_bij: 5.8354e+01 l_orth: 7.0205e+01 l_diff: 2.3713e+01 l_align: 7.0808e+01 l_total: 2.2308e+02 
2026-05-22 19:00:01,595 INFO: [topki..][epoch: 78, iter:  52,420, lr:(2.125e-04,)][eta: 2:14:53, time (data): 0.544 (0.142)]l_bij: 8.7428e+01 l_orth: 9.5987e+01 l_diff: 2.8381e+01 l_align: 8.2135e+01 l_total: 2.9393e+02 
2026-05-22 19:00:12,712 INFO: [topki..][epoch: 78, iter:  52,440, lr:(2.125e-04,)][eta: 2:14:42, time (data): 0.545 (0.142)]l_bij: 8.3204e+01 l_orth: 9.3307e+01 l_diff: 2.3690e+01 l_align: 8.7145e+01 l_total: 2.8735e+02 
2026-05-22 19:00:23,078 INFO: [topki..][epoch: 78, iter:  52,460, lr:(2.125e-04,)][eta: 2:14:32, time (data): 0.542 (0.142)]l_bij: 6.3218e+01 l_orth: 7.6650e+01 l_diff: 2.8130e+01 l_align: 6.7550e+01 l_total: 2.3555e+02 
2026-05-22 19:00:33,630 INFO: [topki..][epoch: 78, iter:  52,480, lr:(2.125e-04,)][eta: 2:14:21, time (data): 0.532 (0.143)]l_bij: 4.7627e+01 l_orth: 6.1213e+01 l_diff: 2.5073e+01 l_align: 6.5131e+01 l_total: 1.9904e+02 
2026-05-22 19:00:44,179 INFO: [topki..][epoch: 78, iter:  52,500, lr:(2.125e-04,)][eta: 2:14:10, time (data): 0.529 (0.140)]l_bij: 7.5513e+01 l_orth: 8.5085e+01 l_diff: 2.8761e+01 l_align: 7.5670e+01 l_total: 2.6503e+02 
2026-05-22 19:00:54,840 INFO: [topki..][epoch: 78, iter:  52,520, lr:(2.125e-04,)][eta: 2:14:00, time (data): 0.531 (0.139)]l_bij: 4.1971e+01 l_orth: 5.8360e+01 l_diff: 2.4468e+01 l_align: 6.5197e+01 l_total: 1.9000e+02 
2026-05-22 19:01:05,864 INFO: [topki..][epoch: 78, iter:  52,540, lr:(2.125e-04,)][eta: 2:13:49, time (data): 0.536 (0.140)]l_bij: 7.1959e+01 l_orth: 8.1341e+01 l_diff: 2.5864e+01 l_align: 7.0772e+01 l_total: 2.4994e+02 
2026-05-22 19:01:16,743 INFO: [topki..][epoch: 78, iter:  52,560, lr:(2.125e-04,)][eta: 2:13:38, time (data): 0.537 (0.139)]l_bij: 7.3403e+01 l_orth: 8.3749e+01 l_diff: 2.3356e+01 l_align: 7.8448e+01 l_total: 2.5896e+02 
2026-05-22 19:01:28,368 INFO: [topki..][epoch: 78, iter:  52,580, lr:(2.125e-04,)][eta: 2:13:28, time (data): 0.545 (0.142)]l_bij: 7.8029e+01 l_orth: 8.6710e+01 l_diff: 2.7466e+01 l_align: 7.4287e+01 l_total: 2.6649e+02 
2026-05-22 19:01:39,206 INFO: [topki..][epoch: 78, iter:  52,600, lr:(2.125e-04,)][eta: 2:13:17, time (data): 0.544 (0.142)]l_bij: 7.5702e+01 l_orth: 8.5373e+01 l_diff: 2.5587e+01 l_align: 7.9733e+01 l_total: 2.6639e+02 
2026-05-22 19:01:49,783 INFO: [topki..][epoch: 78, iter:  52,620, lr:(2.125e-04,)][eta: 2:13:07, time (data): 0.542 (0.142)]l_bij: 7.3826e+01 l_orth: 8.0193e+01 l_diff: 2.6154e+01 l_align: 7.1971e+01 l_total: 2.5214e+02 
2026-05-22 19:02:00,162 INFO: [topki..][epoch: 78, iter:  52,640, lr:(2.125e-04,)][eta: 2:12:56, time (data): 0.540 (0.141)]l_bij: 6.4717e+01 l_orth: 7.5095e+01 l_diff: 2.7961e+01 l_align: 7.2681e+01 l_total: 2.4045e+02 
2026-05-22 19:02:11,333 INFO: [topki..][epoch: 78, iter:  52,660, lr:(2.125e-04,)][eta: 2:12:46, time (data): 0.542 (0.142)]l_bij: 5.2662e+01 l_orth: 6.6024e+01 l_diff: 2.1338e+01 l_align: 6.6810e+01 l_total: 2.0683e+02 
2026-05-22 19:02:22,148 INFO: [topki..][epoch: 78, iter:  52,680, lr:(2.125e-04,)][eta: 2:12:35, time (data): 0.540 (0.135)]l_bij: 7.4401e+01 l_orth: 8.3809e+01 l_diff: 2.5240e+01 l_align: 7.7022e+01 l_total: 2.6047e+02 
2026-05-22 19:02:31,945 INFO: [topki..][epoch: 78, iter:  52,700, lr:(2.125e-04,)][eta: 2:12:24, time (data): 0.514 (0.137)]l_bij: 5.6021e+01 l_orth: 6.9116e+01 l_diff: 2.7511e+01 l_align: 7.0031e+01 l_total: 2.2268e+02 
2026-05-22 19:02:41,017 INFO: [topki..][epoch: 78, iter:  52,720, lr:(2.125e-04,)][eta: 2:12:13, time (data): 0.493 (0.131)]l_bij: 6.8185e+01 l_orth: 7.7181e+01 l_diff: 2.7515e+01 l_align: 6.9762e+01 l_total: 2.4264e+02 
2026-05-22 19:02:52,563 INFO: [topki..][epoch: 79, iter:  52,740, lr:(2.033e-04,)][eta: 2:12:02, time (data): 0.514 (0.155)]l_bij: 7.4479e+01 l_orth: 8.9056e+01 l_diff: 2.7980e+01 l_align: 8.8093e+01 l_total: 2.7961e+02 
2026-05-22 19:03:01,417 INFO: [topki..][epoch: 79, iter:  52,760, lr:(2.033e-04,)][eta: 2:11:51, time (data): 0.500 (0.144)]l_bij: 3.8698e+01 l_orth: 5.8113e+01 l_diff: 2.4474e+01 l_align: 6.9632e+01 l_total: 1.9092e+02 
2026-05-22 19:03:11,440 INFO: [topki..][epoch: 79, iter:  52,780, lr:(2.033e-04,)][eta: 2:11:40, time (data): 0.500 (0.143)]l_bij: 5.6347e+01 l_orth: 7.0085e+01 l_diff: 2.6494e+01 l_align: 7.0198e+01 l_total: 2.2312e+02 
2026-05-22 19:03:20,800 INFO: [topki..][epoch: 79, iter:  52,800, lr:(2.033e-04,)][eta: 2:11:29, time (data): 0.495 (0.140)]l_bij: 8.6724e-01 l_orth: 2.9570e+01 l_diff: 1.6751e+01 l_align: 7.4420e+01 l_total: 1.2161e+02 
2026-05-22 19:03:30,064 INFO: [topki..][epoch: 79, iter:  52,820, lr:(2.033e-04,)][eta: 2:11:18, time (data): 0.491 (0.137)]l_bij: 5.4709e+01 l_orth: 6.7091e+01 l_diff: 2.5334e+01 l_align: 6.3920e+01 l_total: 2.1105e+02 
2026-05-22 19:03:39,524 INFO: [topki..][epoch: 79, iter:  52,840, lr:(2.033e-04,)][eta: 2:11:07, time (data): 0.489 (0.135)]l_bij: 5.8266e+01 l_orth: 7.4120e+01 l_diff: 3.4123e+01 l_align: 7.9603e+01 l_total: 2.4611e+02 
2026-05-22 19:03:49,254 INFO: [topki..][epoch: 79, iter:  52,860, lr:(2.033e-04,)][eta: 2:10:56, time (data): 0.489 (0.135)]l_bij: 5.4915e+01 l_orth: 6.7033e+01 l_diff: 2.6091e+01 l_align: 6.5935e+01 l_total: 2.1397e+02 
2026-05-22 19:03:59,338 INFO: [topki..][epoch: 79, iter:  52,880, lr:(2.033e-04,)][eta: 2:10:46, time (data): 0.503 (0.132)]l_bij: 4.0908e+01 l_orth: 5.4319e+01 l_diff: 1.9865e+01 l_align: 6.0507e+01 l_total: 1.7560e+02 
2026-05-22 19:04:08,918 INFO: [topki..][epoch: 79, iter:  52,900, lr:(2.033e-04,)][eta: 2:10:35, time (data): 0.490 (0.127)]l_bij: 6.4455e+01 l_orth: 7.3859e+01 l_diff: 2.2818e+01 l_align: 6.6144e+01 l_total: 2.2728e+02 
2026-05-22 19:04:18,558 INFO: [topki..][epoch: 79, iter:  52,920, lr:(2.033e-04,)][eta: 2:10:24, time (data): 0.487 (0.127)]l_bij: 7.1445e+01 l_orth: 8.0270e+01 l_diff: 2.9929e+01 l_align: 7.2226e+01 l_total: 2.5387e+02 
2026-05-22 19:04:28,028 INFO: [topki..][epoch: 79, iter:  52,940, lr:(2.033e-04,)][eta: 2:10:13, time (data): 0.484 (0.128)]l_bij: 5.3632e+01 l_orth: 6.8295e+01 l_diff: 2.4555e+01 l_align: 6.9240e+01 l_total: 2.1572e+02 
2026-05-22 19:04:37,399 INFO: [topki..][epoch: 79, iter:  52,960, lr:(2.033e-04,)][eta: 2:10:02, time (data): 0.481 (0.128)]l_bij: 4.8594e+01 l_orth: 6.3086e+01 l_diff: 2.1604e+01 l_align: 6.8819e+01 l_total: 2.0210e+02 
2026-05-22 19:04:46,981 INFO: [topki..][epoch: 79, iter:  52,980, lr:(2.033e-04,)][eta: 2:09:51, time (data): 0.480 (0.127)]l_bij: 6.5275e+01 l_orth: 7.8718e+01 l_diff: 2.9740e+01 l_align: 7.7503e+01 l_total: 2.5124e+02 
2026-05-22 19:04:56,442 INFO: [topki..][epoch: 79, iter:  53,000, lr:(2.033e-04,)][eta: 2:09:40, time (data): 0.479 (0.126)]l_bij: 5.6166e+01 l_orth: 6.9059e+01 l_diff: 2.8109e+01 l_align: 6.8099e+01 l_total: 2.2143e+02 
2026-05-22 19:05:05,631 INFO: [topki..][epoch: 79, iter:  53,020, lr:(2.033e-04,)][eta: 2:09:29, time (data): 0.477 (0.126)]l_bij: 6.4060e+01 l_orth: 7.5570e+01 l_diff: 2.7182e+01 l_align: 6.8489e+01 l_total: 2.3530e+02 
2026-05-22 19:05:14,893 INFO: [topki..][epoch: 79, iter:  53,040, lr:(2.033e-04,)][eta: 2:09:18, time (data): 0.475 (0.125)]l_bij: 5.7918e+01 l_orth: 7.5526e+01 l_diff: 3.0393e+01 l_align: 7.9979e+01 l_total: 2.4382e+02 
2026-05-22 19:05:24,853 INFO: [topki..][epoch: 79, iter:  53,060, lr:(2.033e-04,)][eta: 2:09:07, time (data): 0.477 (0.125)]l_bij: 6.1817e+01 l_orth: 7.3404e+01 l_diff: 3.1925e+01 l_align: 6.7128e+01 l_total: 2.3427e+02 
2026-05-22 19:05:34,557 INFO: [topki..][epoch: 79, iter:  53,080, lr:(2.033e-04,)][eta: 2:08:56, time (data): 0.484 (0.131)]l_bij: 8.1784e+01 l_orth: 9.1239e+01 l_diff: 2.8315e+01 l_align: 8.4963e+01 l_total: 2.8630e+02 
2026-05-22 19:05:44,875 INFO: [topki..][epoch: 79, iter:  53,100, lr:(2.033e-04,)][eta: 2:08:45, time (data): 0.502 (0.135)]l_bij: 8.2335e+01 l_orth: 9.0525e+01 l_diff: 3.1642e+01 l_align: 7.7775e+01 l_total: 2.8228e+02 
2026-05-22 19:05:54,231 INFO: [topki..][epoch: 79, iter:  53,120, lr:(2.033e-04,)][eta: 2:08:34, time (data): 0.490 (0.132)]l_bij: 7.8954e+01 l_orth: 8.9303e+01 l_diff: 3.1955e+01 l_align: 7.8786e+01 l_total: 2.7900e+02 
2026-05-22 19:06:03,031 INFO: [topki..][epoch: 79, iter:  53,140, lr:(2.033e-04,)][eta: 2:08:23, time (data): 0.477 (0.126)]l_bij: 5.0803e+01 l_orth: 6.6028e+01 l_diff: 1.8985e+01 l_align: 6.6165e+01 l_total: 2.0198e+02 
2026-05-22 19:06:12,628 INFO: [topki..][epoch: 79, iter:  53,160, lr:(2.033e-04,)][eta: 2:08:12, time (data): 0.477 (0.127)]l_bij: 6.0530e+01 l_orth: 7.6516e+01 l_diff: 2.9294e+01 l_align: 7.9112e+01 l_total: 2.4545e+02 
2026-05-22 19:06:22,595 INFO: [topki..][epoch: 79, iter:  53,180, lr:(2.033e-04,)][eta: 2:08:01, time (data): 0.481 (0.129)]l_bij: 4.4654e+01 l_orth: 6.0175e+01 l_diff: 3.0366e+01 l_align: 6.7150e+01 l_total: 2.0235e+02 
2026-05-22 19:06:32,103 INFO: [topki..][epoch: 79, iter:  53,200, lr:(2.033e-04,)][eta: 2:07:50, time (data): 0.480 (0.128)]l_bij: 6.0193e+01 l_orth: 7.2460e+01 l_diff: 3.0629e+01 l_align: 6.8691e+01 l_total: 2.3197e+02 
2026-05-22 19:06:41,438 INFO: [topki..][epoch: 79, iter:  53,220, lr:(2.033e-04,)][eta: 2:07:39, time (data): 0.478 (0.128)]l_bij: 7.4350e+01 l_orth: 8.6832e+01 l_diff: 2.9578e+01 l_align: 7.8569e+01 l_total: 2.6933e+02 
2026-05-22 19:06:51,537 INFO: [topki..][epoch: 79, iter:  53,240, lr:(2.033e-04,)][eta: 2:07:28, time (data): 0.481 (0.128)]l_bij: 5.1938e+01 l_orth: 6.7064e+01 l_diff: 2.6879e+01 l_align: 6.8051e+01 l_total: 2.1393e+02 
2026-05-22 19:07:00,874 INFO: [topki..][epoch: 79, iter:  53,260, lr:(2.033e-04,)][eta: 2:07:17, time (data): 0.480 (0.127)]l_bij: 6.6558e+01 l_orth: 7.6757e+01 l_diff: 2.7386e+01 l_align: 7.0320e+01 l_total: 2.4102e+02 
2026-05-22 19:07:10,303 INFO: [topki..][epoch: 79, iter:  53,280, lr:(2.033e-04,)][eta: 2:07:06, time (data): 0.486 (0.140)]l_bij: 7.0606e+01 l_orth: 7.9435e+01 l_diff: 2.6718e+01 l_align: 6.9939e+01 l_total: 2.4670e+02 
2026-05-22 19:07:20,053 INFO: [topki..][epoch: 79, iter:  53,300, lr:(2.033e-04,)][eta: 2:06:56, time (data): 0.487 (0.137)]l_bij: 7.0504e+01 l_orth: 7.8725e+01 l_diff: 2.3763e+01 l_align: 7.0311e+01 l_total: 2.4330e+02 
2026-05-22 19:07:30,217 INFO: [topki..][epoch: 79, iter:  53,320, lr:(2.033e-04,)][eta: 2:06:45, time (data): 0.495 (0.138)]l_bij: 4.5480e+01 l_orth: 6.1884e+01 l_diff: 2.7277e+01 l_align: 6.9879e+01 l_total: 2.0452e+02 
2026-05-22 19:07:39,845 INFO: [topki..][epoch: 79, iter:  53,340, lr:(2.033e-04,)][eta: 2:06:34, time (data): 0.491 (0.137)]l_bij: 7.8929e+01 l_orth: 8.5772e+01 l_diff: 2.5996e+01 l_align: 7.3709e+01 l_total: 2.6441e+02 
2026-05-22 19:07:49,319 INFO: [topki..][epoch: 79, iter:  53,360, lr:(2.033e-04,)][eta: 2:06:23, time (data): 0.487 (0.136)]l_bij: 9.0895e+01 l_orth: 9.5202e+01 l_diff: 3.3660e+01 l_align: 7.5482e+01 l_total: 2.9524e+02 
2026-05-22 19:07:58,652 INFO: [topki..][epoch: 79, iter:  53,380, lr:(2.033e-04,)][eta: 2:06:12, time (data): 0.484 (0.134)]l_bij: 6.2304e+01 l_orth: 7.2706e+01 l_diff: 3.1802e+01 l_align: 7.1816e+01 l_total: 2.3863e+02 
2026-05-22 19:08:08,156 INFO: [topki..][epoch: 79, iter:  53,400, lr:(2.033e-04,)][eta: 2:06:01, time (data): 0.482 (0.133)]l_bij: 7.2176e+01 l_orth: 8.2281e+01 l_diff: 2.3727e+01 l_align: 7.6304e+01 l_total: 2.5449e+02 
2026-05-22 19:08:19,747 INFO: [topki..][epoch: 80, iter:  53,420, lr:(1.944e-04,)][eta: 2:05:50, time (data): 0.495 (0.143)]l_bij: 5.1594e+01 l_orth: 6.4248e+01 l_diff: 2.2830e+01 l_align: 6.7309e+01 l_total: 2.0598e+02 
2026-05-22 19:08:29,598 INFO: [topki..][epoch: 80, iter:  53,440, lr:(1.944e-04,)][eta: 2:05:40, time (data): 0.495 (0.140)]l_bij: 6.8441e+01 l_orth: 7.9643e+01 l_diff: 2.6180e+01 l_align: 7.8818e+01 l_total: 2.5308e+02 
2026-05-22 19:08:39,480 INFO: [topki..][epoch: 80, iter:  53,460, lr:(1.944e-04,)][eta: 2:05:29, time (data): 0.495 (0.139)]l_bij: 5.8291e+01 l_orth: 7.1199e+01 l_diff: 2.7225e+01 l_align: 7.0149e+01 l_total: 2.2686e+02 
2026-05-22 19:08:48,902 INFO: [topki..][epoch: 80, iter:  53,480, lr:(1.944e-04,)][eta: 2:05:18, time (data): 0.474 (0.118)]l_bij: 5.2826e+01 l_orth: 6.8227e+01 l_diff: 3.0136e+01 l_align: 7.1646e+01 l_total: 2.2283e+02 
2026-05-22 19:08:57,849 INFO: [topki..][epoch: 80, iter:  53,500, lr:(1.944e-04,)][eta: 2:05:07, time (data): 0.458 (0.116)]l_bij: 4.0348e+01 l_orth: 6.1125e+01 l_diff: 3.0911e+01 l_align: 7.1243e+01 l_total: 2.0363e+02 
2026-05-22 19:09:07,347 INFO: [topki..][epoch: 80, iter:  53,520, lr:(1.944e-04,)][eta: 2:04:56, time (data): 0.464 (0.116)]l_bij: 6.5366e+01 l_orth: 7.4940e+01 l_diff: 2.2601e+01 l_align: 6.5859e+01 l_total: 2.2877e+02 
2026-05-22 19:09:17,400 INFO: [topki..][epoch: 80, iter:  53,540, lr:(1.944e-04,)][eta: 2:04:45, time (data): 0.475 (0.121)]l_bij: 7.4010e+01 l_orth: 8.3517e+01 l_diff: 2.4014e+01 l_align: 7.8130e+01 l_total: 2.5967e+02 
2026-05-22 19:09:27,752 INFO: [topki..][epoch: 80, iter:  53,560, lr:(1.944e-04,)][eta: 2:04:34, time (data): 0.484 (0.123)]l_bij: 6.9517e+01 l_orth: 8.0444e+01 l_diff: 2.6201e+01 l_align: 7.7260e+01 l_total: 2.5342e+02 
2026-05-22 19:09:36,894 INFO: [topki..][epoch: 80, iter:  53,580, lr:(1.944e-04,)][eta: 2:04:23, time (data): 0.479 (0.122)]l_bij: 5.3601e+01 l_orth: 6.6612e+01 l_diff: 3.2287e+01 l_align: 6.6016e+01 l_total: 2.1852e+02 
2026-05-22 19:09:46,456 INFO: [topki..][epoch: 80, iter:  53,600, lr:(1.944e-04,)][eta: 2:04:12, time (data): 0.479 (0.122)]l_bij: 7.4637e+01 l_orth: 8.5286e+01 l_diff: 2.8325e+01 l_align: 7.8542e+01 l_total: 2.6679e+02 
2026-05-22 19:09:56,040 INFO: [topki..][epoch: 80, iter:  53,620, lr:(1.944e-04,)][eta: 2:04:01, time (data): 0.479 (0.123)]l_bij: 5.5163e+01 l_orth: 6.6325e+01 l_diff: 2.4436e+01 l_align: 6.4849e+01 l_total: 2.1077e+02 
2026-05-22 19:10:06,022 INFO: [topki..][epoch: 80, iter:  53,640, lr:(1.944e-04,)][eta: 2:03:50, time (data): 0.481 (0.123)]l_bij: 6.9804e+01 l_orth: 8.1008e+01 l_diff: 3.0894e+01 l_align: 7.7723e+01 l_total: 2.5943e+02 
2026-05-22 19:10:15,593 INFO: [topki..][epoch: 80, iter:  53,660, lr:(1.944e-04,)][eta: 2:03:40, time (data): 0.481 (0.123)]l_bij: 3.2864e+01 l_orth: 4.9644e+01 l_diff: 2.3638e+01 l_align: 6.8136e+01 l_total: 1.7428e+02 
2026-05-22 19:10:25,605 INFO: [topki..][epoch: 80, iter:  53,680, lr:(1.944e-04,)][eta: 2:03:29, time (data): 0.503 (0.133)]l_bij: 8.5562e+01 l_orth: 9.3897e+01 l_diff: 2.6732e+01 l_align: 8.1593e+01 l_total: 2.8778e+02 
2026-05-22 19:10:34,965 INFO: [topki..][epoch: 80, iter:  53,700, lr:(1.944e-04,)][eta: 2:03:18, time (data): 0.482 (0.126)]l_bij: 7.4376e+01 l_orth: 8.4199e+01 l_diff: 3.1502e+01 l_align: 7.6077e+01 l_total: 2.6615e+02 
2026-05-22 19:10:44,450 INFO: [topki..][epoch: 80, iter:  53,720, lr:(1.944e-04,)][eta: 2:03:07, time (data): 0.479 (0.126)]l_bij: 8.6229e+01 l_orth: 9.4247e+01 l_diff: 2.6142e+01 l_align: 8.6241e+01 l_total: 2.9286e+02 
2026-05-22 19:10:54,447 INFO: [topki..][epoch: 80, iter:  53,740, lr:(1.944e-04,)][eta: 2:02:56, time (data): 0.485 (0.127)]l_bij: 4.9703e+01 l_orth: 6.2226e+01 l_diff: 2.3271e+01 l_align: 6.0076e+01 l_total: 1.9528e+02 
2026-05-22 19:11:04,404 INFO: [topki..][epoch: 80, iter:  53,760, lr:(1.944e-04,)][eta: 2:02:45, time (data): 0.487 (0.129)]l_bij: 4.9601e+01 l_orth: 6.1363e+01 l_diff: 2.5673e+01 l_align: 6.6559e+01 l_total: 2.0320e+02 
2026-05-22 19:11:13,804 INFO: [topki..][epoch: 80, iter:  53,780, lr:(1.944e-04,)][eta: 2:02:34, time (data): 0.484 (0.128)]l_bij: 6.6852e+01 l_orth: 7.6476e+01 l_diff: 2.4907e+01 l_align: 7.3028e+01 l_total: 2.4126e+02 
2026-05-22 19:11:22,497 INFO: [topki..][epoch: 80, iter:  53,800, lr:(1.944e-04,)][eta: 2:02:23, time (data): 0.477 (0.125)]l_bij: 7.3446e+01 l_orth: 8.3656e+01 l_diff: 3.1971e+01 l_align: 7.5345e+01 l_total: 2.6442e+02 
2026-05-22 19:11:32,036 INFO: [topki..][epoch: 80, iter:  53,820, lr:(1.944e-04,)][eta: 2:02:12, time (data): 0.477 (0.125)]l_bij: 4.8527e+01 l_orth: 6.3791e+01 l_diff: 2.3985e+01 l_align: 6.8228e+01 l_total: 2.0453e+02 
2026-05-22 19:11:41,605 INFO: [topki..][epoch: 80, iter:  53,840, lr:(1.944e-04,)][eta: 2:02:01, time (data): 0.477 (0.126)]l_bij: 5.5826e+01 l_orth: 6.9044e+01 l_diff: 2.2335e+01 l_align: 6.9805e+01 l_total: 2.1701e+02 
2026-05-22 19:11:50,971 INFO: [topki..][epoch: 80, iter:  53,860, lr:(1.944e-04,)][eta: 2:01:50, time (data): 0.476 (0.126)]l_bij: 4.6576e+01 l_orth: 6.2716e+01 l_diff: 2.3670e+01 l_align: 6.8869e+01 l_total: 2.0183e+02 
2026-05-22 19:12:00,269 INFO: [topki..][epoch: 80, iter:  53,880, lr:(1.944e-04,)][eta: 2:01:39, time (data): 0.456 (0.119)]l_bij: 7.0568e+01 l_orth: 8.1426e+01 l_diff: 2.3811e+01 l_align: 7.7296e+01 l_total: 2.5310e+02 
2026-05-22 19:12:09,982 INFO: [topki..][epoch: 80, iter:  53,900, lr:(1.944e-04,)][eta: 2:01:28, time (data): 0.474 (0.126)]l_bij: 5.2408e+01 l_orth: 6.5817e+01 l_diff: 2.2092e+01 l_align: 7.0114e+01 l_total: 2.1043e+02 
2026-05-22 19:12:19,106 INFO: [topki..][epoch: 80, iter:  53,920, lr:(1.944e-04,)][eta: 2:01:17, time (data): 0.467 (0.124)]l_bij: 7.5796e+01 l_orth: 8.8158e+01 l_diff: 2.9518e+01 l_align: 8.3854e+01 l_total: 2.7733e+02 
2026-05-22 19:12:28,684 INFO: [topki..][epoch: 80, iter:  53,940, lr:(1.944e-04,)][eta: 2:01:06, time (data): 0.471 (0.124)]l_bij: 8.1615e+01 l_orth: 8.8683e+01 l_diff: 2.6712e+01 l_align: 7.5362e+01 l_total: 2.7237e+02 
2026-05-22 19:12:38,688 INFO: [topki..][epoch: 80, iter:  53,960, lr:(1.944e-04,)][eta: 2:00:56, time (data): 0.477 (0.125)]l_bij: 4.2624e+01 l_orth: 5.6940e+01 l_diff: 2.6792e+01 l_align: 6.4043e+01 l_total: 1.9040e+02 
2026-05-22 19:12:48,382 INFO: [topki..][epoch: 80, iter:  53,980, lr:(1.944e-04,)][eta: 2:00:45, time (data): 0.478 (0.126)]l_bij: 6.0738e+01 l_orth: 7.3765e+01 l_diff: 2.4865e+01 l_align: 7.0125e+01 l_total: 2.2949e+02 
2026-05-22 19:12:57,748 INFO: [topki..][epoch: 80, iter:  54,000, lr:(1.944e-04,)][eta: 2:00:34, time (data): 0.477 (0.126)]l_bij: 7.5729e+01 l_orth: 8.3950e+01 l_diff: 3.4017e+01 l_align: 7.6138e+01 l_total: 2.6983e+02 
2026-05-22 19:13:07,212 INFO: [topki..][epoch: 80, iter:  54,020, lr:(1.944e-04,)][eta: 2:00:23, time (data): 0.476 (0.125)]l_bij: 6.2562e+01 l_orth: 7.4850e+01 l_diff: 2.7077e+01 l_align: 7.1860e+01 l_total: 2.3635e+02 
2026-05-22 19:13:17,033 INFO: [topki..][epoch: 80, iter:  54,040, lr:(1.944e-04,)][eta: 2:00:12, time (data): 0.478 (0.125)]l_bij: 9.2315e+01 l_orth: 9.8447e+01 l_diff: 3.1661e+01 l_align: 8.1254e+01 l_total: 3.0368e+02 
2026-05-22 19:13:26,478 INFO: [topki..][epoch: 80, iter:  54,060, lr:(1.944e-04,)][eta: 2:00:01, time (data): 0.477 (0.125)]l_bij: 9.5460e+01 l_orth: 9.9644e+01 l_diff: 2.7233e+01 l_align: 8.5094e+01 l_total: 3.0743e+02 
2026-05-22 19:13:35,864 INFO: [topki..][epoch: 80, iter:  54,080, lr:(1.944e-04,)][eta: 1:59:50, time (data): 0.477 (0.123)]l_bij: 4.7118e+01 l_orth: 6.3912e+01 l_diff: 2.2143e+01 l_align: 6.6195e+01 l_total: 1.9937e+02 
2026-05-22 19:13:47,694 INFO: [topki..][epoch: 81, iter:  54,100, lr:(1.859e-04,)][eta: 1:59:40, time (data): 0.551 (0.182)]l_bij: 6.0481e+01 l_orth: 7.2165e+01 l_diff: 2.7514e+01 l_align: 6.8374e+01 l_total: 2.2853e+02 
2026-05-22 19:13:56,247 INFO: [topki..][epoch: 81, iter:  54,120, lr:(1.859e-04,)][eta: 1:59:29, time (data): 0.502 (0.151)]l_bij: 5.0392e+01 l_orth: 6.4384e+01 l_diff: 2.3101e+01 l_align: 6.7600e+01 l_total: 2.0548e+02 
2026-05-22 19:14:06,192 INFO: [topki..][epoch: 81, iter:  54,140, lr:(1.859e-04,)][eta: 1:59:18, time (data): 0.501 (0.145)]l_bij: 4.6374e+01 l_orth: 6.0084e+01 l_diff: 2.7912e+01 l_align: 6.5089e+01 l_total: 1.9946e+02 
2026-05-22 19:14:15,841 INFO: [topki..][epoch: 81, iter:  54,160, lr:(1.859e-04,)][eta: 1:59:07, time (data): 0.497 (0.140)]l_bij: 5.5700e+01 l_orth: 6.7148e+01 l_diff: 2.7650e+01 l_align: 6.6078e+01 l_total: 2.1658e+02 
2026-05-22 19:14:25,545 INFO: [topki..][epoch: 81, iter:  54,180, lr:(1.859e-04,)][eta: 1:58:56, time (data): 0.495 (0.138)]l_bij: 6.0424e+01 l_orth: 7.2304e+01 l_diff: 3.1295e+01 l_align: 6.8401e+01 l_total: 2.3242e+02 
2026-05-22 19:14:35,261 INFO: [topki..][epoch: 81, iter:  54,200, lr:(1.859e-04,)][eta: 1:58:45, time (data): 0.493 (0.136)]l_bij: 8.2707e+01 l_orth: 8.9655e+01 l_diff: 2.6734e+01 l_align: 7.5308e+01 l_total: 2.7440e+02 
2026-05-22 19:14:44,810 INFO: [topki..][epoch: 81, iter:  54,220, lr:(1.859e-04,)][eta: 1:58:34, time (data): 0.491 (0.135)]l_bij: 6.2517e+01 l_orth: 7.1439e+01 l_diff: 2.4713e+01 l_align: 6.5264e+01 l_total: 2.2393e+02 
2026-05-22 19:14:54,229 INFO: [topki..][epoch: 81, iter:  54,240, lr:(1.859e-04,)][eta: 1:58:23, time (data): 0.489 (0.134)]l_bij: 5.8621e+01 l_orth: 7.0095e+01 l_diff: 2.4853e+01 l_align: 6.8276e+01 l_total: 2.2185e+02 
2026-05-22 19:15:04,179 INFO: [topki..][epoch: 81, iter:  54,260, lr:(1.859e-04,)][eta: 1:58:13, time (data): 0.490 (0.133)]l_bij: 3.9909e+01 l_orth: 5.6190e+01 l_diff: 2.3355e+01 l_align: 6.2751e+01 l_total: 1.8220e+02 
2026-05-22 19:15:14,045 INFO: [topki..][epoch: 81, iter:  54,280, lr:(1.859e-04,)][eta: 1:58:02, time (data): 0.485 (0.120)]l_bij: 3.3646e+01 l_orth: 4.9935e+01 l_diff: 2.4479e+01 l_align: 6.4205e+01 l_total: 1.7227e+02 
2026-05-22 19:15:22,849 INFO: [topki..][epoch: 81, iter:  54,300, lr:(1.859e-04,)][eta: 1:57:51, time (data): 0.455 (0.115)]l_bij: 6.4193e+01 l_orth: 7.5225e+01 l_diff: 3.2316e+01 l_align: 7.3231e+01 l_total: 2.4497e+02 
2026-05-22 19:15:32,529 INFO: [topki..][epoch: 81, iter:  54,320, lr:(1.859e-04,)][eta: 1:57:40, time (data): 0.467 (0.121)]l_bij: 5.9998e+01 l_orth: 7.2741e+01 l_diff: 2.7260e+01 l_align: 7.0688e+01 l_total: 2.3069e+02 
2026-05-22 19:15:42,041 INFO: [topki..][epoch: 81, iter:  54,340, lr:(1.859e-04,)][eta: 1:57:29, time (data): 0.469 (0.122)]l_bij: 5.9896e+01 l_orth: 7.1693e+01 l_diff: 2.3637e+01 l_align: 6.8666e+01 l_total: 2.2389e+02 
2026-05-22 19:15:51,972 INFO: [topki..][epoch: 81, iter:  54,360, lr:(1.859e-04,)][eta: 1:57:18, time (data): 0.475 (0.124)]l_bij: 4.8850e+01 l_orth: 6.2230e+01 l_diff: 2.3036e+01 l_align: 6.7513e+01 l_total: 2.0163e+02 
2026-05-22 19:16:02,049 INFO: [topki..][epoch: 81, iter:  54,380, lr:(1.859e-04,)][eta: 1:57:07, time (data): 0.480 (0.125)]l_bij: 3.6646e+01 l_orth: 5.4726e+01 l_diff: 2.4989e+01 l_align: 6.3208e+01 l_total: 1.7957e+02 
2026-05-22 19:16:11,406 INFO: [topki..][epoch: 81, iter:  54,400, lr:(1.859e-04,)][eta: 1:56:56, time (data): 0.478 (0.125)]l_bij: 7.2503e+01 l_orth: 8.3579e+01 l_diff: 3.1695e+01 l_align: 7.8157e+01 l_total: 2.6593e+02 
2026-05-22 19:16:20,996 INFO: [topki..][epoch: 81, iter:  54,420, lr:(1.859e-04,)][eta: 1:56:46, time (data): 0.479 (0.125)]l_bij: 6.3881e+01 l_orth: 7.4733e+01 l_diff: 2.6526e+01 l_align: 6.8739e+01 l_total: 2.3388e+02 
2026-05-22 19:16:30,441 INFO: [topki..][epoch: 81, iter:  54,440, lr:(1.859e-04,)][eta: 1:56:35, time (data): 0.478 (0.125)]l_bij: 7.4144e+01 l_orth: 8.4081e+01 l_diff: 2.7909e+01 l_align: 7.6946e+01 l_total: 2.6308e+02 
2026-05-22 19:16:39,847 INFO: [topki..][epoch: 81, iter:  54,460, lr:(1.859e-04,)][eta: 1:56:24, time (data): 0.477 (0.125)]l_bij: 8.6615e+01 l_orth: 9.2649e+01 l_diff: 3.1051e+01 l_align: 8.3051e+01 l_total: 2.9337e+02 
2026-05-22 19:16:49,453 INFO: [topki..][epoch: 81, iter:  54,480, lr:(1.859e-04,)][eta: 1:56:13, time (data): 0.477 (0.126)]l_bij: 7.1470e+01 l_orth: 8.1189e+01 l_diff: 2.5640e+01 l_align: 7.6742e+01 l_total: 2.5504e+02 
2026-05-22 19:16:58,943 INFO: [topki..][epoch: 81, iter:  54,500, lr:(1.859e-04,)][eta: 1:56:02, time (data): 0.475 (0.126)]l_bij: 3.2381e+01 l_orth: 5.2526e+01 l_diff: 2.8903e+01 l_align: 6.9911e+01 l_total: 1.8372e+02 
2026-05-22 19:17:08,599 INFO: [topki..][epoch: 81, iter:  54,520, lr:(1.859e-04,)][eta: 1:55:51, time (data): 0.478 (0.126)]l_bij: 7.4775e+01 l_orth: 8.3817e+01 l_diff: 3.0885e+01 l_align: 7.7026e+01 l_total: 2.6650e+02 
2026-05-22 19:17:18,367 INFO: [topki..][epoch: 81, iter:  54,540, lr:(1.859e-04,)][eta: 1:55:40, time (data): 0.481 (0.128)]l_bij: 1.2567e+00 l_orth: 3.5365e+01 l_diff: 2.1484e+01 l_align: 8.4184e+01 l_total: 1.4229e+02 
2026-05-22 19:17:27,612 INFO: [topki..][epoch: 81, iter:  54,560, lr:(1.859e-04,)][eta: 1:55:29, time (data): 0.477 (0.126)]l_bij: 6.3990e+01 l_orth: 7.5120e+01 l_diff: 2.8480e+01 l_align: 6.8830e+01 l_total: 2.3642e+02 
2026-05-22 19:17:37,259 INFO: [topki..][epoch: 81, iter:  54,580, lr:(1.859e-04,)][eta: 1:55:18, time (data): 0.478 (0.126)]l_bij: 6.0631e+01 l_orth: 7.6010e+01 l_diff: 2.0829e+01 l_align: 7.5938e+01 l_total: 2.3341e+02 
2026-05-22 19:17:46,839 INFO: [topki..][epoch: 81, iter:  54,600, lr:(1.859e-04,)][eta: 1:55:07, time (data): 0.478 (0.126)]l_bij: 6.4460e+01 l_orth: 7.5268e+01 l_diff: 2.0670e+01 l_align: 7.1740e+01 l_total: 2.3214e+02 
2026-05-22 19:17:56,528 INFO: [topki..][epoch: 81, iter:  54,620, lr:(1.859e-04,)][eta: 1:54:57, time (data): 0.479 (0.126)]l_bij: 6.1871e+01 l_orth: 7.1675e+01 l_diff: 2.5390e+01 l_align: 6.6707e+01 l_total: 2.2564e+02 
2026-05-22 19:18:05,829 INFO: [topki..][epoch: 81, iter:  54,640, lr:(1.859e-04,)][eta: 1:54:46, time (data): 0.477 (0.126)]l_bij: 9.3352e+01 l_orth: 9.8929e+01 l_diff: 3.0072e+01 l_align: 7.8195e+01 l_total: 3.0055e+02 
2026-05-22 19:18:15,838 INFO: [topki..][epoch: 81, iter:  54,660, lr:(1.859e-04,)][eta: 1:54:35, time (data): 0.480 (0.126)]l_bij: 6.5729e+01 l_orth: 7.7944e+01 l_diff: 2.7525e+01 l_align: 7.4851e+01 l_total: 2.4605e+02 
2026-05-22 19:18:25,112 INFO: [topki..][epoch: 81, iter:  54,680, lr:(1.859e-04,)][eta: 1:54:24, time (data): 0.477 (0.122)]l_bij: 8.1315e+01 l_orth: 9.1754e+01 l_diff: 3.2962e+01 l_align: 8.5810e+01 l_total: 2.9184e+02 
2026-05-22 19:18:34,709 INFO: [topki..][epoch: 81, iter:  54,700, lr:(1.859e-04,)][eta: 1:54:13, time (data): 0.479 (0.127)]l_bij: 4.0869e+01 l_orth: 5.7213e+01 l_diff: 2.1993e+01 l_align: 6.6398e+01 l_total: 1.8647e+02 
2026-05-22 19:18:43,714 INFO: [topki..][epoch: 81, iter:  54,720, lr:(1.859e-04,)][eta: 1:54:02, time (data): 0.467 (0.122)]l_bij: 6.2871e+01 l_orth: 7.3778e+01 l_diff: 3.0338e+01 l_align: 6.9221e+01 l_total: 2.3621e+02 
2026-05-22 19:18:51,745 INFO: [topki..][epoch: 81, iter:  54,740, lr:(1.859e-04,)][eta: 1:53:51, time (data): 0.448 (0.115)]l_bij: 9.4371e-01 l_orth: 2.8915e+01 l_diff: 1.9248e+01 l_align: 7.0115e+01 l_total: 1.1922e+02 
2026-05-22 19:19:02,420 INFO: [topki..][epoch: 82, iter:  54,760, lr:(1.778e-04,)][eta: 1:53:40, time (data): 0.467 (0.135)]l_bij: 3.4451e+01 l_orth: 5.4829e+01 l_diff: 2.5784e+01 l_align: 6.6730e+01 l_total: 1.8179e+02 
2026-05-22 19:19:11,632 INFO: [topki..][epoch: 82, iter:  54,780, lr:(1.778e-04,)][eta: 1:53:29, time (data): 0.466 (0.131)]l_bij: 5.6314e+01 l_orth: 6.8337e+01 l_diff: 2.3664e+01 l_align: 6.8842e+01 l_total: 2.1716e+02 
2026-05-22 19:19:20,956 INFO: [topki..][epoch: 82, iter:  54,800, lr:(1.778e-04,)][eta: 1:53:18, time (data): 0.466 (0.129)]l_bij: 6.2544e+01 l_orth: 7.3492e+01 l_diff: 2.6892e+01 l_align: 6.7376e+01 l_total: 2.3030e+02 
2026-05-22 19:19:30,606 INFO: [topki..][epoch: 82, iter:  54,820, lr:(1.778e-04,)][eta: 1:53:07, time (data): 0.468 (0.129)]l_bij: 7.3929e+01 l_orth: 8.1904e+01 l_diff: 2.3560e+01 l_align: 7.4184e+01 l_total: 2.5358e+02 
2026-05-22 19:19:39,877 INFO: [topki..][epoch: 82, iter:  54,840, lr:(1.778e-04,)][eta: 1:52:57, time (data): 0.468 (0.128)]l_bij: 6.0328e+01 l_orth: 7.2401e+01 l_diff: 2.4667e+01 l_align: 6.9236e+01 l_total: 2.2663e+02 
2026-05-22 19:19:49,727 INFO: [topki..][epoch: 82, iter:  54,860, lr:(1.778e-04,)][eta: 1:52:46, time (data): 0.470 (0.128)]l_bij: 5.7673e+01 l_orth: 7.1729e+01 l_diff: 2.7896e+01 l_align: 7.0988e+01 l_total: 2.2829e+02 
2026-05-22 19:19:59,257 INFO: [topki..][epoch: 82, iter:  54,880, lr:(1.778e-04,)][eta: 1:52:35, time (data): 0.487 (0.142)]l_bij: 5.4346e+01 l_orth: 6.6595e+01 l_diff: 2.3039e+01 l_align: 6.4842e+01 l_total: 2.0882e+02 
2026-05-22 19:20:08,854 INFO: [topki..][epoch: 82, iter:  54,900, lr:(1.778e-04,)][eta: 1:52:24, time (data): 0.482 (0.131)]l_bij: 8.2858e+01 l_orth: 8.9375e+01 l_diff: 2.6106e+01 l_align: 7.2693e+01 l_total: 2.7103e+02 
2026-05-22 19:20:18,268 INFO: [topki..][epoch: 82, iter:  54,920, lr:(1.778e-04,)][eta: 1:52:13, time (data): 0.477 (0.128)]l_bij: 4.6211e+01 l_orth: 5.8872e+01 l_diff: 2.1300e+01 l_align: 6.4176e+01 l_total: 1.9056e+02 
2026-05-22 19:20:28,017 INFO: [topki..][epoch: 82, iter:  54,940, lr:(1.778e-04,)][eta: 1:52:02, time (data): 0.480 (0.129)]l_bij: 5.7505e+01 l_orth: 6.9563e+01 l_diff: 2.3872e+01 l_align: 7.0663e+01 l_total: 2.2160e+02 
2026-05-22 19:20:37,629 INFO: [topki..][epoch: 82, iter:  54,960, lr:(1.778e-04,)][eta: 1:51:51, time (data): 0.480 (0.129)]l_bij: 5.0796e+01 l_orth: 6.3208e+01 l_diff: 2.7126e+01 l_align: 6.0704e+01 l_total: 2.0183e+02 
2026-05-22 19:20:47,419 INFO: [topki..][epoch: 82, iter:  54,980, lr:(1.778e-04,)][eta: 1:51:41, time (data): 0.482 (0.128)]l_bij: 5.8417e+01 l_orth: 7.4632e+01 l_diff: 2.2692e+01 l_align: 7.8347e+01 l_total: 2.3409e+02 
2026-05-22 19:20:56,971 INFO: [topki..][epoch: 82, iter:  55,000, lr:(1.778e-04,)][eta: 1:51:30, time (data): 0.481 (0.127)]l_bij: 6.0241e+01 l_orth: 7.5060e+01 l_diff: 3.1031e+01 l_align: 7.6479e+01 l_total: 2.4281e+02 
2026-05-22 19:21:06,652 INFO: [topki..][epoch: 82, iter:  55,020, lr:(1.778e-04,)][eta: 1:51:19, time (data): 0.482 (0.127)]l_bij: 8.2241e+01 l_orth: 9.0639e+01 l_diff: 2.5685e+01 l_align: 7.7023e+01 l_total: 2.7559e+02 
2026-05-22 19:21:16,173 INFO: [topki..][epoch: 82, iter:  55,040, lr:(1.778e-04,)][eta: 1:51:08, time (data): 0.481 (0.127)]l_bij: 3.1433e+01 l_orth: 4.8870e+01 l_diff: 2.0263e+01 l_align: 6.2721e+01 l_total: 1.6329e+02 
2026-05-22 19:21:25,794 INFO: [topki..][epoch: 82, iter:  55,060, lr:(1.778e-04,)][eta: 1:50:57, time (data): 0.481 (0.127)]l_bij: 5.6465e+01 l_orth: 6.7736e+01 l_diff: 2.2425e+01 l_align: 6.7504e+01 l_total: 2.1413e+02 
2026-05-22 19:21:35,291 INFO: [topki..][epoch: 82, iter:  55,080, lr:(1.778e-04,)][eta: 1:50:46, time (data): 0.441 (0.114)]l_bij: 5.5273e+01 l_orth: 6.7031e+01 l_diff: 2.4200e+01 l_align: 6.7632e+01 l_total: 2.1414e+02 
2026-05-22 19:21:45,101 INFO: [topki..][epoch: 82, iter:  55,100, lr:(1.778e-04,)][eta: 1:50:36, time (data): 0.479 (0.127)]l_bij: 6.5493e+01 l_orth: 7.6718e+01 l_diff: 2.4415e+01 l_align: 7.2110e+01 l_total: 2.3874e+02 
2026-05-22 19:21:54,859 INFO: [topki..][epoch: 82, iter:  55,120, lr:(1.778e-04,)][eta: 1:50:25, time (data): 0.483 (0.128)]l_bij: 4.8996e+01 l_orth: 6.2170e+01 l_diff: 2.3446e+01 l_align: 6.5292e+01 l_total: 1.9990e+02 
2026-05-22 19:22:04,711 INFO: [topki..][epoch: 82, iter:  55,140, lr:(1.778e-04,)][eta: 1:50:14, time (data): 0.486 (0.129)]l_bij: 9.3817e+01 l_orth: 1.0030e+02 l_diff: 3.5649e+01 l_align: 8.6344e+01 l_total: 3.1611e+02 
2026-05-22 19:22:14,228 INFO: [topki..][epoch: 82, iter:  55,160, lr:(1.778e-04,)][eta: 1:50:03, time (data): 0.483 (0.128)]l_bij: 6.7764e+01 l_orth: 7.8069e+01 l_diff: 2.6193e+01 l_align: 7.3675e+01 l_total: 2.4570e+02 
2026-05-22 19:22:23,937 INFO: [topki..][epoch: 82, iter:  55,180, lr:(1.778e-04,)][eta: 1:49:52, time (data): 0.484 (0.127)]l_bij: 7.0518e+01 l_orth: 8.0607e+01 l_diff: 2.8504e+01 l_align: 7.1597e+01 l_total: 2.5123e+02 
2026-05-22 19:22:33,831 INFO: [topki..][epoch: 82, iter:  55,200, lr:(1.778e-04,)][eta: 1:49:41, time (data): 0.485 (0.128)]l_bij: 9.3972e+01 l_orth: 9.9500e+01 l_diff: 3.3840e+01 l_align: 8.6689e+01 l_total: 3.1400e+02 
2026-05-22 19:22:43,219 INFO: [topki..][epoch: 82, iter:  55,220, lr:(1.778e-04,)][eta: 1:49:31, time (data): 0.483 (0.127)]l_bij: 6.5919e+01 l_orth: 7.6380e+01 l_diff: 2.5797e+01 l_align: 7.0776e+01 l_total: 2.3887e+02 
2026-05-22 19:22:52,774 INFO: [topki..][epoch: 82, iter:  55,240, lr:(1.778e-04,)][eta: 1:49:20, time (data): 0.483 (0.127)]l_bij: 8.1179e+01 l_orth: 8.9742e+01 l_diff: 3.0585e+01 l_align: 7.9182e+01 l_total: 2.8069e+02 
2026-05-22 19:23:02,113 INFO: [topki..][epoch: 82, iter:  55,260, lr:(1.778e-04,)][eta: 1:49:09, time (data): 0.481 (0.127)]l_bij: 7.4926e+01 l_orth: 9.0468e+01 l_diff: 2.8180e+01 l_align: 9.1566e+01 l_total: 2.8514e+02 
2026-05-22 19:23:11,660 INFO: [topki..][epoch: 82, iter:  55,280, lr:(1.778e-04,)][eta: 1:48:58, time (data): 0.514 (0.132)]l_bij: 3.5543e+01 l_orth: 5.2197e+01 l_diff: 2.3943e+01 l_align: 6.3082e+01 l_total: 1.7477e+02 
2026-05-22 19:23:21,915 INFO: [topki..][epoch: 82, iter:  55,300, lr:(1.778e-04,)][eta: 1:48:47, time (data): 0.513 (0.133)]l_bij: 4.1577e+01 l_orth: 5.7796e+01 l_diff: 2.2683e+01 l_align: 6.5827e+01 l_total: 1.8788e+02 
2026-05-22 19:23:31,317 INFO: [topki..][epoch: 82, iter:  55,320, lr:(1.778e-04,)][eta: 1:48:36, time (data): 0.494 (0.132)]l_bij: 8.1592e+01 l_orth: 8.9359e+01 l_diff: 2.8683e+01 l_align: 7.4243e+01 l_total: 2.7388e+02 
2026-05-22 19:23:41,231 INFO: [topki..][epoch: 82, iter:  55,340, lr:(1.778e-04,)][eta: 1:48:26, time (data): 0.494 (0.132)]l_bij: 4.9246e+01 l_orth: 6.4597e+01 l_diff: 2.4369e+01 l_align: 6.7690e+01 l_total: 2.0590e+02 
2026-05-22 19:23:51,102 INFO: [topki..][epoch: 82, iter:  55,360, lr:(1.778e-04,)][eta: 1:48:15, time (data): 0.494 (0.131)]l_bij: 6.8412e+01 l_orth: 8.0562e+01 l_diff: 2.2485e+01 l_align: 7.9249e+01 l_total: 2.5071e+02 
2026-05-22 19:24:00,944 INFO: [topki..][epoch: 82, iter:  55,380, lr:(1.778e-04,)][eta: 1:48:04, time (data): 0.494 (0.131)]l_bij: 7.4600e+01 l_orth: 8.3097e+01 l_diff: 3.3109e+01 l_align: 7.5084e+01 l_total: 2.6589e+02 
2026-05-22 19:24:10,573 INFO: [topki..][epoch: 82, iter:  55,400, lr:(1.778e-04,)][eta: 1:47:53, time (data): 0.492 (0.131)]l_bij: 8.4426e+01 l_orth: 9.0094e+01 l_diff: 2.8640e+01 l_align: 7.6778e+01 l_total: 2.7994e+02 
2026-05-22 19:24:20,031 INFO: [topki..][epoch: 82, iter:  55,420, lr:(1.778e-04,)][eta: 1:47:42, time (data): 0.489 (0.130)]l_bij: 5.3640e+01 l_orth: 6.6828e+01 l_diff: 2.0586e+01 l_align: 7.0749e+01 l_total: 2.1180e+02 
2026-05-22 19:24:31,821 INFO: [topki..][epoch: 83, iter:  55,440, lr:(1.701e-04,)][eta: 1:47:32, time (data): 0.501 (0.141)]l_bij: 4.3247e+01 l_orth: 5.9429e+01 l_diff: 3.0614e+01 l_align: 6.9055e+01 l_total: 2.0234e+02 
2026-05-22 19:24:40,587 INFO: [topki..][epoch: 83, iter:  55,460, lr:(1.701e-04,)][eta: 1:47:21, time (data): 0.495 (0.137)]l_bij: 8.0969e+01 l_orth: 9.1874e+01 l_diff: 2.4641e+01 l_align: 7.8989e+01 l_total: 2.7647e+02 
2026-05-22 19:24:50,048 INFO: [topki..][epoch: 83, iter:  55,480, lr:(1.701e-04,)][eta: 1:47:10, time (data): 0.465 (0.118)]l_bij: 6.1102e+01 l_orth: 7.5453e+01 l_diff: 2.5825e+01 l_align: 7.1962e+01 l_total: 2.3434e+02 
2026-05-22 19:24:59,704 INFO: [topki..][epoch: 83, iter:  55,500, lr:(1.701e-04,)][eta: 1:46:59, time (data): 0.480 (0.123)]l_bij: 6.1523e+01 l_orth: 7.0320e+01 l_diff: 2.4711e+01 l_align: 6.2157e+01 l_total: 2.1871e+02 
2026-05-22 19:25:09,254 INFO: [topki..][epoch: 83, iter:  55,520, lr:(1.701e-04,)][eta: 1:46:48, time (data): 0.479 (0.125)]l_bij: 8.1399e+01 l_orth: 8.8569e+01 l_diff: 3.3310e+01 l_align: 7.6217e+01 l_total: 2.7949e+02 
2026-05-22 19:25:18,935 INFO: [topki..][epoch: 83, iter:  55,540, lr:(1.701e-04,)][eta: 1:46:38, time (data): 0.480 (0.126)]l_bij: 6.6920e+01 l_orth: 7.8786e+01 l_diff: 2.8774e+01 l_align: 7.5630e+01 l_total: 2.5011e+02 
2026-05-22 19:25:28,065 INFO: [topki..][epoch: 83, iter:  55,560, lr:(1.701e-04,)][eta: 1:46:27, time (data): 0.475 (0.124)]l_bij: 5.3092e+01 l_orth: 6.5739e+01 l_diff: 2.2475e+01 l_align: 6.4204e+01 l_total: 2.0551e+02 
2026-05-22 19:25:37,824 INFO: [topki..][epoch: 83, iter:  55,580, lr:(1.701e-04,)][eta: 1:46:16, time (data): 0.477 (0.124)]l_bij: 3.3584e+01 l_orth: 5.2669e+01 l_diff: 2.4945e+01 l_align: 6.6815e+01 l_total: 1.7801e+02 
2026-05-22 19:25:47,974 INFO: [topki..][epoch: 83, iter:  55,600, lr:(1.701e-04,)][eta: 1:46:05, time (data): 0.482 (0.125)]l_bij: 5.4539e+01 l_orth: 6.6315e+01 l_diff: 2.2634e+01 l_align: 6.7846e+01 l_total: 2.1133e+02 
2026-05-22 19:25:57,562 INFO: [topki..][epoch: 83, iter:  55,620, lr:(1.701e-04,)][eta: 1:45:54, time (data): 0.482 (0.126)]l_bij: 5.4894e+01 l_orth: 6.5932e+01 l_diff: 3.1771e+01 l_align: 6.3017e+01 l_total: 2.1561e+02 
2026-05-22 19:26:07,247 INFO: [topki..][epoch: 83, iter:  55,640, lr:(1.701e-04,)][eta: 1:45:44, time (data): 0.482 (0.126)]l_bij: 3.9157e+01 l_orth: 5.4780e+01 l_diff: 2.1895e+01 l_align: 6.6437e+01 l_total: 1.8227e+02 
2026-05-22 19:26:16,637 INFO: [topki..][epoch: 83, iter:  55,660, lr:(1.701e-04,)][eta: 1:45:33, time (data): 0.481 (0.126)]l_bij: 5.5749e+01 l_orth: 6.6991e+01 l_diff: 3.2229e+01 l_align: 6.8395e+01 l_total: 2.2336e+02 
2026-05-22 19:26:26,229 INFO: [topki..][epoch: 83, iter:  55,680, lr:(1.701e-04,)][eta: 1:45:22, time (data): 0.482 (0.129)]l_bij: 4.8078e+01 l_orth: 6.0777e+01 l_diff: 2.7719e+01 l_align: 6.7953e+01 l_total: 2.0453e+02 
2026-05-22 19:26:35,304 INFO: [topki..][epoch: 83, iter:  55,700, lr:(1.701e-04,)][eta: 1:45:11, time (data): 0.457 (0.121)]l_bij: 6.4936e+01 l_orth: 7.5479e+01 l_diff: 2.6179e+01 l_align: 7.1858e+01 l_total: 2.3845e+02 
2026-05-22 19:26:45,337 INFO: [topki..][epoch: 83, iter:  55,720, lr:(1.701e-04,)][eta: 1:45:00, time (data): 0.478 (0.124)]l_bij: 4.6521e+01 l_orth: 6.3532e+01 l_diff: 2.7917e+01 l_align: 6.7834e+01 l_total: 2.0580e+02 
2026-05-22 19:26:55,833 INFO: [topki..][epoch: 83, iter:  55,740, lr:(1.701e-04,)][eta: 1:44:50, time (data): 0.493 (0.125)]l_bij: 7.8561e+01 l_orth: 8.6982e+01 l_diff: 2.8513e+01 l_align: 8.0607e+01 l_total: 2.7466e+02 
2026-05-22 19:27:06,330 INFO: [topki..][epoch: 83, iter:  55,760, lr:(1.701e-04,)][eta: 1:44:39, time (data): 0.500 (0.128)]l_bij: 5.0853e+01 l_orth: 6.6242e+01 l_diff: 2.4002e+01 l_align: 6.9470e+01 l_total: 2.1057e+02 
2026-05-22 19:27:16,399 INFO: [topki..][epoch: 83, iter:  55,780, lr:(1.701e-04,)][eta: 1:44:28, time (data): 0.501 (0.129)]l_bij: 7.5252e+01 l_orth: 8.3773e+01 l_diff: 3.1227e+01 l_align: 7.7640e+01 l_total: 2.6789e+02 
2026-05-22 19:27:26,927 INFO: [topki..][epoch: 83, iter:  55,800, lr:(1.701e-04,)][eta: 1:44:18, time (data): 0.505 (0.131)]l_bij: 9.1186e+01 l_orth: 9.9204e+01 l_diff: 3.0813e+01 l_align: 8.8913e+01 l_total: 3.1012e+02 
2026-05-22 19:27:37,480 INFO: [topki..][epoch: 83, iter:  55,820, lr:(1.701e-04,)][eta: 1:44:07, time (data): 0.508 (0.132)]l_bij: 8.4465e+01 l_orth: 9.3044e+01 l_diff: 2.5995e+01 l_align: 8.1653e+01 l_total: 2.8516e+02 
2026-05-22 19:27:47,995 INFO: [topki..][epoch: 83, iter:  55,840, lr:(1.701e-04,)][eta: 1:43:56, time (data): 0.510 (0.132)]l_bij: 8.0315e+01 l_orth: 9.2903e+01 l_diff: 2.8351e+01 l_align: 9.0796e+01 l_total: 2.9237e+02 
2026-05-22 19:27:58,814 INFO: [topki..][epoch: 83, iter:  55,860, lr:(1.701e-04,)][eta: 1:43:46, time (data): 0.514 (0.133)]l_bij: 7.1711e+01 l_orth: 8.2070e+01 l_diff: 2.6196e+01 l_align: 7.6525e+01 l_total: 2.5650e+02 
2026-05-22 19:28:09,257 INFO: [topki..][epoch: 83, iter:  55,880, lr:(1.701e-04,)][eta: 1:43:35, time (data): 0.645 (0.182)]l_bij: 4.1770e+01 l_orth: 5.6320e+01 l_diff: 2.0668e+01 l_align: 6.0486e+01 l_total: 1.7924e+02 
2026-05-22 19:28:20,252 INFO: [topki..][epoch: 83, iter:  55,900, lr:(1.701e-04,)][eta: 1:43:25, time (data): 0.558 (0.148)]l_bij: 3.8889e+01 l_orth: 5.6159e+01 l_diff: 2.7619e+01 l_align: 6.7253e+01 l_total: 1.8992e+02 
2026-05-22 19:28:30,990 INFO: [topki..][epoch: 83, iter:  55,920, lr:(1.701e-04,)][eta: 1:43:14, time (data): 0.548 (0.142)]l_bij: 4.3599e+01 l_orth: 5.7781e+01 l_diff: 2.3305e+01 l_align: 6.4873e+01 l_total: 1.8956e+02 
2026-05-22 19:28:41,179 INFO: [topki..][epoch: 83, iter:  55,940, lr:(1.701e-04,)][eta: 1:43:03, time (data): 0.536 (0.140)]l_bij: 6.4110e+01 l_orth: 7.3299e+01 l_diff: 2.6600e+01 l_align: 6.5826e+01 l_total: 2.2984e+02 
2026-05-22 19:28:52,013 INFO: [topki..][epoch: 83, iter:  55,960, lr:(1.701e-04,)][eta: 1:42:53, time (data): 0.537 (0.139)]l_bij: 5.0456e+01 l_orth: 6.5484e+01 l_diff: 2.2684e+01 l_align: 6.6940e+01 l_total: 2.0556e+02 
2026-05-22 19:29:02,522 INFO: [topki..][epoch: 83, iter:  55,980, lr:(1.701e-04,)][eta: 1:42:42, time (data): 0.535 (0.140)]l_bij: 5.8780e+01 l_orth: 7.2979e+01 l_diff: 2.6083e+01 l_align: 7.1240e+01 l_total: 2.2908e+02 
2026-05-22 19:29:13,761 INFO: [topki..][epoch: 83, iter:  56,000, lr:(1.701e-04,)][eta: 1:42:32, time (data): 0.539 (0.140)]l_bij: 6.9245e+01 l_orth: 7.9189e+01 l_diff: 2.3510e+01 l_align: 7.7336e+01 l_total: 2.4928e+02 
2026-05-22 19:29:13,762 INFO: Saving models and training states.
2026-05-22 19:29:13,784 INFO: Start validation.
2026-05-22 19:30:23,643 INFO: Avg time: 0.1760
2026-05-22 19:30:23,752 INFO: Val auc: 0.6891
2026-05-22 19:30:23,762 INFO: Val avg error: 0.0609
2026-05-22 19:30:35,184 INFO: [topki..][epoch: 83, iter:  56,020, lr:(1.701e-04,)][eta: 1:42:36, time (data): 0.541 (0.139)]l_bij: 4.6963e+01 l_orth: 6.1011e+01 l_diff: 2.1959e+01 l_align: 6.4294e+01 l_total: 1.9423e+02 
2026-05-22 19:30:46,482 INFO: [topki..][epoch: 83, iter:  56,040, lr:(1.701e-04,)][eta: 1:42:25, time (data): 0.544 (0.141)]l_bij: 8.3208e+01 l_orth: 9.0113e+01 l_diff: 2.8150e+01 l_align: 8.1557e+01 l_total: 2.8303e+02 
2026-05-22 19:30:57,657 INFO: [topki..][epoch: 83, iter:  56,060, lr:(1.701e-04,)][eta: 1:42:15, time (data): 0.546 (0.141)]l_bij: 5.9343e+01 l_orth: 7.1483e+01 l_diff: 2.5137e+01 l_align: 6.9854e+01 l_total: 2.2582e+02 
2026-05-22 19:31:08,699 INFO: [topki..][epoch: 83, iter:  56,080, lr:(1.701e-04,)][eta: 1:42:04, time (data): 0.555 (0.110)]l_bij: 5.6591e+01 l_orth: 6.6828e+01 l_diff: 2.5292e+01 l_align: 6.5011e+01 l_total: 2.1372e+02 
2026-05-22 19:31:19,258 INFO: [topki..][epoch: 83, iter:  56,100, lr:(1.701e-04,)][eta: 1:41:53, time (data): 0.529 (0.134)]l_bij: 5.0316e+01 l_orth: 6.3660e+01 l_diff: 2.4754e+01 l_align: 6.7667e+01 l_total: 2.0640e+02 
2026-05-22 19:31:31,548 INFO: [topki..][epoch: 84, iter:  56,120, lr:(1.627e-04,)][eta: 1:41:43, time (data): 0.571 (0.177)]l_bij: 8.4729e+01 l_orth: 9.1698e+01 l_diff: 2.7705e+01 l_align: 8.4477e+01 l_total: 2.8861e+02 
2026-05-22 19:31:41,289 INFO: [topki..][epoch: 84, iter:  56,140, lr:(1.627e-04,)][eta: 1:41:32, time (data): 0.543 (0.158)]l_bij: 6.1435e+01 l_orth: 7.3905e+01 l_diff: 2.6386e+01 l_align: 7.4901e+01 l_total: 2.3663e+02 
2026-05-22 19:31:52,227 INFO: [topki..][epoch: 84, iter:  56,160, lr:(1.627e-04,)][eta: 1:41:22, time (data): 0.544 (0.155)]l_bij: 8.6119e+01 l_orth: 9.0970e+01 l_diff: 3.8197e+01 l_align: 7.4599e+01 l_total: 2.8989e+02 
2026-05-22 19:32:03,204 INFO: [topki..][epoch: 84, iter:  56,180, lr:(1.627e-04,)][eta: 1:41:11, time (data): 0.545 (0.153)]l_bij: 6.1271e+01 l_orth: 7.2205e+01 l_diff: 2.2351e+01 l_align: 6.9639e+01 l_total: 2.2547e+02 
2026-05-22 19:32:13,561 INFO: [topki..][epoch: 84, iter:  56,200, lr:(1.627e-04,)][eta: 1:41:01, time (data): 0.541 (0.151)]l_bij: 7.3734e+01 l_orth: 8.2426e+01 l_diff: 2.9109e+01 l_align: 7.5738e+01 l_total: 2.6101e+02 
2026-05-22 19:32:24,230 INFO: [topki..][epoch: 84, iter:  56,220, lr:(1.627e-04,)][eta: 1:40:50, time (data): 0.540 (0.148)]l_bij: 6.6651e+01 l_orth: 7.6654e+01 l_diff: 3.1101e+01 l_align: 6.8806e+01 l_total: 2.4321e+02 
2026-05-22 19:32:35,379 INFO: [topki..][epoch: 84, iter:  56,240, lr:(1.627e-04,)][eta: 1:40:39, time (data): 0.542 (0.148)]l_bij: 3.4793e+01 l_orth: 5.3696e+01 l_diff: 2.2752e+01 l_align: 6.8242e+01 l_total: 1.7948e+02 
2026-05-22 19:32:46,058 INFO: [topki..][epoch: 84, iter:  56,260, lr:(1.627e-04,)][eta: 1:40:29, time (data): 0.541 (0.147)]l_bij: 6.0942e+01 l_orth: 7.2194e+01 l_diff: 3.3122e+01 l_align: 6.7695e+01 l_total: 2.3395e+02 
2026-05-22 19:32:57,529 INFO: [topki..][epoch: 84, iter:  56,280, lr:(1.627e-04,)][eta: 1:40:18, time (data): 0.544 (0.149)]l_bij: 7.6604e+01 l_orth: 8.3799e+01 l_diff: 2.7635e+01 l_align: 7.6944e+01 l_total: 2.6498e+02 
2026-05-22 19:33:08,740 INFO: [topki..][epoch: 84, iter:  56,300, lr:(1.627e-04,)][eta: 1:40:08, time (data): 0.560 (0.149)]l_bij: 8.1126e+01 l_orth: 9.0698e+01 l_diff: 2.7533e+01 l_align: 8.1871e+01 l_total: 2.8123e+02 
2026-05-22 19:33:19,925 INFO: [topki..][epoch: 84, iter:  56,320, lr:(1.627e-04,)][eta: 1:39:57, time (data): 0.560 (0.147)]l_bij: 7.0681e+01 l_orth: 8.3675e+01 l_diff: 3.3649e+01 l_align: 7.8629e+01 l_total: 2.6663e+02 
2026-05-22 19:33:30,682 INFO: [topki..][epoch: 84, iter:  56,340, lr:(1.627e-04,)][eta: 1:39:47, time (data): 0.552 (0.144)]l_bij: 4.7095e+01 l_orth: 6.4233e+01 l_diff: 2.6471e+01 l_align: 6.7565e+01 l_total: 2.0536e+02 
2026-05-22 19:33:41,401 INFO: [topki..][epoch: 84, iter:  56,360, lr:(1.627e-04,)][eta: 1:39:36, time (data): 0.548 (0.143)]l_bij: 3.7787e+01 l_orth: 5.4871e+01 l_diff: 2.4281e+01 l_align: 6.8152e+01 l_total: 1.8509e+02 
2026-05-22 19:33:52,761 INFO: [topki..][epoch: 84, iter:  56,380, lr:(1.627e-04,)][eta: 1:39:26, time (data): 0.552 (0.143)]l_bij: 3.0922e+01 l_orth: 4.8730e+01 l_diff: 1.8143e+01 l_align: 6.3445e+01 l_total: 1.6124e+02 
2026-05-22 19:34:03,771 INFO: [topki..][epoch: 84, iter:  56,400, lr:(1.627e-04,)][eta: 1:39:15, time (data): 0.552 (0.143)]l_bij: 7.0204e+01 l_orth: 7.8238e+01 l_diff: 2.6857e+01 l_align: 6.8113e+01 l_total: 2.4341e+02 
2026-05-22 19:34:14,658 INFO: [topki..][epoch: 84, iter:  56,420, lr:(1.627e-04,)][eta: 1:39:04, time (data): 0.551 (0.143)]l_bij: 6.9562e+01 l_orth: 7.8295e+01 l_diff: 3.5524e+01 l_align: 6.5699e+01 l_total: 2.4908e+02 
2026-05-22 19:34:25,300 INFO: [topki..][epoch: 84, iter:  56,440, lr:(1.627e-04,)][eta: 1:38:54, time (data): 0.548 (0.142)]l_bij: 8.3983e+01 l_orth: 9.2250e+01 l_diff: 3.2006e+01 l_align: 8.5985e+01 l_total: 2.9422e+02 
2026-05-22 19:34:36,557 INFO: [topki..][epoch: 84, iter:  56,460, lr:(1.627e-04,)][eta: 1:38:43, time (data): 0.550 (0.143)]l_bij: 8.4635e+01 l_orth: 9.3807e+01 l_diff: 3.0241e+01 l_align: 8.1398e+01 l_total: 2.9008e+02 
2026-05-22 19:34:47,735 INFO: [topki..][epoch: 84, iter:  56,480, lr:(1.627e-04,)][eta: 1:38:33, time (data): 0.551 (0.144)]l_bij: 5.1729e+01 l_orth: 6.5207e+01 l_diff: 2.6089e+01 l_align: 6.7751e+01 l_total: 2.1078e+02 
2026-05-22 19:34:58,030 INFO: [topki..][epoch: 84, iter:  56,500, lr:(1.627e-04,)][eta: 1:38:22, time (data): 0.514 (0.136)]l_bij: 5.6743e+01 l_orth: 7.1079e+01 l_diff: 2.7889e+01 l_align: 7.7642e+01 l_total: 2.3335e+02 
2026-05-22 19:35:08,402 INFO: [topki..][epoch: 84, iter:  56,520, lr:(1.627e-04,)][eta: 1:38:11, time (data): 0.516 (0.136)]l_bij: 5.1964e+01 l_orth: 6.6376e+01 l_diff: 2.9242e+01 l_align: 7.0120e+01 l_total: 2.1770e+02 
2026-05-22 19:35:20,159 INFO: [topki..][epoch: 84, iter:  56,540, lr:(1.627e-04,)][eta: 1:38:01, time (data): 0.541 (0.141)]l_bij: 7.1050e+01 l_orth: 8.1562e+01 l_diff: 2.8602e+01 l_align: 7.6506e+01 l_total: 2.5772e+02 
2026-05-22 19:35:31,078 INFO: [topki..][epoch: 84, iter:  56,560, lr:(1.627e-04,)][eta: 1:37:50, time (data): 0.542 (0.141)]l_bij: 7.4650e+01 l_orth: 8.2867e+01 l_diff: 3.0710e+01 l_align: 7.2747e+01 l_total: 2.6097e+02 
2026-05-22 19:35:42,807 INFO: [topki..][epoch: 84, iter:  56,580, lr:(1.627e-04,)][eta: 1:37:40, time (data): 0.551 (0.144)]l_bij: 6.4388e+01 l_orth: 7.5818e+01 l_diff: 2.7099e+01 l_align: 7.2723e+01 l_total: 2.4003e+02 
2026-05-22 19:35:54,074 INFO: [topki..][epoch: 84, iter:  56,600, lr:(1.627e-04,)][eta: 1:37:29, time (data): 0.553 (0.145)]l_bij: 8.9515e-01 l_orth: 3.2790e+01 l_diff: 2.2226e+01 l_align: 7.3825e+01 l_total: 1.2974e+02 
2026-05-22 19:36:04,829 INFO: [topki..][epoch: 84, iter:  56,620, lr:(1.627e-04,)][eta: 1:37:19, time (data): 0.551 (0.144)]l_bij: 6.8984e+01 l_orth: 7.8254e+01 l_diff: 2.3023e+01 l_align: 7.2596e+01 l_total: 2.4286e+02 
2026-05-22 19:36:15,707 INFO: [topki..][epoch: 84, iter:  56,640, lr:(1.627e-04,)][eta: 1:37:08, time (data): 0.550 (0.144)]l_bij: 5.9757e+01 l_orth: 7.3417e+01 l_diff: 2.8840e+01 l_align: 6.8586e+01 l_total: 2.3060e+02 
2026-05-22 19:36:26,399 INFO: [topki..][epoch: 84, iter:  56,660, lr:(1.627e-04,)][eta: 1:36:58, time (data): 0.548 (0.143)]l_bij: 7.7948e+01 l_orth: 8.8519e+01 l_diff: 2.6040e+01 l_align: 8.3996e+01 l_total: 2.7650e+02 
2026-05-22 19:36:37,166 INFO: [topki..][epoch: 84, iter:  56,680, lr:(1.627e-04,)][eta: 1:36:47, time (data): 0.547 (0.142)]l_bij: 6.3348e+01 l_orth: 7.3904e+01 l_diff: 2.9222e+01 l_align: 7.0916e+01 l_total: 2.3739e+02 
2026-05-22 19:36:48,335 INFO: [topki..][epoch: 84, iter:  56,700, lr:(1.627e-04,)][eta: 1:36:36, time (data): 0.560 (0.154)]l_bij: 8.6330e+01 l_orth: 9.1811e+01 l_diff: 2.8921e+01 l_align: 7.5792e+01 l_total: 2.8285e+02 
2026-05-22 19:36:58,686 INFO: [topki..][epoch: 84, iter:  56,720, lr:(1.627e-04,)][eta: 1:36:26, time (data): 0.538 (0.141)]l_bij: 5.9213e+01 l_orth: 6.9010e+01 l_diff: 2.6451e+01 l_align: 6.7119e+01 l_total: 2.2179e+02 
2026-05-22 19:37:09,684 INFO: [topki..][epoch: 84, iter:  56,740, lr:(1.627e-04,)][eta: 1:36:15, time (data): 0.542 (0.143)]l_bij: 6.2156e+01 l_orth: 7.1847e+01 l_diff: 2.3044e+01 l_align: 6.2215e+01 l_total: 2.1926e+02 
2026-05-22 19:37:20,880 INFO: [topki..][epoch: 84, iter:  56,760, lr:(1.627e-04,)][eta: 1:36:05, time (data): 0.546 (0.143)]l_bij: 5.9077e+01 l_orth: 6.9400e+01 l_diff: 2.4934e+01 l_align: 6.2048e+01 l_total: 2.1546e+02 
2026-05-22 19:37:31,013 INFO: [topki..][epoch: 84, iter:  56,780, lr:(1.627e-04,)][eta: 1:35:54, time (data): 0.538 (0.140)]l_bij: 3.5746e+01 l_orth: 5.1100e+01 l_diff: 2.3100e+01 l_align: 6.4872e+01 l_total: 1.7482e+02 
2026-05-22 19:37:43,997 INFO: [topki..][epoch: 85, iter:  56,800, lr:(1.557e-04,)][eta: 1:35:44, time (data): 0.557 (0.159)]l_bij: 5.6581e+01 l_orth: 6.7444e+01 l_diff: 2.6875e+01 l_align: 6.3827e+01 l_total: 2.1473e+02 
2026-05-22 19:37:54,692 INFO: [topki..][epoch: 85, iter:  56,820, lr:(1.557e-04,)][eta: 1:35:33, time (data): 0.554 (0.156)]l_bij: 6.1959e+01 l_orth: 7.2404e+01 l_diff: 2.6809e+01 l_align: 6.8614e+01 l_total: 2.2979e+02 
2026-05-22 19:38:05,560 INFO: [topki..][epoch: 85, iter:  56,840, lr:(1.557e-04,)][eta: 1:35:22, time (data): 0.553 (0.153)]l_bij: 5.0630e+01 l_orth: 6.2281e+01 l_diff: 2.5547e+01 l_align: 5.8668e+01 l_total: 1.9713e+02 
2026-05-22 19:38:16,316 INFO: [topki..][epoch: 85, iter:  56,860, lr:(1.557e-04,)][eta: 1:35:12, time (data): 0.551 (0.151)]l_bij: 7.4227e+01 l_orth: 8.7509e+01 l_diff: 2.9779e+01 l_align: 8.5694e+01 l_total: 2.7721e+02 
2026-05-22 19:38:27,195 INFO: [topki..][epoch: 85, iter:  56,880, lr:(1.557e-04,)][eta: 1:35:01, time (data): 0.550 (0.150)]l_bij: 6.3611e+01 l_orth: 7.2376e+01 l_diff: 2.8312e+01 l_align: 6.6618e+01 l_total: 2.3092e+02 
2026-05-22 19:38:37,992 INFO: [topki..][epoch: 85, iter:  56,900, lr:(1.557e-04,)][eta: 1:34:51, time (data): 0.533 (0.139)]l_bij: 6.0056e+01 l_orth: 7.0097e+01 l_diff: 2.7218e+01 l_align: 6.6268e+01 l_total: 2.2364e+02 
2026-05-22 19:38:48,943 INFO: [topki..][epoch: 85, iter:  56,920, lr:(1.557e-04,)][eta: 1:34:40, time (data): 0.541 (0.138)]l_bij: 7.8188e+01 l_orth: 8.6975e+01 l_diff: 2.6929e+01 l_align: 7.8464e+01 l_total: 2.7056e+02 
2026-05-22 19:38:59,948 INFO: [topki..][epoch: 85, iter:  56,940, lr:(1.557e-04,)][eta: 1:34:29, time (data): 0.544 (0.140)]l_bij: 7.0556e+01 l_orth: 7.9171e+01 l_diff: 3.0401e+01 l_align: 7.0450e+01 l_total: 2.5058e+02 
2026-05-22 19:39:11,290 INFO: [topki..][epoch: 85, iter:  56,960, lr:(1.557e-04,)][eta: 1:34:19, time (data): 0.550 (0.144)]l_bij: 5.0991e+01 l_orth: 6.5532e+01 l_diff: 2.2949e+01 l_align: 6.7757e+01 l_total: 2.0723e+02 
2026-05-22 19:39:23,017 INFO: [topki..][epoch: 85, iter:  56,980, lr:(1.557e-04,)][eta: 1:34:09, time (data): 0.558 (0.147)]l_bij: 7.4811e+01 l_orth: 8.2191e+01 l_diff: 3.2684e+01 l_align: 7.3506e+01 l_total: 2.6319e+02 
2026-05-22 19:39:33,926 INFO: [topki..][epoch: 85, iter:  57,000, lr:(1.557e-04,)][eta: 1:33:58, time (data): 0.555 (0.146)]l_bij: 7.3592e+01 l_orth: 8.6956e+01 l_diff: 3.2393e+01 l_align: 8.6944e+01 l_total: 2.7989e+02 
2026-05-22 19:39:44,939 INFO: [topki..][epoch: 85, iter:  57,020, lr:(1.557e-04,)][eta: 1:33:47, time (data): 0.555 (0.145)]l_bij: 6.7265e+01 l_orth: 7.5066e+01 l_diff: 2.3076e+01 l_align: 6.0828e+01 l_total: 2.2623e+02 
2026-05-22 19:39:56,409 INFO: [topki..][epoch: 85, iter:  57,040, lr:(1.557e-04,)][eta: 1:33:37, time (data): 0.557 (0.145)]l_bij: 5.3363e+01 l_orth: 6.5848e+01 l_diff: 2.3944e+01 l_align: 6.7815e+01 l_total: 2.1097e+02 
2026-05-22 19:40:07,594 INFO: [topki..][epoch: 85, iter:  57,060, lr:(1.557e-04,)][eta: 1:33:26, time (data): 0.557 (0.145)]l_bij: 8.1478e+01 l_orth: 9.1211e+01 l_diff: 2.6548e+01 l_align: 8.3871e+01 l_total: 2.8311e+02 
2026-05-22 19:40:18,323 INFO: [topki..][epoch: 85, iter:  57,080, lr:(1.557e-04,)][eta: 1:33:16, time (data): 0.555 (0.145)]l_bij: 5.8061e+01 l_orth: 6.8170e+01 l_diff: 2.4461e+01 l_align: 6.4248e+01 l_total: 2.1494e+02 
2026-05-22 19:40:28,746 INFO: [topki..][epoch: 85, iter:  57,100, lr:(1.557e-04,)][eta: 1:33:05, time (data): 0.522 (0.137)]l_bij: 5.6931e+01 l_orth: 6.9918e+01 l_diff: 2.2034e+01 l_align: 6.9839e+01 l_total: 2.1872e+02 
2026-05-22 19:40:38,997 INFO: [topki..][epoch: 85, iter:  57,120, lr:(1.557e-04,)][eta: 1:32:54, time (data): 0.517 (0.136)]l_bij: 7.3072e+01 l_orth: 8.2122e+01 l_diff: 3.0674e+01 l_align: 7.0466e+01 l_total: 2.5633e+02 
2026-05-22 19:40:49,686 INFO: [topki..][epoch: 85, iter:  57,140, lr:(1.557e-04,)][eta: 1:32:44, time (data): 0.523 (0.137)]l_bij: 5.0667e+01 l_orth: 6.3125e+01 l_diff: 2.9861e+01 l_align: 7.0772e+01 l_total: 2.1442e+02 
2026-05-22 19:41:00,695 INFO: [topki..][epoch: 85, iter:  57,160, lr:(1.557e-04,)][eta: 1:32:33, time (data): 0.530 (0.139)]l_bij: 5.1187e+01 l_orth: 6.2048e+01 l_diff: 2.2604e+01 l_align: 6.3035e+01 l_total: 1.9887e+02 
2026-05-22 19:41:11,925 INFO: [topki..][epoch: 85, iter:  57,180, lr:(1.557e-04,)][eta: 1:32:23, time (data): 0.537 (0.142)]l_bij: 7.3055e+01 l_orth: 8.3127e+01 l_diff: 2.6314e+01 l_align: 7.9801e+01 l_total: 2.6230e+02 
2026-05-22 19:41:22,715 INFO: [topki..][epoch: 85, iter:  57,200, lr:(1.557e-04,)][eta: 1:32:12, time (data): 0.537 (0.141)]l_bij: 5.2643e+01 l_orth: 6.4871e+01 l_diff: 2.4863e+01 l_align: 6.2920e+01 l_total: 2.0530e+02 
2026-05-22 19:41:32,904 INFO: [topki..][epoch: 85, iter:  57,220, lr:(1.557e-04,)][eta: 1:32:01, time (data): 0.533 (0.140)]l_bij: 8.0175e+01 l_orth: 8.7710e+01 l_diff: 2.6503e+01 l_align: 7.8341e+01 l_total: 2.7273e+02 
2026-05-22 19:41:43,460 INFO: [topki..][epoch: 85, iter:  57,240, lr:(1.557e-04,)][eta: 1:31:51, time (data): 0.532 (0.140)]l_bij: 6.2231e+01 l_orth: 7.4135e+01 l_diff: 2.5562e+01 l_align: 6.8989e+01 l_total: 2.3092e+02 
2026-05-22 19:41:54,604 INFO: [topki..][epoch: 85, iter:  57,260, lr:(1.557e-04,)][eta: 1:31:40, time (data): 0.535 (0.141)]l_bij: 5.5111e+01 l_orth: 6.6373e+01 l_diff: 2.3757e+01 l_align: 6.7921e+01 l_total: 2.1316e+02 
2026-05-22 19:42:05,410 INFO: [topki..][epoch: 85, iter:  57,280, lr:(1.557e-04,)][eta: 1:31:29, time (data): 0.536 (0.141)]l_bij: 7.5042e+01 l_orth: 8.5203e+01 l_diff: 3.1700e+01 l_align: 7.8971e+01 l_total: 2.7092e+02 
2026-05-22 19:42:15,785 INFO: [topki..][epoch: 85, iter:  57,300, lr:(1.557e-04,)][eta: 1:31:19, time (data): 0.510 (0.138)]l_bij: 6.2595e+01 l_orth: 7.5751e+01 l_diff: 2.8307e+01 l_align: 7.2275e+01 l_total: 2.3893e+02 
2026-05-22 19:42:25,987 INFO: [topki..][epoch: 85, iter:  57,320, lr:(1.557e-04,)][eta: 1:31:08, time (data): 0.510 (0.137)]l_bij: 8.4508e+01 l_orth: 9.1001e+01 l_diff: 3.3321e+01 l_align: 8.4057e+01 l_total: 2.9289e+02 
2026-05-22 19:42:36,310 INFO: [topki..][epoch: 85, iter:  57,340, lr:(1.557e-04,)][eta: 1:30:57, time (data): 0.512 (0.135)]l_bij: 7.0138e+01 l_orth: 7.8615e+01 l_diff: 2.4416e+01 l_align: 7.1013e+01 l_total: 2.4418e+02 
2026-05-22 19:42:47,299 INFO: [topki..][epoch: 85, iter:  57,360, lr:(1.557e-04,)][eta: 1:30:47, time (data): 0.522 (0.138)]l_bij: 5.1241e+01 l_orth: 6.6239e+01 l_diff: 2.2834e+01 l_align: 6.8647e+01 l_total: 2.0896e+02 
2026-05-22 19:42:58,238 INFO: [topki..][epoch: 85, iter:  57,380, lr:(1.557e-04,)][eta: 1:30:36, time (data): 0.527 (0.140)]l_bij: 6.4902e+01 l_orth: 7.7446e+01 l_diff: 2.6130e+01 l_align: 7.3975e+01 l_total: 2.4245e+02 
2026-05-22 19:43:09,127 INFO: [topki..][epoch: 85, iter:  57,400, lr:(1.557e-04,)][eta: 1:30:26, time (data): 0.530 (0.141)]l_bij: 5.8315e+01 l_orth: 7.4859e+01 l_diff: 2.7288e+01 l_align: 7.8794e+01 l_total: 2.3926e+02 
2026-05-22 19:43:19,511 INFO: [topki..][epoch: 85, iter:  57,420, lr:(1.557e-04,)][eta: 1:30:15, time (data): 0.529 (0.140)]l_bij: 7.5287e+01 l_orth: 8.3532e+01 l_diff: 2.8595e+01 l_align: 7.4437e+01 l_total: 2.6185e+02 
2026-05-22 19:43:30,065 INFO: [topki..][epoch: 85, iter:  57,440, lr:(1.557e-04,)][eta: 1:30:04, time (data): 0.529 (0.139)]l_bij: 4.9422e+01 l_orth: 6.3054e+01 l_diff: 3.2241e+01 l_align: 6.4807e+01 l_total: 2.0952e+02 
2026-05-22 19:43:39,990 INFO: [topki..][epoch: 85, iter:  57,460, lr:(1.557e-04,)][eta: 1:29:53, time (data): 0.525 (0.138)]l_bij: 7.9252e+01 l_orth: 8.8116e+01 l_diff: 2.9711e+01 l_align: 8.2055e+01 l_total: 2.7913e+02 
2026-05-22 19:43:52,287 INFO: [topki..][epoch: 86, iter:  57,480, lr:(1.490e-04,)][eta: 1:29:43, time (data): 0.534 (0.147)]l_bij: 6.7018e+01 l_orth: 7.9262e+01 l_diff: 2.7501e+01 l_align: 7.5622e+01 l_total: 2.4940e+02 
2026-05-22 19:44:03,330 INFO: [topki..][epoch: 86, iter:  57,500, lr:(1.490e-04,)][eta: 1:29:33, time (data): 0.565 (0.147)]l_bij: 7.1246e+01 l_orth: 8.1582e+01 l_diff: 2.6193e+01 l_align: 7.8457e+01 l_total: 2.5748e+02 
2026-05-22 19:44:14,485 INFO: [topki..][epoch: 86, iter:  57,520, lr:(1.490e-04,)][eta: 1:29:22, time (data): 0.560 (0.143)]l_bij: 3.6455e+01 l_orth: 5.1445e+01 l_diff: 2.1936e+01 l_align: 6.2154e+01 l_total: 1.7199e+02 
2026-05-22 19:44:25,050 INFO: [topki..][epoch: 86, iter:  57,540, lr:(1.490e-04,)][eta: 1:29:11, time (data): 0.549 (0.142)]l_bij: 6.2327e+01 l_orth: 7.3915e+01 l_diff: 2.7828e+01 l_align: 6.7342e+01 l_total: 2.3141e+02 
2026-05-22 19:44:35,845 INFO: [topki..][epoch: 86, iter:  57,560, lr:(1.490e-04,)][eta: 1:29:01, time (data): 0.546 (0.141)]l_bij: 5.4649e+01 l_orth: 7.0756e+01 l_diff: 3.0903e+01 l_align: 7.0694e+01 l_total: 2.2700e+02 
2026-05-22 19:44:45,766 INFO: [topki..][epoch: 86, iter:  57,580, lr:(1.490e-04,)][eta: 1:28:50, time (data): 0.535 (0.138)]l_bij: 7.5825e+01 l_orth: 8.4664e+01 l_diff: 2.5409e+01 l_align: 7.6958e+01 l_total: 2.6286e+02 
2026-05-22 19:44:56,342 INFO: [topki..][epoch: 86, iter:  57,600, lr:(1.490e-04,)][eta: 1:28:39, time (data): 0.534 (0.138)]l_bij: 5.2733e+01 l_orth: 6.7474e+01 l_diff: 2.4331e+01 l_align: 6.9089e+01 l_total: 2.1363e+02 
2026-05-22 19:45:07,102 INFO: [topki..][epoch: 86, iter:  57,620, lr:(1.490e-04,)][eta: 1:28:29, time (data): 0.535 (0.139)]l_bij: 6.3249e+01 l_orth: 7.4273e+01 l_diff: 2.6375e+01 l_align: 7.4831e+01 l_total: 2.3873e+02 
2026-05-22 19:45:17,809 INFO: [topki..][epoch: 86, iter:  57,640, lr:(1.490e-04,)][eta: 1:28:18, time (data): 0.535 (0.138)]l_bij: 6.8290e+01 l_orth: 8.0250e+01 l_diff: 2.9270e+01 l_align: 7.5141e+01 l_total: 2.5295e+02 
2026-05-22 19:45:29,055 INFO: [topki..][epoch: 86, iter:  57,660, lr:(1.490e-04,)][eta: 1:28:08, time (data): 0.538 (0.140)]l_bij: 8.1152e+01 l_orth: 8.9047e+01 l_diff: 2.8356e+01 l_align: 7.4270e+01 l_total: 2.7282e+02 
2026-05-22 19:45:39,695 INFO: [topki..][epoch: 86, iter:  57,680, lr:(1.490e-04,)][eta: 1:27:57, time (data): 0.537 (0.140)]l_bij: 6.8294e+01 l_orth: 7.4095e+01 l_diff: 2.4915e+01 l_align: 5.9681e+01 l_total: 2.2698e+02 
2026-05-22 19:45:50,503 INFO: [topki..][epoch: 86, iter:  57,700, lr:(1.490e-04,)][eta: 1:27:46, time (data): 0.555 (0.143)]l_bij: 6.0336e+01 l_orth: 7.2983e+01 l_diff: 2.5639e+01 l_align: 6.5896e+01 l_total: 2.2485e+02 
2026-05-22 19:46:01,845 INFO: [topki..][epoch: 86, iter:  57,720, lr:(1.490e-04,)][eta: 1:27:36, time (data): 0.562 (0.143)]l_bij: 4.9878e+01 l_orth: 6.1578e+01 l_diff: 2.2689e+01 l_align: 6.3465e+01 l_total: 1.9761e+02 
2026-05-22 19:46:12,604 INFO: [topki..][epoch: 86, iter:  57,740, lr:(1.490e-04,)][eta: 1:27:25, time (data): 0.553 (0.141)]l_bij: 5.4461e+01 l_orth: 6.6047e+01 l_diff: 2.0026e+01 l_align: 6.8176e+01 l_total: 2.0871e+02 
2026-05-22 19:46:23,843 INFO: [topki..][epoch: 86, iter:  57,760, lr:(1.490e-04,)][eta: 1:27:15, time (data): 0.555 (0.143)]l_bij: 6.9578e+01 l_orth: 7.8650e+01 l_diff: 2.9012e+01 l_align: 7.0960e+01 l_total: 2.4820e+02 
2026-05-22 19:46:34,700 INFO: [topki..][epoch: 86, iter:  57,780, lr:(1.490e-04,)][eta: 1:27:04, time (data): 0.553 (0.143)]l_bij: 7.5012e+01 l_orth: 9.0893e+01 l_diff: 2.7907e+01 l_align: 9.1958e+01 l_total: 2.8577e+02 
2026-05-22 19:46:45,237 INFO: [topki..][epoch: 86, iter:  57,800, lr:(1.490e-04,)][eta: 1:26:53, time (data): 0.548 (0.142)]l_bij: 6.2993e+01 l_orth: 7.5452e+01 l_diff: 3.1925e+01 l_align: 7.6958e+01 l_total: 2.4733e+02 
2026-05-22 19:46:55,587 INFO: [topki..][epoch: 86, iter:  57,820, lr:(1.490e-04,)][eta: 1:26:43, time (data): 0.543 (0.142)]l_bij: 5.7143e+01 l_orth: 6.7832e+01 l_diff: 2.4384e+01 l_align: 6.4580e+01 l_total: 2.1394e+02 
2026-05-22 19:47:07,077 INFO: [topki..][epoch: 86, iter:  57,840, lr:(1.490e-04,)][eta: 1:26:32, time (data): 0.548 (0.143)]l_bij: 9.0666e+01 l_orth: 9.4948e+01 l_diff: 3.3658e+01 l_align: 7.5427e+01 l_total: 2.9470e+02 
2026-05-22 19:47:18,247 INFO: [topki..][epoch: 86, iter:  57,860, lr:(1.490e-04,)][eta: 1:26:22, time (data): 0.549 (0.144)]l_bij: 5.9864e+01 l_orth: 7.2366e+01 l_diff: 3.1081e+01 l_align: 7.0266e+01 l_total: 2.3358e+02 
2026-05-22 19:47:29,309 INFO: [topki..][epoch: 86, iter:  57,880, lr:(1.490e-04,)][eta: 1:26:11, time (data): 0.549 (0.144)]l_bij: 7.1143e+01 l_orth: 7.9167e+01 l_diff: 2.9409e+01 l_align: 6.8652e+01 l_total: 2.4837e+02 
2026-05-22 19:47:40,715 INFO: [topki..][epoch: 86, iter:  57,900, lr:(1.490e-04,)][eta: 1:26:01, time (data): 0.561 (0.147)]l_bij: 5.3119e+01 l_orth: 6.5180e+01 l_diff: 3.0151e+01 l_align: 6.7549e+01 l_total: 2.1600e+02 
2026-05-22 19:47:51,160 INFO: [topki..][epoch: 86, iter:  57,920, lr:(1.490e-04,)][eta: 1:25:50, time (data): 0.537 (0.145)]l_bij: 7.8802e+01 l_orth: 8.7763e+01 l_diff: 3.0319e+01 l_align: 7.9547e+01 l_total: 2.7643e+02 
2026-05-22 19:48:02,099 INFO: [topki..][epoch: 86, iter:  57,940, lr:(1.490e-04,)][eta: 1:25:39, time (data): 0.541 (0.143)]l_bij: 7.0566e+01 l_orth: 7.8881e+01 l_diff: 2.6891e+01 l_align: 6.8842e+01 l_total: 2.4518e+02 
2026-05-22 19:48:12,890 INFO: [topki..][epoch: 86, iter:  57,960, lr:(1.490e-04,)][eta: 1:25:29, time (data): 0.540 (0.141)]l_bij: 6.7122e+01 l_orth: 8.0010e+01 l_diff: 2.9128e+01 l_align: 7.8990e+01 l_total: 2.5525e+02 
2026-05-22 19:48:23,529 INFO: [topki..][epoch: 86, iter:  57,980, lr:(1.490e-04,)][eta: 1:25:18, time (data): 0.539 (0.141)]l_bij: 8.5011e+01 l_orth: 9.0680e+01 l_diff: 2.5519e+01 l_align: 7.7123e+01 l_total: 2.7833e+02 
2026-05-22 19:48:34,955 INFO: [topki..][epoch: 86, iter:  58,000, lr:(1.490e-04,)][eta: 1:25:07, time (data): 0.544 (0.142)]l_bij: 6.1203e+01 l_orth: 7.2864e+01 l_diff: 2.9473e+01 l_align: 7.0731e+01 l_total: 2.3427e+02 
2026-05-22 19:48:45,737 INFO: [topki..][epoch: 86, iter:  58,020, lr:(1.490e-04,)][eta: 1:24:57, time (data): 0.544 (0.141)]l_bij: 6.4094e+01 l_orth: 7.4186e+01 l_diff: 2.4867e+01 l_align: 7.0276e+01 l_total: 2.3342e+02 
2026-05-22 19:48:56,366 INFO: [topki..][epoch: 86, iter:  58,040, lr:(1.490e-04,)][eta: 1:24:46, time (data): 0.542 (0.140)]l_bij: 6.0485e+01 l_orth: 7.2908e+01 l_diff: 2.8009e+01 l_align: 7.2356e+01 l_total: 2.3376e+02 
2026-05-22 19:49:07,426 INFO: [topki..][epoch: 86, iter:  58,060, lr:(1.490e-04,)][eta: 1:24:36, time (data): 0.543 (0.141)]l_bij: 5.8995e+01 l_orth: 6.9546e+01 l_diff: 2.4110e+01 l_align: 6.3431e+01 l_total: 2.1608e+02 
2026-05-22 19:49:17,722 INFO: [topki..][epoch: 86, iter:  58,080, lr:(1.490e-04,)][eta: 1:24:25, time (data): 0.540 (0.141)]l_bij: 4.6677e+01 l_orth: 6.0362e+01 l_diff: 2.4332e+01 l_align: 6.4807e+01 l_total: 1.9618e+02 
2026-05-22 19:49:28,696 INFO: [topki..][epoch: 86, iter:  58,100, lr:(1.490e-04,)][eta: 1:24:14, time (data): 0.522 (0.138)]l_bij: 8.3640e+01 l_orth: 9.2319e+01 l_diff: 2.9840e+01 l_align: 8.5700e+01 l_total: 2.9150e+02 
2026-05-22 19:49:38,879 INFO: [topki..][epoch: 86, iter:  58,120, lr:(1.490e-04,)][eta: 1:24:04, time (data): 0.513 (0.135)]l_bij: 2.2342e+00 l_orth: 4.6438e+01 l_diff: 2.8688e+01 l_align: 9.2384e+01 l_total: 1.6974e+02 
2026-05-22 19:49:50,810 INFO: [topki..][epoch: 87, iter:  58,140, lr:(1.428e-04,)][eta: 1:23:53, time (data): 0.546 (0.172)]l_bij: 7.3888e+01 l_orth: 8.8142e+01 l_diff: 2.3332e+01 l_align: 9.0832e+01 l_total: 2.7619e+02 
2026-05-22 19:50:01,692 INFO: [topki..][epoch: 87, iter:  58,160, lr:(1.428e-04,)][eta: 1:23:43, time (data): 0.545 (0.161)]l_bij: 3.7042e+01 l_orth: 5.5056e+01 l_diff: 1.9753e+01 l_align: 6.6377e+01 l_total: 1.7823e+02 
2026-05-22 19:50:12,324 INFO: [topki..][epoch: 87, iter:  58,180, lr:(1.428e-04,)][eta: 1:23:32, time (data): 0.542 (0.156)]l_bij: 5.3801e+01 l_orth: 6.4750e+01 l_diff: 2.2976e+01 l_align: 6.4568e+01 l_total: 2.0609e+02 
2026-05-22 19:50:22,809 INFO: [topki..][epoch: 87, iter:  58,200, lr:(1.428e-04,)][eta: 1:23:21, time (data): 0.539 (0.152)]l_bij: 8.0615e+01 l_orth: 8.9967e+01 l_diff: 3.1169e+01 l_align: 8.3080e+01 l_total: 2.8483e+02 
2026-05-22 19:50:33,319 INFO: [topki..][epoch: 87, iter:  58,220, lr:(1.428e-04,)][eta: 1:23:11, time (data): 0.537 (0.150)]l_bij: 7.4530e+01 l_orth: 8.2697e+01 l_diff: 3.1047e+01 l_align: 7.3844e+01 l_total: 2.6212e+02 
2026-05-22 19:50:44,017 INFO: [topki..][epoch: 87, iter:  58,240, lr:(1.428e-04,)][eta: 1:23:00, time (data): 0.537 (0.149)]l_bij: 7.2883e+01 l_orth: 8.3904e+01 l_diff: 2.7128e+01 l_align: 7.5492e+01 l_total: 2.5941e+02 
2026-05-22 19:50:55,075 INFO: [topki..][epoch: 87, iter:  58,260, lr:(1.428e-04,)][eta: 1:22:49, time (data): 0.539 (0.149)]l_bij: 8.0506e+01 l_orth: 8.8016e+01 l_diff: 2.9101e+01 l_align: 7.9722e+01 l_total: 2.7734e+02 
2026-05-22 19:51:06,101 INFO: [topki..][epoch: 87, iter:  58,280, lr:(1.428e-04,)][eta: 1:22:39, time (data): 0.540 (0.148)]l_bij: 4.8666e+01 l_orth: 6.2848e+01 l_diff: 2.3400e+01 l_align: 6.4628e+01 l_total: 1.9954e+02 
2026-05-22 19:51:16,072 INFO: [topki..][epoch: 87, iter:  58,300, lr:(1.428e-04,)][eta: 1:22:28, time (data): 0.489 (0.134)]l_bij: 5.6185e+01 l_orth: 6.7256e+01 l_diff: 2.4431e+01 l_align: 6.6118e+01 l_total: 2.1399e+02 
2026-05-22 19:51:25,887 INFO: [topki..][epoch: 87, iter:  58,320, lr:(1.428e-04,)][eta: 1:22:17, time (data): 0.490 (0.133)]l_bij: 5.9313e+01 l_orth: 6.9350e+01 l_diff: 2.4437e+01 l_align: 6.1491e+01 l_total: 2.1459e+02 
2026-05-22 19:51:35,926 INFO: [topki..][epoch: 87, iter:  58,340, lr:(1.428e-04,)][eta: 1:22:07, time (data): 0.495 (0.134)]l_bij: 6.9439e+01 l_orth: 7.9799e+01 l_diff: 2.7377e+01 l_align: 7.5839e+01 l_total: 2.5246e+02 
2026-05-22 19:51:45,661 INFO: [topki..][epoch: 87, iter:  58,360, lr:(1.428e-04,)][eta: 1:21:56, time (data): 0.492 (0.134)]l_bij: 6.1541e+01 l_orth: 7.1360e+01 l_diff: 2.8017e+01 l_align: 6.2499e+01 l_total: 2.2342e+02 
2026-05-22 19:51:55,771 INFO: [topki..][epoch: 87, iter:  58,380, lr:(1.428e-04,)][eta: 1:21:45, time (data): 0.495 (0.134)]l_bij: 7.0351e+01 l_orth: 7.8569e+01 l_diff: 2.2444e+01 l_align: 6.8839e+01 l_total: 2.4020e+02 
2026-05-22 19:52:05,900 INFO: [topki..][epoch: 87, iter:  58,400, lr:(1.428e-04,)][eta: 1:21:34, time (data): 0.497 (0.135)]l_bij: 8.0084e+01 l_orth: 8.9877e+01 l_diff: 2.7419e+01 l_align: 8.4426e+01 l_total: 2.8181e+02 
2026-05-22 19:52:16,210 INFO: [topki..][epoch: 87, iter:  58,420, lr:(1.428e-04,)][eta: 1:21:24, time (data): 0.500 (0.135)]l_bij: 6.6963e+01 l_orth: 7.8399e+01 l_diff: 2.6336e+01 l_align: 7.7683e+01 l_total: 2.4938e+02 
2026-05-22 19:52:26,331 INFO: [topki..][epoch: 87, iter:  58,440, lr:(1.428e-04,)][eta: 1:21:13, time (data): 0.501 (0.136)]l_bij: 5.9918e+01 l_orth: 7.1054e+01 l_diff: 2.4246e+01 l_align: 6.8253e+01 l_total: 2.2347e+02 
2026-05-22 19:52:35,643 INFO: [topki..][epoch: 87, iter:  58,460, lr:(1.428e-04,)][eta: 1:21:02, time (data): 0.497 (0.135)]l_bij: 4.8191e+01 l_orth: 6.0269e+01 l_diff: 2.2098e+01 l_align: 6.1990e+01 l_total: 1.9255e+02 
2026-05-22 19:52:45,341 INFO: [topki..][epoch: 87, iter:  58,480, lr:(1.428e-04,)][eta: 1:20:51, time (data): 0.495 (0.134)]l_bij: 5.8603e+01 l_orth: 7.1676e+01 l_diff: 2.5396e+01 l_align: 7.0576e+01 l_total: 2.2625e+02 
2026-05-22 19:52:55,182 INFO: [topki..][epoch: 87, iter:  58,500, lr:(1.428e-04,)][eta: 1:20:40, time (data): 0.507 (0.132)]l_bij: 7.3243e+01 l_orth: 8.2385e+01 l_diff: 2.5837e+01 l_align: 7.7907e+01 l_total: 2.5937e+02 
2026-05-22 19:53:04,660 INFO: [topki..][epoch: 87, iter:  58,520, lr:(1.428e-04,)][eta: 1:20:30, time (data): 0.484 (0.121)]l_bij: 3.1173e+01 l_orth: 5.0109e+01 l_diff: 2.2920e+01 l_align: 6.3909e+01 l_total: 1.6811e+02 
2026-05-22 19:53:13,537 INFO: [topki..][epoch: 87, iter:  58,540, lr:(1.428e-04,)][eta: 1:20:19, time (data): 0.468 (0.118)]l_bij: 5.6620e+01 l_orth: 6.9499e+01 l_diff: 2.7266e+01 l_align: 7.0305e+01 l_total: 2.2369e+02 
2026-05-22 19:53:23,667 INFO: [topki..][epoch: 87, iter:  58,560, lr:(1.428e-04,)][eta: 1:20:08, time (data): 0.479 (0.123)]l_bij: 6.1306e+01 l_orth: 7.2453e+01 l_diff: 2.4117e+01 l_align: 7.0904e+01 l_total: 2.2878e+02 
2026-05-22 19:53:33,651 INFO: [topki..][epoch: 87, iter:  58,580, lr:(1.428e-04,)][eta: 1:19:57, time (data): 0.483 (0.126)]l_bij: 6.1624e+01 l_orth: 7.3046e+01 l_diff: 2.3436e+01 l_align: 7.0866e+01 l_total: 2.2897e+02 
2026-05-22 19:53:43,161 INFO: [topki..][epoch: 87, iter:  58,600, lr:(1.428e-04,)][eta: 1:19:46, time (data): 0.482 (0.126)]l_bij: 7.3341e+01 l_orth: 8.1632e+01 l_diff: 3.1903e+01 l_align: 7.6294e+01 l_total: 2.6317e+02 
2026-05-22 19:53:52,630 INFO: [topki..][epoch: 87, iter:  58,620, lr:(1.428e-04,)][eta: 1:19:36, time (data): 0.481 (0.126)]l_bij: 6.2406e+01 l_orth: 7.4815e+01 l_diff: 2.4769e+01 l_align: 7.7001e+01 l_total: 2.3899e+02 
2026-05-22 19:54:02,587 INFO: [topki..][epoch: 87, iter:  58,640, lr:(1.428e-04,)][eta: 1:19:25, time (data): 0.483 (0.127)]l_bij: 8.0783e+01 l_orth: 9.0570e+01 l_diff: 3.0619e+01 l_align: 8.0146e+01 l_total: 2.8212e+02 
2026-05-22 19:54:12,119 INFO: [topki..][epoch: 87, iter:  58,660, lr:(1.428e-04,)][eta: 1:19:14, time (data): 0.482 (0.127)]l_bij: 5.1433e+01 l_orth: 6.3424e+01 l_diff: 2.3244e+01 l_align: 6.7298e+01 l_total: 2.0540e+02 
2026-05-22 19:54:22,246 INFO: [topki..][epoch: 87, iter:  58,680, lr:(1.428e-04,)][eta: 1:19:03, time (data): 0.485 (0.128)]l_bij: 6.4335e+01 l_orth: 7.5241e+01 l_diff: 2.9386e+01 l_align: 7.5597e+01 l_total: 2.4456e+02 
2026-05-22 19:54:31,989 INFO: [topki..][epoch: 87, iter:  58,700, lr:(1.428e-04,)][eta: 1:18:53, time (data): 0.479 (0.136)]l_bij: 6.4055e+01 l_orth: 7.3430e+01 l_diff: 2.1353e+01 l_align: 7.0420e+01 l_total: 2.2926e+02 
2026-05-22 19:54:41,438 INFO: [topki..][epoch: 87, iter:  58,720, lr:(1.428e-04,)][eta: 1:18:42, time (data): 0.474 (0.132)]l_bij: 6.7678e+01 l_orth: 7.5726e+01 l_diff: 2.4915e+01 l_align: 6.5754e+01 l_total: 2.3407e+02 
2026-05-22 19:54:50,165 INFO: [topki..][epoch: 87, iter:  58,740, lr:(1.428e-04,)][eta: 1:18:31, time (data): 0.458 (0.125)]l_bij: 6.7689e+01 l_orth: 7.8382e+01 l_diff: 2.4772e+01 l_align: 7.3706e+01 l_total: 2.4455e+02 
2026-05-22 19:54:59,382 INFO: [topki..][epoch: 87, iter:  58,760, lr:(1.428e-04,)][eta: 1:18:20, time (data): 0.459 (0.123)]l_bij: 8.7724e+01 l_orth: 9.4868e+01 l_diff: 2.8848e+01 l_align: 8.3820e+01 l_total: 2.9526e+02 
2026-05-22 19:55:08,473 INFO: [topki..][epoch: 87, iter:  58,780, lr:(1.428e-04,)][eta: 1:18:09, time (data): 0.458 (0.122)]l_bij: 7.7306e+01 l_orth: 8.7716e+01 l_diff: 2.4085e+01 l_align: 8.4128e+01 l_total: 2.7324e+02 
2026-05-22 19:55:18,561 INFO: [topki..][epoch: 87, iter:  58,800, lr:(1.428e-04,)][eta: 1:17:58, time (data): 0.467 (0.125)]l_bij: 9.3069e+01 l_orth: 9.8773e+01 l_diff: 3.2984e+01 l_align: 7.9147e+01 l_total: 3.0397e+02 
2026-05-22 19:55:30,187 INFO: [topki..][epoch: 88, iter:  58,820, lr:(1.370e-04,)][eta: 1:17:48, time (data): 0.485 (0.140)]l_bij: 7.1393e+01 l_orth: 8.1337e+01 l_diff: 3.1616e+01 l_align: 7.8216e+01 l_total: 2.6256e+02 
2026-05-22 19:55:38,796 INFO: [topki..][epoch: 88, iter:  58,840, lr:(1.370e-04,)][eta: 1:17:37, time (data): 0.477 (0.136)]l_bij: 9.1257e+01 l_orth: 9.7175e+01 l_diff: 3.1273e+01 l_align: 8.0364e+01 l_total: 3.0007e+02 
2026-05-22 19:55:48,533 INFO: [topki..][epoch: 88, iter:  58,860, lr:(1.370e-04,)][eta: 1:17:26, time (data): 0.478 (0.135)]l_bij: 7.3773e+01 l_orth: 8.3497e+01 l_diff: 2.9736e+01 l_align: 7.9469e+01 l_total: 2.6648e+02 
2026-05-22 19:55:58,351 INFO: [topki..][epoch: 88, iter:  58,880, lr:(1.370e-04,)][eta: 1:17:16, time (data): 0.480 (0.134)]l_bij: 6.6778e+01 l_orth: 7.5455e+01 l_diff: 2.3233e+01 l_align: 6.5801e+01 l_total: 2.3127e+02 
2026-05-22 19:56:08,093 INFO: [topki..][epoch: 88, iter:  58,900, lr:(1.370e-04,)][eta: 1:17:05, time (data): 0.479 (0.127)]l_bij: 6.2585e+01 l_orth: 7.2886e+01 l_diff: 2.5905e+01 l_align: 6.8331e+01 l_total: 2.2971e+02 
2026-05-22 19:56:17,082 INFO: [topki..][epoch: 88, iter:  58,920, lr:(1.370e-04,)][eta: 1:16:54, time (data): 0.457 (0.123)]l_bij: 6.9391e+01 l_orth: 7.9098e+01 l_diff: 2.9864e+01 l_align: 7.2887e+01 l_total: 2.5124e+02 
2026-05-22 19:56:25,274 INFO: [topki..][epoch: 88, iter:  58,940, lr:(1.370e-04,)][eta: 1:16:43, time (data): 0.437 (0.115)]l_bij: 7.1441e+01 l_orth: 8.2169e+01 l_diff: 2.7837e+01 l_align: 7.6623e+01 l_total: 2.5807e+02 
2026-05-22 19:56:34,813 INFO: [topki..][epoch: 88, iter:  58,960, lr:(1.370e-04,)][eta: 1:16:32, time (data): 0.449 (0.118)]l_bij: 6.2669e+01 l_orth: 7.6438e+01 l_diff: 3.0559e+01 l_align: 7.0135e+01 l_total: 2.3980e+02 
2026-05-22 19:56:43,714 INFO: [topki..][epoch: 88, iter:  58,980, lr:(1.370e-04,)][eta: 1:16:21, time (data): 0.448 (0.117)]l_bij: 6.2641e+01 l_orth: 7.5405e+01 l_diff: 2.6350e+01 l_align: 7.5490e+01 l_total: 2.3989e+02 
2026-05-22 19:56:53,819 INFO: [topki..][epoch: 88, iter:  59,000, lr:(1.370e-04,)][eta: 1:16:10, time (data): 0.459 (0.121)]l_bij: 6.1982e+01 l_orth: 7.2296e+01 l_diff: 3.1148e+01 l_align: 6.6349e+01 l_total: 2.3177e+02 
2026-05-22 19:57:04,191 INFO: [topki..][epoch: 88, iter:  59,020, lr:(1.370e-04,)][eta: 1:16:00, time (data): 0.468 (0.124)]l_bij: 6.4332e+01 l_orth: 7.6201e+01 l_diff: 2.8019e+01 l_align: 7.2475e+01 l_total: 2.4103e+02 
2026-05-22 19:57:13,808 INFO: [topki..][epoch: 88, iter:  59,040, lr:(1.370e-04,)][eta: 1:15:49, time (data): 0.470 (0.125)]l_bij: 7.2758e+01 l_orth: 8.4046e+01 l_diff: 2.9070e+01 l_align: 7.8939e+01 l_total: 2.6481e+02 
2026-05-22 19:57:23,159 INFO: [topki..][epoch: 88, iter:  59,060, lr:(1.370e-04,)][eta: 1:15:38, time (data): 0.469 (0.126)]l_bij: 7.5763e+01 l_orth: 8.3317e+01 l_diff: 2.7615e+01 l_align: 7.1795e+01 l_total: 2.5849e+02 
2026-05-22 19:57:33,126 INFO: [topki..][epoch: 88, iter:  59,080, lr:(1.370e-04,)][eta: 1:15:27, time (data): 0.473 (0.127)]l_bij: 6.5657e+01 l_orth: 7.7910e+01 l_diff: 2.8614e+01 l_align: 7.3057e+01 l_total: 2.4524e+02 
2026-05-22 19:57:42,905 INFO: [topki..][epoch: 88, iter:  59,100, lr:(1.370e-04,)][eta: 1:15:17, time (data): 0.492 (0.132)]l_bij: 6.4458e+01 l_orth: 7.3324e+01 l_diff: 2.6352e+01 l_align: 6.9445e+01 l_total: 2.3358e+02 
2026-05-22 19:57:52,645 INFO: [topki..][epoch: 88, iter:  59,120, lr:(1.370e-04,)][eta: 1:15:06, time (data): 0.488 (0.131)]l_bij: 6.8156e+01 l_orth: 7.8621e+01 l_diff: 2.9000e+01 l_align: 7.6824e+01 l_total: 2.5260e+02 
2026-05-22 19:58:02,794 INFO: [topki..][epoch: 88, iter:  59,140, lr:(1.370e-04,)][eta: 1:14:55, time (data): 0.497 (0.133)]l_bij: 7.4205e+01 l_orth: 8.4045e+01 l_diff: 2.6728e+01 l_align: 7.8814e+01 l_total: 2.6379e+02 
2026-05-22 19:58:12,163 INFO: [topki..][epoch: 88, iter:  59,160, lr:(1.370e-04,)][eta: 1:14:44, time (data): 0.488 (0.132)]l_bij: 6.7397e+01 l_orth: 7.7738e+01 l_diff: 2.6192e+01 l_align: 7.2938e+01 l_total: 2.4427e+02 
2026-05-22 19:58:20,747 INFO: [topki..][epoch: 88, iter:  59,180, lr:(1.370e-04,)][eta: 1:14:34, time (data): 0.474 (0.127)]l_bij: 7.1194e+01 l_orth: 8.0796e+01 l_diff: 3.1064e+01 l_align: 7.5770e+01 l_total: 2.5882e+02 
2026-05-22 19:58:29,307 INFO: [topki..][epoch: 88, iter:  59,200, lr:(1.370e-04,)][eta: 1:14:23, time (data): 0.466 (0.123)]l_bij: 6.6157e+01 l_orth: 7.4721e+01 l_diff: 2.5003e+01 l_align: 6.9292e+01 l_total: 2.3517e+02 
2026-05-22 19:58:39,137 INFO: [topki..][epoch: 88, iter:  59,220, lr:(1.370e-04,)][eta: 1:14:12, time (data): 0.470 (0.126)]l_bij: 5.1160e+01 l_orth: 6.3600e+01 l_diff: 2.2445e+01 l_align: 6.8466e+01 l_total: 2.0567e+02 
2026-05-22 19:58:49,125 INFO: [topki..][epoch: 88, iter:  59,240, lr:(1.370e-04,)][eta: 1:14:01, time (data): 0.474 (0.128)]l_bij: 5.0515e+01 l_orth: 6.2959e+01 l_diff: 2.7313e+01 l_align: 6.8334e+01 l_total: 2.0912e+02 
2026-05-22 19:58:58,679 INFO: [topki..][epoch: 88, iter:  59,260, lr:(1.370e-04,)][eta: 1:13:50, time (data): 0.474 (0.128)]l_bij: 6.9615e+01 l_orth: 7.6795e+01 l_diff: 3.1754e+01 l_align: 6.8949e+01 l_total: 2.4711e+02 
2026-05-22 19:59:08,664 INFO: [topki..][epoch: 88, iter:  59,280, lr:(1.370e-04,)][eta: 1:13:40, time (data): 0.477 (0.128)]l_bij: 1.1412e+00 l_orth: 3.4480e+01 l_diff: 2.4063e+01 l_align: 7.4228e+01 l_total: 1.3391e+02 
2026-05-22 19:59:18,804 INFO: [topki..][epoch: 88, iter:  59,300, lr:(1.370e-04,)][eta: 1:13:29, time (data): 0.475 (0.120)]l_bij: 6.2222e+01 l_orth: 7.2440e+01 l_diff: 2.5171e+01 l_align: 6.9159e+01 l_total: 2.2899e+02 
2026-05-22 19:59:28,250 INFO: [topki..][epoch: 88, iter:  59,320, lr:(1.370e-04,)][eta: 1:13:18, time (data): 0.473 (0.126)]l_bij: 5.6040e+01 l_orth: 6.5746e+01 l_diff: 2.1850e+01 l_align: 6.2408e+01 l_total: 2.0604e+02 
2026-05-22 19:59:37,746 INFO: [topki..][epoch: 88, iter:  59,340, lr:(1.370e-04,)][eta: 1:13:07, time (data): 0.474 (0.128)]l_bij: 4.7900e+01 l_orth: 6.0439e+01 l_diff: 2.3702e+01 l_align: 6.2985e+01 l_total: 1.9503e+02 
2026-05-22 19:59:47,566 INFO: [topki..][epoch: 88, iter:  59,360, lr:(1.370e-04,)][eta: 1:12:57, time (data): 0.479 (0.129)]l_bij: 3.9255e+01 l_orth: 5.4186e+01 l_diff: 2.5122e+01 l_align: 6.6326e+01 l_total: 1.8489e+02 
2026-05-22 19:59:57,650 INFO: [topki..][epoch: 88, iter:  59,380, lr:(1.370e-04,)][eta: 1:12:46, time (data): 0.485 (0.130)]l_bij: 5.4501e+01 l_orth: 6.8586e+01 l_diff: 2.4392e+01 l_align: 7.0680e+01 l_total: 2.1816e+02 
2026-05-22 20:00:07,319 INFO: [topki..][epoch: 88, iter:  59,400, lr:(1.370e-04,)][eta: 1:12:35, time (data): 0.485 (0.130)]l_bij: 6.0131e+01 l_orth: 7.3365e+01 l_diff: 3.0079e+01 l_align: 7.2382e+01 l_total: 2.3596e+02 
2026-05-22 20:00:17,775 INFO: [topki..][epoch: 88, iter:  59,420, lr:(1.370e-04,)][eta: 1:12:25, time (data): 0.491 (0.132)]l_bij: 6.0633e+01 l_orth: 6.8907e+01 l_diff: 2.6004e+01 l_align: 6.2270e+01 l_total: 2.1781e+02 
2026-05-22 20:00:27,685 INFO: [topki..][epoch: 88, iter:  59,440, lr:(1.370e-04,)][eta: 1:12:14, time (data): 0.491 (0.132)]l_bij: 5.6109e+01 l_orth: 7.1083e+01 l_diff: 2.2926e+01 l_align: 7.4092e+01 l_total: 2.2421e+02 
2026-05-22 20:00:37,849 INFO: [topki..][epoch: 88, iter:  59,460, lr:(1.370e-04,)][eta: 1:12:03, time (data): 0.493 (0.133)]l_bij: 7.0897e+01 l_orth: 8.1089e+01 l_diff: 2.4822e+01 l_align: 7.6844e+01 l_total: 2.5365e+02 
2026-05-22 20:00:47,945 INFO: [topki..][epoch: 88, iter:  59,480, lr:(1.370e-04,)][eta: 1:11:52, time (data): 0.495 (0.133)]l_bij: 5.0611e+01 l_orth: 6.3613e+01 l_diff: 2.4618e+01 l_align: 6.7339e+01 l_total: 2.0618e+02 
2026-05-22 20:00:59,470 INFO: [topki..][epoch: 89, iter:  59,500, lr:(1.316e-04,)][eta: 1:11:42, time (data): 0.487 (0.127)]l_bij: 5.5565e+01 l_orth: 7.0087e+01 l_diff: 2.4478e+01 l_align: 6.6408e+01 l_total: 2.1654e+02 
2026-05-22 20:01:09,249 INFO: [topki..][epoch: 89, iter:  59,520, lr:(1.316e-04,)][eta: 1:11:31, time (data): 0.489 (0.128)]l_bij: 4.7068e+01 l_orth: 5.9210e+01 l_diff: 2.9429e+01 l_align: 6.0909e+01 l_total: 1.9662e+02 
2026-05-22 20:01:19,010 INFO: [topki..][epoch: 89, iter:  59,540, lr:(1.316e-04,)][eta: 1:11:20, time (data): 0.488 (0.127)]l_bij: 6.1405e+01 l_orth: 7.1985e+01 l_diff: 2.0950e+01 l_align: 6.9107e+01 l_total: 2.2345e+02 
2026-05-22 20:01:28,650 INFO: [topki..][epoch: 89, iter:  59,560, lr:(1.316e-04,)][eta: 1:11:10, time (data): 0.486 (0.127)]l_bij: 8.0501e+01 l_orth: 8.8139e+01 l_diff: 3.1878e+01 l_align: 7.7419e+01 l_total: 2.7794e+02 
2026-05-22 20:01:38,163 INFO: [topki..][epoch: 89, iter:  59,580, lr:(1.316e-04,)][eta: 1:10:59, time (data): 0.484 (0.128)]l_bij: 5.5883e+01 l_orth: 6.6830e+01 l_diff: 3.2343e+01 l_align: 6.7281e+01 l_total: 2.2234e+02 
2026-05-22 20:01:47,526 INFO: [topki..][epoch: 89, iter:  59,600, lr:(1.316e-04,)][eta: 1:10:48, time (data): 0.481 (0.128)]l_bij: 6.3686e+01 l_orth: 7.5091e+01 l_diff: 2.4739e+01 l_align: 7.1139e+01 l_total: 2.3465e+02 
2026-05-22 20:01:57,327 INFO: [topki..][epoch: 89, iter:  59,620, lr:(1.316e-04,)][eta: 1:10:37, time (data): 0.482 (0.129)]l_bij: 5.8087e+01 l_orth: 7.0900e+01 l_diff: 2.6265e+01 l_align: 6.9301e+01 l_total: 2.2455e+02 
2026-05-22 20:02:07,623 INFO: [topki..][epoch: 89, iter:  59,640, lr:(1.316e-04,)][eta: 1:10:27, time (data): 0.487 (0.130)]l_bij: 6.1854e+01 l_orth: 7.1798e+01 l_diff: 2.4716e+01 l_align: 7.0902e+01 l_total: 2.2927e+02 
2026-05-22 20:02:17,826 INFO: [topki..][epoch: 89, iter:  59,660, lr:(1.316e-04,)][eta: 1:10:16, time (data): 0.490 (0.130)]l_bij: 5.0810e+01 l_orth: 6.3250e+01 l_diff: 2.6216e+01 l_align: 6.2472e+01 l_total: 2.0275e+02 
2026-05-22 20:02:27,538 INFO: [topki..][epoch: 89, iter:  59,680, lr:(1.316e-04,)][eta: 1:10:05, time (data): 0.489 (0.130)]l_bij: 5.3704e+01 l_orth: 6.5885e+01 l_diff: 2.1933e+01 l_align: 6.5482e+01 l_total: 2.0700e+02 
2026-05-22 20:02:37,167 INFO: [topki..][epoch: 89, iter:  59,700, lr:(1.316e-04,)][eta: 1:09:55, time (data): 0.434 (0.121)]l_bij: 3.7619e+00 l_orth: 5.3393e+01 l_diff: 2.7739e+01 l_align: 1.0165e+02 l_total: 1.8655e+02 
2026-05-22 20:02:46,861 INFO: [topki..][epoch: 89, iter:  59,720, lr:(1.316e-04,)][eta: 1:09:44, time (data): 0.478 (0.128)]l_bij: 7.4645e+01 l_orth: 8.3801e+01 l_diff: 3.1432e+01 l_align: 7.5646e+01 l_total: 2.6552e+02 
2026-05-22 20:02:56,580 INFO: [topki..][epoch: 89, iter:  59,740, lr:(1.316e-04,)][eta: 1:09:33, time (data): 0.482 (0.130)]l_bij: 5.0868e+01 l_orth: 6.3820e+01 l_diff: 2.9890e+01 l_align: 6.5549e+01 l_total: 2.1013e+02 
2026-05-22 20:03:06,053 INFO: [topki..][epoch: 89, iter:  59,760, lr:(1.316e-04,)][eta: 1:09:22, time (data): 0.479 (0.130)]l_bij: 6.2297e+01 l_orth: 7.3742e+01 l_diff: 2.8109e+01 l_align: 7.6220e+01 l_total: 2.4037e+02 
2026-05-22 20:03:15,522 INFO: [topki..][epoch: 89, iter:  59,780, lr:(1.316e-04,)][eta: 1:09:12, time (data): 0.478 (0.130)]l_bij: 6.7222e+01 l_orth: 7.9781e+01 l_diff: 3.7262e+01 l_align: 7.8276e+01 l_total: 2.6254e+02 
2026-05-22 20:03:25,350 INFO: [topki..][epoch: 89, iter:  59,800, lr:(1.316e-04,)][eta: 1:09:01, time (data): 0.480 (0.130)]l_bij: 9.3119e+01 l_orth: 9.7509e+01 l_diff: 2.4555e+01 l_align: 8.4607e+01 l_total: 2.9979e+02 
2026-05-22 20:03:34,495 INFO: [topki..][epoch: 89, iter:  59,820, lr:(1.316e-04,)][eta: 1:08:50, time (data): 0.477 (0.129)]l_bij: 5.3786e+01 l_orth: 6.4326e+01 l_diff: 2.1360e+01 l_align: 6.2986e+01 l_total: 2.0246e+02 
2026-05-22 20:03:44,367 INFO: [topki..][epoch: 89, iter:  59,840, lr:(1.316e-04,)][eta: 1:08:39, time (data): 0.479 (0.130)]l_bij: 5.2140e+01 l_orth: 6.5174e+01 l_diff: 2.6524e+01 l_align: 6.5512e+01 l_total: 2.0935e+02 
2026-05-22 20:03:54,345 INFO: [topki..][epoch: 89, iter:  59,860, lr:(1.316e-04,)][eta: 1:08:29, time (data): 0.481 (0.131)]l_bij: 6.5217e+01 l_orth: 7.4253e+01 l_diff: 2.7635e+01 l_align: 6.9600e+01 l_total: 2.3670e+02 
2026-05-22 20:04:03,857 INFO: [topki..][epoch: 89, iter:  59,880, lr:(1.316e-04,)][eta: 1:08:18, time (data): 0.481 (0.131)]l_bij: 6.3537e+01 l_orth: 7.6031e+01 l_diff: 2.5497e+01 l_align: 7.7492e+01 l_total: 2.4256e+02 
2026-05-22 20:04:13,530 INFO: [topki..][epoch: 89, iter:  59,900, lr:(1.316e-04,)][eta: 1:08:07, time (data): 0.451 (0.123)]l_bij: 6.5700e+01 l_orth: 7.6830e+01 l_diff: 2.5175e+01 l_align: 7.2980e+01 l_total: 2.4068e+02 
2026-05-22 20:04:23,443 INFO: [topki..][epoch: 89, iter:  59,920, lr:(1.316e-04,)][eta: 1:07:56, time (data): 0.492 (0.135)]l_bij: 6.4889e+01 l_orth: 7.5192e+01 l_diff: 2.7359e+01 l_align: 7.0675e+01 l_total: 2.3812e+02 
2026-05-22 20:04:32,943 INFO: [topki..][epoch: 89, iter:  59,940, lr:(1.316e-04,)][eta: 1:07:46, time (data): 0.484 (0.136)]l_bij: 2.0354e+00 l_orth: 3.8496e+01 l_diff: 2.4623e+01 l_align: 8.8937e+01 l_total: 1.5409e+02 
2026-05-22 20:04:41,828 INFO: [topki..][epoch: 89, iter:  59,960, lr:(1.316e-04,)][eta: 1:07:35, time (data): 0.471 (0.130)]l_bij: 8.4915e+01 l_orth: 9.1232e+01 l_diff: 3.1977e+01 l_align: 7.6003e+01 l_total: 2.8413e+02 
2026-05-22 20:04:52,194 INFO: [topki..][epoch: 89, iter:  59,980, lr:(1.316e-04,)][eta: 1:07:24, time (data): 0.482 (0.131)]l_bij: 5.8538e+01 l_orth: 7.1335e+01 l_diff: 2.4745e+01 l_align: 7.3975e+01 l_total: 2.2859e+02 
2026-05-22 20:05:01,054 INFO: [topki..][epoch: 89, iter:  60,000, lr:(1.316e-04,)][eta: 1:07:13, time (data): 0.475 (0.128)]l_bij: 8.9804e+01 l_orth: 9.7062e+01 l_diff: 3.0028e+01 l_align: 8.1283e+01 l_total: 2.9818e+02 
2026-05-22 20:05:01,054 INFO: Saving models and training states.
2026-05-22 20:05:01,070 INFO: Start validation.
2026-05-22 20:06:07,709 INFO: Avg time: 0.1050
2026-05-22 20:06:07,816 INFO: Val auc: 0.6890
2026-05-22 20:06:07,823 INFO: Val avg error: 0.0609
2026-05-22 20:06:18,008 INFO: [topki..][epoch: 89, iter:  60,020, lr:(1.316e-04,)][eta: 1:07:11, time (data): 0.478 (0.128)]l_bij: 5.8713e+01 l_orth: 7.1797e+01 l_diff: 2.9512e+01 l_align: 7.5144e+01 l_total: 2.3517e+02 
2026-05-22 20:06:28,182 INFO: [topki..][epoch: 89, iter:  60,040, lr:(1.316e-04,)][eta: 1:07:00, time (data): 0.482 (0.130)]l_bij: 5.9414e+01 l_orth: 7.0356e+01 l_diff: 2.7255e+01 l_align: 6.7220e+01 l_total: 2.2424e+02 
2026-05-22 20:06:37,972 INFO: [topki..][epoch: 89, iter:  60,060, lr:(1.316e-04,)][eta: 1:06:50, time (data): 0.483 (0.130)]l_bij: 5.8636e+01 l_orth: 6.9130e+01 l_diff: 2.5882e+01 l_align: 6.8782e+01 l_total: 2.2243e+02 
2026-05-22 20:06:47,477 INFO: [topki..][epoch: 89, iter:  60,080, lr:(1.316e-04,)][eta: 1:06:39, time (data): 0.482 (0.130)]l_bij: 6.3275e+01 l_orth: 7.2917e+01 l_diff: 2.7134e+01 l_align: 6.9046e+01 l_total: 2.3237e+02 
2026-05-22 20:06:57,434 INFO: [topki..][epoch: 89, iter:  60,100, lr:(1.316e-04,)][eta: 1:06:28, time (data): 0.411 (0.119)]l_bij: 7.0331e+01 l_orth: 8.2298e+01 l_diff: 2.7963e+01 l_align: 7.7340e+01 l_total: 2.5793e+02 
2026-05-22 20:07:07,813 INFO: [topki..][epoch: 89, iter:  60,120, lr:(1.316e-04,)][eta: 1:06:17, time (data): 0.514 (0.134)]l_bij: 5.6955e+01 l_orth: 6.7757e+01 l_diff: 2.2155e+01 l_align: 6.6666e+01 l_total: 2.1353e+02 
2026-05-22 20:07:17,899 INFO: [topki..][epoch: 89, iter:  60,140, lr:(1.316e-04,)][eta: 1:06:07, time (data): 0.509 (0.137)]l_bij: 5.2553e+01 l_orth: 6.7895e+01 l_diff: 3.0494e+01 l_align: 6.7375e+01 l_total: 2.1832e+02 
2026-05-22 20:07:27,326 INFO: [topki..][epoch: 89, iter:  60,160, lr:(1.316e-04,)][eta: 1:05:56, time (data): 0.497 (0.134)]l_bij: 5.8918e+01 l_orth: 7.0655e+01 l_diff: 2.6323e+01 l_align: 6.9953e+01 l_total: 2.2585e+02 
2026-05-22 20:07:38,666 INFO: [topki..][epoch: 90, iter:  60,180, lr:(1.266e-04,)][eta: 1:05:45, time (data): 0.514 (0.154)]l_bij: 8.1280e+01 l_orth: 8.8264e+01 l_diff: 3.1088e+01 l_align: 7.5467e+01 l_total: 2.7610e+02 
2026-05-22 20:07:47,577 INFO: [topki..][epoch: 90, iter:  60,200, lr:(1.266e-04,)][eta: 1:05:35, time (data): 0.500 (0.144)]l_bij: 4.7019e+01 l_orth: 6.0987e+01 l_diff: 2.5404e+01 l_align: 6.8575e+01 l_total: 2.0198e+02 
2026-05-22 20:07:57,259 INFO: [topki..][epoch: 90, iter:  60,220, lr:(1.266e-04,)][eta: 1:05:24, time (data): 0.498 (0.141)]l_bij: 6.3283e+01 l_orth: 7.3767e+01 l_diff: 2.3610e+01 l_align: 6.8466e+01 l_total: 2.2913e+02 
2026-05-22 20:08:07,199 INFO: [topki..][epoch: 90, iter:  60,240, lr:(1.266e-04,)][eta: 1:05:13, time (data): 0.498 (0.140)]l_bij: 8.1694e+01 l_orth: 8.9332e+01 l_diff: 2.8500e+01 l_align: 7.9530e+01 l_total: 2.7906e+02 
2026-05-22 20:08:16,865 INFO: [topki..][epoch: 90, iter:  60,260, lr:(1.266e-04,)][eta: 1:05:02, time (data): 0.496 (0.138)]l_bij: 4.1333e+01 l_orth: 5.5646e+01 l_diff: 2.5800e+01 l_align: 6.1439e+01 l_total: 1.8422e+02 
2026-05-22 20:08:26,547 INFO: [topki..][epoch: 90, iter:  60,280, lr:(1.266e-04,)][eta: 1:04:52, time (data): 0.495 (0.137)]l_bij: 8.5873e+01 l_orth: 9.1703e+01 l_diff: 2.9295e+01 l_align: 7.6594e+01 l_total: 2.8346e+02 
2026-05-22 20:08:36,118 INFO: [topki..][epoch: 90, iter:  60,300, lr:(1.266e-04,)][eta: 1:04:41, time (data): 0.493 (0.136)]l_bij: 4.9621e+01 l_orth: 6.2292e+01 l_diff: 2.4689e+01 l_align: 6.3745e+01 l_total: 2.0035e+02 
2026-05-22 20:08:45,729 INFO: [topki..][epoch: 90, iter:  60,320, lr:(1.266e-04,)][eta: 1:04:30, time (data): 0.480 (0.124)]l_bij: 6.5003e+01 l_orth: 7.5682e+01 l_diff: 2.1173e+01 l_align: 7.3516e+01 l_total: 2.3537e+02 
2026-05-22 20:08:55,566 INFO: [topki..][epoch: 90, iter:  60,340, lr:(1.266e-04,)][eta: 1:04:19, time (data): 0.486 (0.127)]l_bij: 6.8695e+01 l_orth: 7.9793e+01 l_diff: 2.7936e+01 l_align: 7.7166e+01 l_total: 2.5359e+02 
2026-05-22 20:09:05,169 INFO: [topki..][epoch: 90, iter:  60,360, lr:(1.266e-04,)][eta: 1:04:09, time (data): 0.484 (0.127)]l_bij: 5.5957e+01 l_orth: 6.8121e+01 l_diff: 2.7478e+01 l_align: 7.0248e+01 l_total: 2.2180e+02 
2026-05-22 20:09:14,757 INFO: [topki..][epoch: 90, iter:  60,380, lr:(1.266e-04,)][eta: 1:03:58, time (data): 0.483 (0.126)]l_bij: 3.8650e+00 l_orth: 4.6560e+01 l_diff: 2.5662e+01 l_align: 7.8694e+01 l_total: 1.5478e+02 
2026-05-22 20:09:24,874 INFO: [topki..][epoch: 90, iter:  60,400, lr:(1.266e-04,)][eta: 1:03:47, time (data): 0.487 (0.127)]l_bij: 7.2088e+01 l_orth: 8.2780e+01 l_diff: 2.6605e+01 l_align: 7.7247e+01 l_total: 2.5872e+02 
2026-05-22 20:09:34,816 INFO: [topki..][epoch: 90, iter:  60,420, lr:(1.266e-04,)][eta: 1:03:36, time (data): 0.489 (0.128)]l_bij: 6.4435e+01 l_orth: 7.3550e+01 l_diff: 2.7090e+01 l_align: 6.9945e+01 l_total: 2.3502e+02 
2026-05-22 20:09:44,835 INFO: [topki..][epoch: 90, iter:  60,440, lr:(1.266e-04,)][eta: 1:03:26, time (data): 0.491 (0.129)]l_bij: 6.2012e+01 l_orth: 7.4338e+01 l_diff: 2.8465e+01 l_align: 7.2317e+01 l_total: 2.3713e+02 
2026-05-22 20:09:54,715 INFO: [topki..][epoch: 90, iter:  60,460, lr:(1.266e-04,)][eta: 1:03:15, time (data): 0.491 (0.129)]l_bij: 6.5139e+01 l_orth: 7.4914e+01 l_diff: 2.4093e+01 l_align: 7.0692e+01 l_total: 2.3484e+02 
2026-05-22 20:10:04,526 INFO: [topki..][epoch: 90, iter:  60,480, lr:(1.266e-04,)][eta: 1:03:04, time (data): 0.491 (0.129)]l_bij: 7.8013e+01 l_orth: 9.0540e+01 l_diff: 2.4966e+01 l_align: 8.7038e+01 l_total: 2.8056e+02 
2026-05-22 20:10:13,914 INFO: [topki..][epoch: 90, iter:  60,500, lr:(1.266e-04,)][eta: 1:02:53, time (data): 0.489 (0.129)]l_bij: 6.4323e+01 l_orth: 7.4955e+01 l_diff: 2.5087e+01 l_align: 7.6557e+01 l_total: 2.4092e+02 
2026-05-22 20:10:23,414 INFO: [topki..][epoch: 90, iter:  60,520, lr:(1.266e-04,)][eta: 1:02:43, time (data): 0.475 (0.128)]l_bij: 6.8374e+01 l_orth: 7.9275e+01 l_diff: 2.9231e+01 l_align: 7.6351e+01 l_total: 2.5323e+02 
2026-05-22 20:10:33,028 INFO: [topki..][epoch: 90, iter:  60,540, lr:(1.266e-04,)][eta: 1:02:32, time (data): 0.478 (0.129)]l_bij: 5.7920e+01 l_orth: 6.9889e+01 l_diff: 2.1664e+01 l_align: 6.6370e+01 l_total: 2.1584e+02 
2026-05-22 20:10:42,670 INFO: [topki..][epoch: 90, iter:  60,560, lr:(1.266e-04,)][eta: 1:02:21, time (data): 0.479 (0.130)]l_bij: 9.0456e+01 l_orth: 9.9118e+01 l_diff: 2.8758e+01 l_align: 8.7961e+01 l_total: 3.0629e+02 
2026-05-22 20:10:51,966 INFO: [topki..][epoch: 90, iter:  60,580, lr:(1.266e-04,)][eta: 1:02:10, time (data): 0.476 (0.129)]l_bij: 4.7252e+01 l_orth: 6.0389e+01 l_diff: 2.4651e+01 l_align: 6.2573e+01 l_total: 1.9486e+02 
2026-05-22 20:11:00,956 INFO: [topki..][epoch: 90, iter:  60,600, lr:(1.266e-04,)][eta: 1:02:00, time (data): 0.470 (0.127)]l_bij: 6.3309e+01 l_orth: 7.4743e+01 l_diff: 2.5651e+01 l_align: 7.5049e+01 l_total: 2.3875e+02 
2026-05-22 20:11:10,617 INFO: [topki..][epoch: 90, iter:  60,620, lr:(1.266e-04,)][eta: 1:01:49, time (data): 0.472 (0.127)]l_bij: 5.5248e+01 l_orth: 6.5468e+01 l_diff: 2.5979e+01 l_align: 6.5174e+01 l_total: 2.1187e+02 
2026-05-22 20:11:20,279 INFO: [topki..][epoch: 90, iter:  60,640, lr:(1.266e-04,)][eta: 1:01:38, time (data): 0.474 (0.128)]l_bij: 6.7172e+01 l_orth: 7.8528e+01 l_diff: 2.8828e+01 l_align: 7.2115e+01 l_total: 2.4664e+02 
2026-05-22 20:11:29,890 INFO: [topki..][epoch: 90, iter:  60,660, lr:(1.266e-04,)][eta: 1:01:27, time (data): 0.475 (0.128)]l_bij: 7.6618e+01 l_orth: 8.4878e+01 l_diff: 2.4096e+01 l_align: 7.3352e+01 l_total: 2.5894e+02 
2026-05-22 20:11:39,521 INFO: [topki..][epoch: 90, iter:  60,680, lr:(1.266e-04,)][eta: 1:01:17, time (data): 0.476 (0.128)]l_bij: 9.3084e+01 l_orth: 9.9055e+01 l_diff: 3.0749e+01 l_align: 8.5837e+01 l_total: 3.0873e+02 
2026-05-22 20:11:49,515 INFO: [topki..][epoch: 90, iter:  60,700, lr:(1.266e-04,)][eta: 1:01:06, time (data): 0.478 (0.129)]l_bij: 5.6473e+01 l_orth: 6.7802e+01 l_diff: 2.3704e+01 l_align: 6.3959e+01 l_total: 2.1194e+02 
2026-05-22 20:11:59,386 INFO: [topki..][epoch: 90, iter:  60,720, lr:(1.266e-04,)][eta: 1:00:55, time (data): 0.499 (0.136)]l_bij: 8.0526e+01 l_orth: 8.9391e+01 l_diff: 2.9203e+01 l_align: 7.7877e+01 l_total: 2.7700e+02 
2026-05-22 20:12:08,945 INFO: [topki..][epoch: 90, iter:  60,740, lr:(1.266e-04,)][eta: 1:00:44, time (data): 0.488 (0.132)]l_bij: 7.0570e+01 l_orth: 7.8949e+01 l_diff: 2.6310e+01 l_align: 7.2316e+01 l_total: 2.4814e+02 
2026-05-22 20:12:18,823 INFO: [topki..][epoch: 90, iter:  60,760, lr:(1.266e-04,)][eta: 1:00:34, time (data): 0.490 (0.134)]l_bij: 5.5044e+01 l_orth: 6.9439e+01 l_diff: 3.0151e+01 l_align: 7.1049e+01 l_total: 2.2568e+02 
2026-05-22 20:12:28,697 INFO: [topki..][epoch: 90, iter:  60,780, lr:(1.266e-04,)][eta: 1:00:23, time (data): 0.491 (0.134)]l_bij: 6.3550e+01 l_orth: 7.5243e+01 l_diff: 2.3498e+01 l_align: 7.2409e+01 l_total: 2.3470e+02 
2026-05-22 20:12:38,551 INFO: [topki..][epoch: 90, iter:  60,800, lr:(1.266e-04,)][eta: 1:00:12, time (data): 0.491 (0.133)]l_bij: 6.8175e+01 l_orth: 7.9734e+01 l_diff: 2.2319e+01 l_align: 7.6797e+01 l_total: 2.4703e+02 
2026-05-22 20:12:48,231 INFO: [topki..][epoch: 90, iter:  60,820, lr:(1.266e-04,)][eta: 1:00:02, time (data): 0.490 (0.132)]l_bij: 8.5334e+01 l_orth: 9.2380e+01 l_diff: 2.5972e+01 l_align: 8.0110e+01 l_total: 2.8380e+02 
2026-05-22 20:12:57,767 INFO: [topki..][epoch: 90, iter:  60,840, lr:(1.266e-04,)][eta: 0:59:51, time (data): 0.488 (0.131)]l_bij: 8.0457e+01 l_orth: 8.8576e+01 l_diff: 2.8505e+01 l_align: 8.1235e+01 l_total: 2.7877e+02 
2026-05-22 20:13:09,453 INFO: [topki..][epoch: 91, iter:  60,860, lr:(1.220e-04,)][eta: 0:59:40, time (data): 0.500 (0.144)]l_bij: 6.1188e+01 l_orth: 7.2456e+01 l_diff: 2.7416e+01 l_align: 7.2446e+01 l_total: 2.3351e+02 
2026-05-22 20:13:19,020 INFO: [topki..][epoch: 91, iter:  60,880, lr:(1.220e-04,)][eta: 0:59:30, time (data): 0.498 (0.141)]l_bij: 7.8755e+01 l_orth: 8.7148e+01 l_diff: 3.1691e+01 l_align: 7.7058e+01 l_total: 2.7465e+02 
2026-05-22 20:13:30,900 INFO: [topki..][epoch: 91, iter:  60,900, lr:(1.220e-04,)][eta: 0:59:19, time (data): 0.507 (0.140)]l_bij: 5.9405e+01 l_orth: 7.1936e+01 l_diff: 2.8209e+01 l_align: 7.0515e+01 l_total: 2.3007e+02 
2026-05-22 20:13:41,354 INFO: [topki..][epoch: 91, iter:  60,920, lr:(1.220e-04,)][eta: 0:59:08, time (data): 0.531 (0.130)]l_bij: 5.4223e+01 l_orth: 6.6443e+01 l_diff: 2.9555e+01 l_align: 6.8724e+01 l_total: 2.1895e+02 
2026-05-22 20:13:51,607 INFO: [topki..][epoch: 91, iter:  60,940, lr:(1.220e-04,)][eta: 0:58:58, time (data): 0.521 (0.129)]l_bij: 7.4648e+01 l_orth: 8.3823e+01 l_diff: 2.4163e+01 l_align: 7.5691e+01 l_total: 2.5833e+02 
2026-05-22 20:14:01,334 INFO: [topki..][epoch: 91, iter:  60,960, lr:(1.220e-04,)][eta: 0:58:47, time (data): 0.509 (0.126)]l_bij: 8.5487e+01 l_orth: 9.3352e+01 l_diff: 2.9336e+01 l_align: 8.5964e+01 l_total: 2.9414e+02 
2026-05-22 20:14:11,690 INFO: [topki..][epoch: 91, iter:  60,980, lr:(1.220e-04,)][eta: 0:58:36, time (data): 0.511 (0.124)]l_bij: 4.9534e+01 l_orth: 6.3386e+01 l_diff: 2.5702e+01 l_align: 6.3289e+01 l_total: 2.0191e+02 
2026-05-22 20:14:22,629 INFO: [topki..][epoch: 91, iter:  61,000, lr:(1.220e-04,)][eta: 0:58:26, time (data): 0.519 (0.126)]l_bij: 5.0740e+01 l_orth: 6.4072e+01 l_diff: 2.5617e+01 l_align: 6.8515e+01 l_total: 2.0894e+02 
2026-05-22 20:14:32,533 INFO: [topki..][epoch: 91, iter:  61,020, lr:(1.220e-04,)][eta: 0:58:15, time (data): 0.515 (0.125)]l_bij: 5.8187e-01 l_orth: 2.3402e+01 l_diff: 1.8924e+01 l_align: 6.4336e+01 l_total: 1.0724e+02 
2026-05-22 20:14:42,833 INFO: [topki..][epoch: 91, iter:  61,040, lr:(1.220e-04,)][eta: 0:58:04, time (data): 0.515 (0.126)]l_bij: 7.8677e+01 l_orth: 8.9750e+01 l_diff: 2.3337e+01 l_align: 8.4732e+01 l_total: 2.7650e+02 
2026-05-22 20:14:53,394 INFO: [topki..][epoch: 91, iter:  61,060, lr:(1.220e-04,)][eta: 0:57:54, time (data): 0.516 (0.127)]l_bij: 4.7274e+01 l_orth: 6.1760e+01 l_diff: 2.8495e+01 l_align: 6.6766e+01 l_total: 2.0429e+02 
2026-05-22 20:15:03,853 INFO: [topki..][epoch: 91, iter:  61,080, lr:(1.220e-04,)][eta: 0:57:43, time (data): 0.517 (0.128)]l_bij: 8.5095e+01 l_orth: 9.0934e+01 l_diff: 2.7839e+01 l_align: 7.5384e+01 l_total: 2.7925e+02 
2026-05-22 20:15:14,425 INFO: [topki..][epoch: 91, iter:  61,100, lr:(1.220e-04,)][eta: 0:57:33, time (data): 0.518 (0.129)]l_bij: 6.9360e+01 l_orth: 7.8025e+01 l_diff: 2.7399e+01 l_align: 7.2128e+01 l_total: 2.4691e+02 
2026-05-22 20:15:24,273 INFO: [topki..][epoch: 91, iter:  61,120, lr:(1.220e-04,)][eta: 0:57:22, time (data): 0.485 (0.118)]l_bij: 5.7982e+01 l_orth: 6.9859e+01 l_diff: 2.6310e+01 l_align: 6.8112e+01 l_total: 2.2226e+02 
2026-05-22 20:15:36,639 INFO: [topki..][epoch: 91, iter:  61,140, lr:(1.220e-04,)][eta: 0:57:11, time (data): 0.559 (0.127)]l_bij: 5.5916e+01 l_orth: 6.5956e+01 l_diff: 2.2384e+01 l_align: 6.3822e+01 l_total: 2.0808e+02 
2026-05-22 20:15:46,652 INFO: [topki..][epoch: 91, iter:  61,160, lr:(1.220e-04,)][eta: 0:57:01, time (data): 0.538 (0.126)]l_bij: 5.4869e+01 l_orth: 6.7614e+01 l_diff: 2.3426e+01 l_align: 6.8262e+01 l_total: 2.1417e+02 
2026-05-22 20:15:59,161 INFO: [topki..][epoch: 91, iter:  61,180, lr:(1.220e-04,)][eta: 0:56:50, time (data): 0.561 (0.129)]l_bij: 7.9362e+01 l_orth: 8.7614e+01 l_diff: 3.0995e+01 l_align: 7.7774e+01 l_total: 2.7574e+02 
2026-05-22 20:16:10,740 INFO: [topki..][epoch: 91, iter:  61,200, lr:(1.220e-04,)][eta: 0:56:40, time (data): 0.565 (0.130)]l_bij: 6.0430e+01 l_orth: 7.4678e+01 l_diff: 2.5807e+01 l_align: 7.4843e+01 l_total: 2.3576e+02 
2026-05-22 20:16:22,707 INFO: [topki..][epoch: 91, iter:  61,220, lr:(1.220e-04,)][eta: 0:56:29, time (data): 0.571 (0.131)]l_bij: 7.1349e+01 l_orth: 8.0141e+01 l_diff: 2.7167e+01 l_align: 6.8374e+01 l_total: 2.4703e+02 
2026-05-22 20:16:32,828 INFO: [topki..][epoch: 91, iter:  61,240, lr:(1.220e-04,)][eta: 0:56:19, time (data): 0.561 (0.133)]l_bij: 6.8818e+01 l_orth: 7.8046e+01 l_diff: 2.3390e+01 l_align: 6.9716e+01 l_total: 2.3997e+02 
2026-05-22 20:16:45,395 INFO: [topki..][epoch: 91, iter:  61,260, lr:(1.220e-04,)][eta: 0:56:08, time (data): 0.570 (0.134)]l_bij: 7.0383e+01 l_orth: 8.0895e+01 l_diff: 2.7133e+01 l_align: 7.6309e+01 l_total: 2.5472e+02 
2026-05-22 20:16:58,425 INFO: [topki..][epoch: 91, iter:  61,280, lr:(1.220e-04,)][eta: 0:55:58, time (data): 0.579 (0.134)]l_bij: 6.9670e+01 l_orth: 7.9378e+01 l_diff: 2.9273e+01 l_align: 7.0022e+01 l_total: 2.4834e+02 
2026-05-22 20:17:08,850 INFO: [topki..][epoch: 91, iter:  61,300, lr:(1.220e-04,)][eta: 0:55:47, time (data): 0.573 (0.133)]l_bij: 6.4321e+01 l_orth: 7.4125e+01 l_diff: 2.6405e+01 l_align: 6.9096e+01 l_total: 2.3395e+02 
2026-05-22 20:17:19,800 INFO: [topki..][epoch: 91, iter:  61,320, lr:(1.220e-04,)][eta: 0:55:36, time (data): 0.539 (0.139)]l_bij: 6.7638e-01 l_orth: 2.5136e+01 l_diff: 2.1077e+01 l_align: 6.6992e+01 l_total: 1.1388e+02 
2026-05-22 20:17:32,625 INFO: [topki..][epoch: 91, iter:  61,340, lr:(1.220e-04,)][eta: 0:55:26, time (data): 0.597 (0.137)]l_bij: 5.8821e+01 l_orth: 6.8445e+01 l_diff: 2.9859e+01 l_align: 6.5305e+01 l_total: 2.2243e+02 
2026-05-22 20:17:44,494 INFO: [topki..][epoch: 91, iter:  61,360, lr:(1.220e-04,)][eta: 0:55:16, time (data): 0.596 (0.139)]l_bij: 4.8932e+01 l_orth: 6.5514e+01 l_diff: 3.2183e+01 l_align: 6.9294e+01 l_total: 2.1592e+02 
2026-05-22 20:17:55,727 INFO: [topki..][epoch: 91, iter:  61,380, lr:(1.220e-04,)][eta: 0:55:05, time (data): 0.587 (0.139)]l_bij: 4.8313e+01 l_orth: 6.1327e+01 l_diff: 2.1938e+01 l_align: 6.4644e+01 l_total: 1.9622e+02 
2026-05-22 20:18:07,103 INFO: [topki..][epoch: 91, iter:  61,400, lr:(1.220e-04,)][eta: 0:54:54, time (data): 0.583 (0.140)]l_bij: 5.8098e+01 l_orth: 6.9362e+01 l_diff: 2.9389e+01 l_align: 6.2949e+01 l_total: 2.1980e+02 
2026-05-22 20:18:20,736 INFO: [topki..][epoch: 91, iter:  61,420, lr:(1.220e-04,)][eta: 0:54:44, time (data): 0.600 (0.139)]l_bij: 4.8073e+01 l_orth: 6.3597e+01 l_diff: 2.3623e+01 l_align: 6.9214e+01 l_total: 2.0451e+02 
2026-05-22 20:18:31,025 INFO: [topki..][epoch: 91, iter:  61,440, lr:(1.220e-04,)][eta: 0:54:33, time (data): 0.587 (0.138)]l_bij: 7.8179e+01 l_orth: 8.7984e+01 l_diff: 2.9896e+01 l_align: 8.5260e+01 l_total: 2.8132e+02 
2026-05-22 20:18:45,251 INFO: [topki..][epoch: 91, iter:  61,460, lr:(1.220e-04,)][eta: 0:54:23, time (data): 0.603 (0.137)]l_bij: 3.3311e+01 l_orth: 5.0132e+01 l_diff: 2.2098e+01 l_align: 6.4083e+01 l_total: 1.6962e+02 
2026-05-22 20:18:55,969 INFO: [topki..][epoch: 91, iter:  61,480, lr:(1.220e-04,)][eta: 0:54:13, time (data): 0.596 (0.136)]l_bij: 6.4848e+01 l_orth: 7.4291e+01 l_diff: 2.8939e+01 l_align: 7.0030e+01 l_total: 2.3811e+02 
2026-05-22 20:19:07,055 INFO: [topki..][epoch: 91, iter:  61,500, lr:(1.220e-04,)][eta: 0:54:02, time (data): 0.591 (0.137)]l_bij: 8.2895e+01 l_orth: 9.3126e+01 l_diff: 2.6463e+01 l_align: 8.6211e+01 l_total: 2.8870e+02 
2026-05-22 20:19:20,110 INFO: [topki..][epoch: 92, iter:  61,520, lr:(1.179e-04,)][eta: 0:53:52, time (data): 0.646 (0.285)]l_bij: 6.8409e+01 l_orth: 7.7140e+01 l_diff: 2.6595e+01 l_align: 7.2023e+01 l_total: 2.4417e+02 
2026-05-22 20:19:32,217 INFO: [topki..][epoch: 92, iter:  61,540, lr:(1.179e-04,)][eta: 0:53:41, time (data): 0.622 (0.212)]l_bij: 4.6725e+01 l_orth: 6.0408e+01 l_diff: 2.7669e+01 l_align: 6.7919e+01 l_total: 2.0272e+02 
2026-05-22 20:19:45,266 INFO: [topki..][epoch: 92, iter:  61,560, lr:(1.179e-04,)][eta: 0:53:31, time (data): 0.633 (0.187)]l_bij: 6.2649e+01 l_orth: 7.4007e+01 l_diff: 1.9384e+01 l_align: 7.1195e+01 l_total: 2.2724e+02 
2026-05-22 20:19:56,367 INFO: [topki..][epoch: 92, iter:  61,580, lr:(1.179e-04,)][eta: 0:53:20, time (data): 0.612 (0.170)]l_bij: 6.5459e+01 l_orth: 7.7149e+01 l_diff: 3.0891e+01 l_align: 7.2677e+01 l_total: 2.4617e+02 
2026-05-22 20:20:09,235 INFO: [topki..][epoch: 92, iter:  61,600, lr:(1.179e-04,)][eta: 0:53:10, time (data): 0.619 (0.162)]l_bij: 5.9757e+01 l_orth: 7.1755e+01 l_diff: 3.2382e+01 l_align: 6.6840e+01 l_total: 2.3073e+02 
2026-05-22 20:20:22,733 INFO: [topki..][epoch: 92, iter:  61,620, lr:(1.179e-04,)][eta: 0:52:59, time (data): 0.629 (0.157)]l_bij: 7.3878e+01 l_orth: 8.1725e+01 l_diff: 2.3200e+01 l_align: 7.5162e+01 l_total: 2.5397e+02 
2026-05-22 20:20:32,740 INFO: [topki..][epoch: 92, iter:  61,640, lr:(1.179e-04,)][eta: 0:52:49, time (data): 0.609 (0.152)]l_bij: 5.5334e+01 l_orth: 6.5848e+01 l_diff: 2.7414e+01 l_align: 6.4280e+01 l_total: 2.1288e+02 
2026-05-22 20:20:44,686 INFO: [topki..][epoch: 92, iter:  61,660, lr:(1.179e-04,)][eta: 0:52:38, time (data): 0.608 (0.149)]l_bij: 7.4261e+01 l_orth: 8.4158e+01 l_diff: 2.6652e+01 l_align: 7.7099e+01 l_total: 2.6217e+02 
2026-05-22 20:20:58,501 INFO: [topki..][epoch: 92, iter:  61,680, lr:(1.179e-04,)][eta: 0:52:28, time (data): 0.617 (0.147)]l_bij: 5.3880e+01 l_orth: 6.5660e+01 l_diff: 2.2074e+01 l_align: 6.6855e+01 l_total: 2.0847e+02 
2026-05-22 20:21:08,822 INFO: [topki..][epoch: 92, iter:  61,700, lr:(1.179e-04,)][eta: 0:52:17, time (data): 0.607 (0.145)]l_bij: 6.1648e+01 l_orth: 7.2913e+01 l_diff: 3.0156e+01 l_align: 7.1595e+01 l_total: 2.3631e+02 
2026-05-22 20:21:21,485 INFO: [topki..][epoch: 92, iter:  61,720, lr:(1.179e-04,)][eta: 0:52:07, time (data): 0.595 (0.119)]l_bij: 4.9399e+01 l_orth: 6.2866e+01 l_diff: 2.4402e+01 l_align: 6.4825e+01 l_total: 2.0149e+02 
2026-05-22 20:21:31,512 INFO: [topki..][epoch: 92, iter:  61,740, lr:(1.179e-04,)][eta: 0:51:56, time (data): 0.538 (0.124)]l_bij: 6.9220e+01 l_orth: 7.9669e+01 l_diff: 2.6030e+01 l_align: 6.9840e+01 l_total: 2.4476e+02 
2026-05-22 20:21:44,182 INFO: [topki..][epoch: 92, iter:  61,760, lr:(1.179e-04,)][eta: 0:51:46, time (data): 0.574 (0.122)]l_bij: 5.2833e+01 l_orth: 6.3646e+01 l_diff: 2.6275e+01 l_align: 6.2437e+01 l_total: 2.0519e+02 
2026-05-22 20:21:54,544 INFO: [topki..][epoch: 92, iter:  61,780, lr:(1.179e-04,)][eta: 0:51:35, time (data): 0.559 (0.122)]l_bij: 6.6560e+01 l_orth: 7.6876e+01 l_diff: 3.4467e+01 l_align: 7.3479e+01 l_total: 2.5138e+02 
2026-05-22 20:22:05,506 INFO: [topki..][epoch: 92, iter:  61,800, lr:(1.179e-04,)][eta: 0:51:24, time (data): 0.556 (0.125)]l_bij: 5.2126e+01 l_orth: 6.6645e+01 l_diff: 2.8234e+01 l_align: 6.6219e+01 l_total: 2.1322e+02 
2026-05-22 20:22:18,164 INFO: [topki..][epoch: 92, iter:  61,820, lr:(1.179e-04,)][eta: 0:51:14, time (data): 0.570 (0.126)]l_bij: 6.3035e+01 l_orth: 7.2105e+01 l_diff: 3.0601e+01 l_align: 6.6648e+01 l_total: 2.3239e+02 
2026-05-22 20:22:28,715 INFO: [topki..][epoch: 92, iter:  61,840, lr:(1.179e-04,)][eta: 0:51:03, time (data): 0.564 (0.128)]l_bij: 5.0678e+01 l_orth: 6.2799e+01 l_diff: 2.4368e+01 l_align: 5.9992e+01 l_total: 1.9784e+02 
2026-05-22 20:22:39,914 INFO: [topki..][epoch: 92, iter:  61,860, lr:(1.179e-04,)][eta: 0:50:53, time (data): 0.563 (0.128)]l_bij: 4.9015e+01 l_orth: 6.2071e+01 l_diff: 2.1763e+01 l_align: 6.6299e+01 l_total: 1.9915e+02 
2026-05-22 20:22:51,324 INFO: [topki..][epoch: 92, iter:  61,880, lr:(1.179e-04,)][eta: 0:50:42, time (data): 0.564 (0.128)]l_bij: 9.2774e+01 l_orth: 9.9017e+01 l_diff: 3.1852e+01 l_align: 8.0492e+01 l_total: 3.0414e+02 
2026-05-22 20:23:04,190 INFO: [topki..][epoch: 92, iter:  61,900, lr:(1.179e-04,)][eta: 0:50:32, time (data): 0.572 (0.129)]l_bij: 7.4930e+01 l_orth: 8.2668e+01 l_diff: 3.2672e+01 l_align: 7.1782e+01 l_total: 2.6205e+02 
2026-05-22 20:23:15,268 INFO: [topki..][epoch: 92, iter:  61,920, lr:(1.179e-04,)][eta: 0:50:21, time (data): 0.496 (0.121)]l_bij: 5.5912e+01 l_orth: 6.9744e+01 l_diff: 2.4406e+01 l_align: 6.9600e+01 l_total: 2.1966e+02 
2026-05-22 20:23:28,403 INFO: [topki..][epoch: 92, iter:  61,940, lr:(1.179e-04,)][eta: 0:50:11, time (data): 0.596 (0.123)]l_bij: 5.4943e+01 l_orth: 6.6892e+01 l_diff: 2.5099e+01 l_align: 6.7125e+01 l_total: 2.1406e+02 
2026-05-22 20:23:41,353 INFO: [topki..][epoch: 92, iter:  61,960, lr:(1.179e-04,)][eta: 0:50:00, time (data): 0.616 (0.126)]l_bij: 4.1260e+01 l_orth: 5.5132e+01 l_diff: 2.2453e+01 l_align: 5.9808e+01 l_total: 1.7865e+02 
2026-05-22 20:23:54,960 INFO: [topki..][epoch: 92, iter:  61,980, lr:(1.179e-04,)][eta: 0:49:50, time (data): 0.634 (0.128)]l_bij: 7.4996e+01 l_orth: 8.4667e+01 l_diff: 3.1210e+01 l_align: 7.8708e+01 l_total: 2.6958e+02 
2026-05-22 20:24:06,189 INFO: [topki..][epoch: 92, iter:  62,000, lr:(1.179e-04,)][eta: 0:49:39, time (data): 0.618 (0.129)]l_bij: 4.5891e+01 l_orth: 5.9734e+01 l_diff: 2.2973e+01 l_align: 6.4708e+01 l_total: 1.9331e+02 
2026-05-22 20:24:18,131 INFO: [topki..][epoch: 92, iter:  62,020, lr:(1.179e-04,)][eta: 0:49:29, time (data): 0.614 (0.131)]l_bij: 7.2631e+01 l_orth: 8.3558e+01 l_diff: 3.1497e+01 l_align: 7.6179e+01 l_total: 2.6387e+02 
2026-05-22 20:24:29,251 INFO: [topki..][epoch: 92, iter:  62,040, lr:(1.179e-04,)][eta: 0:49:18, time (data): 0.605 (0.131)]l_bij: 8.1636e+01 l_orth: 8.9908e+01 l_diff: 2.9486e+01 l_align: 7.5009e+01 l_total: 2.7604e+02 
2026-05-22 20:24:41,445 INFO: [topki..][epoch: 92, iter:  62,060, lr:(1.179e-04,)][eta: 0:49:08, time (data): 0.606 (0.133)]l_bij: 5.5008e+01 l_orth: 6.9641e+01 l_diff: 3.5246e+01 l_align: 6.6596e+01 l_total: 2.2649e+02 
2026-05-22 20:24:56,756 INFO: [topki..][epoch: 92, iter:  62,080, lr:(1.179e-04,)][eta: 0:48:57, time (data): 0.625 (0.132)]l_bij: 6.8554e+01 l_orth: 7.8670e+01 l_diff: 3.0106e+01 l_align: 7.7251e+01 l_total: 2.5458e+02 
2026-05-22 20:25:07,995 INFO: [topki..][epoch: 92, iter:  62,100, lr:(1.179e-04,)][eta: 0:48:47, time (data): 0.618 (0.131)]l_bij: 9.9405e-01 l_orth: 3.2243e+01 l_diff: 1.6271e+01 l_align: 7.4793e+01 l_total: 1.2430e+02 
2026-05-22 20:25:19,515 INFO: [topki..][epoch: 92, iter:  62,120, lr:(1.179e-04,)][eta: 0:48:36, time (data): 0.675 (0.132)]l_bij: 7.5859e+01 l_orth: 8.6718e+01 l_diff: 2.7150e+01 l_align: 7.9450e+01 l_total: 2.6918e+02 
2026-05-22 20:25:30,209 INFO: [topki..][epoch: 92, iter:  62,140, lr:(1.179e-04,)][eta: 0:48:25, time (data): 0.584 (0.135)]l_bij: 3.7177e+01 l_orth: 5.6582e+01 l_diff: 2.0751e+01 l_align: 6.9044e+01 l_total: 1.8355e+02 
2026-05-22 20:25:41,910 INFO: [topki..][epoch: 92, iter:  62,160, lr:(1.179e-04,)][eta: 0:48:15, time (data): 0.585 (0.140)]l_bij: 7.2512e+01 l_orth: 8.2725e+01 l_diff: 3.0292e+01 l_align: 7.8545e+01 l_total: 2.6407e+02 
2026-05-22 20:25:54,764 INFO: [topki..][epoch: 92, iter:  62,180, lr:(1.179e-04,)][eta: 0:48:04, time (data): 0.601 (0.140)]l_bij: 5.7605e+01 l_orth: 7.1064e+01 l_diff: 2.0161e+01 l_align: 7.2724e+01 l_total: 2.2155e+02 
2026-05-22 20:26:08,746 INFO: [topki..][epoch: 93, iter:  62,200, lr:(1.141e-04,)][eta: 0:47:54, time (data): 0.622 (0.160)]l_bij: 6.5126e+01 l_orth: 7.5765e+01 l_diff: 2.7681e+01 l_align: 7.0937e+01 l_total: 2.3951e+02 
2026-05-22 20:26:19,745 INFO: [topki..][epoch: 93, iter:  62,220, lr:(1.141e-04,)][eta: 0:47:44, time (data): 0.609 (0.153)]l_bij: 5.2575e+01 l_orth: 6.5880e+01 l_diff: 2.4103e+01 l_align: 6.7906e+01 l_total: 2.1046e+02 
2026-05-22 20:26:30,643 INFO: [topki..][epoch: 93, iter:  62,240, lr:(1.141e-04,)][eta: 0:47:33, time (data): 0.600 (0.151)]l_bij: 5.0255e+01 l_orth: 6.3043e+01 l_diff: 2.9046e+01 l_align: 6.6744e+01 l_total: 2.0909e+02 
2026-05-22 20:26:43,678 INFO: [topki..][epoch: 93, iter:  62,260, lr:(1.141e-04,)][eta: 0:47:22, time (data): 0.606 (0.146)]l_bij: 5.1481e+01 l_orth: 6.5688e+01 l_diff: 2.7300e+01 l_align: 6.9937e+01 l_total: 2.1441e+02 
2026-05-22 20:26:54,960 INFO: [topki..][epoch: 93, iter:  62,280, lr:(1.141e-04,)][eta: 0:47:12, time (data): 0.601 (0.144)]l_bij: 9.3790e-01 l_orth: 2.8616e+01 l_diff: 1.9784e+01 l_align: 6.9687e+01 l_total: 1.1902e+02 
2026-05-22 20:27:07,670 INFO: [topki..][epoch: 93, iter:  62,300, lr:(1.141e-04,)][eta: 0:47:01, time (data): 0.605 (0.144)]l_bij: 6.5373e+01 l_orth: 7.5493e+01 l_diff: 2.7339e+01 l_align: 6.8464e+01 l_total: 2.3667e+02 
2026-05-22 20:27:18,530 INFO: [topki..][epoch: 93, iter:  62,320, lr:(1.141e-04,)][eta: 0:46:51, time (data): 0.560 (0.136)]l_bij: 4.0110e+01 l_orth: 6.0505e+01 l_diff: 2.5831e+01 l_align: 6.8841e+01 l_total: 1.9529e+02 
2026-05-22 20:27:30,323 INFO: [topki..][epoch: 93, iter:  62,340, lr:(1.141e-04,)][eta: 0:46:40, time (data): 0.580 (0.140)]l_bij: 5.9782e+01 l_orth: 7.1041e+01 l_diff: 2.6397e+01 l_align: 7.0885e+01 l_total: 2.2810e+02 
2026-05-22 20:27:41,215 INFO: [topki..][epoch: 93, iter:  62,360, lr:(1.141e-04,)][eta: 0:46:30, time (data): 0.565 (0.138)]l_bij: 6.6140e+01 l_orth: 7.7828e+01 l_diff: 3.3769e+01 l_align: 7.2797e+01 l_total: 2.5053e+02 
2026-05-22 20:27:52,651 INFO: [topki..][epoch: 93, iter:  62,380, lr:(1.141e-04,)][eta: 0:46:19, time (data): 0.567 (0.139)]l_bij: 7.0084e+01 l_orth: 7.9373e+01 l_diff: 2.7997e+01 l_align: 7.5578e+01 l_total: 2.5303e+02 
2026-05-22 20:28:03,944 INFO: [topki..][epoch: 93, iter:  62,400, lr:(1.141e-04,)][eta: 0:46:08, time (data): 0.567 (0.140)]l_bij: 5.9277e+01 l_orth: 7.0000e+01 l_diff: 2.4626e+01 l_align: 6.8953e+01 l_total: 2.2286e+02 
2026-05-22 20:28:16,129 INFO: [topki..][epoch: 93, iter:  62,420, lr:(1.141e-04,)][eta: 0:45:58, time (data): 0.574 (0.142)]l_bij: 5.7245e+01 l_orth: 6.8576e+01 l_diff: 2.2063e+01 l_align: 6.5150e+01 l_total: 2.1303e+02 
2026-05-22 20:28:28,264 INFO: [topki..][epoch: 93, iter:  62,440, lr:(1.141e-04,)][eta: 0:45:47, time (data): 0.579 (0.143)]l_bij: 7.7667e+01 l_orth: 8.6769e+01 l_diff: 3.4123e+01 l_align: 7.8674e+01 l_total: 2.7723e+02 
2026-05-22 20:28:39,751 INFO: [topki..][epoch: 93, iter:  62,460, lr:(1.141e-04,)][eta: 0:45:37, time (data): 0.579 (0.142)]l_bij: 5.7163e+01 l_orth: 7.1204e+01 l_diff: 2.4314e+01 l_align: 7.5638e+01 l_total: 2.2832e+02 
2026-05-22 20:28:49,577 INFO: [topki..][epoch: 93, iter:  62,480, lr:(1.141e-04,)][eta: 0:45:26, time (data): 0.568 (0.141)]l_bij: 5.9327e+01 l_orth: 7.2160e+01 l_diff: 2.2178e+01 l_align: 7.2460e+01 l_total: 2.2613e+02 
2026-05-22 20:29:01,166 INFO: [topki..][epoch: 93, iter:  62,500, lr:(1.141e-04,)][eta: 0:45:15, time (data): 0.570 (0.141)]l_bij: 5.3809e+01 l_orth: 6.4809e+01 l_diff: 2.7324e+01 l_align: 6.7167e+01 l_total: 2.1311e+02 
2026-05-22 20:29:14,188 INFO: [topki..][epoch: 93, iter:  62,520, lr:(1.141e-04,)][eta: 0:45:05, time (data): 0.741 (0.142)]l_bij: 8.3484e+01 l_orth: 8.9513e+01 l_diff: 2.6486e+01 l_align: 7.6599e+01 l_total: 2.7608e+02 
2026-05-22 20:29:28,302 INFO: [topki..][epoch: 93, iter:  62,540, lr:(1.141e-04,)][eta: 0:44:55, time (data): 0.717 (0.135)]l_bij: 7.2835e+01 l_orth: 8.0539e+01 l_diff: 3.1662e+01 l_align: 7.4835e+01 l_total: 2.5987e+02 
2026-05-22 20:29:39,783 INFO: [topki..][epoch: 93, iter:  62,560, lr:(1.141e-04,)][eta: 0:44:44, time (data): 0.658 (0.139)]l_bij: 6.7589e+01 l_orth: 7.7698e+01 l_diff: 3.0286e+01 l_align: 7.7169e+01 l_total: 2.5274e+02 
2026-05-22 20:29:51,672 INFO: [topki..][epoch: 93, iter:  62,580, lr:(1.141e-04,)][eta: 0:44:33, time (data): 0.640 (0.139)]l_bij: 6.4060e+01 l_orth: 7.4471e+01 l_diff: 2.5751e+01 l_align: 6.8697e+01 l_total: 2.3298e+02 
2026-05-22 20:30:04,138 INFO: [topki..][epoch: 93, iter:  62,600, lr:(1.141e-04,)][eta: 0:44:23, time (data): 0.636 (0.140)]l_bij: 6.0725e+01 l_orth: 7.1076e+01 l_diff: 2.9572e+01 l_align: 6.1787e+01 l_total: 2.2316e+02 
2026-05-22 20:30:16,462 INFO: [topki..][epoch: 93, iter:  62,620, lr:(1.141e-04,)][eta: 0:44:12, time (data): 0.632 (0.139)]l_bij: 8.0079e+01 l_orth: 8.7440e+01 l_diff: 2.9682e+01 l_align: 7.6597e+01 l_total: 2.7380e+02 
2026-05-22 20:30:27,278 INFO: [topki..][epoch: 93, iter:  62,640, lr:(1.141e-04,)][eta: 0:44:02, time (data): 0.618 (0.138)]l_bij: 3.2236e+01 l_orth: 5.0451e+01 l_diff: 2.2876e+01 l_align: 6.8101e+01 l_total: 1.7366e+02 
2026-05-22 20:30:39,229 INFO: [topki..][epoch: 93, iter:  62,660, lr:(1.141e-04,)][eta: 0:43:51, time (data): 0.615 (0.137)]l_bij: 6.2284e+01 l_orth: 7.3458e+01 l_diff: 2.9915e+01 l_align: 6.7783e+01 l_total: 2.3344e+02 
2026-05-22 20:30:52,044 INFO: [topki..][epoch: 93, iter:  62,680, lr:(1.141e-04,)][eta: 0:43:41, time (data): 0.618 (0.136)]l_bij: 6.4506e+01 l_orth: 7.4815e+01 l_diff: 2.8890e+01 l_align: 7.0907e+01 l_total: 2.3912e+02 
2026-05-22 20:31:02,746 INFO: [topki..][epoch: 93, iter:  62,700, lr:(1.141e-04,)][eta: 0:43:30, time (data): 0.610 (0.136)]l_bij: 5.0820e+01 l_orth: 6.3554e+01 l_diff: 2.5532e+01 l_align: 6.2588e+01 l_total: 2.0249e+02 
2026-05-22 20:31:14,980 INFO: [topki..][epoch: 93, iter:  62,720, lr:(1.141e-04,)][eta: 0:43:20, time (data): 0.515 (0.118)]l_bij: 6.6438e+01 l_orth: 7.3175e+01 l_diff: 2.3236e+01 l_align: 6.0890e+01 l_total: 2.2374e+02 
2026-05-22 20:31:28,894 INFO: [topki..][epoch: 93, iter:  62,740, lr:(1.141e-04,)][eta: 0:43:09, time (data): 0.644 (0.136)]l_bij: 5.9567e+01 l_orth: 7.1183e+01 l_diff: 2.3960e+01 l_align: 6.9727e+01 l_total: 2.2444e+02 
2026-05-22 20:31:38,710 INFO: [topki..][epoch: 93, iter:  62,760, lr:(1.141e-04,)][eta: 0:42:58, time (data): 0.580 (0.131)]l_bij: 6.4230e+01 l_orth: 7.6428e+01 l_diff: 2.7008e+01 l_align: 7.6570e+01 l_total: 2.4424e+02 
2026-05-22 20:31:51,123 INFO: [topki..][epoch: 93, iter:  62,780, lr:(1.141e-04,)][eta: 0:42:48, time (data): 0.592 (0.138)]l_bij: 8.4133e+01 l_orth: 9.2698e+01 l_diff: 2.8753e+01 l_align: 8.1158e+01 l_total: 2.8674e+02 
2026-05-22 20:32:03,097 INFO: [topki..][epoch: 93, iter:  62,800, lr:(1.141e-04,)][eta: 0:42:37, time (data): 0.594 (0.139)]l_bij: 4.8613e+01 l_orth: 6.3332e+01 l_diff: 2.7205e+01 l_align: 6.7302e+01 l_total: 2.0645e+02 
2026-05-22 20:32:14,985 INFO: [topki..][epoch: 93, iter:  62,820, lr:(1.141e-04,)][eta: 0:42:27, time (data): 0.594 (0.139)]l_bij: 7.4960e+01 l_orth: 8.4635e+01 l_diff: 2.9331e+01 l_align: 7.9731e+01 l_total: 2.6866e+02 
2026-05-22 20:32:26,462 INFO: [topki..][epoch: 93, iter:  62,840, lr:(1.141e-04,)][eta: 0:42:16, time (data): 0.591 (0.139)]l_bij: 2.1639e+00 l_orth: 4.6507e+01 l_diff: 2.6394e+01 l_align: 9.1292e+01 l_total: 1.6636e+02 
2026-05-22 20:32:37,245 INFO: [topki..][epoch: 93, iter:  62,860, lr:(1.141e-04,)][eta: 0:42:06, time (data): 0.584 (0.138)]l_bij: 7.0360e+01 l_orth: 8.1944e+01 l_diff: 2.4055e+01 l_align: 7.8727e+01 l_total: 2.5509e+02 
2026-05-22 20:32:50,034 INFO: [topki..][epoch: 94, iter:  62,880, lr:(1.108e-04,)][eta: 0:41:55, time (data): 0.590 (0.150)]l_bij: 5.8101e+01 l_orth: 6.9952e+01 l_diff: 2.8438e+01 l_align: 7.0551e+01 l_total: 2.2704e+02 
2026-05-22 20:33:00,654 INFO: [topki..][epoch: 94, iter:  62,900, lr:(1.108e-04,)][eta: 0:41:44, time (data): 0.584 (0.148)]l_bij: 6.2277e+01 l_orth: 7.5348e+01 l_diff: 3.3598e+01 l_align: 7.0211e+01 l_total: 2.4143e+02 
2026-05-22 20:33:10,670 INFO: [topki..][epoch: 94, iter:  62,920, lr:(1.108e-04,)][eta: 0:41:34, time (data): 0.572 (0.137)]l_bij: 6.2806e+01 l_orth: 7.5955e+01 l_diff: 2.7704e+01 l_align: 7.6484e+01 l_total: 2.4295e+02 
2026-05-22 20:33:23,282 INFO: [topki..][epoch: 94, iter:  62,940, lr:(1.108e-04,)][eta: 0:41:23, time (data): 0.615 (0.133)]l_bij: 6.2418e+01 l_orth: 7.3617e+01 l_diff: 2.3290e+01 l_align: 7.2789e+01 l_total: 2.3211e+02 
2026-05-22 20:33:35,488 INFO: [topki..][epoch: 94, iter:  62,960, lr:(1.108e-04,)][eta: 0:41:13, time (data): 0.613 (0.134)]l_bij: 5.7576e+01 l_orth: 7.0918e+01 l_diff: 2.5967e+01 l_align: 7.5526e+01 l_total: 2.2999e+02 
2026-05-22 20:33:48,519 INFO: [topki..][epoch: 94, iter:  62,980, lr:(1.108e-04,)][eta: 0:41:02, time (data): 0.625 (0.134)]l_bij: 8.2641e+01 l_orth: 9.0830e+01 l_diff: 3.1282e+01 l_align: 8.2965e+01 l_total: 2.8772e+02 
2026-05-22 20:34:00,745 INFO: [topki..][epoch: 94, iter:  63,000, lr:(1.108e-04,)][eta: 0:40:52, time (data): 0.621 (0.136)]l_bij: 8.0027e+01 l_orth: 8.8431e+01 l_diff: 2.6854e+01 l_align: 7.4701e+01 l_total: 2.7001e+02 
2026-05-22 20:34:11,475 INFO: [topki..][epoch: 94, iter:  63,020, lr:(1.108e-04,)][eta: 0:40:41, time (data): 0.606 (0.137)]l_bij: 5.7231e+01 l_orth: 7.0535e+01 l_diff: 2.4649e+01 l_align: 7.2417e+01 l_total: 2.2483e+02 
2026-05-22 20:34:25,649 INFO: [topki..][epoch: 94, iter:  63,040, lr:(1.108e-04,)][eta: 0:40:30, time (data): 0.622 (0.137)]l_bij: 7.3517e+01 l_orth: 8.4579e+01 l_diff: 3.8356e+01 l_align: 7.7912e+01 l_total: 2.7436e+02 
2026-05-22 20:34:35,929 INFO: [topki..][epoch: 94, iter:  63,060, lr:(1.108e-04,)][eta: 0:40:20, time (data): 0.607 (0.136)]l_bij: 4.9742e+01 l_orth: 6.3616e+01 l_diff: 2.7384e+01 l_align: 6.5652e+01 l_total: 2.0639e+02 
2026-05-22 20:34:47,155 INFO: [topki..][epoch: 94, iter:  63,080, lr:(1.108e-04,)][eta: 0:40:09, time (data): 0.602 (0.136)]l_bij: 6.2031e+01 l_orth: 7.6800e+01 l_diff: 2.4181e+01 l_align: 7.2964e+01 l_total: 2.3598e+02 
2026-05-22 20:34:59,388 INFO: [topki..][epoch: 94, iter:  63,100, lr:(1.108e-04,)][eta: 0:39:59, time (data): 0.603 (0.136)]l_bij: 5.5584e+01 l_orth: 6.8323e+01 l_diff: 2.8488e+01 l_align: 7.1187e+01 l_total: 2.2358e+02 
2026-05-22 20:35:08,772 INFO: [topki..][epoch: 94, iter:  63,120, lr:(1.108e-04,)][eta: 0:39:48, time (data): 0.460 (0.129)]l_bij: 6.7110e+01 l_orth: 7.9252e+01 l_diff: 2.6518e+01 l_align: 7.8027e+01 l_total: 2.5091e+02 
2026-05-22 20:35:22,586 INFO: [topki..][epoch: 94, iter:  63,140, lr:(1.108e-04,)][eta: 0:39:37, time (data): 0.637 (0.137)]l_bij: 8.9894e+01 l_orth: 9.4872e+01 l_diff: 2.7157e+01 l_align: 7.7379e+01 l_total: 2.8930e+02 
2026-05-22 20:35:32,363 INFO: [topki..][epoch: 94, iter:  63,160, lr:(1.108e-04,)][eta: 0:39:27, time (data): 0.573 (0.131)]l_bij: 5.5054e+01 l_orth: 6.7650e+01 l_diff: 2.8078e+01 l_align: 6.8548e+01 l_total: 2.1933e+02 
2026-05-22 20:35:44,695 INFO: [topki..][epoch: 94, iter:  63,180, lr:(1.108e-04,)][eta: 0:39:16, time (data): 0.586 (0.135)]l_bij: 5.2891e+01 l_orth: 6.3982e+01 l_diff: 2.4945e+01 l_align: 6.3728e+01 l_total: 2.0555e+02 
2026-05-22 20:35:55,862 INFO: [topki..][epoch: 94, iter:  63,200, lr:(1.108e-04,)][eta: 0:39:06, time (data): 0.580 (0.136)]l_bij: 6.8568e+01 l_orth: 7.7172e+01 l_diff: 2.8604e+01 l_align: 6.8351e+01 l_total: 2.4269e+02 
2026-05-22 20:36:07,909 INFO: [topki..][epoch: 94, iter:  63,220, lr:(1.108e-04,)][eta: 0:38:55, time (data): 0.584 (0.138)]l_bij: 5.9528e+01 l_orth: 6.9488e+01 l_diff: 2.5062e+01 l_align: 6.8821e+01 l_total: 2.2290e+02 
2026-05-22 20:36:19,752 INFO: [topki..][epoch: 94, iter:  63,240, lr:(1.108e-04,)][eta: 0:38:44, time (data): 0.585 (0.138)]l_bij: 7.0299e+01 l_orth: 7.7800e+01 l_diff: 2.2594e+01 l_align: 6.8501e+01 l_total: 2.3919e+02 
2026-05-22 20:36:32,460 INFO: [topki..][epoch: 94, iter:  63,260, lr:(1.108e-04,)][eta: 0:38:34, time (data): 0.592 (0.137)]l_bij: 7.3145e+01 l_orth: 8.4508e+01 l_diff: 3.4240e+01 l_align: 7.8612e+01 l_total: 2.7050e+02 
2026-05-22 20:36:44,125 INFO: [topki..][epoch: 94, iter:  63,280, lr:(1.108e-04,)][eta: 0:38:23, time (data): 0.591 (0.137)]l_bij: 1.0309e+00 l_orth: 3.3756e+01 l_diff: 1.9264e+01 l_align: 7.5275e+01 l_total: 1.2933e+02 
2026-05-22 20:36:54,833 INFO: [topki..][epoch: 94, iter:  63,300, lr:(1.108e-04,)][eta: 0:38:13, time (data): 0.585 (0.138)]l_bij: 5.5864e+01 l_orth: 6.9616e+01 l_diff: 2.9147e+01 l_align: 7.0419e+01 l_total: 2.2505e+02 
2026-05-22 20:37:06,855 INFO: [topki..][epoch: 94, iter:  63,320, lr:(1.108e-04,)][eta: 0:38:02, time (data): 0.673 (0.144)]l_bij: 7.1275e+01 l_orth: 8.4072e+01 l_diff: 3.1335e+01 l_align: 8.1794e+01 l_total: 2.6848e+02 
2026-05-22 20:37:20,316 INFO: [topki..][epoch: 94, iter:  63,340, lr:(1.108e-04,)][eta: 0:37:51, time (data): 0.673 (0.137)]l_bij: 2.5190e+00 l_orth: 3.9437e+01 l_diff: 2.4216e+01 l_align: 8.9609e+01 l_total: 1.5578e+02 
2026-05-22 20:37:32,051 INFO: [topki..][epoch: 94, iter:  63,360, lr:(1.108e-04,)][eta: 0:37:41, time (data): 0.635 (0.138)]l_bij: 6.0945e+01 l_orth: 7.1601e+01 l_diff: 2.8113e+01 l_align: 7.0746e+01 l_total: 2.3140e+02 
2026-05-22 20:37:43,839 INFO: [topki..][epoch: 94, iter:  63,380, lr:(1.108e-04,)][eta: 0:37:30, time (data): 0.621 (0.140)]l_bij: 6.8690e+01 l_orth: 7.7978e+01 l_diff: 2.8416e+01 l_align: 7.1050e+01 l_total: 2.4613e+02 
2026-05-22 20:37:56,348 INFO: [topki..][epoch: 94, iter:  63,400, lr:(1.108e-04,)][eta: 0:37:20, time (data): 0.622 (0.142)]l_bij: 4.8087e+01 l_orth: 6.3294e+01 l_diff: 2.0706e+01 l_align: 6.1383e+01 l_total: 1.9347e+02 
2026-05-22 20:38:08,439 INFO: [topki..][epoch: 94, iter:  63,420, lr:(1.108e-04,)][eta: 0:37:09, time (data): 0.619 (0.144)]l_bij: 6.1326e+01 l_orth: 7.1544e+01 l_diff: 2.6986e+01 l_align: 6.7698e+01 l_total: 2.2755e+02 
2026-05-22 20:38:20,201 INFO: [topki..][epoch: 94, iter:  63,440, lr:(1.108e-04,)][eta: 0:36:59, time (data): 0.614 (0.144)]l_bij: 9.2693e+01 l_orth: 9.8248e+01 l_diff: 2.6670e+01 l_align: 8.5540e+01 l_total: 3.0315e+02 
2026-05-22 20:38:32,371 INFO: [topki..][epoch: 94, iter:  63,460, lr:(1.108e-04,)][eta: 0:36:48, time (data): 0.613 (0.145)]l_bij: 7.0539e+01 l_orth: 7.9968e+01 l_diff: 2.7613e+01 l_align: 7.5796e+01 l_total: 2.5392e+02 
2026-05-22 20:38:43,977 INFO: [topki..][epoch: 94, iter:  63,480, lr:(1.108e-04,)][eta: 0:36:37, time (data): 0.609 (0.145)]l_bij: 5.6119e+01 l_orth: 6.5855e+01 l_diff: 2.4886e+01 l_align: 6.6062e+01 l_total: 2.1292e+02 
2026-05-22 20:38:56,584 INFO: [topki..][epoch: 94, iter:  63,500, lr:(1.108e-04,)][eta: 0:36:27, time (data): 0.611 (0.144)]l_bij: 4.4709e+01 l_orth: 6.0696e+01 l_diff: 2.3966e+01 l_align: 6.8454e+01 l_total: 1.9783e+02 
2026-05-22 20:39:07,746 INFO: [topki..][epoch: 94, iter:  63,520, lr:(1.108e-04,)][eta: 0:36:16, time (data): 0.502 (0.144)]l_bij: 5.2049e+01 l_orth: 6.4683e+01 l_diff: 2.4048e+01 l_align: 6.8354e+01 l_total: 2.0913e+02 
2026-05-22 20:39:19,897 INFO: [topki..][epoch: 94, iter:  63,540, lr:(1.108e-04,)][eta: 0:36:06, time (data): 0.590 (0.146)]l_bij: 7.8848e+01 l_orth: 8.8386e+01 l_diff: 3.0897e+01 l_align: 8.5049e+01 l_total: 2.8318e+02 
2026-05-22 20:39:33,109 INFO: [topki..][epoch: 95, iter:  63,560, lr:(1.080e-04,)][eta: 0:35:55, time (data): 0.622 (0.185)]l_bij: 5.4991e+01 l_orth: 6.7883e+01 l_diff: 2.5811e+01 l_align: 6.8528e+01 l_total: 2.1721e+02 
2026-05-22 20:39:43,465 INFO: [topki..][epoch: 95, iter:  63,580, lr:(1.080e-04,)][eta: 0:35:44, time (data): 0.589 (0.170)]l_bij: 6.7807e+01 l_orth: 7.6294e+01 l_diff: 2.8387e+01 l_align: 6.5796e+01 l_total: 2.3828e+02 
2026-05-22 20:39:57,582 INFO: [topki..][epoch: 95, iter:  63,600, lr:(1.080e-04,)][eta: 0:35:34, time (data): 0.617 (0.163)]l_bij: 6.0918e+01 l_orth: 7.2209e+01 l_diff: 2.9089e+01 l_align: 7.0681e+01 l_total: 2.3290e+02 
2026-05-22 20:40:07,964 INFO: [topki..][epoch: 95, iter:  63,620, lr:(1.080e-04,)][eta: 0:35:23, time (data): 0.598 (0.158)]l_bij: 5.6160e+01 l_orth: 6.6788e+01 l_diff: 2.5075e+01 l_align: 6.6225e+01 l_total: 2.1425e+02 
2026-05-22 20:40:19,148 INFO: [topki..][epoch: 95, iter:  63,640, lr:(1.080e-04,)][eta: 0:35:13, time (data): 0.592 (0.154)]l_bij: 6.0034e+01 l_orth: 7.1554e+01 l_diff: 2.4063e+01 l_align: 6.9811e+01 l_total: 2.2546e+02 
2026-05-22 20:40:31,335 INFO: [topki..][epoch: 95, iter:  63,660, lr:(1.080e-04,)][eta: 0:35:02, time (data): 0.594 (0.152)]l_bij: 5.7912e+01 l_orth: 6.7488e+01 l_diff: 2.2891e+01 l_align: 6.2825e+01 l_total: 2.1112e+02 
2026-05-22 20:40:48,238 INFO: [topki..][epoch: 95, iter:  63,680, lr:(1.080e-04,)][eta: 0:34:52, time (data): 0.625 (0.151)]l_bij: 7.4749e+01 l_orth: 8.5163e+01 l_diff: 2.9509e+01 l_align: 8.0131e+01 l_total: 2.6955e+02 
2026-05-22 20:40:58,432 INFO: [topki..][epoch: 95, iter:  63,700, lr:(1.080e-04,)][eta: 0:34:41, time (data): 0.612 (0.148)]l_bij: 4.0826e+01 l_orth: 5.4489e+01 l_diff: 2.3439e+01 l_align: 6.0860e+01 l_total: 1.7961e+02 
2026-05-22 20:41:09,772 INFO: [topki..][epoch: 95, iter:  63,720, lr:(1.080e-04,)][eta: 0:34:30, time (data): 0.572 (0.146)]l_bij: 5.6589e+01 l_orth: 6.6283e+01 l_diff: 2.3439e+01 l_align: 6.2867e+01 l_total: 2.0918e+02 
2026-05-22 20:41:21,593 INFO: [topki..][epoch: 95, iter:  63,740, lr:(1.080e-04,)][eta: 0:34:20, time (data): 0.588 (0.139)]l_bij: 6.9561e+01 l_orth: 7.9517e+01 l_diff: 3.1008e+01 l_align: 7.5380e+01 l_total: 2.5547e+02 
2026-05-22 20:41:32,863 INFO: [topki..][epoch: 95, iter:  63,760, lr:(1.080e-04,)][eta: 0:34:09, time (data): 0.577 (0.138)]l_bij: 9.8518e-01 l_orth: 2.9045e+01 l_diff: 2.1250e+01 l_align: 7.0446e+01 l_total: 1.2173e+02 
2026-05-22 20:41:45,358 INFO: [topki..][epoch: 95, iter:  63,780, lr:(1.080e-04,)][eta: 0:33:59, time (data): 0.592 (0.138)]l_bij: 6.3260e+01 l_orth: 7.3694e+01 l_diff: 3.1465e+01 l_align: 7.2723e+01 l_total: 2.4114e+02 
2026-05-22 20:41:56,020 INFO: [topki..][epoch: 95, iter:  63,800, lr:(1.080e-04,)][eta: 0:33:48, time (data): 0.578 (0.138)]l_bij: 7.8411e+01 l_orth: 8.7110e+01 l_diff: 3.1269e+01 l_align: 7.8347e+01 l_total: 2.7514e+02 
2026-05-22 20:42:07,598 INFO: [topki..][epoch: 95, iter:  63,820, lr:(1.080e-04,)][eta: 0:33:37, time (data): 0.578 (0.137)]l_bij: 6.0107e+01 l_orth: 7.2308e+01 l_diff: 2.7797e+01 l_align: 6.8470e+01 l_total: 2.2868e+02 
2026-05-22 20:42:18,786 INFO: [topki..][epoch: 95, iter:  63,840, lr:(1.080e-04,)][eta: 0:33:27, time (data): 0.575 (0.137)]l_bij: 8.0443e+01 l_orth: 9.0073e+01 l_diff: 3.6995e+01 l_align: 7.8708e+01 l_total: 2.8622e+02 
2026-05-22 20:42:29,459 INFO: [topki..][epoch: 95, iter:  63,860, lr:(1.080e-04,)][eta: 0:33:16, time (data): 0.569 (0.137)]l_bij: 9.0224e+01 l_orth: 9.5983e+01 l_diff: 2.7928e+01 l_align: 8.5216e+01 l_total: 2.9935e+02 
2026-05-22 20:42:39,987 INFO: [topki..][epoch: 95, iter:  63,880, lr:(1.080e-04,)][eta: 0:33:05, time (data): 0.564 (0.137)]l_bij: 4.6373e+01 l_orth: 6.4030e+01 l_diff: 2.3278e+01 l_align: 6.7497e+01 l_total: 2.0118e+02 
2026-05-22 20:42:53,300 INFO: [topki..][epoch: 95, iter:  63,900, lr:(1.080e-04,)][eta: 0:32:55, time (data): 0.575 (0.136)]l_bij: 7.2563e+01 l_orth: 8.3311e+01 l_diff: 2.4932e+01 l_align: 7.8707e+01 l_total: 2.5951e+02 
2026-05-22 20:43:03,394 INFO: [topki..][epoch: 95, iter:  63,920, lr:(1.080e-04,)][eta: 0:32:44, time (data): 0.497 (0.134)]l_bij: 7.1074e+01 l_orth: 8.3713e+01 l_diff: 3.4673e+01 l_align: 8.1669e+01 l_total: 2.7113e+02 
2026-05-22 20:43:14,654 INFO: [topki..][epoch: 95, iter:  63,940, lr:(1.080e-04,)][eta: 0:32:33, time (data): 0.557 (0.147)]l_bij: 7.1738e-01 l_orth: 2.8115e+01 l_diff: 2.4400e+01 l_align: 7.0257e+01 l_total: 1.2349e+02 
2026-05-22 20:43:26,526 INFO: [topki..][epoch: 95, iter:  63,960, lr:(1.080e-04,)][eta: 0:32:23, time (data): 0.574 (0.147)]l_bij: 1.9710e+00 l_orth: 3.9425e+01 l_diff: 1.8964e+01 l_align: 8.5820e+01 l_total: 1.4618e+02 
2026-05-22 20:43:36,838 INFO: [topki..][epoch: 95, iter:  63,980, lr:(1.080e-04,)][eta: 0:32:12, time (data): 0.555 (0.145)]l_bij: 4.9239e+01 l_orth: 6.3046e+01 l_diff: 2.8523e+01 l_align: 6.9987e+01 l_total: 2.1080e+02 
2026-05-22 20:43:48,316 INFO: [topki..][epoch: 95, iter:  64,000, lr:(1.080e-04,)][eta: 0:32:01, time (data): 0.560 (0.144)]l_bij: 5.1268e+01 l_orth: 6.2281e+01 l_diff: 2.0606e+01 l_align: 6.2168e+01 l_total: 1.9632e+02 
2026-05-22 20:43:48,316 INFO: Saving models and training states.
2026-05-22 20:43:48,343 INFO: Start validation.
2026-05-22 20:44:58,812 INFO: Avg time: 0.1690
2026-05-22 20:44:58,921 INFO: Val auc: 0.6885
2026-05-22 20:44:58,927 INFO: Val avg error: 0.0609
2026-05-22 20:45:11,594 INFO: [topki..][epoch: 95, iter:  64,020, lr:(1.080e-04,)][eta: 0:31:55, time (data): 0.571 (0.145)]l_bij: 5.3850e+01 l_orth: 6.6574e+01 l_diff: 2.7965e+01 l_align: 6.2554e+01 l_total: 2.1094e+02 
2026-05-22 20:45:23,504 INFO: [topki..][epoch: 95, iter:  64,040, lr:(1.080e-04,)][eta: 0:31:44, time (data): 0.575 (0.145)]l_bij: 5.5308e+01 l_orth: 6.7138e+01 l_diff: 2.8501e+01 l_align: 6.7740e+01 l_total: 2.1869e+02 
2026-05-22 20:45:36,281 INFO: [topki..][epoch: 95, iter:  64,060, lr:(1.080e-04,)][eta: 0:31:34, time (data): 0.584 (0.145)]l_bij: 4.3877e+01 l_orth: 6.0265e+01 l_diff: 2.4833e+01 l_align: 6.8700e+01 l_total: 1.9768e+02 
2026-05-22 20:45:48,124 INFO: [topki..][epoch: 95, iter:  64,080, lr:(1.080e-04,)][eta: 0:31:23, time (data): 0.585 (0.145)]l_bij: 4.9414e+01 l_orth: 6.0531e+01 l_diff: 2.2924e+01 l_align: 5.9626e+01 l_total: 1.9249e+02 
2026-05-22 20:45:58,326 INFO: [topki..][epoch: 95, iter:  64,100, lr:(1.080e-04,)][eta: 0:31:12, time (data): 0.577 (0.145)]l_bij: 5.5870e+01 l_orth: 6.6500e+01 l_diff: 2.9916e+01 l_align: 6.5817e+01 l_total: 2.1810e+02 
2026-05-22 20:46:10,534 INFO: [topki..][epoch: 95, iter:  64,120, lr:(1.080e-04,)][eta: 0:31:02, time (data): 0.522 (0.164)]l_bij: 7.1805e+01 l_orth: 8.1925e+01 l_diff: 3.2139e+01 l_align: 7.0510e+01 l_total: 2.5638e+02 
2026-05-22 20:46:22,474 INFO: [topki..][epoch: 95, iter:  64,140, lr:(1.080e-04,)][eta: 0:30:51, time (data): 0.593 (0.150)]l_bij: 6.3181e+01 l_orth: 7.5043e+01 l_diff: 2.6940e+01 l_align: 7.5091e+01 l_total: 2.4026e+02 
2026-05-22 20:46:34,672 INFO: [topki..][epoch: 95, iter:  64,160, lr:(1.080e-04,)][eta: 0:30:40, time (data): 0.601 (0.148)]l_bij: 8.4113e+01 l_orth: 9.4009e+01 l_diff: 2.9980e+01 l_align: 8.4045e+01 l_total: 2.9215e+02 
2026-05-22 20:46:46,493 INFO: [topki..][epoch: 95, iter:  64,180, lr:(1.080e-04,)][eta: 0:30:30, time (data): 0.598 (0.145)]l_bij: 5.5754e+01 l_orth: 6.8012e+01 l_diff: 2.3832e+01 l_align: 6.9341e+01 l_total: 2.1694e+02 
2026-05-22 20:46:57,084 INFO: [topki..][epoch: 95, iter:  64,200, lr:(1.080e-04,)][eta: 0:30:19, time (data): 0.581 (0.143)]l_bij: 6.1237e+01 l_orth: 7.1226e+01 l_diff: 2.3099e+01 l_align: 7.0130e+01 l_total: 2.2569e+02 
2026-05-22 20:47:08,702 INFO: [topki..][epoch: 95, iter:  64,220, lr:(1.080e-04,)][eta: 0:30:08, time (data): 0.581 (0.144)]l_bij: 9.1573e+01 l_orth: 9.9011e+01 l_diff: 3.3501e+01 l_align: 8.7189e+01 l_total: 3.1127e+02 
2026-05-22 20:47:22,581 INFO: [topki..][epoch: 96, iter:  64,240, lr:(1.055e-04,)][eta: 0:29:58, time (data): 0.600 (0.158)]l_bij: 9.1357e+01 l_orth: 9.6209e+01 l_diff: 3.1282e+01 l_align: 7.8034e+01 l_total: 2.9688e+02 
2026-05-22 20:47:36,219 INFO: [topki..][epoch: 96, iter:  64,260, lr:(1.055e-04,)][eta: 0:29:47, time (data): 0.611 (0.154)]l_bij: 7.2613e+01 l_orth: 8.4864e+01 l_diff: 3.6327e+01 l_align: 7.9811e+01 l_total: 2.7361e+02 
2026-05-22 20:47:45,253 INFO: [topki..][epoch: 96, iter:  64,280, lr:(1.055e-04,)][eta: 0:29:36, time (data): 0.591 (0.149)]l_bij: 8.3071e+01 l_orth: 9.2278e+01 l_diff: 3.2924e+01 l_align: 8.4442e+01 l_total: 2.9272e+02 
2026-05-22 20:47:57,288 INFO: [topki..][epoch: 96, iter:  64,300, lr:(1.055e-04,)][eta: 0:29:26, time (data): 0.593 (0.149)]l_bij: 1.2313e+00 l_orth: 3.6696e+01 l_diff: 2.1952e+01 l_align: 7.8005e+01 l_total: 1.3788e+02 
2026-05-22 20:48:10,107 INFO: [topki..][epoch: 96, iter:  64,320, lr:(1.055e-04,)][eta: 0:29:15, time (data): 0.597 (0.148)]l_bij: 8.1082e+01 l_orth: 8.7253e+01 l_diff: 2.9122e+01 l_align: 7.0967e+01 l_total: 2.6842e+02 
2026-05-22 20:48:20,283 INFO: [topki..][epoch: 96, iter:  64,340, lr:(1.055e-04,)][eta: 0:29:04, time (data): 0.509 (0.125)]l_bij: 7.2532e+01 l_orth: 8.4313e+01 l_diff: 3.0660e+01 l_align: 7.8924e+01 l_total: 2.6643e+02 
2026-05-22 20:48:31,674 INFO: [topki..][epoch: 96, iter:  64,360, lr:(1.055e-04,)][eta: 0:28:54, time (data): 0.539 (0.136)]l_bij: 3.9843e+01 l_orth: 5.3841e+01 l_diff: 2.4314e+01 l_align: 6.0379e+01 l_total: 1.7838e+02 
2026-05-22 20:48:42,684 INFO: [topki..][epoch: 96, iter:  64,380, lr:(1.055e-04,)][eta: 0:28:43, time (data): 0.543 (0.137)]l_bij: 8.2883e-01 l_orth: 3.1721e+01 l_diff: 2.1947e+01 l_align: 7.3896e+01 l_total: 1.2839e+02 
2026-05-22 20:48:53,950 INFO: [topki..][epoch: 96, iter:  64,400, lr:(1.055e-04,)][eta: 0:28:32, time (data): 0.548 (0.139)]l_bij: 8.3517e+01 l_orth: 9.2176e+01 l_diff: 2.9924e+01 l_align: 8.4925e+01 l_total: 2.9054e+02 
2026-05-22 20:49:05,265 INFO: [topki..][epoch: 96, iter:  64,420, lr:(1.055e-04,)][eta: 0:28:22, time (data): 0.551 (0.137)]l_bij: 6.2551e+01 l_orth: 7.4657e+01 l_diff: 2.1430e+01 l_align: 7.7281e+01 l_total: 2.3592e+02 
2026-05-22 20:49:17,602 INFO: [topki..][epoch: 96, iter:  64,440, lr:(1.055e-04,)][eta: 0:28:11, time (data): 0.562 (0.139)]l_bij: 6.8007e+01 l_orth: 7.5927e+01 l_diff: 3.1663e+01 l_align: 6.7876e+01 l_total: 2.4347e+02 
2026-05-22 20:49:29,024 INFO: [topki..][epoch: 96, iter:  64,460, lr:(1.055e-04,)][eta: 0:28:00, time (data): 0.564 (0.138)]l_bij: 6.7695e+01 l_orth: 8.0515e+01 l_diff: 3.0868e+01 l_align: 7.8313e+01 l_total: 2.5739e+02 
2026-05-22 20:49:40,991 INFO: [topki..][epoch: 96, iter:  64,480, lr:(1.055e-04,)][eta: 0:27:50, time (data): 0.568 (0.138)]l_bij: 5.7398e+01 l_orth: 7.2409e+01 l_diff: 2.7678e+01 l_align: 7.8831e+01 l_total: 2.3632e+02 
2026-05-22 20:49:52,794 INFO: [topki..][epoch: 96, iter:  64,500, lr:(1.055e-04,)][eta: 0:27:39, time (data): 0.570 (0.137)]l_bij: 6.0153e+01 l_orth: 7.3197e+01 l_diff: 2.5858e+01 l_align: 6.8796e+01 l_total: 2.2800e+02 
2026-05-22 20:50:04,112 INFO: [topki..][epoch: 96, iter:  64,520, lr:(1.055e-04,)][eta: 0:27:28, time (data): 0.570 (0.138)]l_bij: 6.5290e+01 l_orth: 7.3659e+01 l_diff: 2.4544e+01 l_align: 6.9199e+01 l_total: 2.3269e+02 
2026-05-22 20:50:15,737 INFO: [topki..][epoch: 96, iter:  64,540, lr:(1.055e-04,)][eta: 0:27:18, time (data): 0.584 (0.135)]l_bij: 8.3383e+01 l_orth: 8.9954e+01 l_diff: 2.6568e+01 l_align: 7.9292e+01 l_total: 2.7920e+02 
2026-05-22 20:50:26,759 INFO: [topki..][epoch: 96, iter:  64,560, lr:(1.055e-04,)][eta: 0:27:07, time (data): 0.567 (0.137)]l_bij: 5.3766e+01 l_orth: 6.7059e+01 l_diff: 2.5245e+01 l_align: 6.8671e+01 l_total: 2.1474e+02 
2026-05-22 20:50:38,012 INFO: [topki..][epoch: 96, iter:  64,580, lr:(1.055e-04,)][eta: 0:26:56, time (data): 0.566 (0.139)]l_bij: 7.2508e+01 l_orth: 8.1905e+01 l_diff: 2.8929e+01 l_align: 7.2647e+01 l_total: 2.5599e+02 
2026-05-22 20:50:48,930 INFO: [topki..][epoch: 96, iter:  64,600, lr:(1.055e-04,)][eta: 0:26:46, time (data): 0.561 (0.141)]l_bij: 6.2319e+01 l_orth: 7.2426e+01 l_diff: 2.4040e+01 l_align: 7.1031e+01 l_total: 2.2982e+02 
2026-05-22 20:51:01,753 INFO: [topki..][epoch: 96, iter:  64,620, lr:(1.055e-04,)][eta: 0:26:35, time (data): 0.577 (0.142)]l_bij: 8.2636e+01 l_orth: 8.9699e+01 l_diff: 3.3237e+01 l_align: 8.0695e+01 l_total: 2.8627e+02 
2026-05-22 20:51:12,751 INFO: [topki..][epoch: 96, iter:  64,640, lr:(1.055e-04,)][eta: 0:26:24, time (data): 0.572 (0.141)]l_bij: 6.1266e+01 l_orth: 7.1860e+01 l_diff: 2.8153e+01 l_align: 6.6316e+01 l_total: 2.2759e+02 
2026-05-22 20:51:25,094 INFO: [topki..][epoch: 96, iter:  64,660, lr:(1.055e-04,)][eta: 0:26:14, time (data): 0.579 (0.140)]l_bij: 5.7900e+01 l_orth: 7.1680e+01 l_diff: 2.6091e+01 l_align: 7.0429e+01 l_total: 2.2610e+02 
2026-05-22 20:51:35,932 INFO: [topki..][epoch: 96, iter:  64,680, lr:(1.055e-04,)][eta: 0:26:03, time (data): 0.574 (0.140)]l_bij: 8.8847e+01 l_orth: 9.6071e+01 l_diff: 2.9595e+01 l_align: 8.1379e+01 l_total: 2.9589e+02 
2026-05-22 20:51:45,551 INFO: [topki..][epoch: 96, iter:  64,700, lr:(1.055e-04,)][eta: 0:25:52, time (data): 0.564 (0.139)]l_bij: 8.7585e+01 l_orth: 9.4699e+01 l_diff: 3.2198e+01 l_align: 8.3238e+01 l_total: 2.9772e+02 
2026-05-22 20:52:00,473 INFO: [topki..][epoch: 96, iter:  64,720, lr:(1.055e-04,)][eta: 0:25:42, time (data): 0.582 (0.140)]l_bij: 6.9481e+01 l_orth: 7.9341e+01 l_diff: 2.9673e+01 l_align: 7.2048e+01 l_total: 2.5054e+02 
2026-05-22 20:52:10,582 INFO: [topki..][epoch: 96, iter:  64,740, lr:(1.055e-04,)][eta: 0:25:31, time (data): 0.512 (0.133)]l_bij: 6.0061e+01 l_orth: 7.2471e+01 l_diff: 2.4976e+01 l_align: 7.2092e+01 l_total: 2.2960e+02 
2026-05-22 20:52:21,550 INFO: [topki..][epoch: 96, iter:  64,760, lr:(1.055e-04,)][eta: 0:25:20, time (data): 0.531 (0.135)]l_bij: 6.3065e+01 l_orth: 7.4397e+01 l_diff: 2.3845e+01 l_align: 7.0208e+01 l_total: 2.3151e+02 
2026-05-22 20:52:32,086 INFO: [topki..][epoch: 96, iter:  64,780, lr:(1.055e-04,)][eta: 0:25:10, time (data): 0.529 (0.136)]l_bij: 5.8593e+01 l_orth: 7.2052e+01 l_diff: 2.5870e+01 l_align: 7.2004e+01 l_total: 2.2852e+02 
2026-05-22 20:52:42,409 INFO: [topki..][epoch: 96, iter:  64,800, lr:(1.055e-04,)][eta: 0:24:59, time (data): 0.526 (0.134)]l_bij: 4.6485e+01 l_orth: 6.0195e+01 l_diff: 2.4783e+01 l_align: 6.4599e+01 l_total: 1.9606e+02 
2026-05-22 20:52:52,857 INFO: [topki..][epoch: 96, iter:  64,820, lr:(1.055e-04,)][eta: 0:24:48, time (data): 0.525 (0.134)]l_bij: 5.5467e+01 l_orth: 6.8627e+01 l_diff: 2.2595e+01 l_align: 7.1036e+01 l_total: 2.1773e+02 
2026-05-22 20:53:03,899 INFO: [topki..][epoch: 96, iter:  64,840, lr:(1.055e-04,)][eta: 0:24:37, time (data): 0.530 (0.135)]l_bij: 8.2254e-01 l_orth: 2.8053e+01 l_diff: 2.1564e+01 l_align: 6.9994e+01 l_total: 1.2043e+02 
2026-05-22 20:53:14,276 INFO: [topki..][epoch: 96, iter:  64,860, lr:(1.055e-04,)][eta: 0:24:27, time (data): 0.528 (0.135)]l_bij: 8.9153e+01 l_orth: 9.5102e+01 l_diff: 2.5949e+01 l_align: 7.6790e+01 l_total: 2.8699e+02 
2026-05-22 20:53:24,788 INFO: [topki..][epoch: 96, iter:  64,880, lr:(1.055e-04,)][eta: 0:24:16, time (data): 0.528 (0.136)]l_bij: 4.0644e+01 l_orth: 5.6130e+01 l_diff: 2.3824e+01 l_align: 6.3480e+01 l_total: 1.8408e+02 
2026-05-22 20:53:37,510 INFO: [topki..][epoch: 97, iter:  64,900, lr:(1.035e-04,)][eta: 0:24:05, time (data): 0.540 (0.146)]l_bij: 3.1494e+01 l_orth: 4.8992e+01 l_diff: 2.2360e+01 l_align: 6.3082e+01 l_total: 1.6593e+02 
2026-05-22 20:53:48,788 INFO: [topki..][epoch: 97, iter:  64,920, lr:(1.035e-04,)][eta: 0:23:55, time (data): 0.542 (0.143)]l_bij: 4.2894e+01 l_orth: 5.7389e+01 l_diff: 2.3789e+01 l_align: 6.5985e+01 l_total: 1.9006e+02 
2026-05-22 20:53:58,527 INFO: [topki..][epoch: 97, iter:  64,940, lr:(1.035e-04,)][eta: 0:23:44, time (data): 0.491 (0.126)]l_bij: 6.5392e+01 l_orth: 7.5424e+01 l_diff: 2.3237e+01 l_align: 7.6715e+01 l_total: 2.4077e+02 
2026-05-22 20:54:09,448 INFO: [topki..][epoch: 97, iter:  64,960, lr:(1.035e-04,)][eta: 0:23:33, time (data): 0.521 (0.129)]l_bij: 6.0250e+01 l_orth: 7.1874e+01 l_diff: 2.5311e+01 l_align: 7.2474e+01 l_total: 2.2991e+02 
2026-05-22 20:54:19,570 INFO: [topki..][epoch: 97, iter:  64,980, lr:(1.035e-04,)][eta: 0:23:22, time (data): 0.516 (0.128)]l_bij: 9.5658e-01 l_orth: 2.9781e+01 l_diff: 2.1653e+01 l_align: 6.9347e+01 l_total: 1.2174e+02 
2026-05-22 20:54:31,752 INFO: [topki..][epoch: 97, iter:  65,000, lr:(1.035e-04,)][eta: 0:23:12, time (data): 0.540 (0.131)]l_bij: 7.7349e+01 l_orth: 8.8175e+01 l_diff: 2.7192e+01 l_align: 8.3170e+01 l_total: 2.7589e+02 
2026-05-22 20:54:42,666 INFO: [topki..][epoch: 97, iter:  65,020, lr:(1.035e-04,)][eta: 0:23:01, time (data): 0.541 (0.130)]l_bij: 8.9283e+01 l_orth: 9.6804e+01 l_diff: 2.6114e+01 l_align: 8.7476e+01 l_total: 2.9968e+02 
2026-05-22 20:54:53,235 INFO: [topki..][epoch: 97, iter:  65,040, lr:(1.035e-04,)][eta: 0:22:50, time (data): 0.539 (0.132)]l_bij: 7.2595e+01 l_orth: 8.2690e+01 l_diff: 3.1056e+01 l_align: 7.8678e+01 l_total: 2.6502e+02 
2026-05-22 20:55:03,391 INFO: [topki..][epoch: 97, iter:  65,060, lr:(1.035e-04,)][eta: 0:22:40, time (data): 0.534 (0.131)]l_bij: 7.8863e+01 l_orth: 8.9334e+01 l_diff: 3.2574e+01 l_align: 8.3309e+01 l_total: 2.8408e+02 
2026-05-22 20:55:14,584 INFO: [topki..][epoch: 97, iter:  65,080, lr:(1.035e-04,)][eta: 0:22:29, time (data): 0.538 (0.131)]l_bij: 5.1369e+01 l_orth: 6.4427e+01 l_diff: 2.6043e+01 l_align: 6.5163e+01 l_total: 2.0700e+02 
2026-05-22 20:55:25,485 INFO: [topki..][epoch: 97, iter:  65,100, lr:(1.035e-04,)][eta: 0:22:18, time (data): 0.538 (0.132)]l_bij: 4.1252e+01 l_orth: 5.4765e+01 l_diff: 2.1909e+01 l_align: 5.9592e+01 l_total: 1.7752e+02 
2026-05-22 20:55:37,409 INFO: [topki..][epoch: 97, iter:  65,120, lr:(1.035e-04,)][eta: 0:22:08, time (data): 0.544 (0.132)]l_bij: 5.5569e+01 l_orth: 7.0227e+01 l_diff: 2.3421e+01 l_align: 7.3432e+01 l_total: 2.2265e+02 
2026-05-22 20:55:47,903 INFO: [topki..][epoch: 97, iter:  65,140, lr:(1.035e-04,)][eta: 0:21:57, time (data): 0.521 (0.128)]l_bij: 5.0233e+01 l_orth: 6.7211e+01 l_diff: 2.6409e+01 l_align: 6.9339e+01 l_total: 2.1319e+02 
2026-05-22 20:55:58,892 INFO: [topki..][epoch: 97, iter:  65,160, lr:(1.035e-04,)][eta: 0:21:46, time (data): 0.537 (0.132)]l_bij: 6.7801e+01 l_orth: 7.8021e+01 l_diff: 2.5806e+01 l_align: 7.2825e+01 l_total: 2.4445e+02 
2026-05-22 20:56:10,230 INFO: [topki..][epoch: 97, iter:  65,180, lr:(1.035e-04,)][eta: 0:21:35, time (data): 0.547 (0.134)]l_bij: 6.6405e+01 l_orth: 7.7577e+01 l_diff: 2.5878e+01 l_align: 7.4483e+01 l_total: 2.4434e+02 
2026-05-22 20:56:21,268 INFO: [topki..][epoch: 97, iter:  65,200, lr:(1.035e-04,)][eta: 0:21:25, time (data): 0.549 (0.134)]l_bij: 5.7614e+01 l_orth: 7.0245e+01 l_diff: 2.5443e+01 l_align: 6.9745e+01 l_total: 2.2305e+02 
2026-05-22 20:56:31,872 INFO: [topki..][epoch: 97, iter:  65,220, lr:(1.035e-04,)][eta: 0:21:14, time (data): 0.545 (0.134)]l_bij: 4.1536e+01 l_orth: 5.5835e+01 l_diff: 2.2899e+01 l_align: 6.3332e+01 l_total: 1.8360e+02 
2026-05-22 20:56:42,251 INFO: [topki..][epoch: 97, iter:  65,240, lr:(1.035e-04,)][eta: 0:21:03, time (data): 0.540 (0.134)]l_bij: 8.3102e+01 l_orth: 8.9617e+01 l_diff: 3.2543e+01 l_align: 7.8588e+01 l_total: 2.8385e+02 
2026-05-22 20:56:53,128 INFO: [topki..][epoch: 97, iter:  65,260, lr:(1.035e-04,)][eta: 0:20:53, time (data): 0.541 (0.135)]l_bij: 5.8834e+01 l_orth: 6.7147e+01 l_diff: 2.5517e+01 l_align: 6.1703e+01 l_total: 2.1320e+02 
2026-05-22 20:57:04,649 INFO: [topki..][epoch: 97, iter:  65,280, lr:(1.035e-04,)][eta: 0:20:42, time (data): 0.545 (0.133)]l_bij: 7.4459e+01 l_orth: 8.2935e+01 l_diff: 2.9204e+01 l_align: 7.1691e+01 l_total: 2.5829e+02 
2026-05-22 20:57:14,993 INFO: [topki..][epoch: 97, iter:  65,300, lr:(1.035e-04,)][eta: 0:20:31, time (data): 0.542 (0.133)]l_bij: 4.9789e+01 l_orth: 6.4035e+01 l_diff: 2.0638e+01 l_align: 7.1067e+01 l_total: 2.0553e+02 
2026-05-22 20:57:25,443 INFO: [topki..][epoch: 97, iter:  65,320, lr:(1.035e-04,)][eta: 0:20:20, time (data): 0.540 (0.133)]l_bij: 4.2375e+01 l_orth: 5.6822e+01 l_diff: 2.7112e+01 l_align: 6.5078e+01 l_total: 1.9139e+02 
2026-05-22 20:57:37,210 INFO: [topki..][epoch: 97, iter:  65,340, lr:(1.035e-04,)][eta: 0:20:10, time (data): 0.614 (0.142)]l_bij: 5.9358e+01 l_orth: 7.2423e+01 l_diff: 2.4420e+01 l_align: 7.4913e+01 l_total: 2.3111e+02 
2026-05-22 20:57:47,490 INFO: [topki..][epoch: 97, iter:  65,360, lr:(1.035e-04,)][eta: 0:19:59, time (data): 0.557 (0.136)]l_bij: 6.7240e+01 l_orth: 7.4584e+01 l_diff: 2.7197e+01 l_align: 5.9625e+01 l_total: 2.2865e+02 
2026-05-22 20:57:58,517 INFO: [topki..][epoch: 97, iter:  65,380, lr:(1.035e-04,)][eta: 0:19:48, time (data): 0.555 (0.136)]l_bij: 7.8310e+01 l_orth: 8.8526e+01 l_diff: 2.9998e+01 l_align: 8.4096e+01 l_total: 2.8093e+02 
2026-05-22 20:58:08,044 INFO: [topki..][epoch: 97, iter:  65,400, lr:(1.035e-04,)][eta: 0:19:38, time (data): 0.534 (0.132)]l_bij: 6.1977e+01 l_orth: 7.4671e+01 l_diff: 2.8903e+01 l_align: 7.0402e+01 l_total: 2.3595e+02 
2026-05-22 20:58:18,869 INFO: [topki..][epoch: 97, iter:  65,420, lr:(1.035e-04,)][eta: 0:19:27, time (data): 0.535 (0.132)]l_bij: 7.1002e+01 l_orth: 7.9300e+01 l_diff: 2.9033e+01 l_align: 7.2525e+01 l_total: 2.5186e+02 
2026-05-22 20:58:28,935 INFO: [topki..][epoch: 97, iter:  65,440, lr:(1.035e-04,)][eta: 0:19:16, time (data): 0.530 (0.131)]l_bij: 7.9431e+01 l_orth: 8.7295e+01 l_diff: 2.5394e+01 l_align: 7.4767e+01 l_total: 2.6689e+02 
2026-05-22 20:58:40,252 INFO: [topki..][epoch: 97, iter:  65,460, lr:(1.035e-04,)][eta: 0:19:05, time (data): 0.535 (0.132)]l_bij: 1.5239e+00 l_orth: 3.4925e+01 l_diff: 2.1303e+01 l_align: 7.8155e+01 l_total: 1.3591e+02 
2026-05-22 20:58:51,002 INFO: [topki..][epoch: 97, iter:  65,480, lr:(1.035e-04,)][eta: 0:18:55, time (data): 0.535 (0.133)]l_bij: 5.9920e+01 l_orth: 7.2313e+01 l_diff: 2.3279e+01 l_align: 7.0741e+01 l_total: 2.2625e+02 
2026-05-22 20:59:02,224 INFO: [topki..][epoch: 97, iter:  65,500, lr:(1.035e-04,)][eta: 0:18:44, time (data): 0.538 (0.133)]l_bij: 5.5671e+01 l_orth: 6.7226e+01 l_diff: 2.5108e+01 l_align: 6.7770e+01 l_total: 2.1578e+02 
2026-05-22 20:59:12,465 INFO: [topki..][epoch: 97, iter:  65,520, lr:(1.035e-04,)][eta: 0:18:33, time (data): 0.536 (0.133)]l_bij: 1.8678e+00 l_orth: 3.7296e+01 l_diff: 2.0037e+01 l_align: 7.8688e+01 l_total: 1.3789e+02 
2026-05-22 20:59:22,957 INFO: [topki..][epoch: 97, iter:  65,540, lr:(1.035e-04,)][eta: 0:18:23, time (data): 0.544 (0.133)]l_bij: 5.8242e+01 l_orth: 6.8942e+01 l_diff: 3.1835e+01 l_align: 6.9018e+01 l_total: 2.2804e+02 
2026-05-22 20:59:33,708 INFO: [topki..][epoch: 97, iter:  65,560, lr:(1.035e-04,)][eta: 0:18:12, time (data): 0.540 (0.129)]l_bij: 5.9259e+01 l_orth: 6.9130e+01 l_diff: 2.3640e+01 l_align: 6.6503e+01 l_total: 2.1853e+02 
2026-05-22 20:59:45,906 INFO: [topki..][epoch: 98, iter:  65,580, lr:(1.020e-04,)][eta: 0:18:01, time (data): 0.566 (0.169)]l_bij: 6.9969e+01 l_orth: 7.8540e+01 l_diff: 3.7228e+01 l_align: 6.9026e+01 l_total: 2.5476e+02 
2026-05-22 20:59:56,764 INFO: [topki..][epoch: 98, iter:  65,600, lr:(1.020e-04,)][eta: 0:17:50, time (data): 0.560 (0.160)]l_bij: 6.1665e+01 l_orth: 6.9879e+01 l_diff: 2.3522e+01 l_align: 6.4622e+01 l_total: 2.1969e+02 
2026-05-22 21:00:08,003 INFO: [topki..][epoch: 98, iter:  65,620, lr:(1.020e-04,)][eta: 0:17:40, time (data): 0.560 (0.155)]l_bij: 4.3030e+01 l_orth: 5.6912e+01 l_diff: 2.2151e+01 l_align: 6.4613e+01 l_total: 1.8671e+02 
2026-05-22 21:00:19,103 INFO: [topki..][epoch: 98, iter:  65,640, lr:(1.020e-04,)][eta: 0:17:29, time (data): 0.559 (0.153)]l_bij: 9.3138e+01 l_orth: 9.9061e+01 l_diff: 2.8298e+01 l_align: 8.4703e+01 l_total: 3.0520e+02 
2026-05-22 21:00:29,392 INFO: [topki..][epoch: 98, iter:  65,660, lr:(1.020e-04,)][eta: 0:17:18, time (data): 0.553 (0.151)]l_bij: 6.1593e+01 l_orth: 7.5733e+01 l_diff: 2.8593e+01 l_align: 7.7225e+01 l_total: 2.4314e+02 
2026-05-22 21:00:39,594 INFO: [topki..][epoch: 98, iter:  65,680, lr:(1.020e-04,)][eta: 0:17:08, time (data): 0.547 (0.149)]l_bij: 7.4317e+01 l_orth: 8.2483e+01 l_diff: 3.2246e+01 l_align: 7.2166e+01 l_total: 2.6121e+02 
2026-05-22 21:00:50,324 INFO: [topki..][epoch: 98, iter:  65,700, lr:(1.020e-04,)][eta: 0:16:57, time (data): 0.546 (0.147)]l_bij: 6.9057e+01 l_orth: 7.9214e+01 l_diff: 2.5686e+01 l_align: 7.7074e+01 l_total: 2.5103e+02 
2026-05-22 21:01:01,103 INFO: [topki..][epoch: 98, iter:  65,720, lr:(1.020e-04,)][eta: 0:16:46, time (data): 0.545 (0.146)]l_bij: 5.4329e+01 l_orth: 6.6685e+01 l_diff: 2.4512e+01 l_align: 6.5922e+01 l_total: 2.1145e+02 
2026-05-22 21:01:12,162 INFO: [topki..][epoch: 98, iter:  65,740, lr:(1.020e-04,)][eta: 0:16:35, time (data): 0.548 (0.134)]l_bij: 5.4968e+01 l_orth: 6.7894e+01 l_diff: 2.5444e+01 l_align: 7.0261e+01 l_total: 2.1857e+02 
2026-05-22 21:01:22,922 INFO: [topki..][epoch: 98, iter:  65,760, lr:(1.020e-04,)][eta: 0:16:25, time (data): 0.542 (0.140)]l_bij: 6.2108e+01 l_orth: 7.4302e+01 l_diff: 2.4555e+01 l_align: 7.5211e+01 l_total: 2.3618e+02 
2026-05-22 21:01:33,787 INFO: [topki..][epoch: 98, iter:  65,780, lr:(1.020e-04,)][eta: 0:16:14, time (data): 0.542 (0.139)]l_bij: 1.3652e+00 l_orth: 3.3383e+01 l_diff: 2.1268e+01 l_align: 8.1454e+01 l_total: 1.3747e+02 
2026-05-22 21:01:45,011 INFO: [topki..][epoch: 98, iter:  65,800, lr:(1.020e-04,)][eta: 0:16:03, time (data): 0.547 (0.139)]l_bij: 5.4603e+01 l_orth: 6.5629e+01 l_diff: 2.5271e+01 l_align: 6.7483e+01 l_total: 2.1299e+02 
2026-05-22 21:01:55,843 INFO: [topki..][epoch: 98, iter:  65,820, lr:(1.020e-04,)][eta: 0:15:53, time (data): 0.546 (0.140)]l_bij: 6.2711e+01 l_orth: 7.5801e+01 l_diff: 2.7485e+01 l_align: 7.1465e+01 l_total: 2.3746e+02 
2026-05-22 21:02:08,714 INFO: [topki..][epoch: 98, iter:  65,840, lr:(1.020e-04,)][eta: 0:15:42, time (data): 0.563 (0.139)]l_bij: 6.2640e+01 l_orth: 7.7063e+01 l_diff: 2.6450e+01 l_align: 7.7733e+01 l_total: 2.4389e+02 
2026-05-22 21:02:20,317 INFO: [topki..][epoch: 98, iter:  65,860, lr:(1.020e-04,)][eta: 0:15:31, time (data): 0.566 (0.137)]l_bij: 7.7234e+01 l_orth: 8.5691e+01 l_diff: 2.7750e+01 l_align: 7.8504e+01 l_total: 2.6918e+02 
2026-05-22 21:02:31,457 INFO: [topki..][epoch: 98, iter:  65,880, lr:(1.020e-04,)][eta: 0:15:21, time (data): 0.565 (0.137)]l_bij: 5.1790e+01 l_orth: 6.2029e+01 l_diff: 2.5321e+01 l_align: 6.2779e+01 l_total: 2.0192e+02 
2026-05-22 21:02:40,664 INFO: [topki..][epoch: 98, iter:  65,900, lr:(1.020e-04,)][eta: 0:15:10, time (data): 0.553 (0.135)]l_bij: 6.3764e+01 l_orth: 7.4688e+01 l_diff: 2.7201e+01 l_align: 7.1039e+01 l_total: 2.3669e+02 
2026-05-22 21:02:51,375 INFO: [topki..][epoch: 98, iter:  65,920, lr:(1.020e-04,)][eta: 0:14:59, time (data): 0.551 (0.134)]l_bij: 3.6286e+01 l_orth: 5.2920e+01 l_diff: 2.7086e+01 l_align: 6.4413e+01 l_total: 1.8071e+02 
2026-05-22 21:03:00,666 INFO: [topki..][epoch: 98, iter:  65,940, lr:(1.020e-04,)][eta: 0:14:48, time (data): 0.456 (0.113)]l_bij: 7.8273e+01 l_orth: 8.8747e+01 l_diff: 2.7362e+01 l_align: 8.4079e+01 l_total: 2.7846e+02 
2026-05-22 21:03:12,403 INFO: [topki..][epoch: 98, iter:  65,960, lr:(1.020e-04,)][eta: 0:14:38, time (data): 0.538 (0.130)]l_bij: 5.8601e+01 l_orth: 6.9440e+01 l_diff: 2.2732e+01 l_align: 6.6858e+01 l_total: 2.1763e+02 
2026-05-22 21:03:22,540 INFO: [topki..][epoch: 98, iter:  65,980, lr:(1.020e-04,)][eta: 0:14:27, time (data): 0.526 (0.132)]l_bij: 6.1848e+01 l_orth: 7.4027e+01 l_diff: 2.7617e+01 l_align: 6.9340e+01 l_total: 2.3283e+02 
2026-05-22 21:03:34,125 INFO: [topki..][epoch: 98, iter:  66,000, lr:(1.020e-04,)][eta: 0:14:16, time (data): 0.541 (0.135)]l_bij: 2.7728e+00 l_orth: 4.6585e+01 l_diff: 3.1842e+01 l_align: 7.9543e+01 l_total: 1.6074e+02 
2026-05-22 21:03:44,469 INFO: [topki..][epoch: 98, iter:  66,020, lr:(1.020e-04,)][eta: 0:14:06, time (data): 0.536 (0.134)]l_bij: 6.2826e+01 l_orth: 7.5085e+01 l_diff: 2.7363e+01 l_align: 7.1652e+01 l_total: 2.3693e+02 
2026-05-22 21:03:55,231 INFO: [topki..][epoch: 98, iter:  66,040, lr:(1.020e-04,)][eta: 0:13:55, time (data): 0.536 (0.135)]l_bij: 5.4909e+01 l_orth: 6.6340e+01 l_diff: 2.2785e+01 l_align: 6.7751e+01 l_total: 2.1179e+02 
2026-05-22 21:04:05,327 INFO: [topki..][epoch: 98, iter:  66,060, lr:(1.020e-04,)][eta: 0:13:44, time (data): 0.531 (0.135)]l_bij: 5.9088e+01 l_orth: 6.9908e+01 l_diff: 2.7872e+01 l_align: 6.6698e+01 l_total: 2.2357e+02 
2026-05-22 21:04:16,390 INFO: [topki..][epoch: 98, iter:  66,080, lr:(1.020e-04,)][eta: 0:13:33, time (data): 0.534 (0.135)]l_bij: 5.9688e+01 l_orth: 7.0266e+01 l_diff: 2.6601e+01 l_align: 7.0077e+01 l_total: 2.2663e+02 
2026-05-22 21:04:28,324 INFO: [topki..][epoch: 98, iter:  66,100, lr:(1.020e-04,)][eta: 0:13:23, time (data): 0.541 (0.136)]l_bij: 7.0770e+01 l_orth: 8.1357e+01 l_diff: 3.1416e+01 l_align: 7.5823e+01 l_total: 2.5937e+02 
2026-05-22 21:04:38,866 INFO: [topki..][epoch: 98, iter:  66,120, lr:(1.020e-04,)][eta: 0:13:12, time (data): 0.540 (0.136)]l_bij: 4.8694e+01 l_orth: 6.0578e+01 l_diff: 2.6127e+01 l_align: 5.8768e+01 l_total: 1.9417e+02 
2026-05-22 21:04:50,182 INFO: [topki..][epoch: 98, iter:  66,140, lr:(1.020e-04,)][eta: 0:13:01, time (data): 0.506 (0.128)]l_bij: 7.2905e+01 l_orth: 8.1214e+01 l_diff: 2.7846e+01 l_align: 7.3875e+01 l_total: 2.5584e+02 
2026-05-22 21:05:01,526 INFO: [topki..][epoch: 98, iter:  66,160, lr:(1.020e-04,)][eta: 0:12:51, time (data): 0.545 (0.142)]l_bij: 9.1409e+01 l_orth: 9.6170e+01 l_diff: 3.2479e+01 l_align: 7.7459e+01 l_total: 2.9752e+02 
2026-05-22 21:05:12,146 INFO: [topki..][epoch: 98, iter:  66,180, lr:(1.020e-04,)][eta: 0:12:40, time (data): 0.540 (0.139)]l_bij: 5.9298e+01 l_orth: 7.2005e+01 l_diff: 2.0386e+01 l_align: 6.9965e+01 l_total: 2.2165e+02 
2026-05-22 21:05:22,578 INFO: [topki..][epoch: 98, iter:  66,200, lr:(1.020e-04,)][eta: 0:12:29, time (data): 0.535 (0.139)]l_bij: 7.0771e+01 l_orth: 8.1207e+01 l_diff: 2.5079e+01 l_align: 7.7705e+01 l_total: 2.5476e+02 
2026-05-22 21:05:33,442 INFO: [topki..][epoch: 98, iter:  66,220, lr:(1.020e-04,)][eta: 0:12:18, time (data): 0.536 (0.140)]l_bij: 5.8134e+01 l_orth: 7.1661e+01 l_diff: 2.4533e+01 l_align: 7.0796e+01 l_total: 2.2512e+02 
2026-05-22 21:05:44,687 INFO: [topki..][epoch: 98, iter:  66,240, lr:(1.020e-04,)][eta: 0:12:08, time (data): 0.541 (0.138)]l_bij: 6.8450e+01 l_orth: 7.9507e+01 l_diff: 2.5565e+01 l_align: 7.5949e+01 l_total: 2.4947e+02 
2026-05-22 21:05:56,818 INFO: [topki..][epoch: 99, iter:  66,260, lr:(1.009e-04,)][eta: 0:11:57, time (data): 0.551 (0.152)]l_bij: 5.3639e+01 l_orth: 6.5563e+01 l_diff: 2.6393e+01 l_align: 6.7409e+01 l_total: 2.1300e+02 
2026-05-22 21:06:07,031 INFO: [topki..][epoch: 99, iter:  66,280, lr:(1.009e-04,)][eta: 0:11:46, time (data): 0.546 (0.148)]l_bij: 6.4961e+01 l_orth: 7.7351e+01 l_diff: 2.3105e+01 l_align: 7.4779e+01 l_total: 2.4020e+02 
2026-05-22 21:06:17,074 INFO: [topki..][epoch: 99, iter:  66,300, lr:(1.009e-04,)][eta: 0:11:36, time (data): 0.541 (0.146)]l_bij: 5.4249e+01 l_orth: 6.4961e+01 l_diff: 2.4295e+01 l_align: 6.3389e+01 l_total: 2.0689e+02 
2026-05-22 21:06:26,822 INFO: [topki..][epoch: 99, iter:  66,320, lr:(1.009e-04,)][eta: 0:11:25, time (data): 0.535 (0.143)]l_bij: 7.2920e+01 l_orth: 8.4626e+01 l_diff: 3.3589e+01 l_align: 7.7605e+01 l_total: 2.6874e+02 
2026-05-22 21:06:37,470 INFO: [topki..][epoch: 99, iter:  66,340, lr:(1.009e-04,)][eta: 0:11:14, time (data): 0.516 (0.147)]l_bij: 7.9242e+01 l_orth: 8.6701e+01 l_diff: 2.7151e+01 l_align: 7.7722e+01 l_total: 2.7082e+02 
2026-05-22 21:06:48,639 INFO: [topki..][epoch: 99, iter:  66,360, lr:(1.009e-04,)][eta: 0:11:03, time (data): 0.544 (0.137)]l_bij: 2.0883e+00 l_orth: 4.1030e+01 l_diff: 2.3056e+01 l_align: 8.9353e+01 l_total: 1.5553e+02 
2026-05-22 21:06:58,709 INFO: [topki..][epoch: 99, iter:  66,380, lr:(1.009e-04,)][eta: 0:10:53, time (data): 0.528 (0.131)]l_bij: 7.6162e+01 l_orth: 8.5392e+01 l_diff: 2.6328e+01 l_align: 7.6654e+01 l_total: 2.6454e+02 
2026-05-22 21:07:09,106 INFO: [topki..][epoch: 99, iter:  66,400, lr:(1.009e-04,)][eta: 0:10:42, time (data): 0.526 (0.134)]l_bij: 6.7639e+01 l_orth: 7.9743e+01 l_diff: 3.2230e+01 l_align: 7.2746e+01 l_total: 2.5236e+02 
2026-05-22 21:07:20,546 INFO: [topki..][epoch: 99, iter:  66,420, lr:(1.009e-04,)][eta: 0:10:31, time (data): 0.536 (0.137)]l_bij: 7.4462e+01 l_orth: 8.3422e+01 l_diff: 2.7147e+01 l_align: 7.3070e+01 l_total: 2.5810e+02 
2026-05-22 21:07:30,419 INFO: [topki..][epoch: 99, iter:  66,440, lr:(1.009e-04,)][eta: 0:10:21, time (data): 0.528 (0.135)]l_bij: 1.1706e+00 l_orth: 3.0443e+01 l_diff: 1.9997e+01 l_align: 6.9780e+01 l_total: 1.2139e+02 
2026-05-22 21:07:41,302 INFO: [topki..][epoch: 99, iter:  66,460, lr:(1.009e-04,)][eta: 0:10:10, time (data): 0.531 (0.135)]l_bij: 6.3931e+01 l_orth: 7.7578e+01 l_diff: 2.5575e+01 l_align: 7.8516e+01 l_total: 2.4560e+02 
2026-05-22 21:07:52,804 INFO: [topki..][epoch: 99, iter:  66,480, lr:(1.009e-04,)][eta: 0:09:59, time (data): 0.537 (0.136)]l_bij: 5.4747e+01 l_orth: 6.6786e+01 l_diff: 2.4447e+01 l_align: 6.8404e+01 l_total: 2.1438e+02 
2026-05-22 21:08:03,482 INFO: [topki..][epoch: 99, iter:  66,500, lr:(1.009e-04,)][eta: 0:09:48, time (data): 0.536 (0.136)]l_bij: 7.1422e+01 l_orth: 8.1579e+01 l_diff: 2.5574e+01 l_align: 7.5134e+01 l_total: 2.5371e+02 
2026-05-22 21:08:14,477 INFO: [topki..][epoch: 99, iter:  66,520, lr:(1.009e-04,)][eta: 0:09:38, time (data): 0.538 (0.137)]l_bij: 6.7129e+01 l_orth: 7.7732e+01 l_diff: 2.5611e+01 l_align: 7.6477e+01 l_total: 2.4695e+02 
2026-05-22 21:08:24,309 INFO: [topki..][epoch: 99, iter:  66,540, lr:(1.009e-04,)][eta: 0:09:27, time (data): 0.486 (0.133)]l_bij: 9.1311e-01 l_orth: 3.2014e+01 l_diff: 1.7835e+01 l_align: 7.3653e+01 l_total: 1.2442e+02 
2026-05-22 21:08:34,463 INFO: [topki..][epoch: 99, iter:  66,560, lr:(1.009e-04,)][eta: 0:09:16, time (data): 0.501 (0.136)]l_bij: 5.8104e+01 l_orth: 6.9255e+01 l_diff: 2.6019e+01 l_align: 6.3849e+01 l_total: 2.1723e+02 
2026-05-22 21:08:45,390 INFO: [topki..][epoch: 99, iter:  66,580, lr:(1.009e-04,)][eta: 0:09:05, time (data): 0.519 (0.135)]l_bij: 7.0399e+01 l_orth: 8.1428e+01 l_diff: 2.9947e+01 l_align: 7.1322e+01 l_total: 2.5310e+02 
2026-05-22 21:08:54,958 INFO: [topki..][epoch: 99, iter:  66,600, lr:(1.009e-04,)][eta: 0:08:55, time (data): 0.508 (0.132)]l_bij: 5.7860e+01 l_orth: 6.8858e+01 l_diff: 2.2612e+01 l_align: 6.2733e+01 l_total: 2.1206e+02 
2026-05-22 21:09:05,074 INFO: [topki..][epoch: 99, iter:  66,620, lr:(1.009e-04,)][eta: 0:08:44, time (data): 0.507 (0.129)]l_bij: 8.3398e+01 l_orth: 9.1057e+01 l_diff: 2.8632e+01 l_align: 8.4731e+01 l_total: 2.8782e+02 
2026-05-22 21:09:16,329 INFO: [topki..][epoch: 99, iter:  66,640, lr:(1.009e-04,)][eta: 0:08:33, time (data): 0.517 (0.129)]l_bij: 7.0749e+01 l_orth: 8.2144e+01 l_diff: 2.7851e+01 l_align: 8.2227e+01 l_total: 2.6297e+02 
2026-05-22 21:09:26,695 INFO: [topki..][epoch: 99, iter:  66,660, lr:(1.009e-04,)][eta: 0:08:23, time (data): 0.517 (0.130)]l_bij: 4.5477e+01 l_orth: 6.1994e+01 l_diff: 2.5425e+01 l_align: 6.8863e+01 l_total: 2.0176e+02 
2026-05-22 21:09:37,063 INFO: [topki..][epoch: 99, iter:  66,680, lr:(1.009e-04,)][eta: 0:08:12, time (data): 0.518 (0.132)]l_bij: 5.4120e+01 l_orth: 6.6729e+01 l_diff: 2.2421e+01 l_align: 6.8131e+01 l_total: 2.1140e+02 
2026-05-22 21:09:46,584 INFO: [topki..][epoch: 99, iter:  66,700, lr:(1.009e-04,)][eta: 0:08:01, time (data): 0.513 (0.132)]l_bij: 5.8098e+01 l_orth: 7.0021e+01 l_diff: 2.3159e+01 l_align: 6.9475e+01 l_total: 2.2075e+02 
2026-05-22 21:09:57,022 INFO: [topki..][epoch: 99, iter:  66,720, lr:(1.009e-04,)][eta: 0:07:50, time (data): 0.514 (0.133)]l_bij: 8.7407e+01 l_orth: 9.1535e+01 l_diff: 2.4993e+01 l_align: 7.5008e+01 l_total: 2.7894e+02 
2026-05-22 21:10:09,739 INFO: [topki..][epoch: 99, iter:  66,740, lr:(1.009e-04,)][eta: 0:07:40, time (data): 0.801 (0.144)]l_bij: 7.4544e+01 l_orth: 8.4266e+01 l_diff: 2.8367e+01 l_align: 7.7589e+01 l_total: 2.6477e+02 
2026-05-22 21:10:19,554 INFO: [topki..][epoch: 99, iter:  66,760, lr:(1.009e-04,)][eta: 0:07:29, time (data): 0.579 (0.130)]l_bij: 6.3250e+01 l_orth: 7.2396e+01 l_diff: 2.5106e+01 l_align: 6.4973e+01 l_total: 2.2573e+02 
2026-05-22 21:10:30,234 INFO: [topki..][epoch: 99, iter:  66,780, lr:(1.009e-04,)][eta: 0:07:18, time (data): 0.560 (0.133)]l_bij: 7.7681e+01 l_orth: 8.7138e+01 l_diff: 2.9360e+01 l_align: 7.8865e+01 l_total: 2.7304e+02 
2026-05-22 21:10:41,160 INFO: [topki..][epoch: 99, iter:  66,800, lr:(1.009e-04,)][eta: 0:07:08, time (data): 0.556 (0.133)]l_bij: 5.7344e+01 l_orth: 6.8639e+01 l_diff: 2.6136e+01 l_align: 6.9411e+01 l_total: 2.2153e+02 
2026-05-22 21:10:52,236 INFO: [topki..][epoch: 99, iter:  66,820, lr:(1.009e-04,)][eta: 0:06:57, time (data): 0.556 (0.134)]l_bij: 5.6096e+01 l_orth: 6.7867e+01 l_diff: 2.4478e+01 l_align: 6.8098e+01 l_total: 2.1654e+02 
2026-05-22 21:11:04,414 INFO: [topki..][epoch: 99, iter:  66,840, lr:(1.009e-04,)][eta: 0:06:46, time (data): 0.565 (0.136)]l_bij: 5.0253e+01 l_orth: 6.4001e+01 l_diff: 2.3199e+01 l_align: 6.7655e+01 l_total: 2.0511e+02 
2026-05-22 21:11:14,879 INFO: [topki..][epoch: 99, iter:  66,860, lr:(1.009e-04,)][eta: 0:06:35, time (data): 0.559 (0.135)]l_bij: 4.5109e+01 l_orth: 6.0163e+01 l_diff: 2.8953e+01 l_align: 6.7757e+01 l_total: 2.0198e+02 
2026-05-22 21:11:24,735 INFO: [topki..][epoch: 99, iter:  66,880, lr:(1.009e-04,)][eta: 0:06:25, time (data): 0.550 (0.135)]l_bij: 5.3226e+01 l_orth: 6.4283e+01 l_diff: 2.5767e+01 l_align: 6.6176e+01 l_total: 2.0945e+02 
2026-05-22 21:11:35,375 INFO: [topki..][epoch: 99, iter:  66,900, lr:(1.009e-04,)][eta: 0:06:14, time (data): 0.548 (0.135)]l_bij: 4.5428e+01 l_orth: 6.0959e+01 l_diff: 2.6511e+01 l_align: 6.5908e+01 l_total: 1.9881e+02 
2026-05-22 21:11:45,695 INFO: [topki..][epoch: 99, iter:  66,920, lr:(1.009e-04,)][eta: 0:06:03, time (data): 0.544 (0.135)]l_bij: 7.8967e+01 l_orth: 9.0099e+01 l_diff: 2.9876e+01 l_align: 8.4633e+01 l_total: 2.8358e+02 
2026-05-22 21:11:58,207 INFO: [topki..][epoch:100, iter:  66,940, lr:(1.002e-04,)][eta: 0:05:53, time (data): 0.551 (0.127)]l_bij: 8.4083e+01 l_orth: 9.0067e+01 l_diff: 3.1630e+01 l_align: 7.8868e+01 l_total: 2.8465e+02 
2026-05-22 21:12:08,458 INFO: [topki..][epoch:100, iter:  66,960, lr:(1.002e-04,)][eta: 0:05:42, time (data): 0.522 (0.130)]l_bij: 8.2962e+01 l_orth: 8.9094e+01 l_diff: 3.0354e+01 l_align: 7.7564e+01 l_total: 2.7997e+02 
2026-05-22 21:12:19,272 INFO: [topki..][epoch:100, iter:  66,980, lr:(1.002e-04,)][eta: 0:05:31, time (data): 0.530 (0.128)]l_bij: 7.3730e+01 l_orth: 8.3830e+01 l_diff: 2.6971e+01 l_align: 7.9595e+01 l_total: 2.6413e+02 
2026-05-22 21:12:29,889 INFO: [topki..][epoch:100, iter:  67,000, lr:(1.002e-04,)][eta: 0:05:20, time (data): 0.530 (0.130)]l_bij: 4.5627e+01 l_orth: 5.9596e+01 l_diff: 2.2155e+01 l_align: 6.5079e+01 l_total: 1.9246e+02 
2026-05-22 21:12:41,611 INFO: [topki..][epoch:100, iter:  67,020, lr:(1.002e-04,)][eta: 0:05:10, time (data): 0.543 (0.130)]l_bij: 6.5473e+01 l_orth: 7.5890e+01 l_diff: 2.6113e+01 l_align: 7.3147e+01 l_total: 2.4062e+02 
2026-05-22 21:12:52,509 INFO: [topki..][epoch:100, iter:  67,040, lr:(1.002e-04,)][eta: 0:04:59, time (data): 0.543 (0.129)]l_bij: 4.8836e+01 l_orth: 6.0173e+01 l_diff: 2.0105e+01 l_align: 6.1902e+01 l_total: 1.9102e+02 
2026-05-22 21:13:04,533 INFO: [topki..][epoch:100, iter:  67,060, lr:(1.002e-04,)][eta: 0:04:48, time (data): 0.553 (0.131)]l_bij: 7.0579e-01 l_orth: 2.6492e+01 l_diff: 2.0276e+01 l_align: 7.0395e+01 l_total: 1.1787e+02 
2026-05-22 21:13:13,816 INFO: [topki..][epoch:100, iter:  67,080, lr:(1.002e-04,)][eta: 0:04:38, time (data): 0.541 (0.129)]l_bij: 6.5547e+01 l_orth: 7.5730e+01 l_diff: 2.9748e+01 l_align: 6.8973e+01 l_total: 2.4000e+02 
2026-05-22 21:13:24,342 INFO: [topki..][epoch:100, iter:  67,100, lr:(1.002e-04,)][eta: 0:04:27, time (data): 0.539 (0.129)]l_bij: 4.2205e+01 l_orth: 5.9614e+01 l_diff: 2.1658e+01 l_align: 6.6309e+01 l_total: 1.8979e+02 
2026-05-22 21:13:35,664 INFO: [topki..][epoch:100, iter:  67,120, lr:(1.002e-04,)][eta: 0:04:16, time (data): 0.542 (0.129)]l_bij: 7.9402e+01 l_orth: 8.7237e+01 l_diff: 3.1930e+01 l_align: 7.8796e+01 l_total: 2.7737e+02 
2026-05-22 21:13:47,679 INFO: [topki..][epoch:100, iter:  67,140, lr:(1.002e-04,)][eta: 0:04:05, time (data): 0.622 (0.123)]l_bij: 7.9098e+01 l_orth: 8.6992e+01 l_diff: 3.3555e+01 l_align: 7.7537e+01 l_total: 2.7718e+02 
2026-05-22 21:13:57,282 INFO: [topki..][epoch:100, iter:  67,160, lr:(1.002e-04,)][eta: 0:03:55, time (data): 0.513 (0.132)]l_bij: 4.8316e+01 l_orth: 6.4893e+01 l_diff: 2.9314e+01 l_align: 7.0684e+01 l_total: 2.1321e+02 
2026-05-22 21:14:07,115 INFO: [topki..][epoch:100, iter:  67,180, lr:(1.002e-04,)][eta: 0:03:44, time (data): 0.504 (0.132)]l_bij: 5.9159e+01 l_orth: 7.4063e+01 l_diff: 3.0392e+01 l_align: 6.7878e+01 l_total: 2.3149e+02 
2026-05-22 21:14:17,798 INFO: [topki..][epoch:100, iter:  67,200, lr:(1.002e-04,)][eta: 0:03:33, time (data): 0.513 (0.132)]l_bij: 8.9725e+01 l_orth: 9.5418e+01 l_diff: 2.8306e+01 l_align: 8.4576e+01 l_total: 2.9803e+02 
2026-05-22 21:14:28,422 INFO: [topki..][epoch:100, iter:  67,220, lr:(1.002e-04,)][eta: 0:03:23, time (data): 0.517 (0.133)]l_bij: 7.2934e+01 l_orth: 8.2956e+01 l_diff: 2.6592e+01 l_align: 7.7716e+01 l_total: 2.6020e+02 
2026-05-22 21:14:38,510 INFO: [topki..][epoch:100, iter:  67,240, lr:(1.002e-04,)][eta: 0:03:12, time (data): 0.515 (0.132)]l_bij: 6.3599e+01 l_orth: 7.3942e+01 l_diff: 2.5571e+01 l_align: 7.1025e+01 l_total: 2.3414e+02 
2026-05-22 21:14:49,813 INFO: [topki..][epoch:100, iter:  67,260, lr:(1.002e-04,)][eta: 0:03:01, time (data): 0.523 (0.133)]l_bij: 5.9931e+01 l_orth: 7.3766e+01 l_diff: 2.3812e+01 l_align: 7.6856e+01 l_total: 2.3437e+02 
2026-05-22 21:15:00,161 INFO: [topki..][epoch:100, iter:  67,280, lr:(1.002e-04,)][eta: 0:02:50, time (data): 0.522 (0.133)]l_bij: 6.1306e+01 l_orth: 7.1172e+01 l_diff: 2.7461e+01 l_align: 6.5663e+01 l_total: 2.2560e+02 
2026-05-22 21:15:11,102 INFO: [topki..][epoch:100, iter:  67,300, lr:(1.002e-04,)][eta: 0:02:40, time (data): 0.525 (0.133)]l_bij: 6.1934e+01 l_orth: 7.2100e+01 l_diff: 2.3773e+01 l_align: 7.3269e+01 l_total: 2.3108e+02 
2026-05-22 21:15:24,620 INFO: [topki..][epoch:100, iter:  67,320, lr:(1.002e-04,)][eta: 0:02:29, time (data): 0.541 (0.134)]l_bij: 9.1562e+01 l_orth: 9.5863e+01 l_diff: 2.9418e+01 l_align: 7.7120e+01 l_total: 2.9396e+02 
2026-05-22 21:15:40,775 INFO: [topki..][epoch:100, iter:  67,340, lr:(1.002e-04,)][eta: 0:02:18, time (data): 0.733 (0.146)]l_bij: 5.2604e+01 l_orth: 6.5858e+01 l_diff: 2.6820e+01 l_align: 6.8958e+01 l_total: 2.1424e+02 
2026-05-22 21:15:53,230 INFO: [topki..][epoch:100, iter:  67,360, lr:(1.002e-04,)][eta: 0:02:08, time (data): 0.645 (0.141)]l_bij: 3.1814e+01 l_orth: 4.7486e+01 l_diff: 1.7288e+01 l_align: 6.1157e+01 l_total: 1.5774e+02 
2026-05-22 21:16:05,271 INFO: [topki..][epoch:100, iter:  67,380, lr:(1.002e-04,)][eta: 0:01:57, time (data): 0.626 (0.143)]l_bij: 5.3486e+01 l_orth: 6.6600e+01 l_diff: 3.2533e+01 l_align: 6.8456e+01 l_total: 2.2108e+02 
2026-05-22 21:16:19,377 INFO: [topki..][epoch:100, iter:  67,400, lr:(1.002e-04,)][eta: 0:01:46, time (data): 0.650 (0.144)]l_bij: 8.3312e+01 l_orth: 9.3849e+01 l_diff: 3.1279e+01 l_align: 8.4930e+01 l_total: 2.9337e+02 
2026-05-22 21:16:32,484 INFO: [topki..][epoch:100, iter:  67,420, lr:(1.002e-04,)][eta: 0:01:35, time (data): 0.651 (0.144)]l_bij: 5.0497e+01 l_orth: 6.4071e+01 l_diff: 2.4353e+01 l_align: 7.1618e+01 l_total: 2.1054e+02 
2026-05-22 21:16:44,340 INFO: [topki..][epoch:100, iter:  67,440, lr:(1.002e-04,)][eta: 0:01:25, time (data): 0.640 (0.143)]l_bij: 9.0455e+01 l_orth: 9.6222e+01 l_diff: 3.1264e+01 l_align: 8.0701e+01 l_total: 2.9864e+02 
2026-05-22 21:16:59,159 INFO: [topki..][epoch:100, iter:  67,460, lr:(1.002e-04,)][eta: 0:01:14, time (data): 0.656 (0.145)]l_bij: 6.2928e+01 l_orth: 7.1950e+01 l_diff: 2.8990e+01 l_align: 6.5187e+01 l_total: 2.2905e+02 
2026-05-22 21:17:12,487 INFO: [topki..][epoch:100, iter:  67,480, lr:(1.002e-04,)][eta: 0:01:03, time (data): 0.658 (0.145)]l_bij: 5.8111e+01 l_orth: 6.9150e+01 l_diff: 2.3149e+01 l_align: 6.2331e+01 l_total: 2.1274e+02 
2026-05-22 21:17:28,188 INFO: [topki..][epoch:100, iter:  67,500, lr:(1.002e-04,)][eta: 0:00:53, time (data): 0.673 (0.146)]l_bij: 6.2058e+01 l_orth: 7.3559e+01 l_diff: 2.4378e+01 l_align: 7.2360e+01 l_total: 2.3236e+02 
2026-05-22 21:17:44,633 INFO: [topki..][epoch:100, iter:  67,520, lr:(1.002e-04,)][eta: 0:00:42, time (data): 0.689 (0.145)]l_bij: 7.2343e+01 l_orth: 8.1937e+01 l_diff: 3.1876e+01 l_align: 7.6275e+01 l_total: 2.6243e+02 
2026-05-22 21:17:59,420 INFO: [topki..][epoch:100, iter:  67,540, lr:(1.002e-04,)][eta: 0:00:31, time (data): 0.483 (0.129)]l_bij: 5.4571e+01 l_orth: 6.8175e+01 l_diff: 2.6709e+01 l_align: 6.9850e+01 l_total: 2.1930e+02 
2026-05-22 21:18:11,899 INFO: [topki..][epoch:100, iter:  67,560, lr:(1.002e-04,)][eta: 0:00:20, time (data): 0.600 (0.149)]l_bij: 5.4898e+01 l_orth: 6.6335e+01 l_diff: 2.3488e+01 l_align: 6.4593e+01 l_total: 2.0931e+02 
2026-05-22 21:18:25,326 INFO: [topki..][epoch:100, iter:  67,580, lr:(1.002e-04,)][eta: 0:00:10, time (data): 0.633 (0.147)]l_bij: 3.8896e+01 l_orth: 5.9448e+01 l_diff: 2.4728e+01 l_align: 6.8874e+01 l_total: 1.9195e+02 
2026-05-22 21:18:39,947 INFO: [topki..][epoch:100, iter:  67,600, lr:(1.002e-04,)][eta: 0:00:00, time (data): 0.663 (0.139)]l_bij: 7.0595e+01 l_orth: 8.1519e+01 l_diff: 2.9067e+01 l_align: 7.7490e+01 l_total: 2.5867e+02 
2026-05-22 21:18:40,092 INFO: End of training. Time consumed: 10:04:31
2026-05-22 21:18:40,092 INFO: Last Validation.
2026-05-22 21:19:56,230 INFO: Avg time: 0.3800
2026-05-22 21:19:56,335 INFO: Val auc: 0.6879
2026-05-22 21:19:56,342 INFO: Val avg error: 0.0608
2026-05-22 21:19:56,736 INFO: Save the best model.
