2026-05-21 22:20:54,137 INFO: 
Version Information: 
	Python: 3.8.13
	PyTorch: 2.0.1+cu118
	TorchVision: 0.15.2+cu118
2026-05-21 22:20:54,137 INFO: 
  name: scape
  backend: dp
  type: FMNetModel
  num_gpu: 1
  manual_seed: 1234
  non-isometric: False
  partial: False
  path:[
    resume_state: None
    experiments_root: /data/ytw/Methods/Learning_based/Sync_Diff_Reproduce/experiments/scape
    models: /data/ytw/Methods/Learning_based/Sync_Diff_Reproduce/experiments/scape/models
    log: /data/ytw/Methods/Learning_based/Sync_Diff_Reproduce/experiments/scape/log
  ]
  datasets:[
    train_dataset:[
      name: ScapeTrain
      type: PairScapeDataset
      phase: train
      data_root: /data/ytw/datasets/SCAPE_r
      return_evecs: True
      return_faces: True
      num_evecs: 200
      return_corr: False
      return_dist: False
    ]
    test_dataset:[
      name: ScapeTest
      type: PairScapeDataset
      phase: test
      data_root: /data/ytw/datasets/SCAPE_r
      return_evecs: True
      return_faces: True
      num_evecs: 200
      return_corr: True
      return_dist: True
    ]
    batch_size: 1
    num_worker: 16
  ]
  networks:[
    feature_extractor:[
      type: DiffusionNet
      in_channels: 128
      out_channels: 256
      cache_dir: /data/ytw/datasets/SCAPE_r/diffusion
      input_type: wks
    ]
    fmap_net:[
      type: FasterRegularizedFMNet
      bidirectional: True
    ]
    permutation:[
      type: Similarity
      tau: 0.07
    ]
  ]
  train:[
    total_epochs: 30
    optims:[
      feature_extractor:[
        type: Adam
        lr: 0.001
      ]
    ]
    schedulers:[
      feature_extractor:[
        type: CosineAnnealingLR
        eta_min: 0.0001
        T_max: 30
      ]
    ]
    losses:[
      surfmnet_loss:[
        type: SURFMNetLoss
        w_bij: 1.0
        w_orth: 1.0
        w_lap: 0.0
      ]
      align_loss:[
        type: SquaredFrobeniusLoss
        loss_weight: 1.0
      ]
      diffusion_loss:[
        type: SynchronousDiffusionLoss
        loss_weight: 1.0
        num_random: 128
        max_time: 0.01
      ]
    ]
  ]
  val:[
    val_freq: 4000
    metrics:[
      geo_error:[
        type: calculate_geodesic_error
      ]
      plot_pck:[
        type: plot_pck
      ]
    ]
  ]
  logger:[
    print_freq: 20
    save_checkpoint_freq: 4000
  ]
  is_train: True
  dist: False
  rank: 0
  world_size: 1
  root_path: /data/ytw/Methods/Learning_based/Sync_Diff_Reproduce

2026-05-21 22:20:54,212 INFO: Dataset [PairScapeDataset]-[ScapeTrain] is built.
2026-05-21 22:20:54,213 INFO: Dataset [PairScapeDataset]-[ScapeTest] is built.
2026-05-21 22:20:54,214 INFO: Training statistics:
	Number of train images: 2601
	Dataset enlarge ratio: 1
	Batch size: 1
	World size (gpu number): 1
	Require iter number per epoch: 2601
	Total epochs: 30; iters: 78030.
2026-05-21 22:20:54,214 INFO: Validation statistics:
	Number of val images: 400
2026-05-21 22:20:54,219 INFO: Network [DiffusionNet] is created.
2026-05-21 22:20:54,220 INFO: Network [FasterRegularizedFMNet] is created.
2026-05-21 22:20:54,220 INFO: Network [Similarity] is created.
2026-05-21 22:20:54,355 INFO: Network: DiffusionNet, with parameters: 510,336
2026-05-21 22:20:54,355 INFO: Network: FasterRegularizedFMNet, with parameters: 0
2026-05-21 22:20:54,355 INFO: Network: Similarity, with parameters: 0
2026-05-21 22:20:54,355 INFO: Metric [function] is created.
2026-05-21 22:20:54,355 INFO: Metric [function] is created.
2026-05-21 22:20:54,356 INFO: Network fmap_net has no param to optimize. Ignore it.
2026-05-21 22:20:54,356 INFO: Network permutation has no param to optimize. Ignore it.
2026-05-21 22:20:54,356 INFO: Loss [SURFMNetLoss] is created.
2026-05-21 22:20:54,356 INFO: Loss [SquaredFrobeniusLoss] is created.
2026-05-21 22:20:54,356 INFO: Loss [SynchronousDiffusionLoss] is created.
2026-05-21 22:20:54,358 INFO: Model [FMNetModel] is created.
2026-05-21 22:20:54,358 INFO: Start training from epoch: 0, iter: 0
2026-05-21 22:21:01,259 INFO: [scape..][epoch:  1, iter:      20, lr:(1.000e-03,)][eta: 5:52:22, time (data): 0.345 (0.060)]l_bij: 2.6274e+02 l_orth: 2.4990e+02 l_diff: 4.3162e+01 l_align: 1.0130e+02 l_total: 6.5710e+02 
2026-05-21 22:21:07,427 INFO: [scape..][epoch:  1, iter:      40, lr:(1.000e-03,)][eta: 6:15:58, time (data): 0.327 (0.044)]l_bij: 2.3853e+02 l_orth: 2.2712e+02 l_diff: 4.7946e+01 l_align: 1.2023e+02 l_total: 6.3382e+02 
2026-05-21 22:21:14,751 INFO: [scape..][epoch:  1, iter:      60, lr:(1.000e-03,)][eta: 6:48:40, time (data): 0.340 (0.040)]l_bij: 2.4506e+02 l_orth: 2.2939e+02 l_diff: 3.8128e+01 l_align: 1.1489e+02 l_total: 6.2747e+02 
2026-05-21 22:21:21,686 INFO: [scape..][epoch:  1, iter:      80, lr:(1.000e-03,)][eta: 6:58:55, time (data): 0.342 (0.038)]l_bij: 2.4771e+02 l_orth: 2.3972e+02 l_diff: 3.7034e+01 l_align: 1.2720e+02 l_total: 6.5165e+02 
2026-05-21 22:21:30,105 INFO: [scape..][epoch:  1, iter:     100, lr:(1.000e-03,)][eta: 7:24:08, time (data): 0.357 (0.037)]l_bij: 2.3564e+02 l_orth: 2.1928e+02 l_diff: 4.0808e+01 l_align: 1.2044e+02 l_total: 6.1617e+02 
2026-05-21 22:21:38,152 INFO: [scape..][epoch:  1, iter:     120, lr:(1.000e-03,)][eta: 7:36:59, time (data): 0.365 (0.036)]l_bij: 2.2295e+02 l_orth: 2.1765e+02 l_diff: 3.5224e+01 l_align: 1.3001e+02 l_total: 6.0583e+02 
2026-05-21 22:21:44,157 INFO: [scape..][epoch:  1, iter:     140, lr:(1.000e-03,)][eta: 7:27:21, time (data): 0.356 (0.036)]l_bij: 2.3458e+02 l_orth: 2.2249e+02 l_diff: 3.3770e+01 l_align: 1.2868e+02 l_total: 6.1951e+02 
2026-05-21 22:21:55,351 INFO: [scape..][epoch:  1, iter:     160, lr:(1.000e-03,)][eta: 8:01:54, time (data): 0.381 (0.035)]l_bij: 2.0656e+02 l_orth: 1.9770e+02 l_diff: 4.2601e+01 l_align: 1.2914e+02 l_total: 5.7600e+02 
2026-05-21 22:22:08,716 INFO: [scape..][epoch:  1, iter:     180, lr:(1.000e-03,)][eta: 8:44:21, time (data): 0.413 (0.035)]l_bij: 2.1803e+02 l_orth: 2.1020e+02 l_diff: 3.9474e+01 l_align: 1.3186e+02 l_total: 5.9956e+02 
2026-05-21 22:22:19,125 INFO: [scape..][epoch:  1, iter:     200, lr:(1.000e-03,)][eta: 8:59:14, time (data): 0.424 (0.034)]l_bij: 1.9898e+02 l_orth: 1.9137e+02 l_diff: 3.7739e+01 l_align: 1.3310e+02 l_total: 5.6119e+02 
2026-05-21 22:22:28,952 INFO: [scape..][epoch:  1, iter:     220, lr:(1.000e-03,)][eta: 9:07:58, time (data): 0.463 (0.031)]l_bij: 1.8229e+02 l_orth: 1.7429e+02 l_diff: 3.1083e+01 l_align: 1.2537e+02 l_total: 5.1302e+02 
2026-05-21 22:22:41,413 INFO: [scape..][epoch:  1, iter:     240, lr:(1.000e-03,)][eta: 9:29:24, time (data): 0.545 (0.033)]l_bij: 1.9786e+02 l_orth: 1.8890e+02 l_diff: 3.2805e+01 l_align: 1.2861e+02 l_total: 5.4818e+02 
2026-05-21 22:22:50,151 INFO: [scape..][epoch:  1, iter:     260, lr:(1.000e-03,)][eta: 9:29:02, time (data): 0.508 (0.034)]l_bij: 1.8158e+02 l_orth: 1.7331e+02 l_diff: 3.6595e+01 l_align: 1.2765e+02 l_total: 5.1913e+02 
2026-05-21 22:23:02,072 INFO: [scape..][epoch:  1, iter:     280, lr:(1.000e-03,)][eta: 9:43:22, time (data): 0.531 (0.033)]l_bij: 1.7666e+02 l_orth: 1.7102e+02 l_diff: 2.9888e+01 l_align: 1.2831e+02 l_total: 5.0588e+02 
2026-05-21 22:23:12,948 INFO: [scape..][epoch:  1, iter:     300, lr:(1.000e-03,)][eta: 9:51:16, time (data): 0.533 (0.033)]l_bij: 1.8028e+02 l_orth: 1.7001e+02 l_diff: 3.2277e+01 l_align: 1.2182e+02 l_total: 5.0438e+02 
2026-05-21 22:23:23,987 INFO: [scape..][epoch:  1, iter:     320, lr:(1.000e-03,)][eta: 9:58:50, time (data): 0.536 (0.033)]l_bij: 1.7872e+02 l_orth: 1.7371e+02 l_diff: 2.9625e+01 l_align: 1.2772e+02 l_total: 5.0977e+02 
2026-05-21 22:23:35,116 INFO: [scape..][epoch:  1, iter:     340, lr:(1.000e-03,)][eta: 10:05:49, time (data): 0.539 (0.032)]l_bij: 1.7495e+02 l_orth: 1.6835e+02 l_diff: 3.3854e+01 l_align: 1.2785e+02 l_total: 5.0500e+02 
2026-05-21 22:23:46,629 INFO: [scape..][epoch:  1, iter:     360, lr:(1.000e-03,)][eta: 10:13:23, time (data): 0.544 (0.032)]l_bij: 1.6580e+02 l_orth: 1.6101e+02 l_diff: 3.1126e+01 l_align: 1.2338e+02 l_total: 4.8131e+02 
2026-05-21 22:23:57,070 INFO: [scape..][epoch:  1, iter:     380, lr:(1.000e-03,)][eta: 10:16:30, time (data): 0.541 (0.032)]l_bij: 1.5838e+02 l_orth: 1.5302e+02 l_diff: 3.4521e+01 l_align: 1.2459e+02 l_total: 4.7051e+02 
2026-05-21 22:24:07,938 INFO: [scape..][epoch:  1, iter:     400, lr:(1.000e-03,)][eta: 10:20:40, time (data): 0.542 (0.032)]l_bij: 1.6902e+02 l_orth: 1.6135e+02 l_diff: 3.0754e+01 l_align: 1.2068e+02 l_total: 4.8180e+02 
2026-05-21 22:24:18,361 INFO: [scape..][epoch:  1, iter:     420, lr:(1.000e-03,)][eta: 10:23:03, time (data): 0.513 (0.033)]l_bij: 1.7255e+02 l_orth: 1.6268e+02 l_diff: 2.8217e+01 l_align: 1.2111e+02 l_total: 4.8456e+02 
2026-05-21 22:24:29,505 INFO: [scape..][epoch:  1, iter:     440, lr:(1.000e-03,)][eta: 10:27:19, time (data): 0.536 (0.032)]l_bij: 1.4813e+02 l_orth: 1.4585e+02 l_diff: 3.0646e+01 l_align: 1.1960e+02 l_total: 4.4423e+02 
2026-05-21 22:24:39,791 INFO: [scape..][epoch:  1, iter:     460, lr:(1.000e-03,)][eta: 10:28:48, time (data): 0.529 (0.032)]l_bij: 1.5514e+02 l_orth: 1.5004e+02 l_diff: 2.9140e+01 l_align: 1.2644e+02 l_total: 4.6077e+02 
2026-05-21 22:24:50,820 INFO: [scape..][epoch:  1, iter:     480, lr:(1.000e-03,)][eta: 10:32:08, time (data): 0.534 (0.033)]l_bij: 1.4975e+02 l_orth: 1.4606e+02 l_diff: 2.6035e+01 l_align: 1.2058e+02 l_total: 4.4243e+02 
2026-05-21 22:25:01,405 INFO: [scape..][epoch:  1, iter:     500, lr:(1.000e-03,)][eta: 10:34:02, time (data): 0.533 (0.034)]l_bij: 1.5574e+02 l_orth: 1.5445e+02 l_diff: 2.6924e+01 l_align: 1.2302e+02 l_total: 4.6013e+02 
2026-05-21 22:25:10,985 INFO: [scape..][epoch:  1, iter:     520, lr:(1.000e-03,)][eta: 10:33:18, time (data): 0.524 (0.034)]l_bij: 1.2252e+02 l_orth: 1.2348e+02 l_diff: 1.9510e+01 l_align: 1.0613e+02 l_total: 3.7164e+02 
2026-05-21 22:25:21,101 INFO: [scape..][epoch:  1, iter:     540, lr:(1.000e-03,)][eta: 10:33:52, time (data): 0.521 (0.034)]l_bij: 1.1563e+02 l_orth: 1.1653e+02 l_diff: 2.4292e+01 l_align: 1.0452e+02 l_total: 3.6098e+02 
2026-05-21 22:25:32,990 INFO: [scape..][epoch:  1, iter:     560, lr:(1.000e-03,)][eta: 10:38:29, time (data): 0.531 (0.034)]l_bij: 1.3016e+02 l_orth: 1.3110e+02 l_diff: 2.6310e+01 l_align: 1.0316e+02 l_total: 3.9073e+02 
2026-05-21 22:25:42,137 INFO: [scape..][epoch:  1, iter:     580, lr:(1.000e-03,)][eta: 10:36:40, time (data): 0.522 (0.034)]l_bij: 1.1366e+02 l_orth: 1.1336e+02 l_diff: 2.0828e+01 l_align: 9.7422e+01 l_total: 3.4527e+02 
2026-05-21 22:25:54,801 INFO: [scape..][epoch:  1, iter:     600, lr:(1.000e-03,)][eta: 10:42:31, time (data): 0.534 (0.034)]l_bij: 1.2185e+02 l_orth: 1.2372e+02 l_diff: 2.7698e+01 l_align: 1.0958e+02 l_total: 3.8285e+02 
2026-05-21 22:26:06,938 INFO: [scape..][epoch:  1, iter:     620, lr:(1.000e-03,)][eta: 10:46:53, time (data): 0.601 (0.032)]l_bij: 1.3255e+02 l_orth: 1.3206e+02 l_diff: 2.8581e+01 l_align: 1.0847e+02 l_total: 4.0166e+02 
2026-05-21 22:26:16,996 INFO: [scape..][epoch:  1, iter:     640, lr:(1.000e-03,)][eta: 10:46:46, time (data): 0.548 (0.034)]l_bij: 1.0395e+02 l_orth: 1.0864e+02 l_diff: 2.1115e+01 l_align: 1.0006e+02 l_total: 3.3376e+02 
2026-05-21 22:26:28,772 INFO: [scape..][epoch:  1, iter:     660, lr:(1.000e-03,)][eta: 10:50:01, time (data): 0.562 (0.034)]l_bij: 1.0372e+02 l_orth: 1.0784e+02 l_diff: 2.3200e+01 l_align: 1.0142e+02 l_total: 3.3617e+02 
2026-05-21 22:26:39,236 INFO: [scape..][epoch:  1, iter:     680, lr:(1.000e-03,)][eta: 10:50:34, time (data): 0.552 (0.034)]l_bij: 1.1612e+02 l_orth: 1.1871e+02 l_diff: 2.2320e+01 l_align: 9.6892e+01 l_total: 3.5405e+02 
2026-05-21 22:26:50,892 INFO: [scape..][epoch:  1, iter:     700, lr:(1.000e-03,)][eta: 10:53:16, time (data): 0.558 (0.033)]l_bij: 8.8382e+01 l_orth: 9.5358e+01 l_diff: 1.9843e+01 l_align: 9.1501e+01 l_total: 2.9508e+02 
2026-05-21 22:27:03,208 INFO: [scape..][epoch:  1, iter:     720, lr:(1.000e-03,)][eta: 10:57:00, time (data): 0.568 (0.033)]l_bij: 1.1858e+02 l_orth: 1.1941e+02 l_diff: 2.3670e+01 l_align: 1.0405e+02 l_total: 3.6571e+02 
2026-05-21 22:27:13,933 INFO: [scape..][epoch:  1, iter:     740, lr:(1.000e-03,)][eta: 10:57:44, time (data): 0.564 (0.033)]l_bij: 9.6652e+01 l_orth: 1.0212e+02 l_diff: 2.2433e+01 l_align: 9.4596e+01 l_total: 3.1580e+02 
2026-05-21 22:27:26,246 INFO: [scape..][epoch:  1, iter:     760, lr:(1.000e-03,)][eta: 11:01:08, time (data): 0.570 (0.033)]l_bij: 9.9661e+01 l_orth: 1.0843e+02 l_diff: 2.6695e+01 l_align: 9.5152e+01 l_total: 3.2994e+02 
2026-05-21 22:27:36,547 INFO: [scape..][epoch:  1, iter:     780, lr:(1.000e-03,)][eta: 11:01:00, time (data): 0.564 (0.034)]l_bij: 1.1269e+02 l_orth: 1.1286e+02 l_diff: 2.1310e+01 l_align: 9.2647e+01 l_total: 3.3951e+02 
2026-05-21 22:27:47,878 INFO: [scape..][epoch:  1, iter:     800, lr:(1.000e-03,)][eta: 11:02:33, time (data): 0.564 (0.034)]l_bij: 1.2136e+02 l_orth: 1.2341e+02 l_diff: 2.1298e+01 l_align: 1.0103e+02 l_total: 3.6711e+02 
2026-05-21 22:27:59,401 INFO: [scape..][epoch:  1, iter:     820, lr:(1.000e-03,)][eta: 11:04:18, time (data): 0.577 (0.032)]l_bij: 1.0156e+02 l_orth: 1.0852e+02 l_diff: 1.8295e+01 l_align: 9.6687e+01 l_total: 3.2506e+02 
2026-05-21 22:28:10,684 INFO: [scape..][epoch:  1, iter:     840, lr:(1.000e-03,)][eta: 11:05:36, time (data): 0.570 (0.032)]l_bij: 9.3950e+01 l_orth: 1.0077e+02 l_diff: 2.0515e+01 l_align: 9.0464e+01 l_total: 3.0570e+02 
2026-05-21 22:28:20,900 INFO: [scape..][epoch:  1, iter:     860, lr:(1.000e-03,)][eta: 11:05:13, time (data): 0.549 (0.033)]l_bij: 1.0918e+02 l_orth: 1.1108e+02 l_diff: 1.9242e+01 l_align: 9.2264e+01 l_total: 3.3176e+02 
2026-05-21 22:28:31,922 INFO: [scape..][epoch:  1, iter:     880, lr:(1.000e-03,)][eta: 11:06:02, time (data): 0.549 (0.033)]l_bij: 1.0749e+02 l_orth: 1.0989e+02 l_diff: 1.6982e+01 l_align: 9.3662e+01 l_total: 3.2802e+02 
2026-05-21 22:28:42,241 INFO: [scape..][epoch:  1, iter:     900, lr:(1.000e-03,)][eta: 11:05:49, time (data): 0.542 (0.033)]l_bij: 7.9086e+01 l_orth: 8.7480e+01 l_diff: 2.0830e+01 l_align: 8.1532e+01 l_total: 2.6893e+02 
2026-05-21 22:28:52,921 INFO: [scape..][epoch:  1, iter:     920, lr:(1.000e-03,)][eta: 11:06:05, time (data): 0.541 (0.033)]l_bij: 1.1777e+02 l_orth: 1.2059e+02 l_diff: 2.6456e+01 l_align: 9.7229e+01 l_total: 3.6204e+02 
2026-05-21 22:29:02,724 INFO: [scape..][epoch:  1, iter:     940, lr:(1.000e-03,)][eta: 11:05:09, time (data): 0.533 (0.033)]l_bij: 1.0358e+02 l_orth: 1.0626e+02 l_diff: 1.9860e+01 l_align: 8.9813e+01 l_total: 3.1952e+02 
2026-05-21 22:29:14,390 INFO: [scape..][epoch:  1, iter:     960, lr:(1.000e-03,)][eta: 11:06:43, time (data): 0.540 (0.033)]l_bij: 8.0987e+01 l_orth: 9.1001e+01 l_diff: 1.6707e+01 l_align: 9.0151e+01 l_total: 2.7885e+02 
2026-05-21 22:29:25,682 INFO: [scape..][epoch:  1, iter:     980, lr:(1.000e-03,)][eta: 11:07:45, time (data): 0.543 (0.033)]l_bij: 1.1432e+02 l_orth: 1.1805e+02 l_diff: 2.3762e+01 l_align: 1.0067e+02 l_total: 3.5680e+02 
2026-05-21 22:29:39,527 INFO: [scape..][epoch:  1, iter:   1,000, lr:(1.000e-03,)][eta: 11:11:59, time (data): 0.558 (0.033)]l_bij: 9.2686e+01 l_orth: 1.0040e+02 l_diff: 2.1423e+01 l_align: 8.7689e+01 l_total: 3.0220e+02 
2026-05-21 22:29:50,317 INFO: [scape..][epoch:  1, iter:   1,020, lr:(1.000e-03,)][eta: 11:12:13, time (data): 0.575 (0.031)]l_bij: 1.0250e+02 l_orth: 1.0651e+02 l_diff: 2.2534e+01 l_align: 9.1052e+01 l_total: 3.2260e+02 
2026-05-21 22:30:00,758 INFO: [scape..][epoch:  1, iter:   1,040, lr:(1.000e-03,)][eta: 11:12:00, time (data): 0.545 (0.033)]l_bij: 7.3341e+01 l_orth: 8.5663e+01 l_diff: 2.0220e+01 l_align: 8.7157e+01 l_total: 2.6638e+02 
2026-05-21 22:30:11,797 INFO: [scape..][epoch:  1, iter:   1,060, lr:(1.000e-03,)][eta: 11:12:31, time (data): 0.547 (0.034)]l_bij: 1.1230e+02 l_orth: 1.1431e+02 l_diff: 2.0452e+01 l_align: 9.5927e+01 l_total: 3.4299e+02 
2026-05-21 22:30:23,708 INFO: [scape..][epoch:  1, iter:   1,080, lr:(1.000e-03,)][eta: 11:14:02, time (data): 0.560 (0.032)]l_bij: 7.1813e+01 l_orth: 8.3724e+01 l_diff: 2.1845e+01 l_align: 8.1662e+01 l_total: 2.5904e+02 
2026-05-21 22:30:34,510 INFO: [scape..][epoch:  1, iter:   1,100, lr:(1.000e-03,)][eta: 11:14:11, time (data): 0.556 (0.033)]l_bij: 4.2105e+01 l_orth: 6.1415e+01 l_diff: 1.6291e+01 l_align: 7.6017e+01 l_total: 1.9583e+02 
2026-05-21 22:30:45,949 INFO: [scape..][epoch:  1, iter:   1,120, lr:(1.000e-03,)][eta: 11:15:04, time (data): 0.559 (0.033)]l_bij: 8.8864e+01 l_orth: 9.8409e+01 l_diff: 2.0852e+01 l_align: 9.1301e+01 l_total: 2.9943e+02 
2026-05-21 22:30:56,043 INFO: [scape..][epoch:  1, iter:   1,140, lr:(1.000e-03,)][eta: 11:14:24, time (data): 0.551 (0.033)]l_bij: 9.6099e+01 l_orth: 1.0255e+02 l_diff: 1.7463e+01 l_align: 9.1056e+01 l_total: 3.0717e+02 
2026-05-21 22:31:08,513 INFO: [scape..][epoch:  1, iter:   1,160, lr:(1.000e-03,)][eta: 11:16:22, time (data): 0.560 (0.033)]l_bij: 7.9721e+01 l_orth: 9.3434e+01 l_diff: 1.4585e+01 l_align: 8.3529e+01 l_total: 2.7127e+02 
2026-05-21 22:31:21,399 INFO: [scape..][epoch:  1, iter:   1,180, lr:(1.000e-03,)][eta: 11:18:43, time (data): 0.570 (0.033)]l_bij: 1.1710e+02 l_orth: 1.1777e+02 l_diff: 2.0315e+01 l_align: 9.2193e+01 l_total: 3.4738e+02 
2026-05-21 22:31:32,350 INFO: [scape..][epoch:  1, iter:   1,200, lr:(1.000e-03,)][eta: 11:18:55, time (data): 0.567 (0.033)]l_bij: 1.0393e+02 l_orth: 1.0773e+02 l_diff: 1.6868e+01 l_align: 9.2322e+01 l_total: 3.2086e+02 
2026-05-21 22:31:43,760 INFO: [scape..][epoch:  1, iter:   1,220, lr:(1.000e-03,)][eta: 11:19:35, time (data): 0.539 (0.034)]l_bij: 8.4774e+01 l_orth: 9.6505e+01 l_diff: 1.5977e+01 l_align: 8.8360e+01 l_total: 2.8562e+02 
2026-05-21 22:31:55,365 INFO: [scape..][epoch:  1, iter:   1,240, lr:(1.000e-03,)][eta: 11:20:26, time (data): 0.563 (0.035)]l_bij: 1.0039e+02 l_orth: 1.0599e+02 l_diff: 1.9048e+01 l_align: 8.8780e+01 l_total: 3.1421e+02 
2026-05-21 22:32:07,109 INFO: [scape..][epoch:  1, iter:   1,260, lr:(1.000e-03,)][eta: 11:21:23, time (data): 0.572 (0.033)]l_bij: 5.6109e+01 l_orth: 7.3938e+01 l_diff: 1.5157e+01 l_align: 8.0580e+01 l_total: 2.2578e+02 
2026-05-21 22:32:14,366 INFO: [scape..][epoch:  1, iter:   1,280, lr:(1.000e-03,)][eta: 11:17:49, time (data): 0.515 (0.033)]l_bij: 9.0593e+01 l_orth: 9.9920e+01 l_diff: 2.2399e+01 l_align: 8.4734e+01 l_total: 2.9765e+02 
2026-05-21 22:32:22,015 INFO: [scape..][epoch:  1, iter:   1,300, lr:(1.000e-03,)][eta: 11:14:44, time (data): 0.487 (0.033)]l_bij: 8.5943e+01 l_orth: 9.6338e+01 l_diff: 1.7738e+01 l_align: 8.4066e+01 l_total: 2.8409e+02 
2026-05-21 22:32:30,434 INFO: [scape..][epoch:  1, iter:   1,320, lr:(1.000e-03,)][eta: 11:12:30, time (data): 0.475 (0.033)]l_bij: 5.6038e+00 l_orth: 3.7939e+01 l_diff: 1.6938e+01 l_align: 8.3887e+01 l_total: 1.4437e+02 
2026-05-21 22:32:40,386 INFO: [scape..][epoch:  1, iter:   1,340, lr:(1.000e-03,)][eta: 11:11:47, time (data): 0.479 (0.033)]l_bij: 7.5755e+01 l_orth: 8.5406e+01 l_diff: 1.5457e+01 l_align: 7.3675e+01 l_total: 2.5029e+02 
2026-05-21 22:32:50,925 INFO: [scape..][epoch:  1, iter:   1,360, lr:(1.000e-03,)][eta: 11:11:38, time (data): 0.485 (0.033)]l_bij: 8.5912e+01 l_orth: 9.4822e+01 l_diff: 1.7827e+01 l_align: 8.3201e+01 l_total: 2.8176e+02 
2026-05-21 22:33:02,315 INFO: [scape..][epoch:  1, iter:   1,380, lr:(1.000e-03,)][eta: 11:12:16, time (data): 0.495 (0.033)]l_bij: 6.8322e+01 l_orth: 7.9687e+01 l_diff: 1.9404e+01 l_align: 7.5770e+01 l_total: 2.4318e+02 
2026-05-21 22:33:12,920 INFO: [scape..][epoch:  1, iter:   1,400, lr:(1.000e-03,)][eta: 11:12:10, time (data): 0.498 (0.033)]l_bij: 7.1065e+01 l_orth: 8.3381e+01 l_diff: 1.7856e+01 l_align: 7.3024e+01 l_total: 2.4533e+02 
2026-05-21 22:33:23,704 INFO: [scape..][epoch:  1, iter:   1,420, lr:(1.000e-03,)][eta: 11:12:13, time (data): 0.453 (0.035)]l_bij: 9.7475e+01 l_orth: 1.0348e+02 l_diff: 1.8366e+01 l_align: 8.2194e+01 l_total: 3.0152e+02 
2026-05-21 22:33:35,508 INFO: [scape..][epoch:  1, iter:   1,440, lr:(1.000e-03,)][eta: 11:13:10, time (data): 0.536 (0.034)]l_bij: 3.8204e+01 l_orth: 6.0887e+01 l_diff: 1.6665e+01 l_align: 7.8722e+01 l_total: 1.9448e+02 
2026-05-21 22:33:47,360 INFO: [scape..][epoch:  1, iter:   1,460, lr:(1.000e-03,)][eta: 11:14:08, time (data): 0.557 (0.035)]l_bij: 8.1606e+01 l_orth: 9.2790e+01 l_diff: 1.7529e+01 l_align: 8.5508e+01 l_total: 2.7743e+02 
2026-05-21 22:33:56,952 INFO: [scape..][epoch:  1, iter:   1,480, lr:(1.000e-03,)][eta: 11:13:07, time (data): 0.536 (0.035)]l_bij: 6.1296e+01 l_orth: 7.5781e+01 l_diff: 1.7651e+01 l_align: 7.5995e+01 l_total: 2.3072e+02 
2026-05-21 22:34:08,061 INFO: [scape..][epoch:  1, iter:   1,500, lr:(1.000e-03,)][eta: 11:13:25, time (data): 0.540 (0.034)]l_bij: 1.0601e+02 l_orth: 1.0978e+02 l_diff: 2.0477e+01 l_align: 9.0418e+01 l_total: 3.2669e+02 
2026-05-21 22:34:16,234 INFO: [scape..][epoch:  1, iter:   1,520, lr:(1.000e-03,)][eta: 11:11:14, time (data): 0.517 (0.034)]l_bij: 9.8751e+01 l_orth: 1.0472e+02 l_diff: 1.9861e+01 l_align: 8.9738e+01 l_total: 3.1307e+02 
2026-05-21 22:34:27,743 INFO: [scape..][epoch:  1, iter:   1,540, lr:(1.000e-03,)][eta: 11:11:53, time (data): 0.526 (0.034)]l_bij: 8.9155e+01 l_orth: 9.8726e+01 l_diff: 1.8569e+01 l_align: 8.2723e+01 l_total: 2.8917e+02 
2026-05-21 22:34:39,878 INFO: [scape..][epoch:  1, iter:   1,560, lr:(1.000e-03,)][eta: 11:13:00, time (data): 0.536 (0.034)]l_bij: 7.1568e+01 l_orth: 8.3176e+01 l_diff: 1.7464e+01 l_align: 7.2255e+01 l_total: 2.4446e+02 
2026-05-21 22:34:51,972 INFO: [scape..][epoch:  1, iter:   1,580, lr:(1.000e-03,)][eta: 11:14:04, time (data): 0.544 (0.034)]l_bij: 6.6266e+01 l_orth: 8.1242e+01 l_diff: 1.6342e+01 l_align: 7.2497e+01 l_total: 2.3635e+02 
2026-05-21 22:35:01,913 INFO: [scape..][epoch:  1, iter:   1,600, lr:(1.000e-03,)][eta: 11:13:23, time (data): 0.539 (0.034)]l_bij: 5.7848e+01 l_orth: 7.3150e+01 l_diff: 1.4314e+01 l_align: 7.2842e+01 l_total: 2.1815e+02 
2026-05-21 22:35:11,790 INFO: [scape..][epoch:  1, iter:   1,620, lr:(1.000e-03,)][eta: 11:12:39, time (data): 0.532 (0.034)]l_bij: 7.0499e+01 l_orth: 8.0873e+01 l_diff: 1.4745e+01 l_align: 7.1938e+01 l_total: 2.3806e+02 
2026-05-21 22:35:23,080 INFO: [scape..][epoch:  1, iter:   1,640, lr:(1.000e-03,)][eta: 11:13:02, time (data): 0.552 (0.033)]l_bij: 4.3348e+00 l_orth: 3.5275e+01 l_diff: 1.3782e+01 l_align: 7.5625e+01 l_total: 1.2902e+02 
2026-05-21 22:35:34,964 INFO: [scape..][epoch:  1, iter:   1,660, lr:(1.000e-03,)][eta: 11:13:52, time (data): 0.568 (0.033)]l_bij: 7.4572e+01 l_orth: 9.4558e+01 l_diff: 2.2287e+01 l_align: 8.5295e+01 l_total: 2.7671e+02 
2026-05-21 22:35:46,375 INFO: [scape..][epoch:  1, iter:   1,680, lr:(1.000e-03,)][eta: 11:14:19, time (data): 0.569 (0.033)]l_bij: 8.9492e+01 l_orth: 9.8523e+01 l_diff: 1.7679e+01 l_align: 8.4619e+01 l_total: 2.9031e+02 
2026-05-21 22:35:57,115 INFO: [scape..][epoch:  1, iter:   1,700, lr:(1.000e-03,)][eta: 11:14:15, time (data): 0.562 (0.033)]l_bij: 5.0227e+01 l_orth: 6.8834e+01 l_diff: 1.6483e+01 l_align: 7.2426e+01 l_total: 2.0797e+02 
2026-05-21 22:36:06,989 INFO: [scape..][epoch:  1, iter:   1,720, lr:(1.000e-03,)][eta: 11:13:32, time (data): 0.550 (0.034)]l_bij: 6.5869e+01 l_orth: 7.8405e+01 l_diff: 1.9862e+01 l_align: 7.2995e+01 l_total: 2.3713e+02 
2026-05-21 22:36:15,966 INFO: [scape..][epoch:  1, iter:   1,740, lr:(1.000e-03,)][eta: 11:12:10, time (data): 0.535 (0.034)]l_bij: 4.7344e+01 l_orth: 6.9825e+01 l_diff: 1.6322e+01 l_align: 7.3066e+01 l_total: 2.0656e+02 
2026-05-21 22:36:27,320 INFO: [scape..][epoch:  1, iter:   1,760, lr:(1.000e-03,)][eta: 11:12:34, time (data): 0.539 (0.034)]l_bij: 6.9104e+01 l_orth: 8.2626e+01 l_diff: 1.7153e+01 l_align: 7.7120e+01 l_total: 2.4600e+02 
2026-05-21 22:36:39,744 INFO: [scape..][epoch:  1, iter:   1,780, lr:(1.000e-03,)][eta: 11:13:42, time (data): 0.548 (0.034)]l_bij: 9.9136e+01 l_orth: 1.0495e+02 l_diff: 1.5772e+01 l_align: 8.5495e+01 l_total: 3.0535e+02 
2026-05-21 22:36:53,135 INFO: [scape..][epoch:  1, iter:   1,800, lr:(1.000e-03,)][eta: 11:15:29, time (data): 0.561 (0.034)]l_bij: 7.2369e+01 l_orth: 8.4605e+01 l_diff: 1.7128e+01 l_align: 7.5227e+01 l_total: 2.4933e+02 
2026-05-21 22:37:01,822 INFO: [scape..][epoch:  1, iter:   1,820, lr:(1.000e-03,)][eta: 11:13:57, time (data): 0.407 (0.033)]l_bij: 6.0056e+01 l_orth: 7.5851e+01 l_diff: 1.7620e+01 l_align: 7.2151e+01 l_total: 2.2568e+02 
2026-05-21 22:37:09,406 INFO: [scape..][epoch:  1, iter:   1,840, lr:(1.000e-03,)][eta: 11:11:41, time (data): 0.389 (0.032)]l_bij: 5.9245e+01 l_orth: 7.7293e+01 l_diff: 1.6872e+01 l_align: 7.4455e+01 l_total: 2.2787e+02 
2026-05-21 22:37:16,885 INFO: [scape..][epoch:  1, iter:   1,860, lr:(1.000e-03,)][eta: 11:09:24, time (data): 0.383 (0.032)]l_bij: 7.0361e+01 l_orth: 8.1494e+01 l_diff: 1.7174e+01 l_align: 7.3128e+01 l_total: 2.4216e+02 
2026-05-21 22:37:24,417 INFO: [scape..][epoch:  1, iter:   1,880, lr:(1.000e-03,)][eta: 11:07:11, time (data): 0.381 (0.032)]l_bij: 7.5448e+01 l_orth: 8.6922e+01 l_diff: 1.7316e+01 l_align: 7.7842e+01 l_total: 2.5753e+02 
2026-05-21 22:37:34,052 INFO: [scape..][epoch:  1, iter:   1,900, lr:(1.000e-03,)][eta: 11:06:26, time (data): 0.403 (0.033)]l_bij: 8.2764e+01 l_orth: 9.4933e+01 l_diff: 2.0115e+01 l_align: 8.2765e+01 l_total: 2.8058e+02 
2026-05-21 22:37:42,284 INFO: [scape..][epoch:  1, iter:   1,920, lr:(1.000e-03,)][eta: 11:04:45, time (data): 0.405 (0.033)]l_bij: 7.0304e+01 l_orth: 8.0717e+01 l_diff: 1.6859e+01 l_align: 7.4410e+01 l_total: 2.4229e+02 
2026-05-21 22:37:53,078 INFO: [scape..][epoch:  1, iter:   1,940, lr:(1.000e-03,)][eta: 11:04:47, time (data): 0.425 (0.033)]l_bij: 7.3035e+01 l_orth: 8.4031e+01 l_diff: 1.6885e+01 l_align: 7.1625e+01 l_total: 2.4558e+02 
2026-05-21 22:38:03,296 INFO: [scape..][epoch:  1, iter:   1,960, lr:(1.000e-03,)][eta: 11:04:26, time (data): 0.437 (0.033)]l_bij: 3.8785e+01 l_orth: 6.3012e+01 l_diff: 1.5894e+01 l_align: 7.2215e+01 l_total: 1.8991e+02 
2026-05-21 22:38:15,295 INFO: [scape..][epoch:  1, iter:   1,980, lr:(1.000e-03,)][eta: 11:05:14, time (data): 0.456 (0.033)]l_bij: 4.7654e+01 l_orth: 6.8580e+01 l_diff: 1.5680e+01 l_align: 7.1893e+01 l_total: 2.0381e+02 
2026-05-21 22:38:24,864 INFO: [scape..][epoch:  1, iter:   2,000, lr:(1.000e-03,)][eta: 11:04:28, time (data): 0.458 (0.033)]l_bij: 5.1138e+01 l_orth: 7.0598e+01 l_diff: 1.6053e+01 l_align: 7.3635e+01 l_total: 2.1142e+02 
2026-05-21 22:38:36,079 INFO: [scape..][epoch:  1, iter:   2,020, lr:(1.000e-03,)][eta: 11:04:45, time (data): 0.501 (0.032)]l_bij: 5.2416e+01 l_orth: 6.7921e+01 l_diff: 1.6120e+01 l_align: 6.9300e+01 l_total: 2.0576e+02 
2026-05-21 22:38:45,924 INFO: [scape..][epoch:  1, iter:   2,040, lr:(1.000e-03,)][eta: 11:04:10, time (data): 0.495 (0.034)]l_bij: 6.1241e+01 l_orth: 9.4945e+01 l_diff: 1.6997e+01 l_align: 8.0199e+01 l_total: 2.5338e+02 
2026-05-21 22:38:54,708 INFO: [scape..][epoch:  1, iter:   2,060, lr:(1.000e-03,)][eta: 11:02:57, time (data): 0.473 (0.034)]l_bij: 5.7098e+01 l_orth: 7.2566e+01 l_diff: 1.4316e+01 l_align: 6.9492e+01 l_total: 2.1347e+02 
2026-05-21 22:39:06,935 INFO: [scape..][epoch:  1, iter:   2,080, lr:(1.000e-03,)][eta: 11:03:50, time (data): 0.512 (0.034)]l_bij: 7.1642e+01 l_orth: 8.4946e+01 l_diff: 2.2603e+01 l_align: 7.7181e+01 l_total: 2.5637e+02 
2026-05-21 22:39:17,802 INFO: [scape..][epoch:  1, iter:   2,100, lr:(1.000e-03,)][eta: 11:03:54, time (data): 0.519 (0.034)]l_bij: 6.3560e+01 l_orth: 7.6035e+01 l_diff: 2.0016e+01 l_align: 7.1847e+01 l_total: 2.3146e+02 
2026-05-21 22:39:27,899 INFO: [scape..][epoch:  1, iter:   2,120, lr:(1.000e-03,)][eta: 11:03:29, time (data): 0.517 (0.034)]l_bij: 7.9713e+01 l_orth: 9.0525e+01 l_diff: 1.7217e+01 l_align: 7.9664e+01 l_total: 2.6712e+02 
2026-05-21 22:39:39,481 INFO: [scape..][epoch:  1, iter:   2,140, lr:(1.000e-03,)][eta: 11:03:57, time (data): 0.526 (0.034)]l_bij: 3.8289e+01 l_orth: 5.9028e+01 l_diff: 1.2215e+01 l_align: 6.5639e+01 l_total: 1.7517e+02 
2026-05-21 22:39:51,199 INFO: [scape..][epoch:  1, iter:   2,160, lr:(1.000e-03,)][eta: 11:04:30, time (data): 0.534 (0.034)]l_bij: 6.3056e+01 l_orth: 7.8022e+01 l_diff: 1.3235e+01 l_align: 7.4301e+01 l_total: 2.2861e+02 
2026-05-21 22:40:00,819 INFO: [scape..][epoch:  1, iter:   2,180, lr:(1.000e-03,)][eta: 11:03:48, time (data): 0.528 (0.034)]l_bij: 6.3665e+01 l_orth: 7.5691e+01 l_diff: 1.6012e+01 l_align: 6.9423e+01 l_total: 2.2479e+02 
2026-05-21 22:40:14,555 INFO: [scape..][epoch:  1, iter:   2,200, lr:(1.000e-03,)][eta: 11:05:29, time (data): 0.545 (0.034)]l_bij: 7.6561e+01 l_orth: 8.9572e+01 l_diff: 1.6663e+01 l_align: 8.0974e+01 l_total: 2.6377e+02 
2026-05-21 22:40:27,463 INFO: [scape..][epoch:  1, iter:   2,220, lr:(1.000e-03,)][eta: 11:06:40, time (data): 0.580 (0.034)]l_bij: 5.5396e+01 l_orth: 7.1194e+01 l_diff: 1.7336e+01 l_align: 6.7985e+01 l_total: 2.1191e+02 
2026-05-21 22:40:36,910 INFO: [scape..][epoch:  1, iter:   2,240, lr:(1.000e-03,)][eta: 11:05:52, time (data): 0.506 (0.033)]l_bij: 3.4481e+01 l_orth: 5.6148e+01 l_diff: 1.3061e+01 l_align: 6.5931e+01 l_total: 1.6962e+02 
2026-05-21 22:40:47,715 INFO: [scape..][epoch:  1, iter:   2,260, lr:(1.000e-03,)][eta: 11:05:50, time (data): 0.520 (0.033)]l_bij: 3.7617e+01 l_orth: 6.5878e+01 l_diff: 1.5170e+01 l_align: 7.7367e+01 l_total: 1.9603e+02 
2026-05-21 22:40:57,643 INFO: [scape..][epoch:  1, iter:   2,280, lr:(1.000e-03,)][eta: 11:05:19, time (data): 0.513 (0.034)]l_bij: 7.4359e+01 l_orth: 8.7518e+01 l_diff: 1.6061e+01 l_align: 7.9510e+01 l_total: 2.5745e+02 
2026-05-21 22:41:08,955 INFO: [scape..][epoch:  1, iter:   2,300, lr:(1.000e-03,)][eta: 11:05:34, time (data): 0.525 (0.034)]l_bij: 9.3738e+01 l_orth: 1.0105e+02 l_diff: 1.6432e+01 l_align: 8.4622e+01 l_total: 2.9584e+02 
2026-05-21 22:41:19,709 INFO: [scape..][epoch:  1, iter:   2,320, lr:(1.000e-03,)][eta: 11:05:30, time (data): 0.527 (0.034)]l_bij: 9.2369e+01 l_orth: 1.0111e+02 l_diff: 1.9870e+01 l_align: 8.8064e+01 l_total: 3.0142e+02 
2026-05-21 22:41:28,138 INFO: [scape..][epoch:  1, iter:   2,340, lr:(1.000e-03,)][eta: 11:04:11, time (data): 0.511 (0.034)]l_bij: 6.1818e+01 l_orth: 7.8867e+01 l_diff: 1.5811e+01 l_align: 7.5485e+01 l_total: 2.3198e+02 
2026-05-21 22:41:39,791 INFO: [scape..][epoch:  1, iter:   2,360, lr:(1.000e-03,)][eta: 11:04:36, time (data): 0.520 (0.034)]l_bij: 5.8548e+01 l_orth: 7.3187e+01 l_diff: 1.5934e+01 l_align: 6.7065e+01 l_total: 2.1473e+02 
2026-05-21 22:41:48,911 INFO: [scape..][epoch:  1, iter:   2,380, lr:(1.000e-03,)][eta: 11:03:41, time (data): 0.513 (0.034)]l_bij: 6.0298e+01 l_orth: 7.5489e+01 l_diff: 1.6268e+01 l_align: 7.3681e+01 l_total: 2.2574e+02 
2026-05-21 22:41:56,785 INFO: [scape..][epoch:  1, iter:   2,400, lr:(1.000e-03,)][eta: 11:02:07, time (data): 0.500 (0.034)]l_bij: 5.9936e+01 l_orth: 7.9212e+01 l_diff: 1.8619e+01 l_align: 7.1034e+01 l_total: 2.2880e+02 
2026-05-21 22:42:05,784 INFO: [scape..][epoch:  1, iter:   2,420, lr:(1.000e-03,)][eta: 11:01:09, time (data): 0.463 (0.033)]l_bij: 5.9407e+01 l_orth: 7.3000e+01 l_diff: 1.9375e+01 l_align: 6.5725e+01 l_total: 2.1751e+02 
2026-05-21 22:42:14,809 INFO: [scape..][epoch:  1, iter:   2,440, lr:(1.000e-03,)][eta: 11:00:13, time (data): 0.455 (0.034)]l_bij: 5.8198e+01 l_orth: 7.2024e+01 l_diff: 1.5928e+01 l_align: 6.6763e+01 l_total: 2.1291e+02 
2026-05-21 22:42:23,937 INFO: [scape..][epoch:  1, iter:   2,460, lr:(1.000e-03,)][eta: 10:59:21, time (data): 0.455 (0.033)]l_bij: 7.5980e+01 l_orth: 8.9359e+01 l_diff: 1.8184e+01 l_align: 7.5436e+01 l_total: 2.5896e+02 
2026-05-21 22:42:32,739 INFO: [scape..][epoch:  1, iter:   2,480, lr:(1.000e-03,)][eta: 10:58:20, time (data): 0.451 (0.033)]l_bij: 7.7212e+01 l_orth: 9.1259e+01 l_diff: 1.8708e+01 l_align: 7.7784e+01 l_total: 2.6496e+02 
2026-05-21 22:42:40,636 INFO: [scape..][epoch:  1, iter:   2,500, lr:(1.000e-03,)][eta: 10:56:52, time (data): 0.438 (0.033)]l_bij: 4.2317e+01 l_orth: 6.4009e+01 l_diff: 1.3268e+01 l_align: 6.5816e+01 l_total: 1.8541e+02 
2026-05-21 22:42:51,207 INFO: [scape..][epoch:  1, iter:   2,520, lr:(1.000e-03,)][eta: 10:56:46, time (data): 0.455 (0.033)]l_bij: 8.2058e+01 l_orth: 9.1794e+01 l_diff: 1.5321e+01 l_align: 7.6428e+01 l_total: 2.6560e+02 
2026-05-21 22:42:59,369 INFO: [scape..][epoch:  1, iter:   2,540, lr:(1.000e-03,)][eta: 10:55:27, time (data): 0.447 (0.033)]l_bij: 6.9259e+01 l_orth: 7.9270e+01 l_diff: 1.4748e+01 l_align: 6.6161e+01 l_total: 2.2944e+02 
2026-05-21 22:43:10,509 INFO: [scape..][epoch:  1, iter:   2,560, lr:(1.000e-03,)][eta: 10:55:38, time (data): 0.462 (0.033)]l_bij: 7.7323e+01 l_orth: 8.7995e+01 l_diff: 1.9957e+01 l_align: 7.4281e+01 l_total: 2.5956e+02 
2026-05-21 22:43:19,208 INFO: [scape..][epoch:  1, iter:   2,580, lr:(1.000e-03,)][eta: 10:54:37, time (data): 0.459 (0.033)]l_bij: 3.4594e+01 l_orth: 5.8108e+01 l_diff: 1.5828e+01 l_align: 6.5223e+01 l_total: 1.7375e+02 
2026-05-21 22:43:26,259 INFO: [scape..][epoch:  1, iter:   2,600, lr:(1.000e-03,)][eta: 10:52:50, time (data): 0.448 (0.033)]l_bij: 5.5979e+01 l_orth: 7.9975e+01 l_diff: 1.2838e+01 l_align: 6.8303e+01 l_total: 2.1710e+02 
2026-05-21 22:43:36,602 INFO: [scape..][epoch:  2, iter:   2,620, lr:(9.975e-04,)][eta: 10:52:38, time (data): 0.504 (0.039)]l_bij: 4.8397e+01 l_orth: 6.6682e+01 l_diff: 1.5855e+01 l_align: 6.5908e+01 l_total: 1.9684e+02 
2026-05-21 22:43:46,818 INFO: [scape..][epoch:  2, iter:   2,640, lr:(9.975e-04,)][eta: 10:52:23, time (data): 0.509 (0.031)]l_bij: 6.7673e+01 l_orth: 8.0884e+01 l_diff: 1.6394e+01 l_align: 7.0274e+01 l_total: 2.3522e+02 
2026-05-21 22:43:57,963 INFO: [scape..][epoch:  2, iter:   2,660, lr:(9.975e-04,)][eta: 10:52:34, time (data): 0.530 (0.031)]l_bij: 6.3129e+01 l_orth: 7.7317e+01 l_diff: 1.4021e+01 l_align: 6.7671e+01 l_total: 2.2214e+02 
2026-05-21 22:44:07,452 INFO: [scape..][epoch:  2, iter:   2,680, lr:(9.975e-04,)][eta: 10:51:58, time (data): 0.513 (0.032)]l_bij: 7.5776e+01 l_orth: 8.5345e+01 l_diff: 1.8860e+01 l_align: 7.1327e+01 l_total: 2.5131e+02 
2026-05-21 22:44:18,462 INFO: [scape..][epoch:  2, iter:   2,700, lr:(9.975e-04,)][eta: 10:52:05, time (data): 0.522 (0.032)]l_bij: 6.7668e+01 l_orth: 7.9840e+01 l_diff: 1.6587e+01 l_align: 6.7717e+01 l_total: 2.3181e+02 
2026-05-21 22:44:28,511 INFO: [scape..][epoch:  2, iter:   2,720, lr:(9.975e-04,)][eta: 10:51:45, time (data): 0.518 (0.033)]l_bij: 8.8290e+01 l_orth: 9.6654e+01 l_diff: 1.6875e+01 l_align: 8.1131e+01 l_total: 2.8295e+02 
2026-05-21 22:44:38,489 INFO: [scape..][epoch:  2, iter:   2,740, lr:(9.975e-04,)][eta: 10:51:24, time (data): 0.515 (0.033)]l_bij: 8.2614e+01 l_orth: 8.9735e+01 l_diff: 1.6397e+01 l_align: 7.5963e+01 l_total: 2.6471e+02 
2026-05-21 22:44:50,507 INFO: [scape..][epoch:  2, iter:   2,760, lr:(9.975e-04,)][eta: 10:51:58, time (data): 0.527 (0.033)]l_bij: 7.4152e+01 l_orth: 8.6033e+01 l_diff: 1.7411e+01 l_align: 7.5801e+01 l_total: 2.5340e+02 
2026-05-21 22:44:59,636 INFO: [scape..][epoch:  2, iter:   2,780, lr:(9.975e-04,)][eta: 10:51:13, time (data): 0.518 (0.033)]l_bij: 4.6819e+01 l_orth: 6.5749e+01 l_diff: 1.4802e+01 l_align: 6.3090e+01 l_total: 1.9046e+02 
2026-05-21 22:45:09,435 INFO: [scape..][epoch:  2, iter:   2,800, lr:(9.975e-04,)][eta: 10:50:47, time (data): 0.515 (0.033)]l_bij: 7.0933e+01 l_orth: 1.3010e+02 l_diff: 1.8121e+01 l_align: 8.0020e+01 l_total: 2.9917e+02 
2026-05-21 22:45:19,850 INFO: [scape..][epoch:  2, iter:   2,820, lr:(9.975e-04,)][eta: 10:50:38, time (data): 0.500 (0.034)]l_bij: 6.7829e+01 l_orth: 7.9914e+01 l_diff: 1.3727e+01 l_align: 6.8802e+01 l_total: 2.3027e+02 
2026-05-21 22:45:30,745 INFO: [scape..][epoch:  2, iter:   2,840, lr:(9.975e-04,)][eta: 10:50:41, time (data): 0.534 (0.035)]l_bij: 5.2479e+01 l_orth: 6.7945e+01 l_diff: 1.4018e+01 l_align: 6.1864e+01 l_total: 1.9631e+02 
2026-05-21 22:45:40,897 INFO: [scape..][epoch:  2, iter:   2,860, lr:(9.975e-04,)][eta: 10:50:25, time (data): 0.523 (0.034)]l_bij: 5.8791e+01 l_orth: 7.5328e+01 l_diff: 1.3262e+01 l_align: 7.0986e+01 l_total: 2.1837e+02 
2026-05-21 22:45:52,091 INFO: [scape..][epoch:  2, iter:   2,880, lr:(9.975e-04,)][eta: 10:50:35, time (data): 0.534 (0.035)]l_bij: 5.9426e+01 l_orth: 7.7100e+01 l_diff: 1.5630e+01 l_align: 6.8559e+01 l_total: 2.2072e+02 
2026-05-21 22:46:03,335 INFO: [scape..][epoch:  2, iter:   2,900, lr:(9.975e-04,)][eta: 10:50:47, time (data): 0.540 (0.035)]l_bij: 3.7300e+01 l_orth: 5.9071e+01 l_diff: 1.3506e+01 l_align: 6.3191e+01 l_total: 1.7307e+02 
2026-05-21 22:46:13,817 INFO: [scape..][epoch:  2, iter:   2,920, lr:(9.975e-04,)][eta: 10:50:39, time (data): 0.537 (0.035)]l_bij: 2.3661e+01 l_orth: 5.2969e+01 l_diff: 1.4808e+01 l_align: 6.6929e+01 l_total: 1.5837e+02 
2026-05-21 22:46:22,739 INFO: [scape..][epoch:  2, iter:   2,940, lr:(9.975e-04,)][eta: 10:49:51, time (data): 0.523 (0.035)]l_bij: 6.0917e+01 l_orth: 7.5699e+01 l_diff: 1.6951e+01 l_align: 6.9368e+01 l_total: 2.2293e+02 
2026-05-21 22:46:30,942 INFO: [scape..][epoch:  2, iter:   2,960, lr:(9.975e-04,)][eta: 10:48:45, time (data): 0.507 (0.035)]l_bij: 4.0294e+01 l_orth: 5.9379e+01 l_diff: 1.3408e+01 l_align: 6.1681e+01 l_total: 1.7476e+02 
2026-05-21 22:46:39,304 INFO: [scape..][epoch:  2, iter:   2,980, lr:(9.975e-04,)][eta: 10:47:44, time (data): 0.497 (0.035)]l_bij: 2.5303e+01 l_orth: 5.2231e+01 l_diff: 1.9857e+01 l_align: 6.2891e+01 l_total: 1.6028e+02 
2026-05-21 22:46:49,262 INFO: [scape..][epoch:  2, iter:   3,000, lr:(9.975e-04,)][eta: 10:47:24, time (data): 0.497 (0.035)]l_bij: 6.4289e+01 l_orth: 8.0162e+01 l_diff: 1.6978e+01 l_align: 7.2511e+01 l_total: 2.3394e+02 
2026-05-21 22:46:59,438 INFO: [scape..][epoch:  2, iter:   3,020, lr:(9.975e-04,)][eta: 10:47:09, time (data): 0.680 (0.034)]l_bij: 4.4268e+01 l_orth: 6.2397e+01 l_diff: 1.6212e+01 l_align: 6.5032e+01 l_total: 1.8791e+02 
2026-05-21 22:47:09,172 INFO: [scape..][epoch:  2, iter:   3,040, lr:(9.975e-04,)][eta: 10:46:44, time (data): 0.525 (0.035)]l_bij: 4.5553e+01 l_orth: 6.3562e+01 l_diff: 2.0130e+01 l_align: 6.2666e+01 l_total: 1.9191e+02 
2026-05-21 22:47:19,953 INFO: [scape..][epoch:  2, iter:   3,060, lr:(9.975e-04,)][eta: 10:46:44, time (data): 0.531 (0.035)]l_bij: 6.9438e+01 l_orth: 8.3463e+01 l_diff: 1.8008e+01 l_align: 7.4869e+01 l_total: 2.4578e+02 
2026-05-21 22:47:30,788 INFO: [scape..][epoch:  2, iter:   3,080, lr:(9.975e-04,)][eta: 10:46:45, time (data): 0.535 (0.035)]l_bij: 5.1068e+01 l_orth: 6.7556e+01 l_diff: 1.6662e+01 l_align: 6.2820e+01 l_total: 1.9811e+02 
2026-05-21 22:47:40,469 INFO: [scape..][epoch:  2, iter:   3,100, lr:(9.975e-04,)][eta: 10:46:18, time (data): 0.523 (0.036)]l_bij: 5.7895e+01 l_orth: 7.7256e+01 l_diff: 1.8087e+01 l_align: 6.8086e+01 l_total: 2.2132e+02 
2026-05-21 22:47:52,772 INFO: [scape..][epoch:  2, iter:   3,120, lr:(9.975e-04,)][eta: 10:46:55, time (data): 0.540 (0.035)]l_bij: 5.9470e+01 l_orth: 7.2913e+01 l_diff: 1.6577e+01 l_align: 6.5798e+01 l_total: 2.1476e+02 
2026-05-21 22:48:04,623 INFO: [scape..][epoch:  2, iter:   3,140, lr:(9.975e-04,)][eta: 10:47:20, time (data): 0.549 (0.035)]l_bij: 7.0569e+01 l_orth: 8.3429e+01 l_diff: 1.4122e+01 l_align: 6.9673e+01 l_total: 2.3779e+02 
2026-05-21 22:48:15,475 INFO: [scape..][epoch:  2, iter:   3,160, lr:(9.975e-04,)][eta: 10:47:21, time (data): 0.548 (0.035)]l_bij: 5.1675e+01 l_orth: 6.8809e+01 l_diff: 1.7518e+01 l_align: 6.6105e+01 l_total: 2.0411e+02 
2026-05-21 22:48:26,824 INFO: [scape..][epoch:  2, iter:   3,180, lr:(9.975e-04,)][eta: 10:47:34, time (data): 0.550 (0.035)]l_bij: 4.6696e+01 l_orth: 6.6061e+01 l_diff: 1.6682e+01 l_align: 6.5280e+01 l_total: 1.9472e+02 
2026-05-21 22:48:38,209 INFO: [scape..][epoch:  2, iter:   3,200, lr:(9.975e-04,)][eta: 10:47:47, time (data): 0.552 (0.035)]l_bij: 4.9808e+01 l_orth: 6.7164e+01 l_diff: 1.4977e+01 l_align: 6.2003e+01 l_total: 1.9395e+02 
2026-05-21 22:48:49,684 INFO: [scape..][epoch:  2, iter:   3,220, lr:(9.975e-04,)][eta: 10:48:02, time (data): 0.514 (0.032)]l_bij: 4.0568e+01 l_orth: 6.0320e+01 l_diff: 1.8307e+01 l_align: 6.1133e+01 l_total: 1.8033e+02 
2026-05-21 22:49:01,171 INFO: [scape..][epoch:  2, iter:   3,240, lr:(9.975e-04,)][eta: 10:48:16, time (data): 0.564 (0.033)]l_bij: 2.2667e+00 l_orth: 3.5907e+01 l_diff: 1.4003e+01 l_align: 6.3586e+01 l_total: 1.1576e+02 
2026-05-21 22:49:11,868 INFO: [scape..][epoch:  2, iter:   3,260, lr:(9.975e-04,)][eta: 10:48:13, time (data): 0.551 (0.034)]l_bij: 7.4628e+01 l_orth: 8.9958e+01 l_diff: 1.9431e+01 l_align: 8.3398e+01 l_total: 2.6741e+02 
2026-05-21 22:49:24,644 INFO: [scape..][epoch:  2, iter:   3,280, lr:(9.975e-04,)][eta: 10:48:56, time (data): 0.578 (0.034)]l_bij: 5.7775e+01 l_orth: 7.2165e+01 l_diff: 1.6226e+01 l_align: 6.2910e+01 l_total: 2.0908e+02 
2026-05-21 22:49:35,681 INFO: [scape..][epoch:  2, iter:   3,300, lr:(9.975e-04,)][eta: 10:49:00, time (data): 0.572 (0.034)]l_bij: 5.7191e+01 l_orth: 7.3318e+01 l_diff: 1.5312e+01 l_align: 6.5173e+01 l_total: 2.1099e+02 
2026-05-21 22:49:46,810 INFO: [scape..][epoch:  2, iter:   3,320, lr:(9.975e-04,)][eta: 10:49:05, time (data): 0.569 (0.034)]l_bij: 4.6759e+01 l_orth: 6.5943e+01 l_diff: 1.8898e+01 l_align: 6.5004e+01 l_total: 1.9660e+02 
2026-05-21 22:49:57,812 INFO: [scape..][epoch:  2, iter:   3,340, lr:(9.975e-04,)][eta: 10:49:08, time (data): 0.566 (0.034)]l_bij: 4.5310e+01 l_orth: 6.5869e+01 l_diff: 1.5698e+01 l_align: 6.5553e+01 l_total: 1.9243e+02 
2026-05-21 22:50:10,859 INFO: [scape..][epoch:  2, iter:   3,360, lr:(9.975e-04,)][eta: 10:49:56, time (data): 0.578 (0.034)]l_bij: 4.2950e+01 l_orth: 6.0999e+01 l_diff: 1.7068e+01 l_align: 6.2408e+01 l_total: 1.8342e+02 
2026-05-21 22:50:23,222 INFO: [scape..][epoch:  2, iter:   3,380, lr:(9.975e-04,)][eta: 10:50:27, time (data): 0.583 (0.034)]l_bij: 7.5117e+01 l_orth: 8.6546e+01 l_diff: 1.9529e+01 l_align: 7.4909e+01 l_total: 2.5610e+02 
2026-05-21 22:50:36,952 INFO: [scape..][epoch:  2, iter:   3,400, lr:(9.975e-04,)][eta: 10:51:29, time (data): 0.594 (0.034)]l_bij: 5.0477e+01 l_orth: 6.6417e+01 l_diff: 1.6194e+01 l_align: 6.2613e+01 l_total: 1.9570e+02 
2026-05-21 22:50:48,093 INFO: [scape..][epoch:  2, iter:   3,420, lr:(9.975e-04,)][eta: 10:51:33, time (data): 0.804 (0.031)]l_bij: 4.7656e+01 l_orth: 7.2323e+01 l_diff: 1.3956e+01 l_align: 6.4974e+01 l_total: 1.9891e+02 
2026-05-21 22:50:59,650 INFO: [scape..][epoch:  2, iter:   3,440, lr:(9.975e-04,)][eta: 10:51:46, time (data): 0.607 (0.032)]l_bij: 5.2786e+01 l_orth: 6.8889e+01 l_diff: 1.3348e+01 l_align: 6.3756e+01 l_total: 1.9878e+02 
2026-05-21 22:51:11,340 INFO: [scape..][epoch:  2, iter:   3,460, lr:(9.975e-04,)][eta: 10:52:01, time (data): 0.597 (0.033)]l_bij: 4.0059e+01 l_orth: 6.5205e+01 l_diff: 1.6103e+01 l_align: 6.4820e+01 l_total: 1.8619e+02 
2026-05-21 22:51:22,536 INFO: [scape..][epoch:  2, iter:   3,480, lr:(9.975e-04,)][eta: 10:52:06, time (data): 0.585 (0.033)]l_bij: 5.8538e+01 l_orth: 7.5436e+01 l_diff: 2.1253e+01 l_align: 6.8130e+01 l_total: 2.2336e+02 
2026-05-21 22:51:35,183 INFO: [scape..][epoch:  2, iter:   3,500, lr:(9.975e-04,)][eta: 10:52:41, time (data): 0.596 (0.033)]l_bij: 5.0514e+01 l_orth: 6.7215e+01 l_diff: 1.7580e+01 l_align: 6.1846e+01 l_total: 1.9716e+02 
2026-05-21 22:51:46,915 INFO: [scape..][epoch:  2, iter:   3,520, lr:(9.975e-04,)][eta: 10:52:56, time (data): 0.594 (0.034)]l_bij: 5.9426e+01 l_orth: 7.4688e+01 l_diff: 1.3431e+01 l_align: 6.7769e+01 l_total: 2.1531e+02 
2026-05-21 22:51:58,852 INFO: [scape..][epoch:  2, iter:   3,540, lr:(9.975e-04,)][eta: 10:53:16, time (data): 0.595 (0.034)]l_bij: 5.6713e+01 l_orth: 7.3003e+01 l_diff: 1.5883e+01 l_align: 6.4020e+01 l_total: 2.0962e+02 
2026-05-21 22:52:11,086 INFO: [scape..][epoch:  2, iter:   3,560, lr:(9.975e-04,)][eta: 10:53:41, time (data): 0.597 (0.034)]l_bij: 6.6081e+01 l_orth: 7.8947e+01 l_diff: 1.4996e+01 l_align: 6.8238e+01 l_total: 2.2826e+02 
2026-05-21 22:52:21,455 INFO: [scape..][epoch:  2, iter:   3,580, lr:(9.975e-04,)][eta: 10:53:27, time (data): 0.588 (0.034)]l_bij: 4.0373e+01 l_orth: 6.1153e+01 l_diff: 1.5137e+01 l_align: 6.1748e+01 l_total: 1.7841e+02 
2026-05-21 22:52:32,772 INFO: [scape..][epoch:  2, iter:   3,600, lr:(9.975e-04,)][eta: 10:53:33, time (data): 0.585 (0.034)]l_bij: 6.4302e+01 l_orth: 8.2379e+01 l_diff: 1.5371e+01 l_align: 6.4131e+01 l_total: 2.2618e+02 
2026-05-21 22:52:40,529 INFO: [scape..][epoch:  2, iter:   3,620, lr:(9.975e-04,)][eta: 10:52:25, time (data): 0.410 (0.040)]l_bij: 6.1854e+01 l_orth: 7.7264e+01 l_diff: 1.6554e+01 l_align: 7.0388e+01 l_total: 2.2606e+02 
2026-05-21 22:52:50,176 INFO: [scape..][epoch:  2, iter:   3,640, lr:(9.975e-04,)][eta: 10:51:57, time (data): 0.476 (0.036)]l_bij: 4.5737e+01 l_orth: 6.2359e+01 l_diff: 1.2633e+01 l_align: 5.7668e+01 l_total: 1.7840e+02 
2026-05-21 22:53:00,621 INFO: [scape..][epoch:  2, iter:   3,660, lr:(9.975e-04,)][eta: 10:51:45, time (data): 0.498 (0.035)]l_bij: 2.7671e+01 l_orth: 5.1489e+01 l_diff: 1.3023e+01 l_align: 5.7571e+01 l_total: 1.4975e+02 
2026-05-21 22:53:11,850 INFO: [scape..][epoch:  2, iter:   3,680, lr:(9.975e-04,)][eta: 10:51:49, time (data): 0.518 (0.034)]l_bij: 7.5385e+01 l_orth: 9.1792e+01 l_diff: 1.9699e+01 l_align: 7.3985e+01 l_total: 2.6086e+02 
2026-05-21 22:53:22,071 INFO: [scape..][epoch:  2, iter:   3,700, lr:(9.975e-04,)][eta: 10:51:32, time (data): 0.517 (0.034)]l_bij: 3.9097e+01 l_orth: 6.0698e+01 l_diff: 1.4305e+01 l_align: 6.0940e+01 l_total: 1.7504e+02 
2026-05-21 22:53:32,456 INFO: [scape..][epoch:  2, iter:   3,720, lr:(9.975e-04,)][eta: 10:51:19, time (data): 0.517 (0.035)]l_bij: 7.3090e+01 l_orth: 8.2484e+01 l_diff: 1.9801e+01 l_align: 7.2320e+01 l_total: 2.4769e+02 
2026-05-21 22:53:42,787 INFO: [scape..][epoch:  2, iter:   3,740, lr:(9.975e-04,)][eta: 10:51:05, time (data): 0.517 (0.034)]l_bij: 2.9208e+00 l_orth: 3.6267e+01 l_diff: 1.6715e+01 l_align: 5.9668e+01 l_total: 1.1557e+02 
2026-05-21 22:53:51,708 INFO: [scape..][epoch:  2, iter:   3,760, lr:(9.975e-04,)][eta: 10:50:23, time (data): 0.507 (0.034)]l_bij: 6.4612e+01 l_orth: 7.7645e+01 l_diff: 1.4517e+01 l_align: 7.0313e+01 l_total: 2.2709e+02 
2026-05-21 22:54:00,681 INFO: [scape..][epoch:  2, iter:   3,780, lr:(9.975e-04,)][eta: 10:49:42, time (data): 0.500 (0.034)]l_bij: 5.5540e+01 l_orth: 7.2662e+01 l_diff: 1.4228e+01 l_align: 6.5102e+01 l_total: 2.0753e+02 
2026-05-21 22:54:10,193 INFO: [scape..][epoch:  2, iter:   3,800, lr:(9.975e-04,)][eta: 10:49:12, time (data): 0.497 (0.034)]l_bij: 4.8722e+01 l_orth: 6.7990e+01 l_diff: 2.0177e+01 l_align: 6.2542e+01 l_total: 1.9943e+02 
2026-05-21 22:54:19,580 INFO: [scape..][epoch:  2, iter:   3,820, lr:(9.975e-04,)][eta: 10:48:40, time (data): 0.509 (0.033)]l_bij: 4.4116e+01 l_orth: 6.6163e+01 l_diff: 1.8279e+01 l_align: 6.3219e+01 l_total: 1.9178e+02 
2026-05-21 22:54:31,369 INFO: [scape..][epoch:  2, iter:   3,840, lr:(9.975e-04,)][eta: 10:48:55, time (data): 0.586 (0.036)]l_bij: 3.7586e+01 l_orth: 5.8333e+01 l_diff: 1.5596e+01 l_align: 5.5162e+01 l_total: 1.6668e+02 
2026-05-21 22:54:41,888 INFO: [scape..][epoch:  2, iter:   3,860, lr:(9.975e-04,)][eta: 10:48:45, time (data): 0.556 (0.036)]l_bij: 6.4702e+01 l_orth: 7.7808e+01 l_diff: 2.0653e+01 l_align: 6.6448e+01 l_total: 2.2961e+02 
2026-05-21 22:54:51,119 INFO: [scape..][epoch:  2, iter:   3,880, lr:(9.975e-04,)][eta: 10:48:10, time (data): 0.525 (0.035)]l_bij: 1.9666e+00 l_orth: 3.4621e+01 l_diff: 1.4233e+01 l_align: 5.9886e+01 l_total: 1.1071e+02 
2026-05-21 22:55:02,747 INFO: [scape..][epoch:  2, iter:   3,900, lr:(9.975e-04,)][eta: 10:48:21, time (data): 0.539 (0.034)]l_bij: 2.5134e+00 l_orth: 3.6247e+01 l_diff: 1.4707e+01 l_align: 6.1854e+01 l_total: 1.1532e+02 
2026-05-21 22:55:13,214 INFO: [scape..][epoch:  2, iter:   3,920, lr:(9.975e-04,)][eta: 10:48:10, time (data): 0.536 (0.034)]l_bij: 3.7925e+01 l_orth: 6.3370e+01 l_diff: 1.5245e+01 l_align: 6.3986e+01 l_total: 1.8053e+02 
2026-05-21 22:55:24,331 INFO: [scape..][epoch:  2, iter:   3,940, lr:(9.975e-04,)][eta: 10:48:11, time (data): 0.539 (0.034)]l_bij: 5.0560e+01 l_orth: 6.7063e+01 l_diff: 1.4490e+01 l_align: 6.1406e+01 l_total: 1.9352e+02 
2026-05-21 22:55:35,961 INFO: [scape..][epoch:  2, iter:   3,960, lr:(9.975e-04,)][eta: 10:48:22, time (data): 0.545 (0.034)]l_bij: 5.3914e+01 l_orth: 7.0391e+01 l_diff: 1.8515e+01 l_align: 5.8883e+01 l_total: 2.0170e+02 
2026-05-21 22:55:46,274 INFO: [scape..][epoch:  2, iter:   3,980, lr:(9.975e-04,)][eta: 10:48:08, time (data): 0.542 (0.034)]l_bij: 8.8084e+01 l_orth: 9.7056e+01 l_diff: 2.1981e+01 l_align: 8.0270e+01 l_total: 2.8739e+02 
2026-05-21 22:55:56,013 INFO: [scape..][epoch:  2, iter:   4,000, lr:(9.975e-04,)][eta: 10:47:43, time (data): 0.536 (0.034)]l_bij: 3.7302e+01 l_orth: 5.9100e+01 l_diff: 1.3866e+01 l_align: 6.0591e+01 l_total: 1.7086e+02 
2026-05-21 22:55:56,013 INFO: Saving models and training states.
2026-05-21 22:55:56,031 INFO: Start validation.
2026-05-21 23:00:36,194 INFO: Avg time: 0.5297
2026-05-21 23:00:36,441 INFO: Val auc: 0.7986
2026-05-21 23:00:36,445 INFO: Val avg error: 0.0202
2026-05-21 23:00:36,618 INFO: Best model is updated, average geodesic error: 0.0202
2026-05-21 23:00:47,843 INFO: [scape..][epoch:  2, iter:   4,020, lr:(9.975e-04,)][eta: 12:13:51, time (data): 0.538 (0.034)]l_bij: 4.5489e+01 l_orth: 6.7147e+01 l_diff: 1.8767e+01 l_align: 6.5307e+01 l_total: 1.9671e+02 
2026-05-21 23:00:59,446 INFO: [scape..][epoch:  2, iter:   4,040, lr:(9.975e-04,)][eta: 12:13:34, time (data): 0.580 (0.036)]l_bij: 2.9234e+00 l_orth: 3.7864e+01 l_diff: 1.2563e+01 l_align: 6.2120e+01 l_total: 1.1547e+02 
2026-05-21 23:01:11,259 INFO: [scape..][epoch:  2, iter:   4,060, lr:(9.975e-04,)][eta: 12:13:20, time (data): 0.585 (0.035)]l_bij: 6.1527e+01 l_orth: 7.4907e+01 l_diff: 1.6873e+01 l_align: 6.7552e+01 l_total: 2.2086e+02 
2026-05-21 23:01:24,003 INFO: [scape..][epoch:  2, iter:   4,080, lr:(9.975e-04,)][eta: 12:13:24, time (data): 0.603 (0.035)]l_bij: 2.3538e+01 l_orth: 5.2936e+01 l_diff: 1.5124e+01 l_align: 6.0815e+01 l_total: 1.5241e+02 
2026-05-21 23:01:34,848 INFO: [scape..][epoch:  2, iter:   4,100, lr:(9.975e-04,)][eta: 12:12:53, time (data): 0.587 (0.034)]l_bij: 3.1230e+01 l_orth: 5.2741e+01 l_diff: 1.0562e+01 l_align: 5.7383e+01 l_total: 1.5192e+02 
2026-05-21 23:01:46,288 INFO: [scape..][epoch:  2, iter:   4,120, lr:(9.975e-04,)][eta: 12:12:32, time (data): 0.584 (0.034)]l_bij: 5.1315e+01 l_orth: 6.7435e+01 l_diff: 1.7880e+01 l_align: 6.1979e+01 l_total: 1.9861e+02 
2026-05-21 23:01:58,101 INFO: [scape..][epoch:  2, iter:   4,140, lr:(9.975e-04,)][eta: 12:12:19, time (data): 0.585 (0.034)]l_bij: 5.2833e+01 l_orth: 8.0638e+01 l_diff: 1.3874e+01 l_align: 6.7417e+01 l_total: 2.1476e+02 
2026-05-21 23:02:10,424 INFO: [scape..][epoch:  2, iter:   4,160, lr:(9.975e-04,)][eta: 12:12:15, time (data): 0.590 (0.034)]l_bij: 4.5947e+01 l_orth: 6.3339e+01 l_diff: 1.6767e+01 l_align: 6.1076e+01 l_total: 1.8713e+02 
2026-05-21 23:02:23,965 INFO: [scape..][epoch:  2, iter:   4,180, lr:(9.975e-04,)][eta: 12:12:32, time (data): 0.601 (0.034)]l_bij: 3.5080e+01 l_orth: 5.5240e+01 l_diff: 1.4374e+01 l_align: 5.5854e+01 l_total: 1.6055e+02 
2026-05-21 23:02:34,242 INFO: [scape..][epoch:  2, iter:   4,200, lr:(9.975e-04,)][eta: 12:11:52, time (data): 0.591 (0.034)]l_bij: 4.9808e+01 l_orth: 6.8472e+01 l_diff: 1.1749e+01 l_align: 6.3501e+01 l_total: 1.9353e+02 
2026-05-21 23:02:43,690 INFO: [scape..][epoch:  2, iter:   4,220, lr:(9.975e-04,)][eta: 12:10:57, time (data): 0.579 (0.034)]l_bij: 5.8274e+01 l_orth: 7.5848e+01 l_diff: 1.4913e+01 l_align: 6.6136e+01 l_total: 2.1517e+02 
2026-05-21 23:02:55,295 INFO: [scape..][epoch:  2, iter:   4,240, lr:(9.975e-04,)][eta: 12:10:40, time (data): 0.559 (0.035)]l_bij: 3.1903e+01 l_orth: 6.0132e+01 l_diff: 1.3802e+01 l_align: 6.4399e+01 l_total: 1.7023e+02 
2026-05-21 23:03:07,087 INFO: [scape..][epoch:  2, iter:   4,260, lr:(9.975e-04,)][eta: 12:10:27, time (data): 0.574 (0.034)]l_bij: 3.8955e+01 l_orth: 5.9346e+01 l_diff: 1.4744e+01 l_align: 6.0830e+01 l_total: 1.7387e+02 
2026-05-21 23:03:16,376 INFO: [scape..][epoch:  2, iter:   4,280, lr:(9.975e-04,)][eta: 12:09:30, time (data): 0.537 (0.034)]l_bij: 5.4810e+01 l_orth: 7.2861e+01 l_diff: 1.6057e+01 l_align: 6.5115e+01 l_total: 2.0884e+02 
2026-05-21 23:03:26,955 INFO: [scape..][epoch:  2, iter:   4,300, lr:(9.975e-04,)][eta: 12:08:56, time (data): 0.535 (0.034)]l_bij: 5.4182e+01 l_orth: 6.9187e+01 l_diff: 1.6625e+01 l_align: 6.2396e+01 l_total: 2.0239e+02 
2026-05-21 23:03:38,334 INFO: [scape..][epoch:  2, iter:   4,320, lr:(9.975e-04,)][eta: 12:08:36, time (data): 0.542 (0.035)]l_bij: 2.5788e+00 l_orth: 3.5247e+01 l_diff: 1.3402e+01 l_align: 6.0011e+01 l_total: 1.1124e+02 
2026-05-21 23:03:50,347 INFO: [scape..][epoch:  2, iter:   4,340, lr:(9.975e-04,)][eta: 12:08:27, time (data): 0.552 (0.035)]l_bij: 2.5488e+01 l_orth: 5.0035e+01 l_diff: 1.8002e+01 l_align: 5.6474e+01 l_total: 1.5000e+02 
2026-05-21 23:04:01,508 INFO: [scape..][epoch:  2, iter:   4,360, lr:(9.975e-04,)][eta: 12:08:03, time (data): 0.553 (0.035)]l_bij: 4.9909e+01 l_orth: 6.6931e+01 l_diff: 1.7245e+01 l_align: 5.5974e+01 l_total: 1.9006e+02 
2026-05-21 23:04:11,820 INFO: [scape..][epoch:  2, iter:   4,380, lr:(9.975e-04,)][eta: 12:07:25, time (data): 0.548 (0.035)]l_bij: 6.5276e+01 l_orth: 7.8001e+01 l_diff: 1.6943e+01 l_align: 6.4156e+01 l_total: 2.2438e+02 
2026-05-21 23:04:22,583 INFO: [scape..][epoch:  2, iter:   4,400, lr:(9.975e-04,)][eta: 12:06:55, time (data): 0.547 (0.035)]l_bij: 4.3733e+01 l_orth: 6.6463e+01 l_diff: 1.3327e+01 l_align: 6.4102e+01 l_total: 1.8762e+02 
2026-05-21 23:04:35,107 INFO: [scape..][epoch:  2, iter:   4,420, lr:(9.975e-04,)][eta: 12:06:54, time (data): 0.555 (0.035)]l_bij: 3.1547e+01 l_orth: 5.7841e+01 l_diff: 1.4762e+01 l_align: 6.2417e+01 l_total: 1.6657e+02 
2026-05-21 23:04:45,660 INFO: [scape..][epoch:  2, iter:   4,440, lr:(9.975e-04,)][eta: 12:06:21, time (data): 0.562 (0.035)]l_bij: 6.7468e+01 l_orth: 8.1071e+01 l_diff: 1.6761e+01 l_align: 6.9451e+01 l_total: 2.3475e+02 
2026-05-21 23:04:59,002 INFO: [scape..][epoch:  2, iter:   4,460, lr:(9.975e-04,)][eta: 12:06:34, time (data): 0.617 (0.034)]l_bij: 5.3615e+01 l_orth: 6.8241e+01 l_diff: 1.7713e+01 l_align: 6.4097e+01 l_total: 2.0367e+02 
2026-05-21 23:05:10,422 INFO: [scape..][epoch:  2, iter:   4,480, lr:(9.975e-04,)][eta: 12:06:15, time (data): 0.601 (0.034)]l_bij: 4.7809e+01 l_orth: 6.4431e+01 l_diff: 1.6647e+01 l_align: 5.8316e+01 l_total: 1.8720e+02 
2026-05-21 23:05:23,753 INFO: [scape..][epoch:  2, iter:   4,500, lr:(9.975e-04,)][eta: 12:06:27, time (data): 0.618 (0.034)]l_bij: 8.6097e+01 l_orth: 9.6086e+01 l_diff: 1.6898e+01 l_align: 7.6807e+01 l_total: 2.7589e+02 
2026-05-21 23:05:35,589 INFO: [scape..][epoch:  2, iter:   4,520, lr:(9.975e-04,)][eta: 12:06:15, time (data): 0.613 (0.035)]l_bij: 4.9070e+01 l_orth: 6.9184e+01 l_diff: 1.5401e+01 l_align: 6.2177e+01 l_total: 1.9583e+02 
2026-05-21 23:05:48,465 INFO: [scape..][epoch:  2, iter:   4,540, lr:(9.975e-04,)][eta: 12:06:20, time (data): 0.618 (0.034)]l_bij: 6.6233e+01 l_orth: 8.0632e+01 l_diff: 1.7858e+01 l_align: 6.3304e+01 l_total: 2.2803e+02 
2026-05-21 23:05:59,888 INFO: [scape..][epoch:  2, iter:   4,560, lr:(9.975e-04,)][eta: 12:06:01, time (data): 0.611 (0.035)]l_bij: 5.2034e+01 l_orth: 6.7928e+01 l_diff: 1.3996e+01 l_align: 6.1541e+01 l_total: 1.9550e+02 
2026-05-21 23:06:10,171 INFO: [scape..][epoch:  2, iter:   4,580, lr:(9.975e-04,)][eta: 12:05:24, time (data): 0.599 (0.035)]l_bij: 5.1194e+01 l_orth: 7.0224e+01 l_diff: 1.7741e+01 l_align: 5.9108e+01 l_total: 1.9827e+02 
2026-05-21 23:06:21,186 INFO: [scape..][epoch:  2, iter:   4,600, lr:(9.975e-04,)][eta: 12:04:59, time (data): 0.593 (0.035)]l_bij: 3.1501e+01 l_orth: 5.3187e+01 l_diff: 1.3633e+01 l_align: 5.7072e+01 l_total: 1.5539e+02 
2026-05-21 23:06:34,356 INFO: [scape..][epoch:  2, iter:   4,620, lr:(9.975e-04,)][eta: 12:05:08, time (data): 0.600 (0.035)]l_bij: 2.6214e+01 l_orth: 4.9191e+01 l_diff: 1.4613e+01 l_align: 5.7915e+01 l_total: 1.4793e+02 
2026-05-21 23:06:45,091 INFO: [scape..][epoch:  2, iter:   4,640, lr:(9.975e-04,)][eta: 12:04:38, time (data): 0.547 (0.032)]l_bij: 4.9516e+01 l_orth: 6.6255e+01 l_diff: 1.5634e+01 l_align: 6.0065e+01 l_total: 1.9147e+02 
2026-05-21 23:06:55,803 INFO: [scape..][epoch:  2, iter:   4,660, lr:(9.975e-04,)][eta: 12:04:08, time (data): 0.541 (0.033)]l_bij: 4.9753e+01 l_orth: 7.0880e+01 l_diff: 1.4486e+01 l_align: 6.2961e+01 l_total: 1.9808e+02 
2026-05-21 23:07:03,887 INFO: [scape..][epoch:  2, iter:   4,680, lr:(9.975e-04,)][eta: 12:02:58, time (data): 0.493 (0.034)]l_bij: 3.0906e+01 l_orth: 5.2824e+01 l_diff: 1.2998e+01 l_align: 5.6538e+01 l_total: 1.5327e+02 
2026-05-21 23:07:16,315 INFO: [scape..][epoch:  2, iter:   4,700, lr:(9.975e-04,)][eta: 12:02:55, time (data): 0.526 (0.035)]l_bij: 3.8986e+01 l_orth: 5.9443e+01 l_diff: 1.4973e+01 l_align: 6.0935e+01 l_total: 1.7434e+02 
2026-05-21 23:07:26,492 INFO: [scape..][epoch:  2, iter:   4,720, lr:(9.975e-04,)][eta: 12:02:18, time (data): 0.523 (0.035)]l_bij: 4.7031e+01 l_orth: 6.6499e+01 l_diff: 1.5206e+01 l_align: 6.2560e+01 l_total: 1.9130e+02 
2026-05-21 23:07:36,916 INFO: [scape..][epoch:  2, iter:   4,740, lr:(9.975e-04,)][eta: 12:01:44, time (data): 0.522 (0.035)]l_bij: 5.3635e+01 l_orth: 6.8079e+01 l_diff: 1.5490e+01 l_align: 6.2545e+01 l_total: 1.9975e+02 
2026-05-21 23:07:47,880 INFO: [scape..][epoch:  2, iter:   4,760, lr:(9.975e-04,)][eta: 12:01:19, time (data): 0.526 (0.035)]l_bij: 7.5851e+01 l_orth: 8.9486e+01 l_diff: 1.7038e+01 l_align: 7.0336e+01 l_total: 2.5271e+02 
2026-05-21 23:07:58,266 INFO: [scape..][epoch:  2, iter:   4,780, lr:(9.975e-04,)][eta: 12:00:46, time (data): 0.525 (0.035)]l_bij: 3.1020e+01 l_orth: 5.8513e+01 l_diff: 1.3281e+01 l_align: 6.1408e+01 l_total: 1.6422e+02 
2026-05-21 23:08:06,827 INFO: [scape..][epoch:  2, iter:   4,800, lr:(9.975e-04,)][eta: 11:59:44, time (data): 0.514 (0.035)]l_bij: 4.6901e+01 l_orth: 6.4062e+01 l_diff: 1.6040e+01 l_align: 5.7690e+01 l_total: 1.8469e+02 
2026-05-21 23:08:17,328 INFO: [scape..][epoch:  2, iter:   4,820, lr:(9.975e-04,)][eta: 11:59:13, time (data): 0.515 (0.035)]l_bij: 4.4028e+01 l_orth: 6.2956e+01 l_diff: 1.3533e+01 l_align: 5.8613e+01 l_total: 1.7913e+02 
2026-05-21 23:08:27,760 INFO: [scape..][epoch:  2, iter:   4,840, lr:(9.975e-04,)][eta: 11:58:41, time (data): 0.546 (0.036)]l_bij: 6.9003e+01 l_orth: 8.5181e+01 l_diff: 1.7128e+01 l_align: 6.9841e+01 l_total: 2.4115e+02 
2026-05-21 23:08:37,560 INFO: [scape..][epoch:  2, iter:   4,860, lr:(9.975e-04,)][eta: 11:57:59, time (data): 0.515 (0.037)]l_bij: 6.3631e+01 l_orth: 7.5989e+01 l_diff: 1.1529e+01 l_align: 6.3131e+01 l_total: 2.1428e+02 
2026-05-21 23:08:47,196 INFO: [scape..][epoch:  2, iter:   4,880, lr:(9.975e-04,)][eta: 11:57:15, time (data): 0.503 (0.037)]l_bij: 4.4410e+01 l_orth: 6.2276e+01 l_diff: 1.5683e+01 l_align: 5.8583e+01 l_total: 1.8095e+02 
2026-05-21 23:08:58,239 INFO: [scape..][epoch:  2, iter:   4,900, lr:(9.975e-04,)][eta: 11:56:53, time (data): 0.516 (0.036)]l_bij: 4.4695e+01 l_orth: 6.2526e+01 l_diff: 1.4122e+01 l_align: 5.9624e+01 l_total: 1.8097e+02 
2026-05-21 23:09:09,131 INFO: [scape..][epoch:  2, iter:   4,920, lr:(9.975e-04,)][eta: 11:56:28, time (data): 0.522 (0.036)]l_bij: 5.8759e+01 l_orth: 7.5789e+01 l_diff: 1.6160e+01 l_align: 6.6677e+01 l_total: 2.1739e+02 
2026-05-21 23:09:19,223 INFO: [scape..][epoch:  2, iter:   4,940, lr:(9.975e-04,)][eta: 11:55:51, time (data): 0.519 (0.035)]l_bij: 2.8952e+01 l_orth: 5.3345e+01 l_diff: 1.3009e+01 l_align: 5.6711e+01 l_total: 1.5202e+02 
2026-05-21 23:09:29,098 INFO: [scape..][epoch:  2, iter:   4,960, lr:(9.975e-04,)][eta: 11:55:12, time (data): 0.515 (0.035)]l_bij: 5.6217e+01 l_orth: 7.0906e+01 l_diff: 1.5342e+01 l_align: 6.2916e+01 l_total: 2.0538e+02 
2026-05-21 23:09:39,336 INFO: [scape..][epoch:  2, iter:   4,980, lr:(9.975e-04,)][eta: 11:54:38, time (data): 0.515 (0.035)]l_bij: 5.2793e+01 l_orth: 6.7786e+01 l_diff: 1.6930e+01 l_align: 6.1522e+01 l_total: 1.9903e+02 
2026-05-21 23:09:50,976 INFO: [scape..][epoch:  2, iter:   5,000, lr:(9.975e-04,)][eta: 11:54:25, time (data): 0.522 (0.035)]l_bij: 4.9278e+01 l_orth: 6.8667e+01 l_diff: 1.7475e+01 l_align: 6.3855e+01 l_total: 1.9928e+02 
2026-05-21 23:10:03,630 INFO: [scape..][epoch:  2, iter:   5,020, lr:(9.975e-04,)][eta: 11:54:26, time (data): 0.534 (0.035)]l_bij: 4.3781e+01 l_orth: 6.0266e+01 l_diff: 1.5817e+01 l_align: 5.7804e+01 l_total: 1.7767e+02 
2026-05-21 23:10:14,853 INFO: [scape..][epoch:  2, iter:   5,040, lr:(9.975e-04,)][eta: 11:54:07, time (data): 0.541 (0.034)]l_bij: 5.5893e+01 l_orth: 7.1503e+01 l_diff: 1.4877e+01 l_align: 6.2537e+01 l_total: 2.0481e+02 
2026-05-21 23:10:24,405 INFO: [scape..][epoch:  2, iter:   5,060, lr:(9.975e-04,)][eta: 11:53:24, time (data): 0.505 (0.034)]l_bij: 6.3593e+01 l_orth: 7.8569e+01 l_diff: 1.7170e+01 l_align: 6.8807e+01 l_total: 2.2814e+02 
2026-05-21 23:10:35,730 INFO: [scape..][epoch:  2, iter:   5,080, lr:(9.975e-04,)][eta: 11:53:06, time (data): 0.527 (0.035)]l_bij: 4.5362e+01 l_orth: 6.4461e+01 l_diff: 1.5347e+01 l_align: 6.0209e+01 l_total: 1.8538e+02 
2026-05-21 23:10:46,821 INFO: [scape..][epoch:  2, iter:   5,100, lr:(9.975e-04,)][eta: 11:52:45, time (data): 0.534 (0.036)]l_bij: 2.8934e+01 l_orth: 5.1332e+01 l_diff: 1.1228e+01 l_align: 5.6875e+01 l_total: 1.4837e+02 
2026-05-21 23:10:56,585 INFO: [scape..][epoch:  2, iter:   5,120, lr:(9.975e-04,)][eta: 11:52:06, time (data): 0.525 (0.036)]l_bij: 5.7757e+01 l_orth: 7.1660e+01 l_diff: 1.5373e+01 l_align: 5.9839e+01 l_total: 2.0463e+02 
2026-05-21 23:11:06,081 INFO: [scape..][epoch:  2, iter:   5,140, lr:(9.975e-04,)][eta: 11:51:23, time (data): 0.516 (0.036)]l_bij: 4.6138e+01 l_orth: 6.3339e+01 l_diff: 1.3023e+01 l_align: 5.4453e+01 l_total: 1.7695e+02 
2026-05-21 23:11:16,138 INFO: [scape..][epoch:  2, iter:   5,160, lr:(9.975e-04,)][eta: 11:50:47, time (data): 0.514 (0.036)]l_bij: 4.8665e+01 l_orth: 6.7651e+01 l_diff: 1.5630e+01 l_align: 6.0751e+01 l_total: 1.9270e+02 
2026-05-21 23:11:26,233 INFO: [scape..][epoch:  2, iter:   5,180, lr:(9.975e-04,)][eta: 11:50:13, time (data): 0.513 (0.036)]l_bij: 5.5818e+01 l_orth: 7.0923e+01 l_diff: 1.6308e+01 l_align: 6.2642e+01 l_total: 2.0569e+02 
2026-05-21 23:11:38,070 INFO: [scape..][epoch:  2, iter:   5,200, lr:(9.975e-04,)][eta: 11:50:03, time (data): 0.522 (0.035)]l_bij: 5.3704e+01 l_orth: 6.9890e+01 l_diff: 1.8022e+01 l_align: 6.4565e+01 l_total: 2.0618e+02 
2026-05-21 23:11:49,857 INFO: [scape..][epoch:  3, iter:   5,220, lr:(9.902e-04,)][eta: 11:49:53, time (data): 0.529 (0.040)]l_bij: 4.0637e+01 l_orth: 6.2076e+01 l_diff: 1.6938e+01 l_align: 6.0173e+01 l_total: 1.7982e+02 
2026-05-21 23:12:00,859 INFO: [scape..][epoch:  3, iter:   5,240, lr:(9.902e-04,)][eta: 11:49:31, time (data): 0.562 (0.034)]l_bij: 3.5951e+01 l_orth: 5.6894e+01 l_diff: 1.7652e+01 l_align: 5.7194e+01 l_total: 1.6769e+02 
2026-05-21 23:12:13,690 INFO: [scape..][epoch:  3, iter:   5,260, lr:(9.902e-04,)][eta: 11:49:35, time (data): 0.609 (0.034)]l_bij: 3.9762e+01 l_orth: 6.2011e+01 l_diff: 1.6522e+01 l_align: 5.9279e+01 l_total: 1.7757e+02 
2026-05-21 23:12:23,847 INFO: [scape..][epoch:  3, iter:   5,280, lr:(9.902e-04,)][eta: 11:49:02, time (data): 0.571 (0.034)]l_bij: 2.9483e+01 l_orth: 5.4331e+01 l_diff: 1.4445e+01 l_align: 5.7243e+01 l_total: 1.5550e+02 
2026-05-21 23:12:34,854 INFO: [scape..][epoch:  3, iter:   5,300, lr:(9.902e-04,)][eta: 11:48:41, time (data): 0.566 (0.035)]l_bij: 4.7621e+01 l_orth: 6.2463e+01 l_diff: 1.3498e+01 l_align: 5.3622e+01 l_total: 1.7720e+02 
2026-05-21 23:12:46,824 INFO: [scape..][epoch:  3, iter:   5,320, lr:(9.902e-04,)][eta: 11:48:33, time (data): 0.573 (0.034)]l_bij: 2.9776e+01 l_orth: 5.2420e+01 l_diff: 1.7651e+01 l_align: 5.4710e+01 l_total: 1.5456e+02 
2026-05-21 23:12:57,238 INFO: [scape..][epoch:  3, iter:   5,340, lr:(9.902e-04,)][eta: 11:48:04, time (data): 0.564 (0.035)]l_bij: 4.7405e+01 l_orth: 6.7944e+01 l_diff: 1.4056e+01 l_align: 5.6532e+01 l_total: 1.8594e+02 
2026-05-21 23:13:09,761 INFO: [scape..][epoch:  3, iter:   5,360, lr:(9.902e-04,)][eta: 11:48:04, time (data): 0.573 (0.034)]l_bij: 4.9486e+01 l_orth: 7.3542e+01 l_diff: 1.5528e+01 l_align: 5.9678e+01 l_total: 1.9823e+02 
2026-05-21 23:13:20,861 INFO: [scape..][epoch:  3, iter:   5,380, lr:(9.902e-04,)][eta: 11:47:44, time (data): 0.571 (0.034)]l_bij: 5.8145e+01 l_orth: 7.3280e+01 l_diff: 1.7316e+01 l_align: 6.2110e+01 l_total: 2.1085e+02 
2026-05-21 23:13:33,141 INFO: [scape..][epoch:  3, iter:   5,400, lr:(9.902e-04,)][eta: 11:47:40, time (data): 0.576 (0.034)]l_bij: 3.4235e+01 l_orth: 5.4442e+01 l_diff: 1.4113e+01 l_align: 5.4734e+01 l_total: 1.5752e+02 
2026-05-21 23:13:45,933 INFO: [scape..][epoch:  3, iter:   5,420, lr:(9.902e-04,)][eta: 11:47:43, time (data): 0.582 (0.034)]l_bij: 6.2751e+01 l_orth: 7.5644e+01 l_diff: 1.8648e+01 l_align: 6.2361e+01 l_total: 2.1940e+02 
2026-05-21 23:13:57,574 INFO: [scape..][epoch:  3, iter:   5,440, lr:(9.902e-04,)][eta: 11:47:31, time (data): 0.658 (0.036)]l_bij: 2.5298e+01 l_orth: 4.9019e+01 l_diff: 1.1645e+01 l_align: 5.3630e+01 l_total: 1.3959e+02 
2026-05-21 23:14:10,513 INFO: [scape..][epoch:  3, iter:   5,460, lr:(9.902e-04,)][eta: 11:47:36, time (data): 0.651 (0.034)]l_bij: 5.1960e+01 l_orth: 6.6577e+01 l_diff: 1.7399e+01 l_align: 5.9048e+01 l_total: 1.9498e+02 
2026-05-21 23:14:20,251 INFO: [scape..][epoch:  3, iter:   5,480, lr:(9.902e-04,)][eta: 11:46:58, time (data): 0.589 (0.034)]l_bij: 3.9880e+01 l_orth: 5.9368e+01 l_diff: 1.7168e+01 l_align: 5.8342e+01 l_total: 1.7476e+02 
2026-05-21 23:14:31,114 INFO: [scape..][epoch:  3, iter:   5,500, lr:(9.902e-04,)][eta: 11:46:36, time (data): 0.577 (0.034)]l_bij: 4.3967e+01 l_orth: 6.4626e+01 l_diff: 1.5126e+01 l_align: 5.9451e+01 l_total: 1.8317e+02 
2026-05-21 23:14:42,646 INFO: [scape..][epoch:  3, iter:   5,520, lr:(9.902e-04,)][eta: 11:46:22, time (data): 0.577 (0.034)]l_bij: 4.6624e+01 l_orth: 6.5163e+01 l_diff: 1.5443e+01 l_align: 6.0146e+01 l_total: 1.8738e+02 
2026-05-21 23:14:54,085 INFO: [scape..][epoch:  3, iter:   5,540, lr:(9.902e-04,)][eta: 11:46:07, time (data): 0.576 (0.034)]l_bij: 6.0285e+01 l_orth: 7.5749e+01 l_diff: 1.4791e+01 l_align: 6.4324e+01 l_total: 2.1515e+02 
2026-05-21 23:15:04,671 INFO: [scape..][epoch:  3, iter:   5,560, lr:(9.902e-04,)][eta: 11:45:41, time (data): 0.569 (0.034)]l_bij: 4.4421e+00 l_orth: 4.2249e+01 l_diff: 1.5600e+01 l_align: 6.0912e+01 l_total: 1.2320e+02 
2026-05-21 23:15:15,163 INFO: [scape..][epoch:  3, iter:   5,580, lr:(9.902e-04,)][eta: 11:45:13, time (data): 0.563 (0.034)]l_bij: 5.4334e+01 l_orth: 7.2879e+01 l_diff: 1.8152e+01 l_align: 6.2827e+01 l_total: 2.0819e+02 
2026-05-21 23:15:24,146 INFO: [scape..][epoch:  3, iter:   5,600, lr:(9.902e-04,)][eta: 11:44:27, time (data): 0.550 (0.034)]l_bij: 5.2209e+01 l_orth: 7.0113e+01 l_diff: 1.2979e+01 l_align: 6.1937e+01 l_total: 1.9724e+02 
2026-05-21 23:15:36,109 INFO: [scape..][epoch:  3, iter:   5,620, lr:(9.902e-04,)][eta: 11:44:19, time (data): 0.555 (0.034)]l_bij: 3.0844e+01 l_orth: 6.2681e+01 l_diff: 1.4118e+01 l_align: 6.0662e+01 l_total: 1.6830e+02 
2026-05-21 23:15:48,466 INFO: [scape..][epoch:  3, iter:   5,640, lr:(9.902e-04,)][eta: 11:44:16, time (data): 0.556 (0.033)]l_bij: 4.8119e+01 l_orth: 6.4049e+01 l_diff: 1.6225e+01 l_align: 5.9319e+01 l_total: 1.8771e+02 
2026-05-21 23:16:00,828 INFO: [scape..][epoch:  3, iter:   5,660, lr:(9.902e-04,)][eta: 11:44:13, time (data): 0.595 (0.035)]l_bij: 5.0575e+01 l_orth: 6.9890e+01 l_diff: 1.4486e+01 l_align: 6.1938e+01 l_total: 1.9689e+02 
2026-05-21 23:16:13,485 INFO: [scape..][epoch:  3, iter:   5,680, lr:(9.902e-04,)][eta: 11:44:14, time (data): 0.609 (0.035)]l_bij: 6.2739e+01 l_orth: 7.4309e+01 l_diff: 1.4053e+01 l_align: 6.1511e+01 l_total: 2.1261e+02 
2026-05-21 23:16:24,890 INFO: [scape..][epoch:  3, iter:   5,700, lr:(9.902e-04,)][eta: 11:43:59, time (data): 0.599 (0.036)]l_bij: 4.2552e+01 l_orth: 6.8389e+01 l_diff: 1.9145e+01 l_align: 6.2785e+01 l_total: 1.9287e+02 
2026-05-21 23:16:35,013 INFO: [scape..][epoch:  3, iter:   5,720, lr:(9.902e-04,)][eta: 11:43:27, time (data): 0.578 (0.035)]l_bij: 4.5573e+01 l_orth: 6.4780e+01 l_diff: 1.3961e+01 l_align: 5.8775e+01 l_total: 1.8309e+02 
2026-05-21 23:16:46,393 INFO: [scape..][epoch:  3, iter:   5,740, lr:(9.902e-04,)][eta: 11:43:12, time (data): 0.577 (0.035)]l_bij: 6.7237e+01 l_orth: 8.4322e+01 l_diff: 1.6554e+01 l_align: 7.1907e+01 l_total: 2.4002e+02 
2026-05-21 23:16:58,714 INFO: [scape..][epoch:  3, iter:   5,760, lr:(9.902e-04,)][eta: 11:43:09, time (data): 0.583 (0.034)]l_bij: 4.2570e+01 l_orth: 7.0795e+01 l_diff: 1.2075e+01 l_align: 6.2647e+01 l_total: 1.8809e+02 
2026-05-21 23:17:09,913 INFO: [scape..][epoch:  3, iter:   5,780, lr:(9.902e-04,)][eta: 11:42:51, time (data): 0.580 (0.034)]l_bij: 4.9877e+01 l_orth: 6.6959e+01 l_diff: 1.4263e+01 l_align: 5.9706e+01 l_total: 1.9081e+02 
2026-05-21 23:17:22,500 INFO: [scape..][epoch:  3, iter:   5,800, lr:(9.902e-04,)][eta: 11:42:51, time (data): 0.585 (0.034)]l_bij: 4.1008e+01 l_orth: 6.1342e+01 l_diff: 1.8103e+01 l_align: 6.0901e+01 l_total: 1.8135e+02 
2026-05-21 23:17:34,761 INFO: [scape..][epoch:  3, iter:   5,820, lr:(9.902e-04,)][eta: 11:42:46, time (data): 0.588 (0.035)]l_bij: 4.0752e+01 l_orth: 6.5356e+01 l_diff: 1.5753e+01 l_align: 6.1913e+01 l_total: 1.8377e+02 
2026-05-21 23:17:44,869 INFO: [scape..][epoch:  3, iter:   5,840, lr:(9.902e-04,)][eta: 11:42:15, time (data): 0.570 (0.037)]l_bij: 5.3121e+01 l_orth: 7.0101e+01 l_diff: 1.5939e+01 l_align: 6.3546e+01 l_total: 2.0271e+02 
2026-05-21 23:17:56,764 INFO: [scape..][epoch:  3, iter:   5,860, lr:(9.902e-04,)][eta: 11:42:06, time (data): 0.586 (0.036)]l_bij: 4.4981e+01 l_orth: 6.2211e+01 l_diff: 1.4988e+01 l_align: 5.7532e+01 l_total: 1.7971e+02 
2026-05-21 23:18:08,054 INFO: [scape..][epoch:  3, iter:   5,880, lr:(9.902e-04,)][eta: 11:41:50, time (data): 0.577 (0.036)]l_bij: 3.6972e+01 l_orth: 5.6083e+01 l_diff: 1.6139e+01 l_align: 5.5450e+01 l_total: 1.6464e+02 
2026-05-21 23:18:19,643 INFO: [scape..][epoch:  3, iter:   5,900, lr:(9.902e-04,)][eta: 11:41:37, time (data): 0.578 (0.036)]l_bij: 6.5225e+01 l_orth: 7.7660e+01 l_diff: 1.6536e+01 l_align: 6.4273e+01 l_total: 2.2369e+02 
2026-05-21 23:18:30,570 INFO: [scape..][epoch:  3, iter:   5,920, lr:(9.902e-04,)][eta: 11:41:16, time (data): 0.571 (0.035)]l_bij: 4.0243e+01 l_orth: 6.4016e+01 l_diff: 1.4721e+01 l_align: 5.8432e+01 l_total: 1.7741e+02 
2026-05-21 23:18:43,015 INFO: [scape..][epoch:  3, iter:   5,940, lr:(9.902e-04,)][eta: 11:41:14, time (data): 0.580 (0.035)]l_bij: 4.7606e+01 l_orth: 6.5943e+01 l_diff: 1.6768e+01 l_align: 5.8939e+01 l_total: 1.8926e+02 
2026-05-21 23:18:54,568 INFO: [scape..][epoch:  3, iter:   5,960, lr:(9.902e-04,)][eta: 11:41:01, time (data): 0.580 (0.035)]l_bij: 5.0186e+01 l_orth: 6.8539e+01 l_diff: 1.9015e+01 l_align: 6.0228e+01 l_total: 1.9797e+02 
2026-05-21 23:19:05,598 INFO: [scape..][epoch:  3, iter:   5,980, lr:(9.902e-04,)][eta: 11:40:41, time (data): 0.576 (0.036)]l_bij: 3.1995e+01 l_orth: 5.4019e+01 l_diff: 1.4453e+01 l_align: 5.4770e+01 l_total: 1.5524e+02 
2026-05-21 23:19:16,746 INFO: [scape..][epoch:  3, iter:   6,000, lr:(9.902e-04,)][eta: 11:40:24, time (data): 0.574 (0.035)]l_bij: 4.0195e+01 l_orth: 5.7631e+01 l_diff: 1.2576e+01 l_align: 5.5436e+01 l_total: 1.6584e+02 
2026-05-21 23:19:29,803 INFO: [scape..][epoch:  3, iter:   6,020, lr:(9.902e-04,)][eta: 11:40:28, time (data): 0.582 (0.035)]l_bij: 5.0120e+01 l_orth: 7.0140e+01 l_diff: 1.8735e+01 l_align: 6.2502e+01 l_total: 2.0150e+02 
2026-05-21 23:19:41,570 INFO: [scape..][epoch:  3, iter:   6,040, lr:(9.902e-04,)][eta: 11:40:18, time (data): 0.529 (0.035)]l_bij: 3.2198e+01 l_orth: 5.3960e+01 l_diff: 1.4716e+01 l_align: 5.4066e+01 l_total: 1.5494e+02 
2026-05-21 23:19:52,192 INFO: [scape..][epoch:  3, iter:   6,060, lr:(9.902e-04,)][eta: 11:39:54, time (data): 0.530 (0.035)]l_bij: 4.3715e+01 l_orth: 6.1159e+01 l_diff: 1.8259e+01 l_align: 5.6948e+01 l_total: 1.8008e+02 
2026-05-21 23:20:05,564 INFO: [scape..][epoch:  3, iter:   6,080, lr:(9.902e-04,)][eta: 11:40:02, time (data): 0.586 (0.035)]l_bij: 2.5624e+00 l_orth: 3.5703e+01 l_diff: 1.1804e+01 l_align: 5.6698e+01 l_total: 1.0677e+02 
2026-05-21 23:20:15,177 INFO: [scape..][epoch:  3, iter:   6,100, lr:(9.902e-04,)][eta: 11:39:26, time (data): 0.556 (0.034)]l_bij: 4.9818e+01 l_orth: 6.7545e+01 l_diff: 1.5821e+01 l_align: 5.9772e+01 l_total: 1.9295e+02 
2026-05-21 23:20:25,081 INFO: [scape..][epoch:  3, iter:   6,120, lr:(9.902e-04,)][eta: 11:38:54, time (data): 0.542 (0.034)]l_bij: 5.1286e+01 l_orth: 6.8590e+01 l_diff: 1.5504e+01 l_align: 5.9420e+01 l_total: 1.9480e+02 
2026-05-21 23:20:35,715 INFO: [scape..][epoch:  3, iter:   6,140, lr:(9.902e-04,)][eta: 11:38:30, time (data): 0.540 (0.034)]l_bij: 6.4007e+01 l_orth: 7.7457e+01 l_diff: 1.4946e+01 l_align: 6.0039e+01 l_total: 2.1645e+02 
2026-05-21 23:20:48,344 INFO: [scape..][epoch:  3, iter:   6,160, lr:(9.902e-04,)][eta: 11:38:30, time (data): 0.554 (0.034)]l_bij: 3.2980e+01 l_orth: 5.5055e+01 l_diff: 1.4831e+01 l_align: 5.4984e+01 l_total: 1.5785e+02 
2026-05-21 23:20:59,319 INFO: [scape..][epoch:  3, iter:   6,180, lr:(9.902e-04,)][eta: 11:38:10, time (data): 0.554 (0.034)]l_bij: 6.6850e+01 l_orth: 8.0627e+01 l_diff: 2.0848e+01 l_align: 6.4637e+01 l_total: 2.3296e+02 
2026-05-21 23:21:11,641 INFO: [scape..][epoch:  3, iter:   6,200, lr:(9.902e-04,)][eta: 11:38:06, time (data): 0.561 (0.034)]l_bij: 3.7519e+01 l_orth: 5.6118e+01 l_diff: 1.4132e+01 l_align: 5.4162e+01 l_total: 1.6193e+02 
2026-05-21 23:21:21,493 INFO: [scape..][epoch:  3, iter:   6,220, lr:(9.902e-04,)][eta: 11:37:34, time (data): 0.554 (0.034)]l_bij: 3.5735e+01 l_orth: 5.7326e+01 l_diff: 1.4875e+01 l_align: 6.0052e+01 l_total: 1.6799e+02 
2026-05-21 23:21:31,896 INFO: [scape..][epoch:  3, iter:   6,240, lr:(9.902e-04,)][eta: 11:37:07, time (data): 0.556 (0.035)]l_bij: 2.1930e+01 l_orth: 4.8642e+01 l_diff: 1.5833e+01 l_align: 5.4341e+01 l_total: 1.4075e+02 
2026-05-21 23:21:42,503 INFO: [scape..][epoch:  3, iter:   6,260, lr:(9.902e-04,)][eta: 11:36:44, time (data): 0.538 (0.035)]l_bij: 5.5215e+01 l_orth: 6.9746e+01 l_diff: 1.6255e+01 l_align: 6.2066e+01 l_total: 2.0328e+02 
2026-05-21 23:21:54,229 INFO: [scape..][epoch:  3, iter:   6,280, lr:(9.902e-04,)][eta: 11:36:33, time (data): 0.558 (0.034)]l_bij: 2.8095e+01 l_orth: 5.4721e+01 l_diff: 1.4603e+01 l_align: 6.0589e+01 l_total: 1.5801e+02 
2026-05-21 23:22:05,670 INFO: [scape..][epoch:  3, iter:   6,300, lr:(9.902e-04,)][eta: 11:36:19, time (data): 0.562 (0.034)]l_bij: 1.4820e+01 l_orth: 4.1677e+01 l_diff: 1.3148e+01 l_align: 5.2112e+01 l_total: 1.2176e+02 
2026-05-21 23:22:16,693 INFO: [scape..][epoch:  3, iter:   6,320, lr:(9.902e-04,)][eta: 11:36:00, time (data): 0.560 (0.034)]l_bij: 4.3343e+01 l_orth: 6.3724e+01 l_diff: 1.6316e+01 l_align: 5.6697e+01 l_total: 1.8008e+02 
2026-05-21 23:22:28,273 INFO: [scape..][epoch:  3, iter:   6,340, lr:(9.902e-04,)][eta: 11:35:48, time (data): 0.563 (0.034)]l_bij: 4.1530e+01 l_orth: 6.1197e+01 l_diff: 2.1015e+01 l_align: 5.6801e+01 l_total: 1.8054e+02 
2026-05-21 23:22:38,575 INFO: [scape..][epoch:  3, iter:   6,360, lr:(9.902e-04,)][eta: 11:35:21, time (data): 0.556 (0.035)]l_bij: 2.8469e+01 l_orth: 5.1344e+01 l_diff: 1.8655e+01 l_align: 5.3431e+01 l_total: 1.5190e+02 
2026-05-21 23:22:50,857 INFO: [scape..][epoch:  3, iter:   6,380, lr:(9.902e-04,)][eta: 11:35:17, time (data): 0.563 (0.034)]l_bij: 4.1449e+01 l_orth: 5.8901e+01 l_diff: 1.6057e+01 l_align: 5.5980e+01 l_total: 1.7239e+02 
2026-05-21 23:23:02,989 INFO: [scape..][epoch:  3, iter:   6,400, lr:(9.902e-04,)][eta: 11:35:10, time (data): 0.569 (0.034)]l_bij: 3.7985e+01 l_orth: 6.2347e+01 l_diff: 1.6640e+01 l_align: 5.3828e+01 l_total: 1.7080e+02 
2026-05-21 23:23:15,739 INFO: [scape..][epoch:  3, iter:   6,420, lr:(9.902e-04,)][eta: 11:35:11, time (data): 0.576 (0.034)]l_bij: 6.3457e+01 l_orth: 8.0149e+01 l_diff: 1.9958e+01 l_align: 6.5464e+01 l_total: 2.2903e+02 
2026-05-21 23:23:26,757 INFO: [scape..][epoch:  3, iter:   6,440, lr:(9.902e-04,)][eta: 11:34:52, time (data): 0.472 (0.037)]l_bij: 7.5272e+01 l_orth: 8.8108e+01 l_diff: 1.6388e+01 l_align: 7.2256e+01 l_total: 2.5202e+02 
2026-05-21 23:23:38,736 INFO: [scape..][epoch:  3, iter:   6,460, lr:(9.902e-04,)][eta: 11:34:44, time (data): 0.563 (0.037)]l_bij: 5.3035e+01 l_orth: 6.8836e+01 l_diff: 1.6171e+01 l_align: 5.9463e+01 l_total: 1.9750e+02 
2026-05-21 23:23:50,557 INFO: [scape..][epoch:  3, iter:   6,480, lr:(9.902e-04,)][eta: 11:34:35, time (data): 0.574 (0.036)]l_bij: 4.3466e+01 l_orth: 6.4283e+01 l_diff: 1.5377e+01 l_align: 6.0241e+01 l_total: 1.8337e+02 
2026-05-21 23:24:01,465 INFO: [scape..][epoch:  3, iter:   6,500, lr:(9.902e-04,)][eta: 11:34:15, time (data): 0.566 (0.036)]l_bij: 5.2431e+01 l_orth: 7.0591e+01 l_diff: 1.6064e+01 l_align: 6.0077e+01 l_total: 1.9916e+02 
2026-05-21 23:24:11,993 INFO: [scape..][epoch:  3, iter:   6,520, lr:(9.902e-04,)][eta: 11:33:51, time (data): 0.557 (0.036)]l_bij: 3.0219e+01 l_orth: 5.3366e+01 l_diff: 1.2655e+01 l_align: 5.3618e+01 l_total: 1.4986e+02 
2026-05-21 23:24:22,178 INFO: [scape..][epoch:  3, iter:   6,540, lr:(9.902e-04,)][eta: 11:33:23, time (data): 0.548 (0.036)]l_bij: 4.9110e+01 l_orth: 6.7003e+01 l_diff: 1.7341e+01 l_align: 6.1018e+01 l_total: 1.9447e+02 
2026-05-21 23:24:34,759 INFO: [scape..][epoch:  3, iter:   6,560, lr:(9.902e-04,)][eta: 11:33:22, time (data): 0.561 (0.036)]l_bij: 3.8090e+01 l_orth: 5.5918e+01 l_diff: 1.5909e+01 l_align: 5.2911e+01 l_total: 1.6283e+02 
2026-05-21 23:24:44,854 INFO: [scape..][epoch:  3, iter:   6,580, lr:(9.902e-04,)][eta: 11:32:54, time (data): 0.553 (0.035)]l_bij: 3.6655e+01 l_orth: 5.8414e+01 l_diff: 1.5577e+01 l_align: 5.4992e+01 l_total: 1.6564e+02 
2026-05-21 23:24:55,401 INFO: [scape..][epoch:  3, iter:   6,600, lr:(9.902e-04,)][eta: 11:32:30, time (data): 0.550 (0.036)]l_bij: 2.6193e+01 l_orth: 5.2251e+01 l_diff: 1.2977e+01 l_align: 5.7216e+01 l_total: 1.4864e+02 
2026-05-21 23:25:05,543 INFO: [scape..][epoch:  3, iter:   6,620, lr:(9.902e-04,)][eta: 11:32:02, time (data): 0.545 (0.035)]l_bij: 3.7966e+01 l_orth: 5.9360e+01 l_diff: 1.3822e+01 l_align: 5.6657e+01 l_total: 1.6780e+02 
2026-05-21 23:25:16,690 INFO: [scape..][epoch:  3, iter:   6,640, lr:(9.902e-04,)][eta: 11:31:46, time (data): 0.601 (0.040)]l_bij: 2.5128e+01 l_orth: 4.8672e+01 l_diff: 1.4260e+01 l_align: 5.0448e+01 l_total: 1.3851e+02 
2026-05-21 23:25:26,656 INFO: [scape..][epoch:  3, iter:   6,660, lr:(9.902e-04,)][eta: 11:31:16, time (data): 0.525 (0.037)]l_bij: 6.2003e+01 l_orth: 7.2243e+01 l_diff: 1.4676e+01 l_align: 5.9977e+01 l_total: 2.0890e+02 
2026-05-21 23:25:37,974 INFO: [scape..][epoch:  3, iter:   6,680, lr:(9.902e-04,)][eta: 11:31:01, time (data): 0.542 (0.036)]l_bij: 4.9109e+01 l_orth: 6.5239e+01 l_diff: 1.8469e+01 l_align: 5.6188e+01 l_total: 1.8901e+02 
2026-05-21 23:25:47,643 INFO: [scape..][epoch:  3, iter:   6,700, lr:(9.902e-04,)][eta: 11:30:29, time (data): 0.525 (0.036)]l_bij: 3.7683e+01 l_orth: 5.6920e+01 l_diff: 1.2491e+01 l_align: 5.5210e+01 l_total: 1.6230e+02 
2026-05-21 23:25:57,324 INFO: [scape..][epoch:  3, iter:   6,720, lr:(9.902e-04,)][eta: 11:29:57, time (data): 0.515 (0.036)]l_bij: 3.5819e+01 l_orth: 5.5924e+01 l_diff: 1.4978e+01 l_align: 5.3875e+01 l_total: 1.6060e+02 
2026-05-21 23:26:08,175 INFO: [scape..][epoch:  3, iter:   6,740, lr:(9.902e-04,)][eta: 11:29:37, time (data): 0.520 (0.036)]l_bij: 4.4999e+01 l_orth: 6.3979e+01 l_diff: 1.9629e+01 l_align: 6.0746e+01 l_total: 1.8935e+02 
2026-05-21 23:26:17,322 INFO: [scape..][epoch:  3, iter:   6,760, lr:(9.902e-04,)][eta: 11:28:59, time (data): 0.510 (0.036)]l_bij: 3.9915e+01 l_orth: 5.7931e+01 l_diff: 1.8509e+01 l_align: 5.4524e+01 l_total: 1.7088e+02 
2026-05-21 23:26:27,579 INFO: [scape..][epoch:  3, iter:   6,780, lr:(9.902e-04,)][eta: 11:28:34, time (data): 0.511 (0.036)]l_bij: 7.1366e+01 l_orth: 8.4903e+01 l_diff: 2.0916e+01 l_align: 6.5759e+01 l_total: 2.4294e+02 
2026-05-21 23:26:40,675 INFO: [scape..][epoch:  3, iter:   6,800, lr:(9.902e-04,)][eta: 11:28:38, time (data): 0.528 (0.036)]l_bij: 5.6442e+01 l_orth: 7.2500e+01 l_diff: 1.2971e+01 l_align: 5.9591e+01 l_total: 2.0150e+02 
2026-05-21 23:26:51,549 INFO: [scape..][epoch:  3, iter:   6,820, lr:(9.902e-04,)][eta: 11:28:19, time (data): 0.530 (0.036)]l_bij: 5.4564e+01 l_orth: 7.1339e+01 l_diff: 1.4538e+01 l_align: 6.3722e+01 l_total: 2.0416e+02 
2026-05-21 23:27:02,034 INFO: [scape..][epoch:  3, iter:   6,840, lr:(9.902e-04,)][eta: 11:27:55, time (data): 0.464 (0.038)]l_bij: 6.3148e+01 l_orth: 7.7165e+01 l_diff: 1.2695e+01 l_align: 6.2686e+01 l_total: 2.1569e+02 
2026-05-21 23:27:12,971 INFO: [scape..][epoch:  3, iter:   6,860, lr:(9.902e-04,)][eta: 11:27:37, time (data): 0.528 (0.036)]l_bij: 4.5772e+01 l_orth: 6.3496e+01 l_diff: 1.9981e+01 l_align: 5.6230e+01 l_total: 1.8548e+02 
2026-05-21 23:27:23,333 INFO: [scape..][epoch:  3, iter:   6,880, lr:(9.902e-04,)][eta: 11:27:13, time (data): 0.523 (0.036)]l_bij: 3.4198e+01 l_orth: 5.6639e+01 l_diff: 1.3448e+01 l_align: 5.4125e+01 l_total: 1.5841e+02 
2026-05-21 23:27:33,096 INFO: [scape..][epoch:  3, iter:   6,900, lr:(9.902e-04,)][eta: 11:26:42, time (data): 0.513 (0.036)]l_bij: 7.3344e+01 l_orth: 8.8494e+01 l_diff: 1.6852e+01 l_align: 7.2356e+01 l_total: 2.5105e+02 
2026-05-21 23:27:42,510 INFO: [scape..][epoch:  3, iter:   6,920, lr:(9.902e-04,)][eta: 11:26:08, time (data): 0.503 (0.036)]l_bij: 4.2012e+01 l_orth: 6.5293e+01 l_diff: 1.3670e+01 l_align: 5.8569e+01 l_total: 1.7954e+02 
2026-05-21 23:27:51,829 INFO: [scape..][epoch:  3, iter:   6,940, lr:(9.902e-04,)][eta: 11:25:34, time (data): 0.496 (0.036)]l_bij: 9.4358e+01 l_orth: 1.0428e+02 l_diff: 2.2737e+01 l_align: 7.7620e+01 l_total: 2.9899e+02 
2026-05-21 23:28:03,511 INFO: [scape..][epoch:  3, iter:   6,960, lr:(9.902e-04,)][eta: 11:25:23, time (data): 0.510 (0.036)]l_bij: 4.5341e+01 l_orth: 6.1265e+01 l_diff: 1.4631e+01 l_align: 5.3609e+01 l_total: 1.7485e+02 
2026-05-21 23:28:13,811 INFO: [scape..][epoch:  3, iter:   6,980, lr:(9.902e-04,)][eta: 11:24:59, time (data): 0.511 (0.035)]l_bij: 4.2316e+01 l_orth: 6.1167e+01 l_diff: 1.5504e+01 l_align: 6.1934e+01 l_total: 1.8092e+02 
2026-05-21 23:28:24,571 INFO: [scape..][epoch:  3, iter:   7,000, lr:(9.902e-04,)][eta: 11:24:39, time (data): 0.514 (0.035)]l_bij: 4.8114e+01 l_orth: 6.3132e+01 l_diff: 1.4940e+01 l_align: 5.4969e+01 l_total: 1.8115e+02 
2026-05-21 23:28:35,430 INFO: [scape..][epoch:  3, iter:   7,020, lr:(9.902e-04,)][eta: 11:24:20, time (data): 0.517 (0.035)]l_bij: 4.8582e+01 l_orth: 6.5542e+01 l_diff: 1.5931e+01 l_align: 5.7336e+01 l_total: 1.8739e+02 
2026-05-21 23:28:46,853 INFO: [scape..][epoch:  3, iter:   7,040, lr:(9.902e-04,)][eta: 11:24:07, time (data): 0.631 (0.037)]l_bij: 2.2750e+01 l_orth: 5.1392e+01 l_diff: 1.2937e+01 l_align: 5.6830e+01 l_total: 1.4391e+02 
2026-05-21 23:28:56,985 INFO: [scape..][epoch:  3, iter:   7,060, lr:(9.902e-04,)][eta: 11:23:41, time (data): 0.531 (0.036)]l_bij: 3.5667e+01 l_orth: 5.3676e+01 l_diff: 1.1430e+01 l_align: 5.0257e+01 l_total: 1.5103e+02 
2026-05-21 23:29:09,090 INFO: [scape..][epoch:  3, iter:   7,080, lr:(9.902e-04,)][eta: 11:23:35, time (data): 0.564 (0.036)]l_bij: 2.6165e+01 l_orth: 5.0544e+01 l_diff: 1.3519e+01 l_align: 5.2410e+01 l_total: 1.4264e+02 
2026-05-21 23:29:19,338 INFO: [scape..][epoch:  3, iter:   7,100, lr:(9.902e-04,)][eta: 11:23:10, time (data): 0.548 (0.035)]l_bij: 3.9899e+01 l_orth: 6.1798e+01 l_diff: 1.4803e+01 l_align: 5.7053e+01 l_total: 1.7355e+02 
2026-05-21 23:29:29,284 INFO: [scape..][epoch:  3, iter:   7,120, lr:(9.902e-04,)][eta: 11:22:43, time (data): 0.536 (0.036)]l_bij: 2.7113e+01 l_orth: 5.4054e+01 l_diff: 1.6728e+01 l_align: 5.4431e+01 l_total: 1.5233e+02 
2026-05-21 23:29:39,959 INFO: [scape..][epoch:  3, iter:   7,140, lr:(9.902e-04,)][eta: 11:22:22, time (data): 0.536 (0.036)]l_bij: 4.5947e+01 l_orth: 6.3745e+01 l_diff: 1.5538e+01 l_align: 5.7118e+01 l_total: 1.8235e+02 
2026-05-21 23:29:52,812 INFO: [scape..][epoch:  3, iter:   7,160, lr:(9.902e-04,)][eta: 11:22:24, time (data): 0.553 (0.035)]l_bij: 6.9192e+01 l_orth: 8.3367e+01 l_diff: 2.0892e+01 l_align: 6.7875e+01 l_total: 2.4133e+02 
2026-05-21 23:30:01,219 INFO: [scape..][epoch:  3, iter:   7,180, lr:(9.902e-04,)][eta: 11:21:41, time (data): 0.535 (0.035)]l_bij: 4.4731e+01 l_orth: 6.2734e+01 l_diff: 1.4300e+01 l_align: 5.6289e+01 l_total: 1.7805e+02 
2026-05-21 23:30:07,858 INFO: [scape..][epoch:  3, iter:   7,200, lr:(9.902e-04,)][eta: 11:20:41, time (data): 0.510 (0.035)]l_bij: 3.6535e+01 l_orth: 5.6554e+01 l_diff: 1.3742e+01 l_align: 5.6187e+01 l_total: 1.6302e+02 
2026-05-21 23:30:18,040 INFO: [scape..][epoch:  3, iter:   7,220, lr:(9.902e-04,)][eta: 11:20:17, time (data): 0.510 (0.035)]l_bij: 5.3000e+01 l_orth: 6.8877e+01 l_diff: 1.5677e+01 l_align: 5.8433e+01 l_total: 1.9599e+02 
2026-05-21 23:30:27,614 INFO: [scape..][epoch:  3, iter:   7,240, lr:(9.902e-04,)][eta: 11:19:46, time (data): 0.604 (0.035)]l_bij: 2.5328e+01 l_orth: 5.1056e+01 l_diff: 1.4534e+01 l_align: 5.3766e+01 l_total: 1.4468e+02 
2026-05-21 23:30:36,899 INFO: [scape..][epoch:  3, iter:   7,260, lr:(9.902e-04,)][eta: 11:19:13, time (data): 0.487 (0.037)]l_bij: 4.6957e+01 l_orth: 6.4055e+01 l_diff: 1.2967e+01 l_align: 5.4765e+01 l_total: 1.7874e+02 
2026-05-21 23:30:49,274 INFO: [scape..][epoch:  3, iter:   7,280, lr:(9.902e-04,)][eta: 11:19:09, time (data): 0.547 (0.038)]l_bij: 3.2472e+01 l_orth: 5.6858e+01 l_diff: 1.2956e+01 l_align: 5.9013e+01 l_total: 1.6130e+02 
2026-05-21 23:31:00,312 INFO: [scape..][epoch:  3, iter:   7,300, lr:(9.902e-04,)][eta: 11:18:53, time (data): 0.549 (0.037)]l_bij: 4.2145e+01 l_orth: 6.2785e+01 l_diff: 1.8261e+01 l_align: 5.9891e+01 l_total: 1.8308e+02 
2026-05-21 23:31:09,106 INFO: [scape..][epoch:  3, iter:   7,320, lr:(9.902e-04,)][eta: 11:18:15, time (data): 0.523 (0.037)]l_bij: 5.6578e+01 l_orth: 7.2109e+01 l_diff: 1.3010e+01 l_align: 5.8853e+01 l_total: 2.0055e+02 
2026-05-21 23:31:20,762 INFO: [scape..][epoch:  3, iter:   7,340, lr:(9.902e-04,)][eta: 11:18:05, time (data): 0.534 (0.037)]l_bij: 2.2564e+00 l_orth: 3.4028e+01 l_diff: 1.0972e+01 l_align: 5.3538e+01 l_total: 1.0079e+02 
2026-05-21 23:31:31,529 INFO: [scape..][epoch:  3, iter:   7,360, lr:(9.902e-04,)][eta: 11:17:47, time (data): 0.535 (0.037)]l_bij: 3.2339e+00 l_orth: 3.8150e+01 l_diff: 1.4129e+01 l_align: 5.8021e+01 l_total: 1.1353e+02 
2026-05-21 23:31:40,146 INFO: [scape..][epoch:  3, iter:   7,380, lr:(9.902e-04,)][eta: 11:17:07, time (data): 0.520 (0.037)]l_bij: 1.9164e+00 l_orth: 3.1509e+01 l_diff: 1.1541e+01 l_align: 5.1734e+01 l_total: 9.6700e+01 
2026-05-21 23:31:50,925 INFO: [scape..][epoch:  3, iter:   7,400, lr:(9.902e-04,)][eta: 11:16:49, time (data): 0.523 (0.037)]l_bij: 3.6982e+01 l_orth: 6.3709e+01 l_diff: 1.8879e+01 l_align: 6.1792e+01 l_total: 1.8136e+02 
2026-05-21 23:32:02,082 INFO: [scape..][epoch:  3, iter:   7,420, lr:(9.902e-04,)][eta: 11:16:34, time (data): 0.526 (0.037)]l_bij: 4.7178e+01 l_orth: 6.2587e+01 l_diff: 1.4967e+01 l_align: 5.5425e+01 l_total: 1.8016e+02 
2026-05-21 23:32:10,936 INFO: [scape..][epoch:  3, iter:   7,440, lr:(9.902e-04,)][eta: 11:15:58, time (data): 0.267 (0.038)]l_bij: 2.0705e+01 l_orth: 4.3669e+01 l_diff: 1.5542e+01 l_align: 5.0274e+01 l_total: 1.3019e+02 
2026-05-21 23:32:19,613 INFO: [scape..][epoch:  3, iter:   7,460, lr:(9.902e-04,)][eta: 11:15:20, time (data): 0.412 (0.036)]l_bij: 3.7131e+01 l_orth: 6.0135e+01 l_diff: 1.4226e+01 l_align: 5.4790e+01 l_total: 1.6628e+02 
2026-05-21 23:32:31,549 INFO: [scape..][epoch:  3, iter:   7,480, lr:(9.902e-04,)][eta: 11:15:12, time (data): 0.498 (0.036)]l_bij: 2.6562e+01 l_orth: 4.8701e+01 l_diff: 1.5101e+01 l_align: 5.1465e+01 l_total: 1.4183e+02 
2026-05-21 23:32:42,862 INFO: [scape..][epoch:  3, iter:   7,500, lr:(9.902e-04,)][eta: 11:14:59, time (data): 0.519 (0.036)]l_bij: 3.8867e+01 l_orth: 6.1029e+01 l_diff: 1.6132e+01 l_align: 5.5574e+01 l_total: 1.7160e+02 
2026-05-21 23:32:53,918 INFO: [scape..][epoch:  3, iter:   7,520, lr:(9.902e-04,)][eta: 11:14:44, time (data): 0.527 (0.036)]l_bij: 3.5260e+01 l_orth: 5.5771e+01 l_diff: 1.7055e+01 l_align: 5.3583e+01 l_total: 1.6167e+02 
2026-05-21 23:33:03,648 INFO: [scape..][epoch:  3, iter:   7,540, lr:(9.902e-04,)][eta: 11:14:16, time (data): 0.519 (0.036)]l_bij: 4.6870e+01 l_orth: 6.4889e+01 l_diff: 1.6969e+01 l_align: 5.7638e+01 l_total: 1.8637e+02 
2026-05-21 23:33:12,951 INFO: [scape..][epoch:  3, iter:   7,560, lr:(9.902e-04,)][eta: 11:13:44, time (data): 0.511 (0.037)]l_bij: 5.9846e+01 l_orth: 7.3216e+01 l_diff: 1.5825e+01 l_align: 6.1587e+01 l_total: 2.1047e+02 
2026-05-21 23:33:24,251 INFO: [scape..][epoch:  3, iter:   7,580, lr:(9.902e-04,)][eta: 11:13:31, time (data): 0.518 (0.037)]l_bij: 1.7029e+01 l_orth: 4.3246e+01 l_diff: 1.2007e+01 l_align: 5.2640e+01 l_total: 1.2492e+02 
2026-05-21 23:33:35,304 INFO: [scape..][epoch:  3, iter:   7,600, lr:(9.902e-04,)][eta: 11:13:16, time (data): 0.522 (0.037)]l_bij: 2.9224e+01 l_orth: 5.1751e+01 l_diff: 1.2329e+01 l_align: 5.1745e+01 l_total: 1.4505e+02 
2026-05-21 23:33:44,033 INFO: [scape..][epoch:  3, iter:   7,620, lr:(9.902e-04,)][eta: 11:12:39, time (data): 0.513 (0.037)]l_bij: 5.2824e+01 l_orth: 6.9625e+01 l_diff: 1.6345e+01 l_align: 5.6199e+01 l_total: 1.9499e+02 
2026-05-21 23:33:49,462 INFO: [scape..][epoch:  3, iter:   7,640, lr:(9.902e-04,)][eta: 11:11:32, time (data): 0.420 (0.030)]l_bij: 3.6500e+01 l_orth: 5.8873e+01 l_diff: 1.5633e+01 l_align: 5.5657e+01 l_total: 1.6666e+02 
2026-05-21 23:33:58,769 INFO: [scape..][epoch:  3, iter:   7,660, lr:(9.902e-04,)][eta: 11:11:01, time (data): 0.461 (0.036)]l_bij: 4.0733e+01 l_orth: 5.8794e+01 l_diff: 1.5699e+01 l_align: 5.4511e+01 l_total: 1.6974e+02 
2026-05-21 23:34:07,716 INFO: [scape..][epoch:  3, iter:   7,680, lr:(9.902e-04,)][eta: 11:10:26, time (data): 0.455 (0.037)]l_bij: 2.9552e+01 l_orth: 5.3261e+01 l_diff: 1.4722e+01 l_align: 5.3422e+01 l_total: 1.5096e+02 
2026-05-21 23:34:17,342 INFO: [scape..][epoch:  3, iter:   7,700, lr:(9.902e-04,)][eta: 11:09:58, time (data): 0.463 (0.036)]l_bij: 3.9321e+01 l_orth: 5.9471e+01 l_diff: 1.4282e+01 l_align: 5.6181e+01 l_total: 1.6926e+02 
2026-05-21 23:34:26,498 INFO: [scape..][epoch:  3, iter:   7,720, lr:(9.902e-04,)][eta: 11:09:26, time (data): 0.462 (0.036)]l_bij: 5.0254e+01 l_orth: 6.9960e+01 l_diff: 1.7536e+01 l_align: 6.0902e+01 l_total: 1.9865e+02 
2026-05-21 23:34:35,622 INFO: [scape..][epoch:  3, iter:   7,740, lr:(9.902e-04,)][eta: 11:08:54, time (data): 0.461 (0.037)]l_bij: 3.2596e+01 l_orth: 5.1398e+01 l_diff: 1.3962e+01 l_align: 5.1532e+01 l_total: 1.4949e+02 
2026-05-21 23:34:46,909 INFO: [scape..][epoch:  3, iter:   7,760, lr:(9.902e-04,)][eta: 11:08:41, time (data): 0.478 (0.036)]l_bij: 5.0941e+01 l_orth: 6.8548e+01 l_diff: 1.8424e+01 l_align: 5.6391e+01 l_total: 1.9430e+02 
2026-05-21 23:34:57,584 INFO: [scape..][epoch:  3, iter:   7,780, lr:(9.902e-04,)][eta: 11:08:23, time (data): 0.486 (0.036)]l_bij: 4.4174e+01 l_orth: 6.2784e+01 l_diff: 1.6947e+01 l_align: 5.2444e+01 l_total: 1.7635e+02 
2026-05-21 23:35:07,439 INFO: [scape..][epoch:  3, iter:   7,800, lr:(9.902e-04,)][eta: 11:07:58, time (data): 0.486 (0.036)]l_bij: 5.2115e+01 l_orth: 7.0297e+01 l_diff: 2.0717e+01 l_align: 6.0780e+01 l_total: 2.0391e+02 
2026-05-21 23:35:18,801 INFO: [scape..][epoch:  4, iter:   7,820, lr:(9.780e-04,)][eta: 11:07:46, time (data): 0.495 (0.041)]l_bij: 4.8156e+01 l_orth: 6.3312e+01 l_diff: 1.4605e+01 l_align: 5.2300e+01 l_total: 1.7837e+02 
2026-05-21 23:35:29,835 INFO: [scape..][epoch:  4, iter:   7,840, lr:(9.780e-04,)][eta: 11:07:31, time (data): 0.567 (0.036)]l_bij: 2.9552e+01 l_orth: 5.2305e+01 l_diff: 1.1243e+01 l_align: 5.2912e+01 l_total: 1.4601e+02 
2026-05-21 23:35:39,991 INFO: [scape..][epoch:  4, iter:   7,860, lr:(9.780e-04,)][eta: 11:07:08, time (data): 0.511 (0.036)]l_bij: 4.9496e+01 l_orth: 6.8093e+01 l_diff: 1.5899e+01 l_align: 6.0372e+01 l_total: 1.9386e+02 
2026-05-21 23:35:49,242 INFO: [scape..][epoch:  4, iter:   7,880, lr:(9.780e-04,)][eta: 11:06:38, time (data): 0.487 (0.037)]l_bij: 3.6814e+01 l_orth: 5.5081e+01 l_diff: 1.4677e+01 l_align: 4.9962e+01 l_total: 1.5653e+02 
2026-05-21 23:36:00,211 INFO: [scape..][epoch:  4, iter:   7,900, lr:(9.780e-04,)][eta: 11:06:23, time (data): 0.507 (0.036)]l_bij: 2.4694e+01 l_orth: 4.5931e+01 l_diff: 1.5511e+01 l_align: 5.0616e+01 l_total: 1.3675e+02 
2026-05-21 23:36:09,799 INFO: [scape..][epoch:  4, iter:   7,920, lr:(9.780e-04,)][eta: 11:05:55, time (data): 0.500 (0.036)]l_bij: 4.2364e+01 l_orth: 5.8714e+01 l_diff: 1.3357e+01 l_align: 5.2002e+01 l_total: 1.6644e+02 
2026-05-21 23:36:20,179 INFO: [scape..][epoch:  4, iter:   7,940, lr:(9.780e-04,)][eta: 11:05:35, time (data): 0.504 (0.037)]l_bij: 4.3637e+01 l_orth: 6.2761e+01 l_diff: 1.5947e+01 l_align: 5.8053e+01 l_total: 1.8040e+02 
2026-05-21 23:36:27,518 INFO: [scape..][epoch:  4, iter:   7,960, lr:(9.780e-04,)][eta: 11:04:48, time (data): 0.481 (0.037)]l_bij: 1.8806e+01 l_orth: 4.7085e+01 l_diff: 1.1693e+01 l_align: 5.1025e+01 l_total: 1.2861e+02 
2026-05-21 23:36:37,991 INFO: [scape..][epoch:  4, iter:   7,980, lr:(9.780e-04,)][eta: 11:04:28, time (data): 0.487 (0.037)]l_bij: 3.6261e+01 l_orth: 5.6075e+01 l_diff: 1.3745e+01 l_align: 5.6369e+01 l_total: 1.6245e+02 
2026-05-21 23:36:47,886 INFO: [scape..][epoch:  4, iter:   8,000, lr:(9.780e-04,)][eta: 11:04:04, time (data): 0.488 (0.037)]l_bij: 3.4894e+01 l_orth: 5.6827e+01 l_diff: 1.5531e+01 l_align: 5.4205e+01 l_total: 1.6146e+02 
2026-05-21 23:36:47,886 INFO: Saving models and training states.
2026-05-21 23:36:47,900 INFO: Start validation.
2026-05-21 23:41:17,436 INFO: Avg time: 0.4881
2026-05-21 23:41:17,615 INFO: Val auc: 0.8025
2026-05-21 23:41:17,622 INFO: Val avg error: 0.0198
2026-05-21 23:41:17,625 INFO: Best model is updated, average geodesic error: 0.0198
2026-05-21 23:41:30,084 INFO: [scape..][epoch:  4, iter:   8,020, lr:(9.780e-04,)][eta: 11:43:16, time (data): 0.503 (0.037)]l_bij: 3.5113e+01 l_orth: 5.5547e+01 l_diff: 1.2205e+01 l_align: 5.2118e+01 l_total: 1.5498e+02 
2026-05-21 23:41:41,382 INFO: [scape..][epoch:  4, iter:   8,040, lr:(9.780e-04,)][eta: 11:42:58, time (data): 0.509 (0.037)]l_bij: 1.7442e+01 l_orth: 4.8100e+01 l_diff: 1.6319e+01 l_align: 5.6621e+01 l_total: 1.3848e+02 
2026-05-21 23:41:51,331 INFO: [scape..][epoch:  4, iter:   8,060, lr:(9.780e-04,)][eta: 11:42:27, time (data): 0.497 (0.033)]l_bij: 5.8131e+01 l_orth: 7.3800e+01 l_diff: 1.5186e+01 l_align: 6.3945e+01 l_total: 2.1106e+02 
2026-05-21 23:42:03,405 INFO: [scape..][epoch:  4, iter:   8,080, lr:(9.780e-04,)][eta: 11:42:15, time (data): 0.550 (0.034)]l_bij: 4.5660e+01 l_orth: 6.1881e+01 l_diff: 1.0561e+01 l_align: 5.4492e+01 l_total: 1.7259e+02 
2026-05-21 23:42:15,182 INFO: [scape..][epoch:  4, iter:   8,100, lr:(9.780e-04,)][eta: 11:42:01, time (data): 0.563 (0.034)]l_bij: 4.4009e+01 l_orth: 6.0867e+01 l_diff: 1.3647e+01 l_align: 5.4873e+01 l_total: 1.7340e+02 
2026-05-21 23:42:27,218 INFO: [scape..][epoch:  4, iter:   8,120, lr:(9.780e-04,)][eta: 11:41:49, time (data): 0.573 (0.035)]l_bij: 3.5694e+01 l_orth: 5.4990e+01 l_diff: 1.2685e+01 l_align: 5.2181e+01 l_total: 1.5555e+02 
2026-05-21 23:42:38,561 INFO: [scape..][epoch:  4, iter:   8,140, lr:(9.780e-04,)][eta: 11:41:31, time (data): 0.572 (0.035)]l_bij: 4.2193e+01 l_orth: 6.1804e+01 l_diff: 1.4817e+01 l_align: 5.5934e+01 l_total: 1.7475e+02 
2026-05-21 23:42:49,523 INFO: [scape..][epoch:  4, iter:   8,160, lr:(9.780e-04,)][eta: 11:41:09, time (data): 0.568 (0.034)]l_bij: 4.1717e+01 l_orth: 5.9921e+01 l_diff: 1.3309e+01 l_align: 5.2251e+01 l_total: 1.6720e+02 
2026-05-21 23:42:59,551 INFO: [scape..][epoch:  4, iter:   8,180, lr:(9.780e-04,)][eta: 11:40:40, time (data): 0.558 (0.035)]l_bij: 3.2195e+01 l_orth: 5.3752e+01 l_diff: 1.4990e+01 l_align: 5.3647e+01 l_total: 1.5458e+02 
2026-05-21 23:43:10,112 INFO: [scape..][epoch:  4, iter:   8,200, lr:(9.780e-04,)][eta: 11:40:16, time (data): 0.554 (0.035)]l_bij: 4.2341e+01 l_orth: 6.0860e+01 l_diff: 1.5294e+01 l_align: 5.3240e+01 l_total: 1.7174e+02 
2026-05-21 23:43:23,523 INFO: [scape..][epoch:  4, iter:   8,220, lr:(9.780e-04,)][eta: 11:40:15, time (data): 0.567 (0.035)]l_bij: 4.5015e+01 l_orth: 6.1255e+01 l_diff: 1.8993e+01 l_align: 5.3664e+01 l_total: 1.7893e+02 
2026-05-21 23:43:35,640 INFO: [scape..][epoch:  4, iter:   8,240, lr:(9.780e-04,)][eta: 11:40:04, time (data): 0.571 (0.034)]l_bij: 4.0570e+01 l_orth: 6.0079e+01 l_diff: 1.2761e+01 l_align: 5.4857e+01 l_total: 1.6827e+02 
2026-05-21 23:43:46,831 INFO: [scape..][epoch:  4, iter:   8,260, lr:(9.780e-04,)][eta: 11:39:45, time (data): 0.570 (0.035)]l_bij: 5.0721e+01 l_orth: 6.4273e+01 l_diff: 1.3295e+01 l_align: 5.4236e+01 l_total: 1.8252e+02 
2026-05-21 23:43:57,748 INFO: [scape..][epoch:  4, iter:   8,280, lr:(9.780e-04,)][eta: 11:39:23, time (data): 0.558 (0.035)]l_bij: 2.4914e+01 l_orth: 5.0147e+01 l_diff: 1.3998e+01 l_align: 5.1676e+01 l_total: 1.4073e+02 
2026-05-21 23:44:10,133 INFO: [scape..][epoch:  4, iter:   8,300, lr:(9.780e-04,)][eta: 11:39:14, time (data): 0.579 (0.035)]l_bij: 3.5526e+01 l_orth: 5.5153e+01 l_diff: 1.6064e+01 l_align: 5.5658e+01 l_total: 1.6240e+02 
2026-05-21 23:44:20,273 INFO: [scape..][epoch:  4, iter:   8,320, lr:(9.780e-04,)][eta: 11:38:46, time (data): 0.560 (0.036)]l_bij: 4.5266e+01 l_orth: 6.0767e+01 l_diff: 1.2950e+01 l_align: 5.5604e+01 l_total: 1.7459e+02 
2026-05-21 23:44:32,341 INFO: [scape..][epoch:  4, iter:   8,340, lr:(9.780e-04,)][eta: 11:38:35, time (data): 0.569 (0.036)]l_bij: 5.1413e+01 l_orth: 6.6873e+01 l_diff: 1.6133e+01 l_align: 5.6369e+01 l_total: 1.9079e+02 
2026-05-21 23:44:43,648 INFO: [scape..][epoch:  4, iter:   8,360, lr:(9.780e-04,)][eta: 11:38:17, time (data): 0.568 (0.036)]l_bij: 7.6019e+01 l_orth: 8.8806e+01 l_diff: 2.0083e+01 l_align: 7.3170e+01 l_total: 2.5808e+02 
2026-05-21 23:44:55,565 INFO: [scape..][epoch:  4, iter:   8,380, lr:(9.780e-04,)][eta: 11:38:04, time (data): 0.572 (0.036)]l_bij: 3.4097e+01 l_orth: 5.4172e+01 l_diff: 1.3729e+01 l_align: 5.0256e+01 l_total: 1.5225e+02 
2026-05-21 23:45:08,255 INFO: [scape..][epoch:  4, iter:   8,400, lr:(9.780e-04,)][eta: 11:37:57, time (data): 0.580 (0.036)]l_bij: 2.3195e+01 l_orth: 4.7507e+01 l_diff: 1.2810e+01 l_align: 5.2784e+01 l_total: 1.3630e+02 
2026-05-21 23:45:20,397 INFO: [scape..][epoch:  4, iter:   8,420, lr:(9.780e-04,)][eta: 11:37:46, time (data): 0.583 (0.035)]l_bij: 2.9206e+01 l_orth: 5.1320e+01 l_diff: 1.3121e+01 l_align: 5.3790e+01 l_total: 1.4744e+02 
2026-05-21 23:45:31,794 INFO: [scape..][epoch:  4, iter:   8,440, lr:(9.780e-04,)][eta: 11:37:29, time (data): 0.582 (0.035)]l_bij: 4.9937e+01 l_orth: 6.9112e+01 l_diff: 1.5013e+01 l_align: 6.0376e+01 l_total: 1.9444e+02 
2026-05-21 23:45:45,044 INFO: [scape..][epoch:  4, iter:   8,460, lr:(9.780e-04,)][eta: 11:37:27, time (data): 0.671 (0.033)]l_bij: 3.0561e+01 l_orth: 5.2742e+01 l_diff: 1.5182e+01 l_align: 5.0651e+01 l_total: 1.4914e+02 
2026-05-21 23:45:55,929 INFO: [scape..][epoch:  4, iter:   8,480, lr:(9.780e-04,)][eta: 11:37:05, time (data): 0.604 (0.034)]l_bij: 3.5899e+01 l_orth: 6.0197e+01 l_diff: 1.7018e+01 l_align: 5.6648e+01 l_total: 1.6976e+02 
2026-05-21 23:46:05,978 INFO: [scape..][epoch:  4, iter:   8,500, lr:(9.780e-04,)][eta: 11:36:37, time (data): 0.569 (0.036)]l_bij: 4.2322e+01 l_orth: 5.9712e+01 l_diff: 1.9322e+01 l_align: 5.6322e+01 l_total: 1.7768e+02 
2026-05-21 23:46:16,985 INFO: [scape..][epoch:  4, iter:   8,520, lr:(9.780e-04,)][eta: 11:36:17, time (data): 0.564 (0.036)]l_bij: 2.7155e+01 l_orth: 5.0815e+01 l_diff: 1.2853e+01 l_align: 5.2060e+01 l_total: 1.4288e+02 
2026-05-21 23:46:28,155 INFO: [scape..][epoch:  4, iter:   8,540, lr:(9.780e-04,)][eta: 11:35:58, time (data): 0.563 (0.036)]l_bij: 2.2889e+01 l_orth: 4.7314e+01 l_diff: 1.2625e+01 l_align: 5.0079e+01 l_total: 1.3291e+02 
2026-05-21 23:46:39,609 INFO: [scape..][epoch:  4, iter:   8,560, lr:(9.780e-04,)][eta: 11:35:41, time (data): 0.565 (0.036)]l_bij: 4.3488e+01 l_orth: 6.3452e+01 l_diff: 1.4953e+01 l_align: 5.7297e+01 l_total: 1.7919e+02 
2026-05-21 23:46:49,682 INFO: [scape..][epoch:  4, iter:   8,580, lr:(9.780e-04,)][eta: 11:35:14, time (data): 0.556 (0.036)]l_bij: 4.1912e+01 l_orth: 6.0992e+01 l_diff: 1.3723e+01 l_align: 5.4595e+01 l_total: 1.7122e+02 
2026-05-21 23:47:01,186 INFO: [scape..][epoch:  4, iter:   8,600, lr:(9.780e-04,)][eta: 11:34:57, time (data): 0.558 (0.035)]l_bij: 3.4444e+01 l_orth: 5.5334e+01 l_diff: 1.3809e+01 l_align: 5.3746e+01 l_total: 1.5733e+02 
2026-05-21 23:47:12,799 INFO: [scape..][epoch:  4, iter:   8,620, lr:(9.780e-04,)][eta: 11:34:42, time (data): 0.561 (0.035)]l_bij: 2.8281e+01 l_orth: 5.4289e+01 l_diff: 1.6618e+01 l_align: 5.6492e+01 l_total: 1.5568e+02 
2026-05-21 23:47:22,583 INFO: [scape..][epoch:  4, iter:   8,640, lr:(9.780e-04,)][eta: 11:34:12, time (data): 0.554 (0.036)]l_bij: 5.5917e+01 l_orth: 7.1017e+01 l_diff: 1.2158e+01 l_align: 5.7923e+01 l_total: 1.9702e+02 
2026-05-21 23:47:33,770 INFO: [scape..][epoch:  4, iter:   8,660, lr:(9.780e-04,)][eta: 11:33:54, time (data): 0.600 (0.035)]l_bij: 4.4091e+01 l_orth: 6.0843e+01 l_diff: 1.1984e+01 l_align: 5.1600e+01 l_total: 1.6852e+02 
2026-05-21 23:47:45,079 INFO: [scape..][epoch:  4, iter:   8,680, lr:(9.780e-04,)][eta: 11:33:36, time (data): 0.581 (0.033)]l_bij: 4.9556e+01 l_orth: 6.5114e+01 l_diff: 1.4557e+01 l_align: 5.5866e+01 l_total: 1.8509e+02 
2026-05-21 23:47:55,899 INFO: [scape..][epoch:  4, iter:   8,700, lr:(9.780e-04,)][eta: 11:33:15, time (data): 0.567 (0.033)]l_bij: 2.3451e+01 l_orth: 4.9119e+01 l_diff: 1.6465e+01 l_align: 5.4625e+01 l_total: 1.4366e+02 
2026-05-21 23:48:06,397 INFO: [scape..][epoch:  4, iter:   8,720, lr:(9.780e-04,)][eta: 11:32:51, time (data): 0.556 (0.034)]l_bij: 6.5966e+01 l_orth: 8.1961e+01 l_diff: 2.0099e+01 l_align: 6.5570e+01 l_total: 2.3360e+02 
2026-05-21 23:48:17,615 INFO: [scape..][epoch:  4, iter:   8,740, lr:(9.780e-04,)][eta: 11:32:33, time (data): 0.557 (0.034)]l_bij: 3.6777e+01 l_orth: 5.9699e+01 l_diff: 1.4352e+01 l_align: 5.7418e+01 l_total: 1.6825e+02 
2026-05-21 23:48:28,734 INFO: [scape..][epoch:  4, iter:   8,760, lr:(9.780e-04,)][eta: 11:32:14, time (data): 0.557 (0.034)]l_bij: 2.7050e+01 l_orth: 4.9852e+01 l_diff: 1.3940e+01 l_align: 5.1306e+01 l_total: 1.4215e+02 
2026-05-21 23:48:40,659 INFO: [scape..][epoch:  4, iter:   8,780, lr:(9.780e-04,)][eta: 11:32:01, time (data): 0.563 (0.034)]l_bij: 4.9547e+01 l_orth: 6.5493e+01 l_diff: 1.5743e+01 l_align: 5.3119e+01 l_total: 1.8390e+02 
2026-05-21 23:48:51,233 INFO: [scape..][epoch:  4, iter:   8,800, lr:(9.780e-04,)][eta: 11:31:38, time (data): 0.558 (0.034)]l_bij: 7.6005e+01 l_orth: 8.8275e+01 l_diff: 1.9273e+01 l_align: 7.0941e+01 l_total: 2.5449e+02 
2026-05-21 23:49:01,580 INFO: [scape..][epoch:  4, iter:   8,820, lr:(9.780e-04,)][eta: 11:31:13, time (data): 0.554 (0.034)]l_bij: 4.5684e+01 l_orth: 6.6442e+01 l_diff: 1.6287e+01 l_align: 5.8966e+01 l_total: 1.8738e+02 
2026-05-21 23:49:12,685 INFO: [scape..][epoch:  4, iter:   8,840, lr:(9.780e-04,)][eta: 11:30:54, time (data): 0.554 (0.034)]l_bij: 2.0875e+01 l_orth: 5.2924e+01 l_diff: 1.6816e+01 l_align: 5.7467e+01 l_total: 1.4808e+02 
2026-05-21 23:49:24,147 INFO: [scape..][epoch:  4, iter:   8,860, lr:(9.780e-04,)][eta: 11:30:38, time (data): 0.521 (0.034)]l_bij: 5.2451e+01 l_orth: 6.7998e+01 l_diff: 1.5097e+01 l_align: 5.5090e+01 l_total: 1.9064e+02 
2026-05-21 23:49:34,051 INFO: [scape..][epoch:  4, iter:   8,880, lr:(9.780e-04,)][eta: 11:30:10, time (data): 0.507 (0.036)]l_bij: 3.4328e+01 l_orth: 5.5729e+01 l_diff: 1.6736e+01 l_align: 5.3275e+01 l_total: 1.6007e+02 
2026-05-21 23:49:43,539 INFO: [scape..][epoch:  4, iter:   8,900, lr:(9.780e-04,)][eta: 11:29:39, time (data): 0.495 (0.036)]l_bij: 2.8199e+01 l_orth: 5.0992e+01 l_diff: 1.9303e+01 l_align: 5.2802e+01 l_total: 1.5130e+02 
2026-05-21 23:49:52,128 INFO: [scape..][epoch:  4, iter:   8,920, lr:(9.780e-04,)][eta: 11:29:01, time (data): 0.478 (0.036)]l_bij: 3.6065e+01 l_orth: 5.6438e+01 l_diff: 1.4503e+01 l_align: 5.1516e+01 l_total: 1.5852e+02 
2026-05-21 23:50:04,361 INFO: [scape..][epoch:  4, iter:   8,940, lr:(9.780e-04,)][eta: 11:28:51, time (data): 0.506 (0.036)]l_bij: 1.1964e+01 l_orth: 3.9149e+01 l_diff: 1.4548e+01 l_align: 4.8875e+01 l_total: 1.1454e+02 
2026-05-21 23:50:15,690 INFO: [scape..][epoch:  4, iter:   8,960, lr:(9.780e-04,)][eta: 11:28:34, time (data): 0.516 (0.036)]l_bij: 3.7798e+01 l_orth: 5.9943e+01 l_diff: 1.5833e+01 l_align: 5.7151e+01 l_total: 1.7072e+02 
2026-05-21 23:50:24,962 INFO: [scape..][epoch:  4, iter:   8,980, lr:(9.780e-04,)][eta: 11:28:01, time (data): 0.508 (0.036)]l_bij: 5.2234e+01 l_orth: 6.7449e+01 l_diff: 1.4694e+01 l_align: 5.7553e+01 l_total: 1.9193e+02 
2026-05-21 23:50:35,996 INFO: [scape..][epoch:  4, iter:   9,000, lr:(9.780e-04,)][eta: 11:27:42, time (data): 0.514 (0.035)]l_bij: 5.1650e+01 l_orth: 6.8922e+01 l_diff: 1.7625e+01 l_align: 6.3282e+01 l_total: 2.0148e+02 
2026-05-21 23:50:45,991 INFO: [scape..][epoch:  4, iter:   9,020, lr:(9.780e-04,)][eta: 11:27:15, time (data): 0.512 (0.035)]l_bij: 2.6896e+01 l_orth: 5.0162e+01 l_diff: 1.4538e+01 l_align: 5.3184e+01 l_total: 1.4478e+02 
2026-05-21 23:50:56,450 INFO: [scape..][epoch:  4, iter:   9,040, lr:(9.780e-04,)][eta: 11:26:52, time (data): 0.513 (0.035)]l_bij: 4.3242e+01 l_orth: 6.4028e+01 l_diff: 1.6900e+01 l_align: 5.9410e+01 l_total: 1.8358e+02 
2026-05-21 23:51:10,351 INFO: [scape..][epoch:  4, iter:   9,060, lr:(9.780e-04,)][eta: 11:26:55, time (data): 0.683 (0.034)]l_bij: 1.3768e+01 l_orth: 4.3343e+01 l_diff: 1.4364e+01 l_align: 5.3450e+01 l_total: 1.2493e+02 
2026-05-21 23:51:20,872 INFO: [scape..][epoch:  4, iter:   9,080, lr:(9.780e-04,)][eta: 11:26:32, time (data): 0.593 (0.035)]l_bij: 3.4992e+01 l_orth: 5.6243e+01 l_diff: 1.6212e+01 l_align: 5.7149e+01 l_total: 1.6460e+02 
2026-05-21 23:51:31,510 INFO: [scape..][epoch:  4, iter:   9,100, lr:(9.780e-04,)][eta: 11:26:10, time (data): 0.571 (0.034)]l_bij: 4.4414e+01 l_orth: 6.4102e+01 l_diff: 1.3801e+01 l_align: 5.7071e+01 l_total: 1.7939e+02 
2026-05-21 23:51:41,368 INFO: [scape..][epoch:  4, iter:   9,120, lr:(9.780e-04,)][eta: 11:25:42, time (data): 0.550 (0.034)]l_bij: 1.0473e+01 l_orth: 3.9650e+01 l_diff: 1.2179e+01 l_align: 5.0789e+01 l_total: 1.1309e+02 
2026-05-21 23:51:53,258 INFO: [scape..][epoch:  4, iter:   9,140, lr:(9.780e-04,)][eta: 11:25:30, time (data): 0.560 (0.035)]l_bij: 3.7007e+01 l_orth: 5.7828e+01 l_diff: 1.4638e+01 l_align: 5.3000e+01 l_total: 1.6247e+02 
2026-05-21 23:52:04,441 INFO: [scape..][epoch:  4, iter:   9,160, lr:(9.780e-04,)][eta: 11:25:12, time (data): 0.559 (0.035)]l_bij: 1.8124e+01 l_orth: 4.0589e+01 l_diff: 1.2729e+01 l_align: 4.7780e+01 l_total: 1.1922e+02 
2026-05-21 23:52:14,303 INFO: [scape..][epoch:  4, iter:   9,180, lr:(9.780e-04,)][eta: 11:24:45, time (data): 0.550 (0.036)]l_bij: 4.0198e+01 l_orth: 5.8930e+01 l_diff: 1.8234e+01 l_align: 5.6158e+01 l_total: 1.7352e+02 
2026-05-21 23:52:26,122 INFO: [scape..][epoch:  4, iter:   9,200, lr:(9.780e-04,)][eta: 11:24:32, time (data): 0.555 (0.036)]l_bij: 4.1646e+01 l_orth: 5.9504e+01 l_diff: 1.3246e+01 l_align: 5.3698e+01 l_total: 1.6809e+02 
2026-05-21 23:52:39,272 INFO: [scape..][epoch:  4, iter:   9,220, lr:(9.780e-04,)][eta: 11:24:29, time (data): 0.567 (0.036)]l_bij: 4.8731e+01 l_orth: 6.6158e+01 l_diff: 1.4911e+01 l_align: 5.7531e+01 l_total: 1.8733e+02 
2026-05-21 23:52:48,710 INFO: [scape..][epoch:  4, iter:   9,240, lr:(9.780e-04,)][eta: 11:23:59, time (data): 0.557 (0.036)]l_bij: 4.6661e+01 l_orth: 6.5342e+01 l_diff: 1.7435e+01 l_align: 5.6966e+01 l_total: 1.8640e+02 
2026-05-21 23:52:58,433 INFO: [scape..][epoch:  4, iter:   9,260, lr:(9.780e-04,)][eta: 11:23:30, time (data): 0.450 (0.034)]l_bij: 2.8591e+01 l_orth: 5.0960e+01 l_diff: 1.6667e+01 l_align: 5.1159e+01 l_total: 1.4738e+02 
2026-05-21 23:53:08,254 INFO: [scape..][epoch:  4, iter:   9,280, lr:(9.780e-04,)][eta: 11:23:03, time (data): 0.474 (0.036)]l_bij: 4.5180e+01 l_orth: 6.4831e+01 l_diff: 1.7175e+01 l_align: 5.8814e+01 l_total: 1.8600e+02 
2026-05-21 23:53:18,599 INFO: [scape..][epoch:  4, iter:   9,300, lr:(9.780e-04,)][eta: 11:22:39, time (data): 0.490 (0.036)]l_bij: 3.6970e+01 l_orth: 5.7822e+01 l_diff: 1.5370e+01 l_align: 5.5544e+01 l_total: 1.6571e+02 
2026-05-21 23:53:29,954 INFO: [scape..][epoch:  4, iter:   9,320, lr:(9.780e-04,)][eta: 11:22:23, time (data): 0.511 (0.035)]l_bij: 2.6798e+01 l_orth: 5.0858e+01 l_diff: 1.3943e+01 l_align: 5.2035e+01 l_total: 1.4363e+02 
2026-05-21 23:53:39,689 INFO: [scape..][epoch:  4, iter:   9,340, lr:(9.780e-04,)][eta: 11:21:55, time (data): 0.506 (0.035)]l_bij: 3.6187e+01 l_orth: 5.7055e+01 l_diff: 1.7737e+01 l_align: 5.5670e+01 l_total: 1.6665e+02 
2026-05-21 23:53:50,003 INFO: [scape..][epoch:  4, iter:   9,360, lr:(9.780e-04,)][eta: 11:21:32, time (data): 0.508 (0.035)]l_bij: 4.3542e+01 l_orth: 6.3260e+01 l_diff: 1.6460e+01 l_align: 5.7040e+01 l_total: 1.8030e+02 
2026-05-21 23:53:59,973 INFO: [scape..][epoch:  4, iter:   9,380, lr:(9.780e-04,)][eta: 11:21:05, time (data): 0.506 (0.035)]l_bij: 3.9372e+01 l_orth: 5.7350e+01 l_diff: 1.6903e+01 l_align: 4.9220e+01 l_total: 1.6284e+02 
2026-05-21 23:54:10,284 INFO: [scape..][epoch:  4, iter:   9,400, lr:(9.780e-04,)][eta: 11:20:42, time (data): 0.507 (0.035)]l_bij: 4.5614e+01 l_orth: 6.2995e+01 l_diff: 1.4660e+01 l_align: 5.6564e+01 l_total: 1.7983e+02 
2026-05-21 23:54:21,153 INFO: [scape..][epoch:  4, iter:   9,420, lr:(9.780e-04,)][eta: 11:20:23, time (data): 0.511 (0.035)]l_bij: 4.0901e+01 l_orth: 6.2323e+01 l_diff: 1.3909e+01 l_align: 5.5275e+01 l_total: 1.7241e+02 
2026-05-21 23:54:31,143 INFO: [scape..][epoch:  4, iter:   9,440, lr:(9.780e-04,)][eta: 11:19:57, time (data): 0.510 (0.035)]l_bij: 3.0303e+01 l_orth: 5.3690e+01 l_diff: 1.5949e+01 l_align: 5.3390e+01 l_total: 1.5333e+02 
2026-05-21 23:54:42,294 INFO: [scape..][epoch:  4, iter:   9,460, lr:(9.780e-04,)][eta: 11:19:39, time (data): 0.503 (0.039)]l_bij: 3.8156e+01 l_orth: 5.7526e+01 l_diff: 1.6306e+01 l_align: 5.3519e+01 l_total: 1.6551e+02 
2026-05-21 23:54:52,395 INFO: [scape..][epoch:  4, iter:   9,480, lr:(9.780e-04,)][eta: 11:19:15, time (data): 0.504 (0.037)]l_bij: 4.1840e+01 l_orth: 5.9224e+01 l_diff: 1.4329e+01 l_align: 5.5790e+01 l_total: 1.7118e+02 
2026-05-21 23:55:03,487 INFO: [scape..][epoch:  4, iter:   9,500, lr:(9.780e-04,)][eta: 11:18:57, time (data): 0.523 (0.037)]l_bij: 1.7082e+01 l_orth: 4.6174e+01 l_diff: 1.3599e+01 l_align: 5.5208e+01 l_total: 1.3206e+02 
2026-05-21 23:55:15,615 INFO: [scape..][epoch:  4, iter:   9,520, lr:(9.780e-04,)][eta: 11:18:47, time (data): 0.546 (0.036)]l_bij: 4.1959e+01 l_orth: 6.1998e+01 l_diff: 1.4927e+01 l_align: 5.6110e+01 l_total: 1.7499e+02 
2026-05-21 23:55:26,881 INFO: [scape..][epoch:  4, iter:   9,540, lr:(9.780e-04,)][eta: 11:18:30, time (data): 0.550 (0.036)]l_bij: 2.6501e+01 l_orth: 5.0165e+01 l_diff: 1.2639e+01 l_align: 5.2998e+01 l_total: 1.4230e+02 
2026-05-21 23:55:36,433 INFO: [scape..][epoch:  4, iter:   9,560, lr:(9.780e-04,)][eta: 11:18:02, time (data): 0.537 (0.036)]l_bij: 2.6564e+01 l_orth: 5.3837e+01 l_diff: 1.7181e+01 l_align: 5.6816e+01 l_total: 1.5440e+02 
2026-05-21 23:55:47,962 INFO: [scape..][epoch:  4, iter:   9,580, lr:(9.780e-04,)][eta: 11:17:47, time (data): 0.543 (0.036)]l_bij: 2.8295e+01 l_orth: 5.0995e+01 l_diff: 1.5425e+01 l_align: 5.2528e+01 l_total: 1.4724e+02 
2026-05-21 23:55:58,742 INFO: [scape..][epoch:  4, iter:   9,600, lr:(9.780e-04,)][eta: 11:17:28, time (data): 0.542 (0.036)]l_bij: 3.9346e+01 l_orth: 5.7240e+01 l_diff: 1.5395e+01 l_align: 5.1508e+01 l_total: 1.6349e+02 
2026-05-21 23:56:10,149 INFO: [scape..][epoch:  4, iter:   9,620, lr:(9.780e-04,)][eta: 11:17:12, time (data): 0.546 (0.036)]l_bij: 4.7578e+01 l_orth: 6.6436e+01 l_diff: 1.4092e+01 l_align: 5.7682e+01 l_total: 1.8579e+02 
2026-05-21 23:56:21,879 INFO: [scape..][epoch:  4, iter:   9,640, lr:(9.780e-04,)][eta: 11:16:59, time (data): 0.550 (0.036)]l_bij: 4.2869e+01 l_orth: 6.0629e+01 l_diff: 1.4969e+01 l_align: 5.4292e+01 l_total: 1.7276e+02 
2026-05-21 23:56:32,113 INFO: [scape..][epoch:  4, iter:   9,660, lr:(9.780e-04,)][eta: 11:16:36, time (data): 0.530 (0.036)]l_bij: 7.5152e+01 l_orth: 8.8906e+01 l_diff: 1.9328e+01 l_align: 6.5770e+01 l_total: 2.4916e+02 
2026-05-21 23:56:43,029 INFO: [scape..][epoch:  4, iter:   9,680, lr:(9.780e-04,)][eta: 11:16:17, time (data): 0.540 (0.037)]l_bij: 1.6454e+01 l_orth: 4.2237e+01 l_diff: 1.5122e+01 l_align: 4.9604e+01 l_total: 1.2342e+02 
2026-05-21 23:56:53,097 INFO: [scape..][epoch:  4, iter:   9,700, lr:(9.780e-04,)][eta: 11:15:53, time (data): 0.526 (0.037)]l_bij: 4.6637e+01 l_orth: 6.4534e+01 l_diff: 1.6095e+01 l_align: 5.8828e+01 l_total: 1.8609e+02 
2026-05-21 23:57:03,299 INFO: [scape..][epoch:  4, iter:   9,720, lr:(9.780e-04,)][eta: 11:15:29, time (data): 0.521 (0.037)]l_bij: 4.8100e+01 l_orth: 6.6380e+01 l_diff: 1.5056e+01 l_align: 5.6125e+01 l_total: 1.8566e+02 
2026-05-21 23:57:13,895 INFO: [scape..][epoch:  4, iter:   9,740, lr:(9.780e-04,)][eta: 11:15:08, time (data): 0.523 (0.037)]l_bij: 4.7431e+01 l_orth: 6.4638e+01 l_diff: 1.5229e+01 l_align: 5.6973e+01 l_total: 1.8427e+02 
2026-05-21 23:57:25,095 INFO: [scape..][epoch:  4, iter:   9,760, lr:(9.780e-04,)][eta: 11:14:52, time (data): 0.530 (0.037)]l_bij: 2.7470e+01 l_orth: 5.1542e+01 l_diff: 1.5973e+01 l_align: 5.3640e+01 l_total: 1.4863e+02 
2026-05-21 23:57:36,536 INFO: [scape..][epoch:  4, iter:   9,780, lr:(9.780e-04,)][eta: 11:14:37, time (data): 0.536 (0.037)]l_bij: 3.1150e+01 l_orth: 5.1834e+01 l_diff: 1.5364e+01 l_align: 4.9438e+01 l_total: 1.4779e+02 
2026-05-21 23:57:48,194 INFO: [scape..][epoch:  4, iter:   9,800, lr:(9.780e-04,)][eta: 11:14:24, time (data): 0.542 (0.037)]l_bij: 8.7320e+01 l_orth: 9.5547e+01 l_diff: 2.8504e+01 l_align: 7.3383e+01 l_total: 2.8475e+02 
2026-05-21 23:57:59,692 INFO: [scape..][epoch:  4, iter:   9,820, lr:(9.780e-04,)][eta: 11:14:09, time (data): 0.546 (0.036)]l_bij: 4.7828e+01 l_orth: 6.4362e+01 l_diff: 1.3153e+01 l_align: 5.5537e+01 l_total: 1.8088e+02 
2026-05-21 23:58:10,781 INFO: [scape..][epoch:  4, iter:   9,840, lr:(9.780e-04,)][eta: 11:13:52, time (data): 0.547 (0.036)]l_bij: 2.3855e+01 l_orth: 5.0841e+01 l_diff: 1.3646e+01 l_align: 5.3318e+01 l_total: 1.4166e+02 
2026-05-21 23:58:19,944 INFO: [scape..][epoch:  4, iter:   9,860, lr:(9.780e-04,)][eta: 11:13:22, time (data): 0.437 (0.035)]l_bij: 4.3625e+01 l_orth: 6.0865e+01 l_diff: 1.5994e+01 l_align: 5.4946e+01 l_total: 1.7543e+02 
2026-05-21 23:58:30,693 INFO: [scape..][epoch:  4, iter:   9,880, lr:(9.780e-04,)][eta: 11:13:02, time (data): 0.502 (0.036)]l_bij: 4.4772e+01 l_orth: 6.1287e+01 l_diff: 1.5167e+01 l_align: 5.3687e+01 l_total: 1.7491e+02 
2026-05-21 23:58:41,622 INFO: [scape..][epoch:  4, iter:   9,900, lr:(9.780e-04,)][eta: 11:12:44, time (data): 0.519 (0.037)]l_bij: 5.1617e+01 l_orth: 6.9157e+01 l_diff: 1.1867e+01 l_align: 6.1731e+01 l_total: 1.9437e+02 
2026-05-21 23:58:54,299 INFO: [scape..][epoch:  4, iter:   9,920, lr:(9.780e-04,)][eta: 11:12:38, time (data): 0.551 (0.037)]l_bij: 2.7144e+01 l_orth: 4.9568e+01 l_diff: 1.5146e+01 l_align: 5.1704e+01 l_total: 1.4356e+02 
2026-05-21 23:59:05,394 INFO: [scape..][epoch:  4, iter:   9,940, lr:(9.780e-04,)][eta: 11:12:21, time (data): 0.552 (0.036)]l_bij: 4.8306e+01 l_orth: 6.4536e+01 l_diff: 1.1876e+01 l_align: 5.5582e+01 l_total: 1.8030e+02 
2026-05-21 23:59:17,077 INFO: [scape..][epoch:  4, iter:   9,960, lr:(9.780e-04,)][eta: 11:12:08, time (data): 0.558 (0.036)]l_bij: 3.8785e+01 l_orth: 5.9863e+01 l_diff: 1.5705e+01 l_align: 5.3087e+01 l_total: 1.6744e+02 
2026-05-21 23:59:26,096 INFO: [scape..][epoch:  4, iter:   9,980, lr:(9.780e-04,)][eta: 11:11:37, time (data): 0.542 (0.036)]l_bij: 3.5365e+01 l_orth: 5.5140e+01 l_diff: 1.4915e+01 l_align: 5.1517e+01 l_total: 1.5694e+02 
2026-05-21 23:59:36,061 INFO: [scape..][epoch:  4, iter:  10,000, lr:(9.780e-04,)][eta: 11:11:12, time (data): 0.536 (0.036)]l_bij: 3.1278e+01 l_orth: 5.3363e+01 l_diff: 1.4867e+01 l_align: 5.3017e+01 l_total: 1.5252e+02 
2026-05-21 23:59:47,872 INFO: [scape..][epoch:  4, iter:  10,020, lr:(9.780e-04,)][eta: 11:11:00, time (data): 0.542 (0.036)]l_bij: 3.4618e+01 l_orth: 5.7851e+01 l_diff: 1.4599e+01 l_align: 5.4894e+01 l_total: 1.6196e+02 
2026-05-22 00:00:01,034 INFO: [scape..][epoch:  4, iter:  10,040, lr:(9.780e-04,)][eta: 11:10:57, time (data): 0.554 (0.036)]l_bij: 1.7474e+01 l_orth: 4.6563e+01 l_diff: 1.4150e+01 l_align: 5.1920e+01 l_total: 1.3011e+02 
2026-05-22 00:00:11,906 INFO: [scape..][epoch:  4, iter:  10,060, lr:(9.780e-04,)][eta: 11:10:39, time (data): 0.600 (0.034)]l_bij: 3.5490e+01 l_orth: 5.5827e+01 l_diff: 1.7576e+01 l_align: 5.3580e+01 l_total: 1.6247e+02 
2026-05-22 00:00:25,479 INFO: [scape..][epoch:  4, iter:  10,080, lr:(9.780e-04,)][eta: 11:10:39, time (data): 0.653 (0.033)]l_bij: 5.1107e+01 l_orth: 6.7897e+01 l_diff: 1.4163e+01 l_align: 6.0501e+01 l_total: 1.9367e+02 
2026-05-22 00:00:36,981 INFO: [scape..][epoch:  4, iter:  10,100, lr:(9.780e-04,)][eta: 11:10:24, time (data): 0.621 (0.035)]l_bij: 1.9971e+01 l_orth: 4.3357e+01 l_diff: 1.1496e+01 l_align: 4.7850e+01 l_total: 1.2267e+02 
2026-05-22 00:00:48,366 INFO: [scape..][epoch:  4, iter:  10,120, lr:(9.780e-04,)][eta: 11:10:09, time (data): 0.607 (0.035)]l_bij: 2.7945e+01 l_orth: 4.6641e+01 l_diff: 1.1961e+01 l_align: 4.7778e+01 l_total: 1.3432e+02 
2026-05-22 00:00:58,434 INFO: [scape..][epoch:  4, iter:  10,140, lr:(9.780e-04,)][eta: 11:09:46, time (data): 0.584 (0.035)]l_bij: 2.3016e+01 l_orth: 4.7260e+01 l_diff: 1.1030e+01 l_align: 5.1824e+01 l_total: 1.3313e+02 
2026-05-22 00:01:08,866 INFO: [scape..][epoch:  4, iter:  10,160, lr:(9.780e-04,)][eta: 11:09:25, time (data): 0.572 (0.035)]l_bij: 3.8282e+01 l_orth: 5.7931e+01 l_diff: 1.5493e+01 l_align: 5.5043e+01 l_total: 1.6675e+02 
2026-05-22 00:01:21,682 INFO: [scape..][epoch:  4, iter:  10,180, lr:(9.780e-04,)][eta: 11:09:19, time (data): 0.583 (0.035)]l_bij: 4.0414e+01 l_orth: 5.6522e+01 l_diff: 1.3736e+01 l_align: 5.1059e+01 l_total: 1.6173e+02 
2026-05-22 00:01:33,108 INFO: [scape..][epoch:  4, iter:  10,200, lr:(9.780e-04,)][eta: 11:09:05, time (data): 0.581 (0.035)]l_bij: 7.4112e+01 l_orth: 8.6750e+01 l_diff: 1.7549e+01 l_align: 6.8369e+01 l_total: 2.4678e+02 
2026-05-22 00:01:44,479 INFO: [scape..][epoch:  4, iter:  10,220, lr:(9.780e-04,)][eta: 11:08:50, time (data): 0.580 (0.035)]l_bij: 4.3691e+01 l_orth: 6.2120e+01 l_diff: 1.2351e+01 l_align: 5.8427e+01 l_total: 1.7659e+02 
2026-05-22 00:01:53,666 INFO: [scape..][epoch:  4, iter:  10,240, lr:(9.780e-04,)][eta: 11:08:20, time (data): 0.567 (0.035)]l_bij: 4.7188e+01 l_orth: 6.3889e+01 l_diff: 1.5361e+01 l_align: 5.5863e+01 l_total: 1.8230e+02 
2026-05-22 00:02:05,207 INFO: [scape..][epoch:  4, iter:  10,260, lr:(9.780e-04,)][eta: 11:08:07, time (data): 0.477 (0.036)]l_bij: 2.0626e+01 l_orth: 4.6295e+01 l_diff: 1.3954e+01 l_align: 5.3645e+01 l_total: 1.3452e+02 
2026-05-22 00:02:16,489 INFO: [scape..][epoch:  4, iter:  10,280, lr:(9.780e-04,)][eta: 11:07:51, time (data): 0.537 (0.036)]l_bij: 2.8388e+01 l_orth: 5.3536e+01 l_diff: 1.5524e+01 l_align: 5.4956e+01 l_total: 1.5240e+02 
2026-05-22 00:02:25,918 INFO: [scape..][epoch:  4, iter:  10,300, lr:(9.780e-04,)][eta: 11:07:24, time (data): 0.510 (0.035)]l_bij: 4.4525e+01 l_orth: 6.1700e+01 l_diff: 1.7515e+01 l_align: 5.4023e+01 l_total: 1.7776e+02 
2026-05-22 00:02:38,282 INFO: [scape..][epoch:  4, iter:  10,320, lr:(9.780e-04,)][eta: 11:07:15, time (data): 0.542 (0.035)]l_bij: 4.5879e+01 l_orth: 6.2751e+01 l_diff: 1.6029e+01 l_align: 5.4316e+01 l_total: 1.7897e+02 
2026-05-22 00:02:49,264 INFO: [scape..][epoch:  4, iter:  10,340, lr:(9.780e-04,)][eta: 11:06:58, time (data): 0.543 (0.035)]l_bij: 2.6985e+01 l_orth: 4.9082e+01 l_diff: 1.4257e+01 l_align: 5.1253e+01 l_total: 1.4158e+02 
2026-05-22 00:03:00,016 INFO: [scape..][epoch:  4, iter:  10,360, lr:(9.780e-04,)][eta: 11:06:39, time (data): 0.542 (0.035)]l_bij: 3.0952e+01 l_orth: 5.0108e+01 l_diff: 1.7233e+01 l_align: 4.9753e+01 l_total: 1.4805e+02 
2026-05-22 00:03:10,927 INFO: [scape..][epoch:  4, iter:  10,380, lr:(9.780e-04,)][eta: 11:06:21, time (data): 0.543 (0.035)]l_bij: 4.3005e+01 l_orth: 6.1796e+01 l_diff: 1.4122e+01 l_align: 5.3556e+01 l_total: 1.7248e+02 
2026-05-22 00:03:23,833 INFO: [scape..][epoch:  4, iter:  10,400, lr:(9.780e-04,)][eta: 11:06:17, time (data): 0.556 (0.035)]l_bij: 3.9061e+01 l_orth: 5.8887e+01 l_diff: 1.4597e+01 l_align: 5.1548e+01 l_total: 1.6409e+02 
2026-05-22 00:03:37,626 INFO: [scape..][epoch:  5, iter:  10,420, lr:(9.611e-04,)][eta: 11:06:17, time (data): 0.572 (0.040)]l_bij: 3.4032e+01 l_orth: 5.6509e+01 l_diff: 1.3980e+01 l_align: 5.3322e+01 l_total: 1.5784e+02 
2026-05-22 00:03:50,587 INFO: [scape..][epoch:  5, iter:  10,440, lr:(9.611e-04,)][eta: 11:06:13, time (data): 0.580 (0.039)]l_bij: 4.5803e+01 l_orth: 6.4703e+01 l_diff: 1.7073e+01 l_align: 5.6593e+01 l_total: 1.8417e+02 
2026-05-22 00:04:02,287 INFO: [scape..][epoch:  5, iter:  10,460, lr:(9.611e-04,)][eta: 11:06:00, time (data): 0.590 (0.038)]l_bij: 4.2631e+01 l_orth: 5.9848e+01 l_diff: 1.5924e+01 l_align: 5.0771e+01 l_total: 1.6917e+02 
2026-05-22 00:04:13,650 INFO: [scape..][epoch:  5, iter:  10,480, lr:(9.611e-04,)][eta: 11:05:46, time (data): 0.574 (0.037)]l_bij: 4.4970e+01 l_orth: 6.4552e+01 l_diff: 1.3743e+01 l_align: 5.7457e+01 l_total: 1.8072e+02 
2026-05-22 00:04:25,031 INFO: [scape..][epoch:  5, iter:  10,500, lr:(9.611e-04,)][eta: 11:05:31, time (data): 0.572 (0.037)]l_bij: 3.7683e+01 l_orth: 5.6156e+01 l_diff: 1.4097e+01 l_align: 5.3104e+01 l_total: 1.6104e+02 
2026-05-22 00:04:35,250 INFO: [scape..][epoch:  5, iter:  10,520, lr:(9.611e-04,)][eta: 11:05:09, time (data): 0.554 (0.037)]l_bij: 2.5343e+01 l_orth: 4.9212e+01 l_diff: 1.2246e+01 l_align: 5.0909e+01 l_total: 1.3771e+02 
2026-05-22 00:04:47,619 INFO: [scape..][epoch:  5, iter:  10,540, lr:(9.611e-04,)][eta: 11:05:00, time (data): 0.569 (0.036)]l_bij: 3.4534e+01 l_orth: 5.8142e+01 l_diff: 1.6190e+01 l_align: 5.5423e+01 l_total: 1.6429e+02 
2026-05-22 00:04:58,044 INFO: [scape..][epoch:  5, iter:  10,560, lr:(9.611e-04,)][eta: 11:04:40, time (data): 0.560 (0.036)]l_bij: 2.7208e+01 l_orth: 4.9079e+01 l_diff: 1.7769e+01 l_align: 5.2105e+01 l_total: 1.4616e+02 
2026-05-22 00:05:09,782 INFO: [scape..][epoch:  5, iter:  10,580, lr:(9.611e-04,)][eta: 11:04:27, time (data): 0.564 (0.036)]l_bij: 2.8857e+01 l_orth: 5.1620e+01 l_diff: 1.4004e+01 l_align: 5.1836e+01 l_total: 1.4632e+02 
2026-05-22 00:05:23,629 INFO: [scape..][epoch:  5, iter:  10,600, lr:(9.611e-04,)][eta: 11:04:28, time (data): 0.581 (0.036)]l_bij: 2.7730e+01 l_orth: 5.0859e+01 l_diff: 1.3553e+01 l_align: 5.2928e+01 l_total: 1.4507e+02 
2026-05-22 00:05:33,844 INFO: [scape..][epoch:  5, iter:  10,620, lr:(9.611e-04,)][eta: 11:04:06, time (data): 0.573 (0.036)]l_bij: 4.7507e+01 l_orth: 6.2675e+01 l_diff: 1.8101e+01 l_align: 5.6201e+01 l_total: 1.8448e+02 
2026-05-22 00:05:46,433 INFO: [scape..][epoch:  5, iter:  10,640, lr:(9.611e-04,)][eta: 11:03:59, time (data): 0.579 (0.036)]l_bij: 3.8606e+01 l_orth: 5.7234e+01 l_diff: 1.2839e+01 l_align: 5.1787e+01 l_total: 1.6047e+02 
2026-05-22 00:05:59,494 INFO: [scape..][epoch:  5, iter:  10,660, lr:(9.611e-04,)][eta: 11:03:55, time (data): 0.621 (0.033)]l_bij: 4.4340e+01 l_orth: 6.4093e+01 l_diff: 1.4100e+01 l_align: 5.8546e+01 l_total: 1.8108e+02 
2026-05-22 00:06:13,393 INFO: [scape..][epoch:  5, iter:  10,680, lr:(9.611e-04,)][eta: 11:03:57, time (data): 0.676 (0.035)]l_bij: 1.9383e+01 l_orth: 4.2892e+01 l_diff: 1.1138e+01 l_align: 4.7063e+01 l_total: 1.2048e+02 
2026-05-22 00:06:26,088 INFO: [scape..][epoch:  5, iter:  10,700, lr:(9.611e-04,)][eta: 11:03:50, time (data): 0.658 (0.035)]l_bij: 3.1779e+01 l_orth: 4.9689e+01 l_diff: 1.5106e+01 l_align: 4.8483e+01 l_total: 1.4506e+02 
2026-05-22 00:06:36,621 INFO: [scape..][epoch:  5, iter:  10,720, lr:(9.611e-04,)][eta: 11:03:30, time (data): 0.619 (0.035)]l_bij: 5.3408e+01 l_orth: 6.6014e+01 l_diff: 1.4052e+01 l_align: 5.6008e+01 l_total: 1.8948e+02 
2026-05-22 00:06:47,806 INFO: [scape..][epoch:  5, iter:  10,740, lr:(9.611e-04,)][eta: 11:03:14, time (data): 0.605 (0.035)]l_bij: 2.4033e+01 l_orth: 4.7644e+01 l_diff: 9.6398e+00 l_align: 5.0900e+01 l_total: 1.3222e+02 
2026-05-22 00:06:58,466 INFO: [scape..][epoch:  5, iter:  10,760, lr:(9.611e-04,)][eta: 11:02:55, time (data): 0.592 (0.035)]l_bij: 4.4818e+01 l_orth: 6.3354e+01 l_diff: 1.7262e+01 l_align: 5.7913e+01 l_total: 1.8335e+02 
2026-05-22 00:07:09,749 INFO: [scape..][epoch:  5, iter:  10,780, lr:(9.611e-04,)][eta: 11:02:40, time (data): 0.587 (0.035)]l_bij: 3.1390e+01 l_orth: 5.8760e+01 l_diff: 1.7443e+01 l_align: 5.6926e+01 l_total: 1.6452e+02 
2026-05-22 00:07:19,900 INFO: [scape..][epoch:  5, iter:  10,800, lr:(9.611e-04,)][eta: 11:02:18, time (data): 0.576 (0.035)]l_bij: 2.9034e+01 l_orth: 4.8969e+01 l_diff: 1.2747e+01 l_align: 5.0346e+01 l_total: 1.4110e+02 
2026-05-22 00:07:29,513 INFO: [scape..][epoch:  5, iter:  10,820, lr:(9.611e-04,)][eta: 11:01:52, time (data): 0.565 (0.035)]l_bij: 4.8088e+01 l_orth: 6.7752e+01 l_diff: 1.5235e+01 l_align: 5.6984e+01 l_total: 1.8806e+02 
2026-05-22 00:07:39,491 INFO: [scape..][epoch:  5, iter:  10,840, lr:(9.611e-04,)][eta: 11:01:29, time (data): 0.558 (0.035)]l_bij: 5.7790e+01 l_orth: 7.0519e+01 l_diff: 1.5678e+01 l_align: 5.4068e+01 l_total: 1.9806e+02 
2026-05-22 00:07:51,207 INFO: [scape..][epoch:  5, iter:  10,860, lr:(9.611e-04,)][eta: 11:01:17, time (data): 0.383 (0.038)]l_bij: 4.6122e+01 l_orth: 6.2717e+01 l_diff: 1.8224e+01 l_align: 5.2459e+01 l_total: 1.7952e+02 
2026-05-22 00:08:02,145 INFO: [scape..][epoch:  5, iter:  10,880, lr:(9.611e-04,)][eta: 11:00:59, time (data): 0.509 (0.037)]l_bij: 2.3988e+01 l_orth: 5.0108e+01 l_diff: 1.3216e+01 l_align: 5.3752e+01 l_total: 1.4107e+02 
2026-05-22 00:08:11,055 INFO: [scape..][epoch:  5, iter:  10,900, lr:(9.611e-04,)][eta: 11:00:30, time (data): 0.481 (0.037)]l_bij: 1.6522e+01 l_orth: 4.5029e+01 l_diff: 1.4435e+01 l_align: 5.3804e+01 l_total: 1.2979e+02 
2026-05-22 00:08:23,328 INFO: [scape..][epoch:  5, iter:  10,920, lr:(9.611e-04,)][eta: 11:00:21, time (data): 0.521 (0.036)]l_bij: 3.5245e+01 l_orth: 5.7034e+01 l_diff: 1.3217e+01 l_align: 5.1600e+01 l_total: 1.5710e+02 
2026-05-22 00:08:34,093 INFO: [scape..][epoch:  5, iter:  10,940, lr:(9.611e-04,)][eta: 11:00:02, time (data): 0.525 (0.036)]l_bij: 3.8881e+01 l_orth: 6.1836e+01 l_diff: 1.7087e+01 l_align: 5.7225e+01 l_total: 1.7503e+02 
2026-05-22 00:08:46,421 INFO: [scape..][epoch:  5, iter:  10,960, lr:(9.611e-04,)][eta: 10:59:54, time (data): 0.542 (0.035)]l_bij: 2.2058e+01 l_orth: 4.7503e+01 l_diff: 1.6388e+01 l_align: 4.9482e+01 l_total: 1.3543e+02 
2026-05-22 00:08:57,620 INFO: [scape..][epoch:  5, iter:  10,980, lr:(9.611e-04,)][eta: 10:59:38, time (data): 0.545 (0.035)]l_bij: 3.0371e+01 l_orth: 5.5031e+01 l_diff: 1.5453e+01 l_align: 5.3661e+01 l_total: 1.5452e+02 
2026-05-22 00:09:07,445 INFO: [scape..][epoch:  5, iter:  11,000, lr:(9.611e-04,)][eta: 10:59:14, time (data): 0.538 (0.035)]l_bij: 4.0911e+01 l_orth: 6.0557e+01 l_diff: 1.5195e+01 l_align: 5.3150e+01 l_total: 1.6981e+02 
2026-05-22 00:09:18,150 INFO: [scape..][epoch:  5, iter:  11,020, lr:(9.611e-04,)][eta: 10:58:56, time (data): 0.538 (0.035)]l_bij: 3.8294e+01 l_orth: 5.8771e+01 l_diff: 1.5291e+01 l_align: 5.5572e+01 l_total: 1.6793e+02 
2026-05-22 00:09:31,515 INFO: [scape..][epoch:  5, iter:  11,040, lr:(9.611e-04,)][eta: 10:58:54, time (data): 0.552 (0.035)]l_bij: 3.0282e+01 l_orth: 4.9946e+01 l_diff: 1.4192e+01 l_align: 4.8514e+01 l_total: 1.4293e+02 
2026-05-22 00:09:41,685 INFO: [scape..][epoch:  5, iter:  11,060, lr:(9.611e-04,)][eta: 10:58:32, time (data): 0.516 (0.031)]l_bij: 3.0270e+01 l_orth: 5.1222e+01 l_diff: 1.2898e+01 l_align: 5.0159e+01 l_total: 1.4455e+02 
2026-05-22 00:09:55,440 INFO: [scape..][epoch:  5, iter:  11,080, lr:(9.611e-04,)][eta: 10:58:32, time (data): 0.653 (0.037)]l_bij: 3.9866e+01 l_orth: 5.8962e+01 l_diff: 1.8654e+01 l_align: 5.5431e+01 l_total: 1.7291e+02 
2026-05-22 00:10:06,084 INFO: [scape..][epoch:  5, iter:  11,100, lr:(9.611e-04,)][eta: 10:58:13, time (data): 0.599 (0.037)]l_bij: 5.3701e+01 l_orth: 6.8018e+01 l_diff: 1.5561e+01 l_align: 5.4612e+01 l_total: 1.9189e+02 
2026-05-22 00:10:15,989 INFO: [scape..][epoch:  5, iter:  11,120, lr:(9.611e-04,)][eta: 10:57:50, time (data): 0.567 (0.037)]l_bij: 2.9775e+01 l_orth: 5.4943e+01 l_diff: 1.7343e+01 l_align: 5.5756e+01 l_total: 1.5782e+02 
2026-05-22 00:10:27,086 INFO: [scape..][epoch:  5, iter:  11,140, lr:(9.611e-04,)][eta: 10:57:34, time (data): 0.564 (0.036)]l_bij: 6.0953e+01 l_orth: 7.7643e+01 l_diff: 1.5357e+01 l_align: 6.6814e+01 l_total: 2.2077e+02 
2026-05-22 00:10:38,348 INFO: [scape..][epoch:  5, iter:  11,160, lr:(9.611e-04,)][eta: 10:57:19, time (data): 0.564 (0.036)]l_bij: 3.5437e+01 l_orth: 5.5496e+01 l_diff: 1.3145e+01 l_align: 5.0780e+01 l_total: 1.5486e+02 
2026-05-22 00:10:48,777 INFO: [scape..][epoch:  5, iter:  11,180, lr:(9.611e-04,)][eta: 10:56:59, time (data): 0.557 (0.036)]l_bij: 5.2675e+01 l_orth: 6.7082e+01 l_diff: 2.0358e+01 l_align: 5.4952e+01 l_total: 1.9507e+02 
2026-05-22 00:10:59,618 INFO: [scape..][epoch:  5, iter:  11,200, lr:(9.611e-04,)][eta: 10:56:42, time (data): 0.555 (0.036)]l_bij: 2.0071e+01 l_orth: 4.7302e+01 l_diff: 1.3112e+01 l_align: 5.1686e+01 l_total: 1.3217e+02 
2026-05-22 00:11:11,441 INFO: [scape..][epoch:  5, iter:  11,220, lr:(9.611e-04,)][eta: 10:56:30, time (data): 0.560 (0.036)]l_bij: 2.7228e+01 l_orth: 4.9322e+01 l_diff: 1.5769e+01 l_align: 5.1624e+01 l_total: 1.4394e+02 
2026-05-22 00:11:22,255 INFO: [scape..][epoch:  5, iter:  11,240, lr:(9.611e-04,)][eta: 10:56:12, time (data): 0.557 (0.036)]l_bij: 2.8335e+01 l_orth: 5.0630e+01 l_diff: 1.5793e+01 l_align: 5.2338e+01 l_total: 1.4710e+02 
2026-05-22 00:11:33,240 INFO: [scape..][epoch:  5, iter:  11,260, lr:(9.611e-04,)][eta: 10:55:56, time (data): 0.481 (0.039)]l_bij: 4.2723e+01 l_orth: 5.8356e+01 l_diff: 1.5248e+01 l_align: 5.1046e+01 l_total: 1.6737e+02 
2026-05-22 00:11:47,286 INFO: [scape..][epoch:  5, iter:  11,280, lr:(9.611e-04,)][eta: 10:55:57, time (data): 0.665 (0.035)]l_bij: 3.1183e+01 l_orth: 5.1732e+01 l_diff: 1.2575e+01 l_align: 5.1991e+01 l_total: 1.4748e+02 
2026-05-22 00:11:58,852 INFO: [scape..][epoch:  5, iter:  11,300, lr:(9.611e-04,)][eta: 10:55:44, time (data): 0.626 (0.034)]l_bij: 4.2003e+01 l_orth: 5.9732e+01 l_diff: 1.5229e+01 l_align: 5.2605e+01 l_total: 1.6957e+02 
2026-05-22 00:12:09,199 INFO: [scape..][epoch:  5, iter:  11,320, lr:(9.611e-04,)][eta: 10:55:24, time (data): 0.592 (0.035)]l_bij: 4.4036e+01 l_orth: 6.0464e+01 l_diff: 1.2392e+01 l_align: 5.0621e+01 l_total: 1.6751e+02 
2026-05-22 00:12:18,859 INFO: [scape..][epoch:  5, iter:  11,340, lr:(9.611e-04,)][eta: 10:55:00, time (data): 0.566 (0.035)]l_bij: 2.5123e+01 l_orth: 4.7101e+01 l_diff: 1.4402e+01 l_align: 4.9196e+01 l_total: 1.3582e+02 
2026-05-22 00:12:31,302 INFO: [scape..][epoch:  5, iter:  11,360, lr:(9.611e-04,)][eta: 10:54:52, time (data): 0.577 (0.035)]l_bij: 3.7023e+01 l_orth: 5.5873e+01 l_diff: 1.2764e+01 l_align: 5.1694e+01 l_total: 1.5735e+02 
2026-05-22 00:12:41,901 INFO: [scape..][epoch:  5, iter:  11,380, lr:(9.611e-04,)][eta: 10:54:33, time (data): 0.569 (0.035)]l_bij: 5.5332e+01 l_orth: 7.2426e+01 l_diff: 1.3341e+01 l_align: 5.9017e+01 l_total: 2.0012e+02 
2026-05-22 00:12:53,172 INFO: [scape..][epoch:  5, iter:  11,400, lr:(9.611e-04,)][eta: 10:54:18, time (data): 0.568 (0.035)]l_bij: 3.7873e+01 l_orth: 5.7253e+01 l_diff: 1.2909e+01 l_align: 5.1616e+01 l_total: 1.5965e+02 
2026-05-22 00:13:06,717 INFO: [scape..][epoch:  5, iter:  11,420, lr:(9.611e-04,)][eta: 10:54:17, time (data): 0.582 (0.035)]l_bij: 4.5541e+01 l_orth: 6.4994e+01 l_diff: 1.5809e+01 l_align: 5.4646e+01 l_total: 1.8099e+02 
2026-05-22 00:13:17,995 INFO: [scape..][epoch:  5, iter:  11,440, lr:(9.611e-04,)][eta: 10:54:02, time (data): 0.580 (0.035)]l_bij: 3.3367e+01 l_orth: 5.7729e+01 l_diff: 1.6265e+01 l_align: 5.3149e+01 l_total: 1.6051e+02 
2026-05-22 00:13:29,313 INFO: [scape..][epoch:  5, iter:  11,460, lr:(9.611e-04,)][eta: 10:53:47, time (data): 0.375 (0.044)]l_bij: 5.6010e+01 l_orth: 6.8374e+01 l_diff: 1.4082e+01 l_align: 5.6500e+01 l_total: 1.9497e+02 
2026-05-22 00:13:41,848 INFO: [scape..][epoch:  5, iter:  11,480, lr:(9.611e-04,)][eta: 10:53:40, time (data): 0.594 (0.037)]l_bij: 3.4782e+01 l_orth: 5.6768e+01 l_diff: 1.5352e+01 l_align: 5.5608e+01 l_total: 1.6251e+02 
2026-05-22 00:13:51,915 INFO: [scape..][epoch:  5, iter:  11,500, lr:(9.611e-04,)][eta: 10:53:18, time (data): 0.552 (0.038)]l_bij: 5.3311e+01 l_orth: 6.8103e+01 l_diff: 1.5437e+01 l_align: 6.1311e+01 l_total: 1.9816e+02 
2026-05-22 00:14:03,148 INFO: [scape..][epoch:  5, iter:  11,520, lr:(9.611e-04,)][eta: 10:53:03, time (data): 0.555 (0.036)]l_bij: 3.8659e+01 l_orth: 5.8626e+01 l_diff: 1.2208e+01 l_align: 5.2724e+01 l_total: 1.6222e+02 
2026-05-22 00:14:14,047 INFO: [scape..][epoch:  5, iter:  11,540, lr:(9.611e-04,)][eta: 10:52:46, time (data): 0.552 (0.036)]l_bij: 5.3622e+01 l_orth: 6.7973e+01 l_diff: 1.3096e+01 l_align: 5.4980e+01 l_total: 1.8967e+02 
2026-05-22 00:14:24,883 INFO: [scape..][epoch:  5, iter:  11,560, lr:(9.611e-04,)][eta: 10:52:29, time (data): 0.550 (0.035)]l_bij: 2.5281e+01 l_orth: 5.0084e+01 l_diff: 1.5569e+01 l_align: 5.2041e+01 l_total: 1.4298e+02 
2026-05-22 00:14:34,668 INFO: [scape..][epoch:  5, iter:  11,580, lr:(9.611e-04,)][eta: 10:52:06, time (data): 0.540 (0.035)]l_bij: 2.7157e+01 l_orth: 5.2413e+01 l_diff: 1.3813e+01 l_align: 5.0163e+01 l_total: 1.4355e+02 
2026-05-22 00:14:44,942 INFO: [scape..][epoch:  5, iter:  11,600, lr:(9.611e-04,)][eta: 10:51:45, time (data): 0.537 (0.036)]l_bij: 4.6770e+01 l_orth: 6.3574e+01 l_diff: 1.6911e+01 l_align: 5.6776e+01 l_total: 1.8403e+02 
2026-05-22 00:14:55,006 INFO: [scape..][epoch:  5, iter:  11,620, lr:(9.611e-04,)][eta: 10:51:24, time (data): 0.533 (0.036)]l_bij: 4.5632e+01 l_orth: 6.7196e+01 l_diff: 1.9033e+01 l_align: 6.2903e+01 l_total: 1.9476e+02 
2026-05-22 00:15:06,459 INFO: [scape..][epoch:  5, iter:  11,640, lr:(9.611e-04,)][eta: 10:51:10, time (data): 0.537 (0.035)]l_bij: 2.3566e+01 l_orth: 4.7251e+01 l_diff: 1.4558e+01 l_align: 5.1036e+01 l_total: 1.3641e+02 
2026-05-22 00:15:15,799 INFO: [scape..][epoch:  5, iter:  11,660, lr:(9.611e-04,)][eta: 10:50:45, time (data): 0.615 (0.031)]l_bij: 3.2556e+01 l_orth: 5.2126e+01 l_diff: 1.5333e+01 l_align: 5.1472e+01 l_total: 1.5149e+02 
2026-05-22 00:15:24,945 INFO: [scape..][epoch:  5, iter:  11,680, lr:(9.611e-04,)][eta: 10:50:18, time (data): 0.472 (0.036)]l_bij: 6.3626e+01 l_orth: 7.8244e+01 l_diff: 1.6570e+01 l_align: 6.3696e+01 l_total: 2.2214e+02 
2026-05-22 00:15:35,997 INFO: [scape..][epoch:  5, iter:  11,700, lr:(9.611e-04,)][eta: 10:50:02, time (data): 0.510 (0.035)]l_bij: 2.7791e+01 l_orth: 4.9523e+01 l_diff: 1.7836e+01 l_align: 4.9573e+01 l_total: 1.4472e+02 
2026-05-22 00:15:46,516 INFO: [scape..][epoch:  5, iter:  11,720, lr:(9.611e-04,)][eta: 10:49:44, time (data): 0.515 (0.036)]l_bij: 3.6618e+01 l_orth: 5.9488e+01 l_diff: 1.6242e+01 l_align: 5.5891e+01 l_total: 1.6824e+02 
2026-05-22 00:15:56,231 INFO: [scape..][epoch:  5, iter:  11,740, lr:(9.611e-04,)][eta: 10:49:20, time (data): 0.508 (0.036)]l_bij: 4.7212e+01 l_orth: 6.6356e+01 l_diff: 1.6574e+01 l_align: 5.7998e+01 l_total: 1.8814e+02 
2026-05-22 00:16:07,249 INFO: [scape..][epoch:  5, iter:  11,760, lr:(9.611e-04,)][eta: 10:49:04, time (data): 0.516 (0.035)]l_bij: 3.2022e+01 l_orth: 5.6592e+01 l_diff: 1.3070e+01 l_align: 5.1947e+01 l_total: 1.5363e+02 
2026-05-22 00:16:17,766 INFO: [scape..][epoch:  5, iter:  11,780, lr:(9.611e-04,)][eta: 10:48:46, time (data): 0.518 (0.035)]l_bij: 3.9692e+01 l_orth: 6.6010e+01 l_diff: 2.0460e+01 l_align: 6.1584e+01 l_total: 1.8775e+02 
2026-05-22 00:16:27,673 INFO: [scape..][epoch:  5, iter:  11,800, lr:(9.611e-04,)][eta: 10:48:24, time (data): 0.515 (0.035)]l_bij: 1.2247e+01 l_orth: 3.8736e+01 l_diff: 1.2616e+01 l_align: 4.7896e+01 l_total: 1.1150e+02 
2026-05-22 00:16:36,859 INFO: [scape..][epoch:  5, iter:  11,820, lr:(9.611e-04,)][eta: 10:47:57, time (data): 0.508 (0.035)]l_bij: 1.0112e+01 l_orth: 3.8938e+01 l_diff: 1.2540e+01 l_align: 5.2096e+01 l_total: 1.1369e+02 
2026-05-22 00:16:47,661 INFO: [scape..][epoch:  5, iter:  11,840, lr:(9.611e-04,)][eta: 10:47:40, time (data): 0.511 (0.035)]l_bij: 4.4762e+01 l_orth: 6.3131e+01 l_diff: 1.9244e+01 l_align: 5.5171e+01 l_total: 1.8231e+02 
2026-05-22 00:16:56,674 INFO: [scape..][epoch:  5, iter:  11,860, lr:(9.611e-04,)][eta: 10:47:13, time (data): 0.199 (0.029)]l_bij: 1.8332e+01 l_orth: 4.2163e+01 l_diff: 1.3826e+01 l_align: 4.9401e+01 l_total: 1.2372e+02 
2026-05-22 00:17:07,741 INFO: [scape..][epoch:  5, iter:  11,880, lr:(9.611e-04,)][eta: 10:46:58, time (data): 0.536 (0.037)]l_bij: 3.8679e+01 l_orth: 5.8928e+01 l_diff: 1.2435e+01 l_align: 5.2311e+01 l_total: 1.6235e+02 
2026-05-22 00:17:18,184 INFO: [scape..][epoch:  5, iter:  11,900, lr:(9.611e-04,)][eta: 10:46:39, time (data): 0.529 (0.037)]l_bij: 3.0254e+01 l_orth: 5.5122e+01 l_diff: 1.4799e+01 l_align: 5.0809e+01 l_total: 1.5098e+02 
2026-05-22 00:17:27,321 INFO: [scape..][epoch:  5, iter:  11,920, lr:(9.611e-04,)][eta: 10:46:13, time (data): 0.506 (0.037)]l_bij: 2.5653e+01 l_orth: 5.0238e+01 l_diff: 1.3317e+01 l_align: 5.1140e+01 l_total: 1.4035e+02 
2026-05-22 00:17:37,809 INFO: [scape..][epoch:  5, iter:  11,940, lr:(9.611e-04,)][eta: 10:45:54, time (data): 0.510 (0.036)]l_bij: 3.6542e+01 l_orth: 5.7281e+01 l_diff: 1.3018e+01 l_align: 5.4175e+01 l_total: 1.6102e+02 
2026-05-22 00:17:47,793 INFO: [scape..][epoch:  5, iter:  11,960, lr:(9.611e-04,)][eta: 10:45:33, time (data): 0.508 (0.036)]l_bij: 2.5714e+01 l_orth: 4.8193e+01 l_diff: 1.4117e+01 l_align: 4.9743e+01 l_total: 1.3777e+02 
2026-05-22 00:17:57,472 INFO: [scape..][epoch:  5, iter:  11,980, lr:(9.611e-04,)][eta: 10:45:10, time (data): 0.504 (0.036)]l_bij: 7.1063e+01 l_orth: 8.8853e+01 l_diff: 2.0775e+01 l_align: 7.1006e+01 l_total: 2.5170e+02 
2026-05-22 00:18:07,637 INFO: [scape..][epoch:  5, iter:  12,000, lr:(9.611e-04,)][eta: 10:44:50, time (data): 0.505 (0.036)]l_bij: 4.2993e+01 l_orth: 5.9650e+01 l_diff: 1.5599e+01 l_align: 5.1650e+01 l_total: 1.6989e+02 
2026-05-22 00:18:07,637 INFO: Saving models and training states.
2026-05-22 00:18:07,651 INFO: Start validation.
2026-05-22 00:22:29,042 INFO: Avg time: 0.4784
2026-05-22 00:22:29,285 INFO: Val auc: 0.8054
2026-05-22 00:22:29,289 INFO: Val avg error: 0.0195
2026-05-22 00:22:29,292 INFO: Best model is updated, average geodesic error: 0.0195
2026-05-22 00:22:39,959 INFO: [scape..][epoch:  5, iter:  12,020, lr:(9.611e-04,)][eta: 11:08:29, time (data): 0.508 (0.036)]l_bij: 3.3913e+01 l_orth: 5.2507e+01 l_diff: 1.3680e+01 l_align: 5.0251e+01 l_total: 1.5035e+02 
2026-05-22 00:22:51,378 INFO: [scape..][epoch:  5, iter:  12,040, lr:(9.611e-04,)][eta: 11:08:13, time (data): 0.515 (0.036)]l_bij: 3.6968e+01 l_orth: 5.6713e+01 l_diff: 1.7086e+01 l_align: 5.3244e+01 l_total: 1.6401e+02 
2026-05-22 00:23:01,837 INFO: [scape..][epoch:  5, iter:  12,060, lr:(9.611e-04,)][eta: 11:07:51, time (data): 0.515 (0.036)]l_bij: 4.5493e+01 l_orth: 6.0556e+01 l_diff: 1.2428e+01 l_align: 5.1616e+01 l_total: 1.7009e+02 
2026-05-22 00:23:12,237 INFO: [scape..][epoch:  5, iter:  12,080, lr:(9.611e-04,)][eta: 11:07:30, time (data): 0.520 (0.037)]l_bij: 4.0853e+01 l_orth: 5.9041e+01 l_diff: 1.4339e+01 l_align: 5.2312e+01 l_total: 1.6654e+02 
2026-05-22 00:23:21,773 INFO: [scape..][epoch:  5, iter:  12,100, lr:(9.611e-04,)][eta: 11:07:03, time (data): 0.498 (0.035)]l_bij: 2.7698e+01 l_orth: 4.8379e+01 l_diff: 1.6248e+01 l_align: 4.8418e+01 l_total: 1.4074e+02 
2026-05-22 00:23:32,116 INFO: [scape..][epoch:  5, iter:  12,120, lr:(9.611e-04,)][eta: 11:06:41, time (data): 0.505 (0.035)]l_bij: 2.2175e+01 l_orth: 4.5822e+01 l_diff: 1.4530e+01 l_align: 5.1278e+01 l_total: 1.3381e+02 
2026-05-22 00:23:42,971 INFO: [scape..][epoch:  5, iter:  12,140, lr:(9.611e-04,)][eta: 11:06:22, time (data): 0.514 (0.036)]l_bij: 3.3470e+01 l_orth: 5.5460e+01 l_diff: 1.7860e+01 l_align: 5.2069e+01 l_total: 1.5886e+02 
2026-05-22 00:23:53,999 INFO: [scape..][epoch:  5, iter:  12,160, lr:(9.611e-04,)][eta: 11:06:04, time (data): 0.522 (0.036)]l_bij: 4.7183e+01 l_orth: 6.5307e+01 l_diff: 1.5684e+01 l_align: 5.8100e+01 l_total: 1.8627e+02 
2026-05-22 00:24:02,662 INFO: [scape..][epoch:  5, iter:  12,180, lr:(9.611e-04,)][eta: 11:05:33, time (data): 0.507 (0.036)]l_bij: 4.1648e+01 l_orth: 6.3325e+01 l_diff: 1.4715e+01 l_align: 5.4904e+01 l_total: 1.7459e+02 
2026-05-22 00:24:12,411 INFO: [scape..][epoch:  5, iter:  12,200, lr:(9.611e-04,)][eta: 11:05:08, time (data): 0.504 (0.036)]l_bij: 2.9609e+01 l_orth: 5.0330e+01 l_diff: 1.6468e+01 l_align: 4.7316e+01 l_total: 1.4372e+02 
2026-05-22 00:24:22,830 INFO: [scape..][epoch:  5, iter:  12,220, lr:(9.611e-04,)][eta: 11:04:47, time (data): 0.506 (0.036)]l_bij: 3.2648e+01 l_orth: 5.5826e+01 l_diff: 1.3712e+01 l_align: 5.1449e+01 l_total: 1.5364e+02 
2026-05-22 00:24:33,374 INFO: [scape..][epoch:  5, iter:  12,240, lr:(9.611e-04,)][eta: 11:04:26, time (data): 0.508 (0.036)]l_bij: 5.0844e+01 l_orth: 6.5457e+01 l_diff: 1.5358e+01 l_align: 5.4312e+01 l_total: 1.8597e+02 
2026-05-22 00:24:43,187 INFO: [scape..][epoch:  5, iter:  12,260, lr:(9.611e-04,)][eta: 11:04:02, time (data): 0.507 (0.036)]l_bij: 4.2049e+01 l_orth: 6.3859e+01 l_diff: 1.5409e+01 l_align: 5.8031e+01 l_total: 1.7935e+02 
2026-05-22 00:24:52,652 INFO: [scape..][epoch:  5, iter:  12,280, lr:(9.611e-04,)][eta: 11:03:36, time (data): 0.463 (0.037)]l_bij: 3.3679e+01 l_orth: 5.6445e+01 l_diff: 1.8417e+01 l_align: 5.5180e+01 l_total: 1.6372e+02 
2026-05-22 00:25:04,363 INFO: [scape..][epoch:  5, iter:  12,300, lr:(9.611e-04,)][eta: 11:03:21, time (data): 0.526 (0.037)]l_bij: 3.3518e+01 l_orth: 6.3633e+01 l_diff: 1.8765e+01 l_align: 6.0841e+01 l_total: 1.7676e+02 
2026-05-22 00:25:14,319 INFO: [scape..][epoch:  5, iter:  12,320, lr:(9.611e-04,)][eta: 11:02:58, time (data): 0.516 (0.037)]l_bij: 3.6010e+01 l_orth: 5.4354e+01 l_diff: 1.4150e+01 l_align: 4.9277e+01 l_total: 1.5379e+02 
2026-05-22 00:25:24,647 INFO: [scape..][epoch:  5, iter:  12,340, lr:(9.611e-04,)][eta: 11:02:36, time (data): 0.516 (0.037)]l_bij: 2.1370e+01 l_orth: 4.5439e+01 l_diff: 1.3365e+01 l_align: 5.0759e+01 l_total: 1.3093e+02 
2026-05-22 00:25:34,293 INFO: [scape..][epoch:  5, iter:  12,360, lr:(9.611e-04,)][eta: 11:02:11, time (data): 0.509 (0.037)]l_bij: 5.2469e+01 l_orth: 6.8111e+01 l_diff: 1.5640e+01 l_align: 5.5246e+01 l_total: 1.9147e+02 
2026-05-22 00:25:44,680 INFO: [scape..][epoch:  5, iter:  12,380, lr:(9.611e-04,)][eta: 11:01:50, time (data): 0.511 (0.037)]l_bij: 5.9080e+01 l_orth: 7.2188e+01 l_diff: 1.4346e+01 l_align: 5.7750e+01 l_total: 2.0336e+02 
2026-05-22 00:25:56,584 INFO: [scape..][epoch:  5, iter:  12,400, lr:(9.611e-04,)][eta: 11:01:37, time (data): 0.523 (0.036)]l_bij: 3.0678e+01 l_orth: 5.2832e+01 l_diff: 1.2818e+01 l_align: 5.1836e+01 l_total: 1.4816e+02 
2026-05-22 00:26:06,879 INFO: [scape..][epoch:  5, iter:  12,420, lr:(9.611e-04,)][eta: 11:01:15, time (data): 0.522 (0.037)]l_bij: 7.0294e+01 l_orth: 8.4594e+01 l_diff: 1.6201e+01 l_align: 6.5763e+01 l_total: 2.3685e+02 
2026-05-22 00:26:16,241 INFO: [scape..][epoch:  5, iter:  12,440, lr:(9.611e-04,)][eta: 11:00:49, time (data): 0.516 (0.037)]l_bij: 3.9548e+01 l_orth: 5.9434e+01 l_diff: 1.5491e+01 l_align: 5.6910e+01 l_total: 1.7138e+02 
2026-05-22 00:26:26,047 INFO: [scape..][epoch:  5, iter:  12,460, lr:(9.611e-04,)][eta: 11:00:24, time (data): 0.513 (0.037)]l_bij: 3.9282e+01 l_orth: 5.9404e+01 l_diff: 1.1892e+01 l_align: 5.1530e+01 l_total: 1.6211e+02 
2026-05-22 00:26:36,759 INFO: [scape..][epoch:  5, iter:  12,480, lr:(9.611e-04,)][eta: 11:00:05, time (data): 0.522 (0.042)]l_bij: 4.3503e+01 l_orth: 5.8986e+01 l_diff: 1.2678e+01 l_align: 5.2351e+01 l_total: 1.6752e+02 
2026-05-22 00:26:47,699 INFO: [scape..][epoch:  5, iter:  12,500, lr:(9.611e-04,)][eta: 10:59:47, time (data): 0.535 (0.038)]l_bij: 3.7007e+01 l_orth: 5.8738e+01 l_diff: 1.6065e+01 l_align: 5.4466e+01 l_total: 1.6628e+02 
2026-05-22 00:26:57,369 INFO: [scape..][epoch:  5, iter:  12,520, lr:(9.611e-04,)][eta: 10:59:22, time (data): 0.517 (0.037)]l_bij: 4.4168e+01 l_orth: 6.0486e+01 l_diff: 1.4087e+01 l_align: 5.6775e+01 l_total: 1.7552e+02 
2026-05-22 00:27:08,383 INFO: [scape..][epoch:  5, iter:  12,540, lr:(9.611e-04,)][eta: 10:59:05, time (data): 0.526 (0.037)]l_bij: 1.8546e+01 l_orth: 4.6707e+01 l_diff: 1.2910e+01 l_align: 5.1192e+01 l_total: 1.2935e+02 
2026-05-22 00:27:20,613 INFO: [scape..][epoch:  5, iter:  12,560, lr:(9.611e-04,)][eta: 10:58:53, time (data): 0.543 (0.037)]l_bij: 4.1091e+01 l_orth: 6.0472e+01 l_diff: 1.3321e+01 l_align: 5.2569e+01 l_total: 1.6745e+02 
2026-05-22 00:27:29,893 INFO: [scape..][epoch:  5, iter:  12,580, lr:(9.611e-04,)][eta: 10:58:27, time (data): 0.530 (0.037)]l_bij: 3.4891e+01 l_orth: 5.6461e+01 l_diff: 1.5778e+01 l_align: 5.3170e+01 l_total: 1.6030e+02 
2026-05-22 00:27:40,146 INFO: [scape..][epoch:  5, iter:  12,600, lr:(9.611e-04,)][eta: 10:58:05, time (data): 0.527 (0.037)]l_bij: 4.4638e+01 l_orth: 6.3943e+01 l_diff: 1.4894e+01 l_align: 5.2928e+01 l_total: 1.7640e+02 
2026-05-22 00:27:50,996 INFO: [scape..][epoch:  5, iter:  12,620, lr:(9.611e-04,)][eta: 10:57:47, time (data): 0.529 (0.036)]l_bij: 6.8319e+01 l_orth: 8.3365e+01 l_diff: 2.0224e+01 l_align: 6.8304e+01 l_total: 2.4021e+02 
2026-05-22 00:28:03,061 INFO: [scape..][epoch:  5, iter:  12,640, lr:(9.611e-04,)][eta: 10:57:35, time (data): 0.538 (0.036)]l_bij: 4.8231e+01 l_orth: 6.5030e+01 l_diff: 1.4392e+01 l_align: 5.6322e+01 l_total: 1.8398e+02 
2026-05-22 00:28:14,443 INFO: [scape..][epoch:  5, iter:  12,660, lr:(9.611e-04,)][eta: 10:57:19, time (data): 0.541 (0.036)]l_bij: 1.9746e+00 l_orth: 3.5291e+01 l_diff: 1.2231e+01 l_align: 5.1437e+01 l_total: 1.0093e+02 
2026-05-22 00:28:24,780 INFO: [scape..][epoch:  5, iter:  12,680, lr:(9.611e-04,)][eta: 10:56:58, time (data): 0.542 (0.033)]l_bij: 3.8995e+01 l_orth: 5.8865e+01 l_diff: 1.7402e+01 l_align: 5.1733e+01 l_total: 1.6699e+02 
2026-05-22 00:28:33,703 INFO: [scape..][epoch:  5, iter:  12,700, lr:(9.611e-04,)][eta: 10:56:30, time (data): 0.490 (0.033)]l_bij: 2.7969e+01 l_orth: 5.0648e+01 l_diff: 2.0025e+01 l_align: 5.0913e+01 l_total: 1.4955e+02 
2026-05-22 00:28:44,218 INFO: [scape..][epoch:  5, iter:  12,720, lr:(9.611e-04,)][eta: 10:56:10, time (data): 0.502 (0.035)]l_bij: 2.9066e+01 l_orth: 4.9029e+01 l_diff: 1.7768e+01 l_align: 4.8380e+01 l_total: 1.4424e+02 
2026-05-22 00:28:56,013 INFO: [scape..][epoch:  5, iter:  12,740, lr:(9.611e-04,)][eta: 10:55:57, time (data): 0.525 (0.035)]l_bij: 3.4031e+01 l_orth: 5.5540e+01 l_diff: 1.4352e+01 l_align: 5.1842e+01 l_total: 1.5577e+02 
2026-05-22 00:29:07,474 INFO: [scape..][epoch:  5, iter:  12,760, lr:(9.611e-04,)][eta: 10:55:41, time (data): 0.535 (0.035)]l_bij: 4.9275e+01 l_orth: 6.3424e+01 l_diff: 1.6016e+01 l_align: 5.2032e+01 l_total: 1.8075e+02 
2026-05-22 00:29:18,802 INFO: [scape..][epoch:  5, iter:  12,780, lr:(9.611e-04,)][eta: 10:55:26, time (data): 0.540 (0.035)]l_bij: 2.7011e+01 l_orth: 4.8369e+01 l_diff: 1.4873e+01 l_align: 4.9045e+01 l_total: 1.3930e+02 
2026-05-22 00:29:31,140 INFO: [scape..][epoch:  5, iter:  12,800, lr:(9.611e-04,)][eta: 10:55:15, time (data): 0.551 (0.034)]l_bij: 4.2951e+01 l_orth: 6.2026e+01 l_diff: 1.6029e+01 l_align: 5.4940e+01 l_total: 1.7595e+02 
2026-05-22 00:29:44,023 INFO: [scape..][epoch:  5, iter:  12,820, lr:(9.611e-04,)][eta: 10:55:07, time (data): 0.563 (0.034)]l_bij: 2.4567e+01 l_orth: 5.0710e+01 l_diff: 1.4063e+01 l_align: 5.3139e+01 l_total: 1.4248e+02 
2026-05-22 00:29:54,944 INFO: [scape..][epoch:  5, iter:  12,840, lr:(9.611e-04,)][eta: 10:54:49, time (data): 0.561 (0.035)]l_bij: 5.6790e+01 l_orth: 6.9997e+01 l_diff: 1.7111e+01 l_align: 5.8409e+01 l_total: 2.0231e+02 
2026-05-22 00:30:06,541 INFO: [scape..][epoch:  5, iter:  12,860, lr:(9.611e-04,)][eta: 10:54:35, time (data): 0.563 (0.035)]l_bij: 5.9118e+01 l_orth: 7.2965e+01 l_diff: 1.5075e+01 l_align: 6.1291e+01 l_total: 2.0845e+02 
2026-05-22 00:30:17,896 INFO: [scape..][epoch:  5, iter:  12,880, lr:(9.611e-04,)][eta: 10:54:19, time (data): 0.603 (0.036)]l_bij: 4.0543e+01 l_orth: 5.9975e+01 l_diff: 1.2758e+01 l_align: 5.1885e+01 l_total: 1.6516e+02 
2026-05-22 00:30:28,319 INFO: [scape..][epoch:  5, iter:  12,900, lr:(9.611e-04,)][eta: 10:53:59, time (data): 0.557 (0.037)]l_bij: 2.7011e+01 l_orth: 4.7341e+01 l_diff: 1.7225e+01 l_align: 5.0073e+01 l_total: 1.4165e+02 
2026-05-22 00:30:39,216 INFO: [scape..][epoch:  5, iter:  12,920, lr:(9.611e-04,)][eta: 10:53:41, time (data): 0.553 (0.037)]l_bij: 3.7784e+01 l_orth: 5.8013e+01 l_diff: 1.3647e+01 l_align: 5.3652e+01 l_total: 1.6310e+02 
2026-05-22 00:30:51,222 INFO: [scape..][epoch:  5, iter:  12,940, lr:(9.611e-04,)][eta: 10:53:29, time (data): 0.565 (0.036)]l_bij: 2.3306e+01 l_orth: 4.6115e+01 l_diff: 1.5266e+01 l_align: 4.9435e+01 l_total: 1.3412e+02 
2026-05-22 00:31:00,942 INFO: [scape..][epoch:  5, iter:  12,960, lr:(9.611e-04,)][eta: 10:53:05, time (data): 0.549 (0.036)]l_bij: 5.7965e+01 l_orth: 7.7307e+01 l_diff: 1.8491e+01 l_align: 6.4933e+01 l_total: 2.1870e+02 
2026-05-22 00:31:10,197 INFO: [scape..][epoch:  5, iter:  12,980, lr:(9.611e-04,)][eta: 10:52:39, time (data): 0.534 (0.036)]l_bij: 3.1551e+01 l_orth: 5.2295e+01 l_diff: 1.5415e+01 l_align: 5.0280e+01 l_total: 1.4954e+02 
2026-05-22 00:31:21,723 INFO: [scape..][epoch:  5, iter:  13,000, lr:(9.611e-04,)][eta: 10:52:25, time (data): 0.540 (0.036)]l_bij: 3.6796e+01 l_orth: 5.7571e+01 l_diff: 1.5250e+01 l_align: 5.1375e+01 l_total: 1.6099e+02 
2026-05-22 00:31:31,690 INFO: [scape..][epoch:  6, iter:  13,020, lr:(9.397e-04,)][eta: 10:52:02, time (data): 0.535 (0.041)]l_bij: 2.6560e+01 l_orth: 5.1410e+01 l_diff: 1.4373e+01 l_align: 4.9964e+01 l_total: 1.4231e+02 
2026-05-22 00:31:41,999 INFO: [scape..][epoch:  6, iter:  13,040, lr:(9.397e-04,)][eta: 10:51:42, time (data): 0.533 (0.041)]l_bij: 2.9290e+01 l_orth: 5.0694e+01 l_diff: 1.2132e+01 l_align: 4.9768e+01 l_total: 1.4188e+02 
2026-05-22 00:31:53,404 INFO: [scape..][epoch:  6, iter:  13,060, lr:(9.397e-04,)][eta: 10:51:27, time (data): 0.536 (0.040)]l_bij: 2.4204e+01 l_orth: 4.6627e+01 l_diff: 1.3829e+01 l_align: 4.9190e+01 l_total: 1.3385e+02 
2026-05-22 00:32:04,197 INFO: [scape..][epoch:  6, iter:  13,080, lr:(9.397e-04,)][eta: 10:51:08, time (data): 0.526 (0.035)]l_bij: 1.9230e+01 l_orth: 4.4882e+01 l_diff: 1.6373e+01 l_align: 5.0185e+01 l_total: 1.3067e+02 
2026-05-22 00:32:15,825 INFO: [scape..][epoch:  6, iter:  13,100, lr:(9.397e-04,)][eta: 10:50:54, time (data): 0.558 (0.035)]l_bij: 1.4816e+00 l_orth: 3.2873e+01 l_diff: 1.1593e+01 l_align: 4.8535e+01 l_total: 9.4483e+01 
2026-05-22 00:32:25,452 INFO: [scape..][epoch:  6, iter:  13,120, lr:(9.397e-04,)][eta: 10:50:30, time (data): 0.530 (0.034)]l_bij: 3.6563e+01 l_orth: 5.7955e+01 l_diff: 1.5078e+01 l_align: 5.4714e+01 l_total: 1.6431e+02 
2026-05-22 00:32:36,680 INFO: [scape..][epoch:  6, iter:  13,140, lr:(9.397e-04,)][eta: 10:50:14, time (data): 0.538 (0.034)]l_bij: 2.3697e+01 l_orth: 4.8984e+01 l_diff: 1.6423e+01 l_align: 5.0568e+01 l_total: 1.3967e+02 
2026-05-22 00:32:45,680 INFO: [scape..][epoch:  6, iter:  13,160, lr:(9.397e-04,)][eta: 10:49:48, time (data): 0.520 (0.034)]l_bij: 2.8501e+01 l_orth: 5.5733e+01 l_diff: 1.6241e+01 l_align: 5.3323e+01 l_total: 1.5380e+02 
2026-05-22 00:32:57,537 INFO: [scape..][epoch:  6, iter:  13,180, lr:(9.397e-04,)][eta: 10:49:35, time (data): 0.532 (0.034)]l_bij: 3.2757e+01 l_orth: 5.2046e+01 l_diff: 1.8451e+01 l_align: 4.9706e+01 l_total: 1.5296e+02 
2026-05-22 00:33:07,872 INFO: [scape..][epoch:  6, iter:  13,200, lr:(9.397e-04,)][eta: 10:49:14, time (data): 0.530 (0.035)]l_bij: 1.9668e+00 l_orth: 3.5461e+01 l_diff: 1.1469e+01 l_align: 5.0478e+01 l_total: 9.9374e+01 
2026-05-22 00:33:19,274 INFO: [scape..][epoch:  6, iter:  13,220, lr:(9.397e-04,)][eta: 10:48:59, time (data): 0.535 (0.035)]l_bij: 2.4704e+01 l_orth: 4.9455e+01 l_diff: 1.5595e+01 l_align: 5.2962e+01 l_total: 1.4272e+02 
2026-05-22 00:33:29,329 INFO: [scape..][epoch:  6, iter:  13,240, lr:(9.397e-04,)][eta: 10:48:38, time (data): 0.531 (0.035)]l_bij: 3.3382e+01 l_orth: 5.2887e+01 l_diff: 1.3762e+01 l_align: 5.1191e+01 l_total: 1.5122e+02 
2026-05-22 00:33:39,147 INFO: [scape..][epoch:  6, iter:  13,260, lr:(9.397e-04,)][eta: 10:48:15, time (data): 0.527 (0.035)]l_bij: 2.4873e+01 l_orth: 4.7356e+01 l_diff: 1.3782e+01 l_align: 4.7438e+01 l_total: 1.3345e+02 
2026-05-22 00:33:49,676 INFO: [scape..][epoch:  6, iter:  13,280, lr:(9.397e-04,)][eta: 10:47:56, time (data): 0.566 (0.033)]l_bij: 3.8334e+01 l_orth: 5.4979e+01 l_diff: 1.5297e+01 l_align: 5.0517e+01 l_total: 1.5913e+02 
2026-05-22 00:34:01,999 INFO: [scape..][epoch:  6, iter:  13,300, lr:(9.397e-04,)][eta: 10:47:45, time (data): 0.596 (0.034)]l_bij: 5.1409e+01 l_orth: 6.9904e+01 l_diff: 2.1762e+01 l_align: 5.7807e+01 l_total: 2.0088e+02 
2026-05-22 00:34:13,429 INFO: [scape..][epoch:  6, iter:  13,320, lr:(9.397e-04,)][eta: 10:47:30, time (data): 0.587 (0.036)]l_bij: 3.0823e+01 l_orth: 5.3464e+01 l_diff: 1.3470e+01 l_align: 5.1180e+01 l_total: 1.4894e+02 
2026-05-22 00:34:24,453 INFO: [scape..][epoch:  6, iter:  13,340, lr:(9.397e-04,)][eta: 10:47:14, time (data): 0.577 (0.035)]l_bij: 3.5903e+01 l_orth: 5.5685e+01 l_diff: 1.3282e+01 l_align: 5.2554e+01 l_total: 1.5742e+02 
2026-05-22 00:34:36,934 INFO: [scape..][epoch:  6, iter:  13,360, lr:(9.397e-04,)][eta: 10:47:04, time (data): 0.587 (0.035)]l_bij: 4.5590e+01 l_orth: 6.3687e+01 l_diff: 1.5473e+01 l_align: 5.4955e+01 l_total: 1.7970e+02 
2026-05-22 00:34:48,205 INFO: [scape..][epoch:  6, iter:  13,380, lr:(9.397e-04,)][eta: 10:46:48, time (data): 0.583 (0.035)]l_bij: 3.5338e+01 l_orth: 5.5610e+01 l_diff: 1.3264e+01 l_align: 5.1549e+01 l_total: 1.5576e+02 
2026-05-22 00:34:58,962 INFO: [scape..][epoch:  6, iter:  13,400, lr:(9.397e-04,)][eta: 10:46:30, time (data): 0.576 (0.035)]l_bij: 3.1406e+01 l_orth: 5.1609e+01 l_diff: 1.5809e+01 l_align: 5.0046e+01 l_total: 1.4887e+02 
2026-05-22 00:35:09,845 INFO: [scape..][epoch:  6, iter:  13,420, lr:(9.397e-04,)][eta: 10:46:13, time (data): 0.572 (0.035)]l_bij: 6.1185e+01 l_orth: 7.6118e+01 l_diff: 2.1572e+01 l_align: 6.2756e+01 l_total: 2.2163e+02 
2026-05-22 00:35:19,093 INFO: [scape..][epoch:  6, iter:  13,440, lr:(9.397e-04,)][eta: 10:45:48, time (data): 0.559 (0.035)]l_bij: 3.1866e+01 l_orth: 5.1357e+01 l_diff: 1.1070e+01 l_align: 4.9991e+01 l_total: 1.4428e+02 
2026-05-22 00:35:29,605 INFO: [scape..][epoch:  6, iter:  13,460, lr:(9.397e-04,)][eta: 10:45:29, time (data): 0.556 (0.035)]l_bij: 2.2957e+01 l_orth: 4.5684e+01 l_diff: 1.8506e+01 l_align: 5.1172e+01 l_total: 1.3832e+02 
2026-05-22 00:35:41,798 INFO: [scape..][epoch:  6, iter:  13,480, lr:(9.397e-04,)][eta: 10:45:18, time (data): 0.540 (0.037)]l_bij: 2.6350e+01 l_orth: 5.0135e+01 l_diff: 1.6242e+01 l_align: 5.1445e+01 l_total: 1.4417e+02 
2026-05-22 00:35:53,930 INFO: [scape..][epoch:  6, iter:  13,500, lr:(9.397e-04,)][eta: 10:45:06, time (data): 0.580 (0.036)]l_bij: 4.1941e+01 l_orth: 5.7840e+01 l_diff: 1.5119e+01 l_align: 4.8728e+01 l_total: 1.6363e+02 
2026-05-22 00:36:04,759 INFO: [scape..][epoch:  6, iter:  13,520, lr:(9.397e-04,)][eta: 10:44:49, time (data): 0.566 (0.036)]l_bij: 4.9200e+01 l_orth: 6.6447e+01 l_diff: 1.7234e+01 l_align: 5.3762e+01 l_total: 1.8664e+02 
2026-05-22 00:36:14,600 INFO: [scape..][epoch:  6, iter:  13,540, lr:(9.397e-04,)][eta: 10:44:26, time (data): 0.545 (0.036)]l_bij: 4.4159e+01 l_orth: 6.3678e+01 l_diff: 1.3902e+01 l_align: 5.8114e+01 l_total: 1.7985e+02 
2026-05-22 00:36:25,771 INFO: [scape..][epoch:  6, iter:  13,560, lr:(9.397e-04,)][eta: 10:44:10, time (data): 0.548 (0.036)]l_bij: 3.1646e+01 l_orth: 5.2371e+01 l_diff: 1.8658e+01 l_align: 5.2051e+01 l_total: 1.5473e+02 
2026-05-22 00:36:38,981 INFO: [scape..][epoch:  6, iter:  13,580, lr:(9.397e-04,)][eta: 10:44:04, time (data): 0.568 (0.036)]l_bij: 2.6907e+01 l_orth: 5.0057e+01 l_diff: 1.2359e+01 l_align: 5.0286e+01 l_total: 1.3961e+02 
2026-05-22 00:36:50,572 INFO: [scape..][epoch:  6, iter:  13,600, lr:(9.397e-04,)][eta: 10:43:50, time (data): 0.570 (0.035)]l_bij: 3.4450e+01 l_orth: 5.4914e+01 l_diff: 1.5249e+01 l_align: 5.0212e+01 l_total: 1.5483e+02 
2026-05-22 00:37:00,503 INFO: [scape..][epoch:  6, iter:  13,620, lr:(9.397e-04,)][eta: 10:43:29, time (data): 0.560 (0.036)]l_bij: 2.3822e+01 l_orth: 4.6310e+01 l_diff: 1.3505e+01 l_align: 4.9502e+01 l_total: 1.3314e+02 
2026-05-22 00:37:11,537 INFO: [scape..][epoch:  6, iter:  13,640, lr:(9.397e-04,)][eta: 10:43:12, time (data): 0.559 (0.036)]l_bij: 2.6217e+01 l_orth: 5.0257e+01 l_diff: 1.4554e+01 l_align: 5.1662e+01 l_total: 1.4269e+02 
2026-05-22 00:37:23,676 INFO: [scape..][epoch:  6, iter:  13,660, lr:(9.397e-04,)][eta: 10:43:01, time (data): 0.564 (0.036)]l_bij: 3.2180e+01 l_orth: 5.5122e+01 l_diff: 1.2741e+01 l_align: 5.2838e+01 l_total: 1.5288e+02 
2026-05-22 00:37:36,067 INFO: [scape..][epoch:  6, iter:  13,680, lr:(9.397e-04,)][eta: 10:42:51, time (data): 0.599 (0.035)]l_bij: 2.4422e+01 l_orth: 5.1130e+01 l_diff: 1.4570e+01 l_align: 5.1575e+01 l_total: 1.4170e+02 
2026-05-22 00:37:47,565 INFO: [scape..][epoch:  6, iter:  13,700, lr:(9.397e-04,)][eta: 10:42:36, time (data): 0.584 (0.035)]l_bij: 2.5975e+01 l_orth: 5.0702e+01 l_diff: 1.2052e+01 l_align: 5.1445e+01 l_total: 1.4017e+02 
2026-05-22 00:37:59,025 INFO: [scape..][epoch:  6, iter:  13,720, lr:(9.397e-04,)][eta: 10:42:22, time (data): 0.580 (0.036)]l_bij: 1.7581e+01 l_orth: 4.4315e+01 l_diff: 1.6534e+01 l_align: 5.1646e+01 l_total: 1.3008e+02 
2026-05-22 00:38:11,093 INFO: [scape..][epoch:  6, iter:  13,740, lr:(9.397e-04,)][eta: 10:42:10, time (data): 0.586 (0.035)]l_bij: 3.9543e+01 l_orth: 5.7575e+01 l_diff: 1.4176e+01 l_align: 5.5541e+01 l_total: 1.6683e+02 
2026-05-22 00:38:20,899 INFO: [scape..][epoch:  6, iter:  13,760, lr:(9.397e-04,)][eta: 10:41:48, time (data): 0.565 (0.035)]l_bij: 5.1616e+01 l_orth: 6.7405e+01 l_diff: 1.7618e+01 l_align: 5.5234e+01 l_total: 1.9187e+02 
2026-05-22 00:38:32,489 INFO: [scape..][epoch:  6, iter:  13,780, lr:(9.397e-04,)][eta: 10:41:34, time (data): 0.568 (0.035)]l_bij: 3.6479e+01 l_orth: 5.5081e+01 l_diff: 1.4419e+01 l_align: 4.8330e+01 l_total: 1.5431e+02 
2026-05-22 00:38:45,885 INFO: [scape..][epoch:  6, iter:  13,800, lr:(9.397e-04,)][eta: 10:41:29, time (data): 0.583 (0.035)]l_bij: 5.3663e+01 l_orth: 6.7911e+01 l_diff: 1.8082e+01 l_align: 6.0313e+01 l_total: 1.9997e+02 
2026-05-22 00:38:56,039 INFO: [scape..][epoch:  6, iter:  13,820, lr:(9.397e-04,)][eta: 10:41:09, time (data): 0.573 (0.035)]l_bij: 4.2659e+01 l_orth: 6.3088e+01 l_diff: 1.5888e+01 l_align: 5.5880e+01 l_total: 1.7751e+02 
2026-05-22 00:39:08,072 INFO: [scape..][epoch:  6, iter:  13,840, lr:(9.397e-04,)][eta: 10:40:57, time (data): 0.577 (0.035)]l_bij: 3.8402e+01 l_orth: 5.5711e+01 l_diff: 1.2810e+01 l_align: 5.3301e+01 l_total: 1.6022e+02 
2026-05-22 00:39:18,443 INFO: [scape..][epoch:  6, iter:  13,860, lr:(9.397e-04,)][eta: 10:40:37, time (data): 0.571 (0.035)]l_bij: 3.0466e+01 l_orth: 5.3059e+01 l_diff: 1.4315e+01 l_align: 5.0514e+01 l_total: 1.4835e+02 
2026-05-22 00:39:30,632 INFO: [scape..][epoch:  6, iter:  13,880, lr:(9.397e-04,)][eta: 10:40:26, time (data): 0.567 (0.038)]l_bij: 4.9661e+01 l_orth: 6.4740e+01 l_diff: 1.5553e+01 l_align: 5.7825e+01 l_total: 1.8778e+02 
2026-05-22 00:39:42,076 INFO: [scape..][epoch:  6, iter:  13,900, lr:(9.397e-04,)][eta: 10:40:12, time (data): 0.570 (0.037)]l_bij: 6.0242e+01 l_orth: 7.6796e+01 l_diff: 1.5303e+01 l_align: 6.1779e+01 l_total: 2.1412e+02 
2026-05-22 00:39:52,783 INFO: [scape..][epoch:  6, iter:  13,920, lr:(9.397e-04,)][eta: 10:39:54, time (data): 0.557 (0.036)]l_bij: 3.4675e+01 l_orth: 5.5624e+01 l_diff: 1.4140e+01 l_align: 5.3115e+01 l_total: 1.5755e+02 
2026-05-22 00:40:03,941 INFO: [scape..][epoch:  6, iter:  13,940, lr:(9.397e-04,)][eta: 10:39:38, time (data): 0.557 (0.035)]l_bij: 1.9519e+00 l_orth: 3.1637e+01 l_diff: 1.3021e+01 l_align: 4.8134e+01 l_total: 9.4744e+01 
2026-05-22 00:40:13,643 INFO: [scape..][epoch:  6, iter:  13,960, lr:(9.397e-04,)][eta: 10:39:16, time (data): 0.541 (0.035)]l_bij: 2.0675e+01 l_orth: 4.4330e+01 l_diff: 1.5099e+01 l_align: 4.7802e+01 l_total: 1.2791e+02 
2026-05-22 00:40:24,818 INFO: [scape..][epoch:  6, iter:  13,980, lr:(9.397e-04,)][eta: 10:39:00, time (data): 0.544 (0.035)]l_bij: 4.8701e+01 l_orth: 6.5220e+01 l_diff: 1.5482e+01 l_align: 5.4120e+01 l_total: 1.8352e+02 
2026-05-22 00:40:35,767 INFO: [scape..][epoch:  6, iter:  14,000, lr:(9.397e-04,)][eta: 10:38:44, time (data): 0.545 (0.035)]l_bij: 3.7256e+01 l_orth: 5.4579e+01 l_diff: 1.6806e+01 l_align: 4.8198e+01 l_total: 1.5684e+02 
2026-05-22 00:40:47,001 INFO: [scape..][epoch:  6, iter:  14,020, lr:(9.397e-04,)][eta: 10:38:28, time (data): 0.547 (0.035)]l_bij: 3.5467e+01 l_orth: 5.5199e+01 l_diff: 1.2394e+01 l_align: 5.4201e+01 l_total: 1.5726e+02 
2026-05-22 00:40:57,655 INFO: [scape..][epoch:  6, iter:  14,040, lr:(9.397e-04,)][eta: 10:38:10, time (data): 0.545 (0.035)]l_bij: 3.5629e+01 l_orth: 5.4964e+01 l_diff: 1.3658e+01 l_align: 5.0717e+01 l_total: 1.5497e+02 
2026-05-22 00:41:08,858 INFO: [scape..][epoch:  6, iter:  14,060, lr:(9.397e-04,)][eta: 10:37:55, time (data): 0.547 (0.035)]l_bij: 4.0036e+01 l_orth: 6.1778e+01 l_diff: 1.8013e+01 l_align: 5.8106e+01 l_total: 1.7793e+02 
2026-05-22 00:41:19,689 INFO: [scape..][epoch:  6, iter:  14,080, lr:(9.397e-04,)][eta: 10:37:38, time (data): 0.565 (0.034)]l_bij: 4.5134e+01 l_orth: 6.5900e+01 l_diff: 1.7021e+01 l_align: 5.7612e+01 l_total: 1.8567e+02 
2026-05-22 00:41:31,117 INFO: [scape..][epoch:  6, iter:  14,100, lr:(9.397e-04,)][eta: 10:37:23, time (data): 0.569 (0.035)]l_bij: 6.7843e+01 l_orth: 8.2374e+01 l_diff: 2.0786e+01 l_align: 6.7305e+01 l_total: 2.3831e+02 
2026-05-22 00:41:40,382 INFO: [scape..][epoch:  6, iter:  14,120, lr:(9.397e-04,)][eta: 10:36:59, time (data): 0.527 (0.036)]l_bij: 3.7352e+01 l_orth: 5.7139e+01 l_diff: 1.4462e+01 l_align: 4.8571e+01 l_total: 1.5752e+02 
2026-05-22 00:41:49,258 INFO: [scape..][epoch:  6, iter:  14,140, lr:(9.397e-04,)][eta: 10:36:33, time (data): 0.503 (0.036)]l_bij: 2.7170e+01 l_orth: 5.0252e+01 l_diff: 1.2072e+01 l_align: 4.9885e+01 l_total: 1.3938e+02 
2026-05-22 00:41:59,248 INFO: [scape..][epoch:  6, iter:  14,160, lr:(9.397e-04,)][eta: 10:36:12, time (data): 0.502 (0.036)]l_bij: 3.1911e+01 l_orth: 5.2317e+01 l_diff: 1.2776e+01 l_align: 5.0331e+01 l_total: 1.4733e+02 
2026-05-22 00:42:10,217 INFO: [scape..][epoch:  6, iter:  14,180, lr:(9.397e-04,)][eta: 10:35:56, time (data): 0.511 (0.036)]l_bij: 3.8463e+01 l_orth: 5.8316e+01 l_diff: 1.3487e+01 l_align: 5.1742e+01 l_total: 1.6201e+02 
2026-05-22 00:42:19,465 INFO: [scape..][epoch:  6, iter:  14,200, lr:(9.397e-04,)][eta: 10:35:32, time (data): 0.503 (0.036)]l_bij: 4.1102e+01 l_orth: 5.9007e+01 l_diff: 1.4396e+01 l_align: 5.6425e+01 l_total: 1.7093e+02 
2026-05-22 00:42:29,678 INFO: [scape..][epoch:  6, iter:  14,220, lr:(9.397e-04,)][eta: 10:35:12, time (data): 0.504 (0.036)]l_bij: 2.4552e+01 l_orth: 4.8029e+01 l_diff: 1.1499e+01 l_align: 5.1563e+01 l_total: 1.3564e+02 
2026-05-22 00:42:40,051 INFO: [scape..][epoch:  6, iter:  14,240, lr:(9.397e-04,)][eta: 10:34:53, time (data): 0.506 (0.035)]l_bij: 3.5688e+01 l_orth: 5.8206e+01 l_diff: 1.8051e+01 l_align: 5.5122e+01 l_total: 1.6707e+02 
2026-05-22 00:42:48,542 INFO: [scape..][epoch:  6, iter:  14,260, lr:(9.397e-04,)][eta: 10:34:26, time (data): 0.497 (0.036)]l_bij: 3.8003e+01 l_orth: 5.7598e+01 l_diff: 1.7093e+01 l_align: 5.1952e+01 l_total: 1.6465e+02 
2026-05-22 00:42:58,446 INFO: [scape..][epoch:  6, iter:  14,280, lr:(9.397e-04,)][eta: 10:34:05, time (data): 0.613 (0.038)]l_bij: 3.2554e+01 l_orth: 5.6640e+01 l_diff: 1.4228e+01 l_align: 5.6214e+01 l_total: 1.5964e+02 
2026-05-22 00:43:09,063 INFO: [scape..][epoch:  6, iter:  14,300, lr:(9.397e-04,)][eta: 10:33:47, time (data): 0.556 (0.035)]l_bij: 4.1809e+01 l_orth: 6.2042e+01 l_diff: 1.3535e+01 l_align: 5.1873e+01 l_total: 1.6926e+02 
2026-05-22 00:43:18,399 INFO: [scape..][epoch:  6, iter:  14,320, lr:(9.397e-04,)][eta: 10:33:23, time (data): 0.520 (0.036)]l_bij: 3.4520e+01 l_orth: 5.6291e+01 l_diff: 1.8526e+01 l_align: 5.4993e+01 l_total: 1.6433e+02 
2026-05-22 00:43:29,324 INFO: [scape..][epoch:  6, iter:  14,340, lr:(9.397e-04,)][eta: 10:33:07, time (data): 0.527 (0.037)]l_bij: 3.0154e+01 l_orth: 5.0385e+01 l_diff: 1.3496e+01 l_align: 4.9048e+01 l_total: 1.4308e+02 
2026-05-22 00:43:38,746 INFO: [scape..][epoch:  6, iter:  14,360, lr:(9.397e-04,)][eta: 10:32:44, time (data): 0.515 (0.037)]l_bij: 2.8115e+01 l_orth: 4.7943e+01 l_diff: 1.5584e+01 l_align: 4.7312e+01 l_total: 1.3895e+02 
2026-05-22 00:43:47,463 INFO: [scape..][epoch:  6, iter:  14,380, lr:(9.397e-04,)][eta: 10:32:18, time (data): 0.500 (0.037)]l_bij: 3.8607e+01 l_orth: 5.7392e+01 l_diff: 1.4670e+01 l_align: 5.2016e+01 l_total: 1.6269e+02 
2026-05-22 00:43:56,053 INFO: [scape..][epoch:  6, iter:  14,400, lr:(9.397e-04,)][eta: 10:31:51, time (data): 0.489 (0.036)]l_bij: 5.9436e+01 l_orth: 7.6585e+01 l_diff: 1.8611e+01 l_align: 6.2735e+01 l_total: 2.1737e+02 
2026-05-22 00:44:06,037 INFO: [scape..][epoch:  6, iter:  14,420, lr:(9.397e-04,)][eta: 10:31:31, time (data): 0.491 (0.036)]l_bij: 3.9989e+01 l_orth: 5.9894e+01 l_diff: 1.4689e+01 l_align: 5.3958e+01 l_total: 1.6853e+02 
2026-05-22 00:44:18,646 INFO: [scape..][epoch:  6, iter:  14,440, lr:(9.397e-04,)][eta: 10:31:22, time (data): 0.507 (0.036)]l_bij: 2.7429e+01 l_orth: 4.9981e+01 l_diff: 1.6145e+01 l_align: 5.1688e+01 l_total: 1.4524e+02 
2026-05-22 00:44:29,571 INFO: [scape..][epoch:  6, iter:  14,460, lr:(9.397e-04,)][eta: 10:31:06, time (data): 0.511 (0.036)]l_bij: 2.6594e+01 l_orth: 4.7696e+01 l_diff: 1.4685e+01 l_align: 4.8970e+01 l_total: 1.3795e+02 
2026-05-22 00:44:41,706 INFO: [scape..][epoch:  6, iter:  14,480, lr:(9.397e-04,)][eta: 10:30:55, time (data): 0.496 (0.035)]l_bij: 4.3224e+01 l_orth: 6.3013e+01 l_diff: 1.4216e+01 l_align: 5.4569e+01 l_total: 1.7502e+02 
2026-05-22 00:44:53,093 INFO: [scape..][epoch:  6, iter:  14,500, lr:(9.397e-04,)][eta: 10:30:41, time (data): 0.548 (0.036)]l_bij: 2.4328e+01 l_orth: 4.8254e+01 l_diff: 1.5491e+01 l_align: 4.8559e+01 l_total: 1.3663e+02 
2026-05-22 00:45:03,537 INFO: [scape..][epoch:  6, iter:  14,520, lr:(9.397e-04,)][eta: 10:30:22, time (data): 0.537 (0.036)]l_bij: 4.9004e+01 l_orth: 6.3424e+01 l_diff: 1.8828e+01 l_align: 5.2370e+01 l_total: 1.8363e+02 
2026-05-22 00:45:15,953 INFO: [scape..][epoch:  6, iter:  14,540, lr:(9.397e-04,)][eta: 10:30:13, time (data): 0.562 (0.035)]l_bij: 7.2328e+01 l_orth: 8.9155e+01 l_diff: 1.8548e+01 l_align: 6.9211e+01 l_total: 2.4924e+02 
2026-05-22 00:45:27,525 INFO: [scape..][epoch:  6, iter:  14,560, lr:(9.397e-04,)][eta: 10:29:59, time (data): 0.566 (0.035)]l_bij: 3.7523e+01 l_orth: 5.6705e+01 l_diff: 1.1760e+01 l_align: 5.1127e+01 l_total: 1.5712e+02 
2026-05-22 00:45:38,849 INFO: [scape..][epoch:  6, iter:  14,580, lr:(9.397e-04,)][eta: 10:29:45, time (data): 0.566 (0.035)]l_bij: 2.7355e+01 l_orth: 4.9828e+01 l_diff: 1.3334e+01 l_align: 5.1463e+01 l_total: 1.4198e+02 
2026-05-22 00:45:50,243 INFO: [scape..][epoch:  6, iter:  14,600, lr:(9.397e-04,)][eta: 10:29:31, time (data): 0.566 (0.035)]l_bij: 2.2156e+01 l_orth: 4.6876e+01 l_diff: 1.2479e+01 l_align: 5.0042e+01 l_total: 1.3155e+02 
2026-05-22 00:46:01,192 INFO: [scape..][epoch:  6, iter:  14,620, lr:(9.397e-04,)][eta: 10:29:14, time (data): 0.564 (0.035)]l_bij: 3.2645e+01 l_orth: 5.3438e+01 l_diff: 1.1171e+01 l_align: 4.9512e+01 l_total: 1.4677e+02 
2026-05-22 00:46:11,366 INFO: [scape..][epoch:  6, iter:  14,640, lr:(9.397e-04,)][eta: 10:28:55, time (data): 0.557 (0.035)]l_bij: 5.2860e+01 l_orth: 6.8360e+01 l_diff: 1.7183e+01 l_align: 5.7523e+01 l_total: 1.9593e+02 
2026-05-22 00:46:23,690 INFO: [scape..][epoch:  6, iter:  14,660, lr:(9.397e-04,)][eta: 10:28:45, time (data): 0.564 (0.035)]l_bij: 2.2204e+01 l_orth: 4.6636e+01 l_diff: 1.7686e+01 l_align: 5.1959e+01 l_total: 1.3848e+02 
2026-05-22 00:46:35,296 INFO: [scape..][epoch:  6, iter:  14,680, lr:(9.397e-04,)][eta: 10:28:32, time (data): 0.626 (0.032)]l_bij: 4.7848e+01 l_orth: 6.5581e+01 l_diff: 1.7007e+01 l_align: 5.4579e+01 l_total: 1.8502e+02 
2026-05-22 00:46:46,358 INFO: [scape..][epoch:  6, iter:  14,700, lr:(9.397e-04,)][eta: 10:28:16, time (data): 0.572 (0.035)]l_bij: 2.4533e+01 l_orth: 4.7326e+01 l_diff: 1.5566e+01 l_align: 5.0961e+01 l_total: 1.3839e+02 
2026-05-22 00:46:59,222 INFO: [scape..][epoch:  6, iter:  14,720, lr:(9.397e-04,)][eta: 10:28:08, time (data): 0.602 (0.036)]l_bij: 2.9337e+01 l_orth: 5.0585e+01 l_diff: 1.1937e+01 l_align: 4.9249e+01 l_total: 1.4111e+02 
2026-05-22 00:47:11,176 INFO: [scape..][epoch:  6, iter:  14,740, lr:(9.397e-04,)][eta: 10:27:57, time (data): 0.601 (0.036)]l_bij: 3.8863e+01 l_orth: 5.9355e+01 l_diff: 1.5392e+01 l_align: 5.2973e+01 l_total: 1.6658e+02 
2026-05-22 00:47:20,692 INFO: [scape..][epoch:  6, iter:  14,760, lr:(9.397e-04,)][eta: 10:27:35, time (data): 0.572 (0.035)]l_bij: 2.3322e+01 l_orth: 4.6512e+01 l_diff: 1.1797e+01 l_align: 4.8869e+01 l_total: 1.3050e+02 
2026-05-22 00:47:30,665 INFO: [scape..][epoch:  6, iter:  14,780, lr:(9.397e-04,)][eta: 10:27:14, time (data): 0.558 (0.035)]l_bij: 5.3169e+01 l_orth: 7.0048e+01 l_diff: 1.5107e+01 l_align: 5.8100e+01 l_total: 1.9642e+02 
2026-05-22 00:47:40,941 INFO: [scape..][epoch:  6, iter:  14,800, lr:(9.397e-04,)][eta: 10:26:56, time (data): 0.551 (0.035)]l_bij: 4.7998e+01 l_orth: 6.4810e+01 l_diff: 1.7165e+01 l_align: 5.8647e+01 l_total: 1.8862e+02 
2026-05-22 00:47:52,800 INFO: [scape..][epoch:  6, iter:  14,820, lr:(9.397e-04,)][eta: 10:26:43, time (data): 0.557 (0.035)]l_bij: 4.1398e+01 l_orth: 5.6928e+01 l_diff: 1.3383e+01 l_align: 5.0559e+01 l_total: 1.6227e+02 
2026-05-22 00:48:05,635 INFO: [scape..][epoch:  6, iter:  14,840, lr:(9.397e-04,)][eta: 10:26:36, time (data): 0.567 (0.035)]l_bij: 3.1735e+01 l_orth: 5.2047e+01 l_diff: 1.3440e+01 l_align: 4.9864e+01 l_total: 1.4709e+02 
2026-05-22 00:48:15,923 INFO: [scape..][epoch:  6, iter:  14,860, lr:(9.397e-04,)][eta: 10:26:17, time (data): 0.561 (0.035)]l_bij: 4.0731e+01 l_orth: 5.8547e+01 l_diff: 1.5775e+01 l_align: 5.5367e+01 l_total: 1.7042e+02 
2026-05-22 00:48:29,023 INFO: [scape..][epoch:  6, iter:  14,880, lr:(9.397e-04,)][eta: 10:26:10, time (data): 0.551 (0.036)]l_bij: 3.4284e+01 l_orth: 5.6187e+01 l_diff: 1.7446e+01 l_align: 5.1300e+01 l_total: 1.5922e+02 
2026-05-22 00:48:37,549 INFO: [scape..][epoch:  6, iter:  14,900, lr:(9.397e-04,)][eta: 10:25:44, time (data): 0.455 (0.035)]l_bij: 2.1122e+00 l_orth: 3.4886e+01 l_diff: 1.2557e+01 l_align: 5.1883e+01 l_total: 1.0144e+02 
2026-05-22 00:48:49,013 INFO: [scape..][epoch:  6, iter:  14,920, lr:(9.397e-04,)][eta: 10:25:30, time (data): 0.506 (0.035)]l_bij: 3.7433e+01 l_orth: 5.6819e+01 l_diff: 1.4575e+01 l_align: 5.0495e+01 l_total: 1.5932e+02 
2026-05-22 00:49:00,046 INFO: [scape..][epoch:  6, iter:  14,940, lr:(9.397e-04,)][eta: 10:25:15, time (data): 0.520 (0.035)]l_bij: 3.3529e+01 l_orth: 5.4536e+01 l_diff: 1.3997e+01 l_align: 5.2290e+01 l_total: 1.5435e+02 
2026-05-22 00:49:10,528 INFO: [scape..][epoch:  6, iter:  14,960, lr:(9.397e-04,)][eta: 10:24:57, time (data): 0.521 (0.035)]l_bij: 2.9410e+01 l_orth: 5.5963e+01 l_diff: 1.9190e+01 l_align: 5.4153e+01 l_total: 1.5872e+02 
2026-05-22 00:49:22,290 INFO: [scape..][epoch:  6, iter:  14,980, lr:(9.397e-04,)][eta: 10:24:44, time (data): 0.534 (0.035)]l_bij: 3.6455e+01 l_orth: 5.7127e+01 l_diff: 1.8456e+01 l_align: 5.1555e+01 l_total: 1.6359e+02 
2026-05-22 00:49:32,832 INFO: [scape..][epoch:  6, iter:  15,000, lr:(9.397e-04,)][eta: 10:24:27, time (data): 0.533 (0.035)]l_bij: 2.4072e+01 l_orth: 4.6522e+01 l_diff: 1.2612e+01 l_align: 4.8998e+01 l_total: 1.3220e+02 
2026-05-22 00:49:44,623 INFO: [scape..][epoch:  6, iter:  15,020, lr:(9.397e-04,)][eta: 10:24:14, time (data): 0.540 (0.035)]l_bij: 4.0843e+01 l_orth: 6.1865e+01 l_diff: 1.3372e+01 l_align: 5.2745e+01 l_total: 1.6883e+02 
2026-05-22 00:49:55,885 INFO: [scape..][epoch:  6, iter:  15,040, lr:(9.397e-04,)][eta: 10:24:00, time (data): 0.543 (0.035)]l_bij: 3.1755e+01 l_orth: 5.5821e+01 l_diff: 1.3719e+01 l_align: 5.3366e+01 l_total: 1.5466e+02 
2026-05-22 00:50:07,122 INFO: [scape..][epoch:  6, iter:  15,060, lr:(9.397e-04,)][eta: 10:23:45, time (data): 0.545 (0.035)]l_bij: 4.8105e+01 l_orth: 6.3749e+01 l_diff: 1.1888e+01 l_align: 5.2101e+01 l_total: 1.7584e+02 
2026-05-22 00:50:16,952 INFO: [scape..][epoch:  6, iter:  15,080, lr:(9.397e-04,)][eta: 10:23:25, time (data): 0.424 (0.038)]l_bij: 3.1914e+01 l_orth: 5.1460e+01 l_diff: 1.2585e+01 l_align: 4.7046e+01 l_total: 1.4301e+02 
2026-05-22 00:50:28,139 INFO: [scape..][epoch:  6, iter:  15,100, lr:(9.397e-04,)][eta: 10:23:10, time (data): 0.532 (0.034)]l_bij: 4.0091e+01 l_orth: 5.9185e+01 l_diff: 1.3866e+01 l_align: 5.1761e+01 l_total: 1.6490e+02 
2026-05-22 00:50:38,499 INFO: [scape..][epoch:  6, iter:  15,120, lr:(9.397e-04,)][eta: 10:22:52, time (data): 0.526 (0.035)]l_bij: 3.6696e+01 l_orth: 5.6995e+01 l_diff: 1.5187e+01 l_align: 5.3526e+01 l_total: 1.6240e+02 
2026-05-22 00:50:49,877 INFO: [scape..][epoch:  6, iter:  15,140, lr:(9.397e-04,)][eta: 10:22:38, time (data): 0.539 (0.035)]l_bij: 7.2808e+01 l_orth: 8.4653e+01 l_diff: 1.6004e+01 l_align: 6.6797e+01 l_total: 2.4026e+02 
2026-05-22 00:51:00,865 INFO: [scape..][epoch:  6, iter:  15,160, lr:(9.397e-04,)][eta: 10:22:22, time (data): 0.541 (0.035)]l_bij: 6.2803e+01 l_orth: 7.8292e+01 l_diff: 2.2440e+01 l_align: 6.2500e+01 l_total: 2.2604e+02 
2026-05-22 00:51:12,162 INFO: [scape..][epoch:  6, iter:  15,180, lr:(9.397e-04,)][eta: 10:22:08, time (data): 0.546 (0.035)]l_bij: 4.0922e+01 l_orth: 5.9029e+01 l_diff: 1.3224e+01 l_align: 5.1625e+01 l_total: 1.6480e+02 
2026-05-22 00:51:23,285 INFO: [scape..][epoch:  6, iter:  15,200, lr:(9.397e-04,)][eta: 10:21:53, time (data): 0.548 (0.035)]l_bij: 2.8010e+01 l_orth: 4.8803e+01 l_diff: 1.4562e+01 l_align: 4.8225e+01 l_total: 1.3960e+02 
2026-05-22 00:51:33,867 INFO: [scape..][epoch:  6, iter:  15,220, lr:(9.397e-04,)][eta: 10:21:36, time (data): 0.545 (0.035)]l_bij: 3.0200e+01 l_orth: 5.3852e+01 l_diff: 1.6830e+01 l_align: 5.4470e+01 l_total: 1.5535e+02 
2026-05-22 00:51:46,766 INFO: [scape..][epoch:  6, iter:  15,240, lr:(9.397e-04,)][eta: 10:21:28, time (data): 0.557 (0.035)]l_bij: 2.4047e+01 l_orth: 4.5182e+01 l_diff: 1.1527e+01 l_align: 4.9932e+01 l_total: 1.3069e+02 
2026-05-22 00:51:57,529 INFO: [scape..][epoch:  6, iter:  15,260, lr:(9.397e-04,)][eta: 10:21:12, time (data): 0.555 (0.035)]l_bij: 3.1402e+01 l_orth: 6.0665e+01 l_diff: 1.7228e+01 l_align: 5.7793e+01 l_total: 1.6709e+02 
2026-05-22 00:52:08,344 INFO: [scape..][epoch:  6, iter:  15,280, lr:(9.397e-04,)][eta: 10:20:55, time (data): 0.440 (0.041)]l_bij: 4.5377e+01 l_orth: 6.2707e+01 l_diff: 2.1433e+01 l_align: 5.4955e+01 l_total: 1.8447e+02 
2026-05-22 00:52:18,945 INFO: [scape..][epoch:  6, iter:  15,300, lr:(9.397e-04,)][eta: 10:20:38, time (data): 0.515 (0.035)]l_bij: 4.1747e+01 l_orth: 5.9125e+01 l_diff: 1.5252e+01 l_align: 5.4090e+01 l_total: 1.7021e+02 
2026-05-22 00:52:29,329 INFO: [scape..][epoch:  6, iter:  15,320, lr:(9.397e-04,)][eta: 10:20:20, time (data): 0.517 (0.035)]l_bij: 1.8338e+01 l_orth: 4.5443e+01 l_diff: 1.5975e+01 l_align: 4.9503e+01 l_total: 1.2926e+02 
2026-05-22 00:52:39,090 INFO: [scape..][epoch:  6, iter:  15,340, lr:(9.397e-04,)][eta: 10:20:00, time (data): 0.508 (0.035)]l_bij: 4.3127e+01 l_orth: 6.0777e+01 l_diff: 1.4648e+01 l_align: 5.1811e+01 l_total: 1.7036e+02 
2026-05-22 00:52:51,965 INFO: [scape..][epoch:  6, iter:  15,360, lr:(9.397e-04,)][eta: 10:19:52, time (data): 0.540 (0.035)]l_bij: 3.8822e+01 l_orth: 5.8194e+01 l_diff: 1.4805e+01 l_align: 5.2287e+01 l_total: 1.6411e+02 
2026-05-22 00:53:03,485 INFO: [scape..][epoch:  6, iter:  15,380, lr:(9.397e-04,)][eta: 10:19:39, time (data): 0.547 (0.035)]l_bij: 3.5549e+01 l_orth: 5.2598e+01 l_diff: 1.5171e+01 l_align: 4.7610e+01 l_total: 1.5093e+02 
2026-05-22 00:53:17,050 INFO: [scape..][epoch:  6, iter:  15,400, lr:(9.397e-04,)][eta: 10:19:34, time (data): 0.568 (0.035)]l_bij: 4.9310e+01 l_orth: 6.5539e+01 l_diff: 1.8167e+01 l_align: 5.4178e+01 l_total: 1.8719e+02 
2026-05-22 00:53:28,007 INFO: [scape..][epoch:  6, iter:  15,420, lr:(9.397e-04,)][eta: 10:19:18, time (data): 0.565 (0.035)]l_bij: 2.5617e+01 l_orth: 5.0716e+01 l_diff: 1.5766e+01 l_align: 5.2751e+01 l_total: 1.4485e+02 
2026-05-22 00:53:40,005 INFO: [scape..][epoch:  6, iter:  15,440, lr:(9.397e-04,)][eta: 10:19:07, time (data): 0.570 (0.035)]l_bij: 4.6278e+01 l_orth: 6.7330e+01 l_diff: 1.4378e+01 l_align: 5.8490e+01 l_total: 1.8648e+02 
2026-05-22 00:53:51,824 INFO: [scape..][epoch:  6, iter:  15,460, lr:(9.397e-04,)][eta: 10:18:55, time (data): 0.572 (0.035)]l_bij: 5.8110e+01 l_orth: 6.9759e+01 l_diff: 1.2182e+01 l_align: 5.7734e+01 l_total: 1.9779e+02 
2026-05-22 00:54:04,236 INFO: [scape..][epoch:  6, iter:  15,480, lr:(9.397e-04,)][eta: 10:18:45, time (data): 0.486 (0.034)]l_bij: 4.7617e+01 l_orth: 6.1698e+01 l_diff: 1.5515e+01 l_align: 5.3294e+01 l_total: 1.7812e+02 
2026-05-22 00:54:17,531 INFO: [scape..][epoch:  6, iter:  15,500, lr:(9.397e-04,)][eta: 10:18:39, time (data): 0.641 (0.034)]l_bij: 1.8284e+01 l_orth: 4.1624e+01 l_diff: 1.1762e+01 l_align: 4.8866e+01 l_total: 1.2054e+02 
2026-05-22 00:54:27,540 INFO: [scape..][epoch:  6, iter:  15,520, lr:(9.397e-04,)][eta: 10:18:20, time (data): 0.576 (0.034)]l_bij: 1.5381e+00 l_orth: 3.2097e+01 l_diff: 1.1357e+01 l_align: 4.7905e+01 l_total: 9.2897e+01 
2026-05-22 00:54:37,959 INFO: [scape..][epoch:  6, iter:  15,540, lr:(9.397e-04,)][eta: 10:18:02, time (data): 0.558 (0.034)]l_bij: 4.1653e+01 l_orth: 5.9573e+01 l_diff: 1.4465e+01 l_align: 5.0387e+01 l_total: 1.6608e+02 
2026-05-22 00:54:48,432 INFO: [scape..][epoch:  6, iter:  15,560, lr:(9.397e-04,)][eta: 10:17:44, time (data): 0.550 (0.034)]l_bij: 5.3653e+01 l_orth: 6.8880e+01 l_diff: 1.5566e+01 l_align: 5.6652e+01 l_total: 1.9475e+02 
2026-05-22 00:54:58,318 INFO: [scape..][epoch:  6, iter:  15,580, lr:(9.397e-04,)][eta: 10:17:25, time (data): 0.539 (0.035)]l_bij: 3.4015e+01 l_orth: 5.5520e+01 l_diff: 1.4494e+01 l_align: 5.3465e+01 l_total: 1.5749e+02 
2026-05-22 00:55:08,175 INFO: [scape..][epoch:  6, iter:  15,600, lr:(9.397e-04,)][eta: 10:17:05, time (data): 0.532 (0.035)]l_bij: 3.2002e+01 l_orth: 5.4095e+01 l_diff: 1.5077e+01 l_align: 5.2012e+01 l_total: 1.5319e+02 
2026-05-22 00:55:19,790 INFO: [scape..][epoch:  7, iter:  15,620, lr:(9.141e-04,)][eta: 10:16:52, time (data): 0.538 (0.041)]l_bij: 3.3536e+01 l_orth: 5.2816e+01 l_diff: 1.3849e+01 l_align: 5.2579e+01 l_total: 1.5278e+02 
2026-05-22 00:55:30,382 INFO: [scape..][epoch:  7, iter:  15,640, lr:(9.141e-04,)][eta: 10:16:35, time (data): 0.537 (0.040)]l_bij: 2.0203e+01 l_orth: 4.3899e+01 l_diff: 1.3042e+01 l_align: 4.8032e+01 l_total: 1.2518e+02 
2026-05-22 00:55:41,317 INFO: [scape..][epoch:  7, iter:  15,660, lr:(9.141e-04,)][eta: 10:16:19, time (data): 0.538 (0.039)]l_bij: 6.3610e+01 l_orth: 7.8850e+01 l_diff: 2.2233e+01 l_align: 6.2364e+01 l_total: 2.2706e+02 
2026-05-22 00:55:52,833 INFO: [scape..][epoch:  7, iter:  15,680, lr:(9.141e-04,)][eta: 10:16:06, time (data): 0.184 (0.030)]l_bij: 3.2873e+01 l_orth: 5.1509e+01 l_diff: 1.6277e+01 l_align: 4.9778e+01 l_total: 1.5044e+02 
2026-05-22 00:56:04,600 INFO: [scape..][epoch:  7, iter:  15,700, lr:(9.141e-04,)][eta: 10:15:54, time (data): 0.552 (0.033)]l_bij: 3.4429e+01 l_orth: 5.4187e+01 l_diff: 1.2761e+01 l_align: 5.0544e+01 l_total: 1.5192e+02 
2026-05-22 00:56:15,127 INFO: [scape..][epoch:  7, iter:  15,720, lr:(9.141e-04,)][eta: 10:15:37, time (data): 0.539 (0.034)]l_bij: 4.1755e+01 l_orth: 5.9429e+01 l_diff: 1.3339e+01 l_align: 5.0720e+01 l_total: 1.6524e+02 
2026-05-22 00:56:25,469 INFO: [scape..][epoch:  7, iter:  15,740, lr:(9.141e-04,)][eta: 10:15:19, time (data): 0.532 (0.035)]l_bij: 4.4728e+01 l_orth: 6.2052e+01 l_diff: 1.3985e+01 l_align: 5.1447e+01 l_total: 1.7221e+02 
2026-05-22 00:56:35,964 INFO: [scape..][epoch:  7, iter:  15,760, lr:(9.141e-04,)][eta: 10:15:02, time (data): 0.530 (0.035)]l_bij: 1.8331e+01 l_orth: 4.5887e+01 l_diff: 1.5584e+01 l_align: 5.2217e+01 l_total: 1.3202e+02 
2026-05-22 00:56:45,250 INFO: [scape..][epoch:  7, iter:  15,780, lr:(9.141e-04,)][eta: 10:14:40, time (data): 0.517 (0.035)]l_bij: 1.3327e+01 l_orth: 4.2651e+01 l_diff: 1.3298e+01 l_align: 4.9506e+01 l_total: 1.1878e+02 
2026-05-22 00:56:55,986 INFO: [scape..][epoch:  7, iter:  15,800, lr:(9.141e-04,)][eta: 10:14:24, time (data): 0.521 (0.035)]l_bij: 3.1768e+01 l_orth: 5.3949e+01 l_diff: 1.5598e+01 l_align: 5.1126e+01 l_total: 1.5244e+02 
2026-05-22 00:57:06,580 INFO: [scape..][epoch:  7, iter:  15,820, lr:(9.141e-04,)][eta: 10:14:07, time (data): 0.522 (0.035)]l_bij: 2.0572e+00 l_orth: 3.6253e+01 l_diff: 1.4263e+01 l_align: 5.2792e+01 l_total: 1.0536e+02 
2026-05-22 00:57:15,819 INFO: [scape..][epoch:  7, iter:  15,840, lr:(9.141e-04,)][eta: 10:13:45, time (data): 0.514 (0.035)]l_bij: 2.5670e+00 l_orth: 3.4999e+01 l_diff: 1.4835e+01 l_align: 5.1014e+01 l_total: 1.0342e+02 
2026-05-22 00:57:26,229 INFO: [scape..][epoch:  7, iter:  15,860, lr:(9.141e-04,)][eta: 10:13:27, time (data): 0.515 (0.035)]l_bij: 2.8839e+01 l_orth: 5.1308e+01 l_diff: 1.4434e+01 l_align: 5.0555e+01 l_total: 1.4514e+02 
2026-05-22 00:57:35,316 INFO: [scape..][epoch:  7, iter:  15,880, lr:(9.141e-04,)][eta: 10:13:05, time (data): 0.193 (0.027)]l_bij: 2.9859e+01 l_orth: 5.1694e+01 l_diff: 1.4602e+01 l_align: 5.1456e+01 l_total: 1.4761e+02 
2026-05-22 00:57:46,135 INFO: [scape..][epoch:  7, iter:  15,900, lr:(9.141e-04,)][eta: 10:12:49, time (data): 0.524 (0.033)]l_bij: 3.9635e+01 l_orth: 5.6987e+01 l_diff: 1.4427e+01 l_align: 5.2437e+01 l_total: 1.6349e+02 
2026-05-22 00:57:55,659 INFO: [scape..][epoch:  7, iter:  15,920, lr:(9.141e-04,)][eta: 10:12:28, time (data): 0.501 (0.034)]l_bij: 2.4409e+01 l_orth: 4.9572e+01 l_diff: 1.4815e+01 l_align: 5.2438e+01 l_total: 1.4123e+02 
2026-05-22 00:58:06,428 INFO: [scape..][epoch:  7, iter:  15,940, lr:(9.141e-04,)][eta: 10:12:12, time (data): 0.513 (0.034)]l_bij: 2.7193e+01 l_orth: 4.6710e+01 l_diff: 1.3995e+01 l_align: 4.6470e+01 l_total: 1.3437e+02 
2026-05-22 00:58:15,717 INFO: [scape..][epoch:  7, iter:  15,960, lr:(9.141e-04,)][eta: 10:11:50, time (data): 0.501 (0.034)]l_bij: 4.4038e+01 l_orth: 6.3823e+01 l_diff: 1.6255e+01 l_align: 5.6284e+01 l_total: 1.8040e+02 
2026-05-22 00:58:24,249 INFO: [scape..][epoch:  7, iter:  15,980, lr:(9.141e-04,)][eta: 10:11:26, time (data): 0.486 (0.034)]l_bij: 3.1556e+01 l_orth: 5.4039e+01 l_diff: 1.3292e+01 l_align: 5.5880e+01 l_total: 1.5477e+02 
2026-05-22 00:58:33,016 INFO: [scape..][epoch:  7, iter:  16,000, lr:(9.141e-04,)][eta: 10:11:02, time (data): 0.478 (0.035)]l_bij: 2.8797e+01 l_orth: 4.9135e+01 l_diff: 1.3312e+01 l_align: 4.8635e+01 l_total: 1.3988e+02 
2026-05-22 00:58:33,017 INFO: Saving models and training states.
2026-05-22 00:58:33,035 INFO: Start validation.
2026-05-22 01:03:06,056 INFO: Avg time: 0.4595
2026-05-22 01:03:06,213 INFO: Val auc: 0.8054
2026-05-22 01:03:06,213 INFO: Val avg error: 0.0195
2026-05-22 01:03:06,222 INFO: Best model is updated, average geodesic error: 0.0195
2026-05-22 01:03:15,628 INFO: [scape..][epoch:  7, iter:  16,020, lr:(9.141e-04,)][eta: 10:28:18, time (data): 0.477 (0.035)]l_bij: 2.9968e+01 l_orth: 5.0492e+01 l_diff: 1.3191e+01 l_align: 5.0573e+01 l_total: 1.4422e+02 
2026-05-22 01:03:25,989 INFO: [scape..][epoch:  7, iter:  16,040, lr:(9.141e-04,)][eta: 10:27:59, time (data): 0.482 (0.035)]l_bij: 3.4035e+01 l_orth: 5.4561e+01 l_diff: 1.3475e+01 l_align: 5.1592e+01 l_total: 1.5366e+02 
2026-05-22 01:03:37,150 INFO: [scape..][epoch:  7, iter:  16,060, lr:(9.141e-04,)][eta: 10:27:43, time (data): 0.490 (0.035)]l_bij: 1.5500e+00 l_orth: 3.4384e+01 l_diff: 1.2975e+01 l_align: 4.8134e+01 l_total: 9.7043e+01 
2026-05-22 01:03:47,896 INFO: [scape..][epoch:  7, iter:  16,080, lr:(9.141e-04,)][eta: 10:27:26, time (data): 0.495 (0.035)]l_bij: 3.3236e+01 l_orth: 5.5734e+01 l_diff: 1.9365e+01 l_align: 5.5223e+01 l_total: 1.6356e+02 
2026-05-22 01:03:58,735 INFO: [scape..][epoch:  7, iter:  16,100, lr:(9.141e-04,)][eta: 10:27:08, time (data): 0.542 (0.036)]l_bij: 5.6253e+01 l_orth: 7.2032e+01 l_diff: 1.3964e+01 l_align: 5.9778e+01 l_total: 2.0203e+02 
2026-05-22 01:04:09,170 INFO: [scape..][epoch:  7, iter:  16,120, lr:(9.141e-04,)][eta: 10:26:50, time (data): 0.532 (0.037)]l_bij: 4.1563e+01 l_orth: 5.9289e+01 l_diff: 1.5868e+01 l_align: 5.1171e+01 l_total: 1.6789e+02 
2026-05-22 01:04:19,476 INFO: [scape..][epoch:  7, iter:  16,140, lr:(9.141e-04,)][eta: 10:26:30, time (data): 0.526 (0.036)]l_bij: 3.5171e+01 l_orth: 5.3984e+01 l_diff: 1.3726e+01 l_align: 5.1016e+01 l_total: 1.5390e+02 
2026-05-22 01:04:28,859 INFO: [scape..][epoch:  7, iter:  16,160, lr:(9.141e-04,)][eta: 10:26:08, time (data): 0.512 (0.036)]l_bij: 3.4059e+01 l_orth: 5.3449e+01 l_diff: 1.1503e+01 l_align: 4.9876e+01 l_total: 1.4889e+02 
2026-05-22 01:04:40,577 INFO: [scape..][epoch:  7, iter:  16,180, lr:(9.141e-04,)][eta: 10:25:54, time (data): 0.527 (0.036)]l_bij: 1.9913e+01 l_orth: 4.7722e+01 l_diff: 1.5007e+01 l_align: 5.1111e+01 l_total: 1.3375e+02 
2026-05-22 01:04:51,378 INFO: [scape..][epoch:  7, iter:  16,200, lr:(9.141e-04,)][eta: 10:25:37, time (data): 0.529 (0.036)]l_bij: 1.7799e+01 l_orth: 4.1179e+01 l_diff: 1.3005e+01 l_align: 4.6967e+01 l_total: 1.1895e+02 
2026-05-22 01:05:00,877 INFO: [scape..][epoch:  7, iter:  16,220, lr:(9.141e-04,)][eta: 10:25:14, time (data): 0.521 (0.036)]l_bij: 3.3753e+01 l_orth: 5.2147e+01 l_diff: 1.2614e+01 l_align: 4.7250e+01 l_total: 1.4576e+02 
2026-05-22 01:05:11,350 INFO: [scape..][epoch:  7, iter:  16,240, lr:(9.141e-04,)][eta: 10:24:56, time (data): 0.521 (0.036)]l_bij: 2.6291e+01 l_orth: 4.9110e+01 l_diff: 1.2984e+01 l_align: 4.9281e+01 l_total: 1.3767e+02 
2026-05-22 01:05:21,962 INFO: [scape..][epoch:  7, iter:  16,260, lr:(9.141e-04,)][eta: 10:24:38, time (data): 0.522 (0.036)]l_bij: 3.5353e+01 l_orth: 5.7896e+01 l_diff: 1.5637e+01 l_align: 5.4617e+01 l_total: 1.6350e+02 
2026-05-22 01:05:36,067 INFO: [scape..][epoch:  7, iter:  16,280, lr:(9.141e-04,)][eta: 10:24:33, time (data): 0.541 (0.036)]l_bij: 2.6232e+01 l_orth: 5.2142e+01 l_diff: 1.2054e+01 l_align: 5.2868e+01 l_total: 1.4330e+02 
2026-05-22 01:05:44,445 INFO: [scape..][epoch:  7, iter:  16,300, lr:(9.141e-04,)][eta: 10:24:07, time (data): 0.430 (0.036)]l_bij: 2.2267e+01 l_orth: 4.5164e+01 l_diff: 1.1939e+01 l_align: 4.9325e+01 l_total: 1.2869e+02 
2026-05-22 01:05:55,684 INFO: [scape..][epoch:  7, iter:  16,320, lr:(9.141e-04,)][eta: 10:23:51, time (data): 0.498 (0.038)]l_bij: 2.5019e+01 l_orth: 5.1798e+01 l_diff: 1.6419e+01 l_align: 5.2388e+01 l_total: 1.4562e+02 
2026-05-22 01:06:05,831 INFO: [scape..][epoch:  7, iter:  16,340, lr:(9.141e-04,)][eta: 10:23:32, time (data): 0.501 (0.037)]l_bij: 3.8646e+01 l_orth: 5.7559e+01 l_diff: 1.3099e+01 l_align: 5.3113e+01 l_total: 1.6242e+02 
2026-05-22 01:06:16,847 INFO: [scape..][epoch:  7, iter:  16,360, lr:(9.141e-04,)][eta: 10:23:15, time (data): 0.514 (0.037)]l_bij: 5.4357e+01 l_orth: 6.6809e+01 l_diff: 1.8162e+01 l_align: 5.6406e+01 l_total: 1.9573e+02 
2026-05-22 01:06:23,885 INFO: [scape..][epoch:  7, iter:  16,380, lr:(9.141e-04,)][eta: 10:22:44, time (data): 0.481 (0.037)]l_bij: 4.4894e+01 l_orth: 6.5160e+01 l_diff: 1.7952e+01 l_align: 6.0421e+01 l_total: 1.8843e+02 
2026-05-22 01:06:36,519 INFO: [scape..][epoch:  7, iter:  16,400, lr:(9.141e-04,)][eta: 10:22:34, time (data): 0.506 (0.036)]l_bij: 5.2145e+01 l_orth: 6.8005e+01 l_diff: 1.6368e+01 l_align: 5.5185e+01 l_total: 1.9170e+02 
2026-05-22 01:06:45,900 INFO: [scape..][epoch:  7, iter:  16,420, lr:(9.141e-04,)][eta: 10:22:12, time (data): 0.501 (0.036)]l_bij: 2.8161e+01 l_orth: 5.1365e+01 l_diff: 1.4234e+01 l_align: 4.9433e+01 l_total: 1.4319e+02 
2026-05-22 01:06:54,731 INFO: [scape..][epoch:  7, iter:  16,440, lr:(9.141e-04,)][eta: 10:21:47, time (data): 0.493 (0.037)]l_bij: 2.3986e+01 l_orth: 4.5658e+01 l_diff: 1.4773e+01 l_align: 5.0066e+01 l_total: 1.3448e+02 
2026-05-22 01:07:03,251 INFO: [scape..][epoch:  7, iter:  16,460, lr:(9.141e-04,)][eta: 10:21:22, time (data): 0.486 (0.037)]l_bij: 3.0275e+01 l_orth: 5.0554e+01 l_diff: 1.5056e+01 l_align: 4.9955e+01 l_total: 1.4584e+02 
2026-05-22 01:07:12,328 INFO: [scape..][epoch:  7, iter:  16,480, lr:(9.141e-04,)][eta: 10:20:58, time (data): 0.483 (0.037)]l_bij: 2.0490e+01 l_orth: 4.3977e+01 l_diff: 1.4101e+01 l_align: 4.8840e+01 l_total: 1.2741e+02 
2026-05-22 01:07:24,466 INFO: [scape..][epoch:  7, iter:  16,500, lr:(9.141e-04,)][eta: 10:20:46, time (data): 0.623 (0.034)]l_bij: 4.8205e+01 l_orth: 6.5533e+01 l_diff: 1.7164e+01 l_align: 5.5727e+01 l_total: 1.8663e+02 
2026-05-22 01:07:34,630 INFO: [scape..][epoch:  7, iter:  16,520, lr:(9.141e-04,)][eta: 10:20:27, time (data): 0.563 (0.034)]l_bij: 4.2011e+01 l_orth: 6.1342e+01 l_diff: 1.2259e+01 l_align: 5.3791e+01 l_total: 1.6940e+02 
2026-05-22 01:07:44,350 INFO: [scape..][epoch:  7, iter:  16,540, lr:(9.141e-04,)][eta: 10:20:06, time (data): 0.536 (0.035)]l_bij: 2.3160e+01 l_orth: 4.4435e+01 l_diff: 1.3369e+01 l_align: 4.9651e+01 l_total: 1.3061e+02 
2026-05-22 01:07:55,294 INFO: [scape..][epoch:  7, iter:  16,560, lr:(9.141e-04,)][eta: 10:19:49, time (data): 0.539 (0.035)]l_bij: 2.1230e+01 l_orth: 4.5191e+01 l_diff: 1.3832e+01 l_align: 4.9777e+01 l_total: 1.3003e+02 
2026-05-22 01:08:05,364 INFO: [scape..][epoch:  7, iter:  16,580, lr:(9.141e-04,)][eta: 10:19:30, time (data): 0.532 (0.035)]l_bij: 3.1221e+01 l_orth: 5.2519e+01 l_diff: 1.5790e+01 l_align: 5.2889e+01 l_total: 1.5242e+02 
2026-05-22 01:08:15,251 INFO: [scape..][epoch:  7, iter:  16,600, lr:(9.141e-04,)][eta: 10:19:10, time (data): 0.525 (0.036)]l_bij: 2.8445e+01 l_orth: 4.9411e+01 l_diff: 1.3022e+01 l_align: 4.8259e+01 l_total: 1.3914e+02 
2026-05-22 01:08:26,530 INFO: [scape..][epoch:  7, iter:  16,620, lr:(9.141e-04,)][eta: 10:18:54, time (data): 0.531 (0.035)]l_bij: 3.1161e+01 l_orth: 5.3826e+01 l_diff: 1.4409e+01 l_align: 5.0973e+01 l_total: 1.5037e+02 
2026-05-22 01:08:37,270 INFO: [scape..][epoch:  7, iter:  16,640, lr:(9.141e-04,)][eta: 10:18:37, time (data): 0.532 (0.036)]l_bij: 6.4860e+01 l_orth: 8.1058e+01 l_diff: 1.9332e+01 l_align: 6.8042e+01 l_total: 2.3329e+02 
2026-05-22 01:08:47,718 INFO: [scape..][epoch:  7, iter:  16,660, lr:(9.141e-04,)][eta: 10:18:19, time (data): 0.531 (0.036)]l_bij: 3.8032e+01 l_orth: 5.5348e+01 l_diff: 1.4688e+01 l_align: 4.7917e+01 l_total: 1.5598e+02 
2026-05-22 01:08:57,526 INFO: [scape..][epoch:  7, iter:  16,680, lr:(9.141e-04,)][eta: 10:17:59, time (data): 0.527 (0.036)]l_bij: 5.6243e+01 l_orth: 6.7837e+01 l_diff: 1.3365e+01 l_align: 5.2849e+01 l_total: 1.9029e+02 
2026-05-22 01:09:07,572 INFO: [scape..][epoch:  7, iter:  16,700, lr:(9.141e-04,)][eta: 10:17:39, time (data): 0.519 (0.036)]l_bij: 4.1750e+01 l_orth: 5.8353e+01 l_diff: 1.3285e+01 l_align: 5.0140e+01 l_total: 1.6353e+02 
2026-05-22 01:09:19,646 INFO: [scape..][epoch:  7, iter:  16,720, lr:(9.141e-04,)][eta: 10:17:27, time (data): 0.565 (0.036)]l_bij: 3.3044e+01 l_orth: 5.2293e+01 l_diff: 1.3627e+01 l_align: 4.9720e+01 l_total: 1.4868e+02 
2026-05-22 01:09:29,508 INFO: [scape..][epoch:  7, iter:  16,740, lr:(9.141e-04,)][eta: 10:17:07, time (data): 0.540 (0.036)]l_bij: 4.5883e+01 l_orth: 6.2515e+01 l_diff: 1.5677e+01 l_align: 5.3491e+01 l_total: 1.7757e+02 
2026-05-22 01:09:40,746 INFO: [scape..][epoch:  7, iter:  16,760, lr:(9.141e-04,)][eta: 10:16:52, time (data): 0.545 (0.035)]l_bij: 8.5059e+00 l_orth: 3.8241e+01 l_diff: 1.4253e+01 l_align: 4.8365e+01 l_total: 1.0936e+02 
2026-05-22 01:09:50,400 INFO: [scape..][epoch:  7, iter:  16,780, lr:(9.141e-04,)][eta: 10:16:31, time (data): 0.533 (0.036)]l_bij: 2.3349e+01 l_orth: 5.1395e+01 l_diff: 1.5927e+01 l_align: 5.3978e+01 l_total: 1.4465e+02 
2026-05-22 01:10:00,531 INFO: [scape..][epoch:  7, iter:  16,800, lr:(9.141e-04,)][eta: 10:16:11, time (data): 0.528 (0.036)]l_bij: 3.6962e+01 l_orth: 5.8427e+01 l_diff: 1.2586e+01 l_align: 5.6458e+01 l_total: 1.6443e+02 
2026-05-22 01:10:10,808 INFO: [scape..][epoch:  7, iter:  16,820, lr:(9.141e-04,)][eta: 10:15:53, time (data): 0.526 (0.035)]l_bij: 4.0602e+01 l_orth: 6.0579e+01 l_diff: 1.7414e+01 l_align: 5.6423e+01 l_total: 1.7502e+02 
2026-05-22 01:10:20,394 INFO: [scape..][epoch:  7, iter:  16,840, lr:(9.141e-04,)][eta: 10:15:32, time (data): 0.520 (0.035)]l_bij: 1.4612e+01 l_orth: 4.0901e+01 l_diff: 1.2612e+01 l_align: 5.0107e+01 l_total: 1.1823e+02 
2026-05-22 01:10:32,168 INFO: [scape..][epoch:  7, iter:  16,860, lr:(9.141e-04,)][eta: 10:15:19, time (data): 0.528 (0.036)]l_bij: 2.5960e+01 l_orth: 5.1381e+01 l_diff: 1.3321e+01 l_align: 5.2060e+01 l_total: 1.4272e+02 
2026-05-22 01:10:42,570 INFO: [scape..][epoch:  7, iter:  16,880, lr:(9.141e-04,)][eta: 10:15:00, time (data): 0.527 (0.036)]l_bij: 4.0631e+01 l_orth: 5.8105e+01 l_diff: 1.7912e+01 l_align: 5.0878e+01 l_total: 1.6753e+02 
2026-05-22 01:10:52,501 INFO: [scape..][epoch:  7, iter:  16,900, lr:(9.141e-04,)][eta: 10:14:41, time (data): 0.530 (0.035)]l_bij: 4.0635e+01 l_orth: 5.5435e+01 l_diff: 1.3347e+01 l_align: 4.8028e+01 l_total: 1.5744e+02 
2026-05-22 01:11:02,197 INFO: [scape..][epoch:  7, iter:  16,920, lr:(9.141e-04,)][eta: 10:14:20, time (data): 0.505 (0.036)]l_bij: 4.3908e+01 l_orth: 6.0069e+01 l_diff: 1.1551e+01 l_align: 4.9801e+01 l_total: 1.6533e+02 
2026-05-22 01:11:11,589 INFO: [scape..][epoch:  7, iter:  16,940, lr:(9.141e-04,)][eta: 10:13:58, time (data): 0.492 (0.036)]l_bij: 4.9207e+01 l_orth: 6.8635e+01 l_diff: 1.7501e+01 l_align: 5.8834e+01 l_total: 1.9418e+02 
2026-05-22 01:11:23,214 INFO: [scape..][epoch:  7, iter:  16,960, lr:(9.141e-04,)][eta: 10:13:45, time (data): 0.516 (0.036)]l_bij: 2.6298e+01 l_orth: 4.8156e+01 l_diff: 1.2055e+01 l_align: 4.9107e+01 l_total: 1.3562e+02 
2026-05-22 01:11:34,893 INFO: [scape..][epoch:  7, iter:  16,980, lr:(9.141e-04,)][eta: 10:13:31, time (data): 0.530 (0.036)]l_bij: 3.3907e+01 l_orth: 5.4390e+01 l_diff: 1.4382e+01 l_align: 5.0007e+01 l_total: 1.5269e+02 
2026-05-22 01:11:47,328 INFO: [scape..][epoch:  7, iter:  17,000, lr:(9.141e-04,)][eta: 10:13:21, time (data): 0.546 (0.035)]l_bij: 3.4983e+01 l_orth: 5.6276e+01 l_diff: 1.3826e+01 l_align: 5.1049e+01 l_total: 1.5613e+02 
2026-05-22 01:11:58,638 INFO: [scape..][epoch:  7, iter:  17,020, lr:(9.141e-04,)][eta: 10:13:06, time (data): 0.549 (0.036)]l_bij: 4.5777e+01 l_orth: 6.1532e+01 l_diff: 1.4617e+01 l_align: 5.2583e+01 l_total: 1.7451e+02 
2026-05-22 01:12:10,692 INFO: [scape..][epoch:  7, iter:  17,040, lr:(9.141e-04,)][eta: 10:12:54, time (data): 0.555 (0.036)]l_bij: 3.0655e+01 l_orth: 4.9068e+01 l_diff: 1.1650e+01 l_align: 4.7161e+01 l_total: 1.3853e+02 
2026-05-22 01:12:21,792 INFO: [scape..][epoch:  7, iter:  17,060, lr:(9.141e-04,)][eta: 10:12:38, time (data): 0.555 (0.036)]l_bij: 3.3624e+01 l_orth: 5.3590e+01 l_diff: 1.2023e+01 l_align: 4.9246e+01 l_total: 1.4848e+02 
2026-05-22 01:12:31,579 INFO: [scape..][epoch:  7, iter:  17,080, lr:(9.141e-04,)][eta: 10:12:18, time (data): 0.549 (0.036)]l_bij: 1.5784e+01 l_orth: 4.4179e+01 l_diff: 1.1809e+01 l_align: 5.1395e+01 l_total: 1.2317e+02 
2026-05-22 01:12:40,410 INFO: [scape..][epoch:  7, iter:  17,100, lr:(9.141e-04,)][eta: 10:11:55, time (data): 0.462 (0.034)]l_bij: 4.6051e+01 l_orth: 6.5272e+01 l_diff: 1.7439e+01 l_align: 5.5990e+01 l_total: 1.8475e+02 
2026-05-22 01:12:49,101 INFO: [scape..][epoch:  7, iter:  17,120, lr:(9.141e-04,)][eta: 10:11:31, time (data): 0.446 (0.034)]l_bij: 4.0976e+01 l_orth: 5.7001e+01 l_diff: 1.4635e+01 l_align: 4.9347e+01 l_total: 1.6196e+02 
2026-05-22 01:12:57,760 INFO: [scape..][epoch:  7, iter:  17,140, lr:(9.141e-04,)][eta: 10:11:06, time (data): 0.441 (0.035)]l_bij: 3.1136e+01 l_orth: 5.2019e+01 l_diff: 1.5145e+01 l_align: 5.0780e+01 l_total: 1.4908e+02 
2026-05-22 01:13:07,688 INFO: [scape..][epoch:  7, iter:  17,160, lr:(9.141e-04,)][eta: 10:10:47, time (data): 0.456 (0.036)]l_bij: 4.1270e+01 l_orth: 5.8102e+01 l_diff: 1.3543e+01 l_align: 5.2387e+01 l_total: 1.6530e+02 
2026-05-22 01:13:18,063 INFO: [scape..][epoch:  7, iter:  17,180, lr:(9.141e-04,)][eta: 10:10:29, time (data): 0.469 (0.035)]l_bij: 2.1517e+01 l_orth: 4.3970e+01 l_diff: 1.3809e+01 l_align: 5.0330e+01 l_total: 1.2963e+02 
2026-05-22 01:13:28,422 INFO: [scape..][epoch:  7, iter:  17,200, lr:(9.141e-04,)][eta: 10:10:11, time (data): 0.478 (0.035)]l_bij: 7.1142e+01 l_orth: 8.3827e+01 l_diff: 2.0610e+01 l_align: 7.0364e+01 l_total: 2.4594e+02 
2026-05-22 01:13:40,184 INFO: [scape..][epoch:  7, iter:  17,220, lr:(9.141e-04,)][eta: 10:09:58, time (data): 0.494 (0.035)]l_bij: 3.2251e+01 l_orth: 5.2371e+01 l_diff: 1.6298e+01 l_align: 5.1423e+01 l_total: 1.5234e+02 
2026-05-22 01:13:53,630 INFO: [scape..][epoch:  7, iter:  17,240, lr:(9.141e-04,)][eta: 10:09:51, time (data): 0.517 (0.035)]l_bij: 3.0062e+01 l_orth: 5.0747e+01 l_diff: 1.2567e+01 l_align: 5.1033e+01 l_total: 1.4441e+02 
2026-05-22 01:14:03,292 INFO: [scape..][epoch:  7, iter:  17,260, lr:(9.141e-04,)][eta: 10:09:30, time (data): 0.513 (0.035)]l_bij: 1.5716e+01 l_orth: 3.9551e+01 l_diff: 1.6063e+01 l_align: 4.6184e+01 l_total: 1.1751e+02 
2026-05-22 01:14:14,115 INFO: [scape..][epoch:  7, iter:  17,280, lr:(9.141e-04,)][eta: 10:09:14, time (data): 0.516 (0.035)]l_bij: 2.7778e+01 l_orth: 4.6618e+01 l_diff: 1.3664e+01 l_align: 4.6003e+01 l_total: 1.3406e+02 
2026-05-22 01:14:23,069 INFO: [scape..][epoch:  7, iter:  17,300, lr:(9.141e-04,)][eta: 10:08:51, time (data): 0.403 (0.036)]l_bij: 3.4707e+01 l_orth: 5.7437e+01 l_diff: 1.3547e+01 l_align: 5.5356e+01 l_total: 1.6105e+02 
2026-05-22 01:14:30,729 INFO: [scape..][epoch:  7, iter:  17,320, lr:(9.141e-04,)][eta: 10:08:24, time (data): 0.391 (0.037)]l_bij: 1.5541e+01 l_orth: 3.9823e+01 l_diff: 1.4141e+01 l_align: 4.6852e+01 l_total: 1.1636e+02 
2026-05-22 01:14:37,350 INFO: [scape..][epoch:  7, iter:  17,340, lr:(9.141e-04,)][eta: 10:07:53, time (data): 0.369 (0.037)]l_bij: 4.3835e+01 l_orth: 6.1219e+01 l_diff: 1.5198e+01 l_align: 5.2002e+01 l_total: 1.7225e+02 
2026-05-22 01:14:43,723 INFO: [scape..][epoch:  7, iter:  17,360, lr:(9.141e-04,)][eta: 10:07:21, time (data): 0.355 (0.038)]l_bij: 4.6607e+01 l_orth: 6.4354e+01 l_diff: 1.2952e+01 l_align: 5.4892e+01 l_total: 1.7881e+02 
2026-05-22 01:14:53,261 INFO: [scape..][epoch:  7, iter:  17,380, lr:(9.141e-04,)][eta: 10:07:01, time (data): 0.381 (0.038)]l_bij: 3.2364e+01 l_orth: 5.1170e+01 l_diff: 1.3418e+01 l_align: 5.1113e+01 l_total: 1.4807e+02 
2026-05-22 01:15:01,982 INFO: [scape..][epoch:  7, iter:  17,400, lr:(9.141e-04,)][eta: 10:06:37, time (data): 0.391 (0.038)]l_bij: 3.9546e+01 l_orth: 5.6334e+01 l_diff: 1.4323e+01 l_align: 5.2072e+01 l_total: 1.6228e+02 
2026-05-22 01:15:09,028 INFO: [scape..][epoch:  7, iter:  17,420, lr:(9.141e-04,)][eta: 10:06:08, time (data): 0.385 (0.038)]l_bij: 2.1594e+00 l_orth: 3.6347e+01 l_diff: 1.1867e+01 l_align: 5.2265e+01 l_total: 1.0264e+02 
2026-05-22 01:15:17,750 INFO: [scape..][epoch:  7, iter:  17,440, lr:(9.141e-04,)][eta: 10:05:45, time (data): 0.392 (0.038)]l_bij: 1.4014e+01 l_orth: 3.9844e+01 l_diff: 1.4397e+01 l_align: 4.7270e+01 l_total: 1.1552e+02 
2026-05-22 01:15:23,772 INFO: [scape..][epoch:  7, iter:  17,460, lr:(9.141e-04,)][eta: 10:05:12, time (data): 0.381 (0.038)]l_bij: 2.0372e+01 l_orth: 4.2477e+01 l_diff: 1.3454e+01 l_align: 4.6267e+01 l_total: 1.2257e+02 
2026-05-22 01:15:31,133 INFO: [scape..][epoch:  7, iter:  17,480, lr:(9.141e-04,)][eta: 10:04:44, time (data): 0.380 (0.038)]l_bij: 3.1921e+01 l_orth: 5.1205e+01 l_diff: 1.4447e+01 l_align: 5.1791e+01 l_total: 1.4936e+02 
2026-05-22 01:15:37,481 INFO: [scape..][epoch:  7, iter:  17,500, lr:(9.141e-04,)][eta: 10:04:12, time (data): 0.325 (0.040)]l_bij: 3.9838e+01 l_orth: 5.9255e+01 l_diff: 1.4377e+01 l_align: 5.1746e+01 l_total: 1.6522e+02 
2026-05-22 01:15:46,283 INFO: [scape..][epoch:  7, iter:  17,520, lr:(9.141e-04,)][eta: 10:03:49, time (data): 0.395 (0.039)]l_bij: 6.9985e+01 l_orth: 8.6437e+01 l_diff: 2.0096e+01 l_align: 6.7037e+01 l_total: 2.4355e+02 
2026-05-22 01:15:55,469 INFO: [scape..][epoch:  7, iter:  17,540, lr:(9.141e-04,)][eta: 10:03:28, time (data): 0.419 (0.039)]l_bij: 5.2161e+01 l_orth: 6.9120e+01 l_diff: 1.7724e+01 l_align: 5.8585e+01 l_total: 1.9759e+02 
2026-05-22 01:16:01,731 INFO: [scape..][epoch:  7, iter:  17,560, lr:(9.141e-04,)][eta: 10:02:56, time (data): 0.390 (0.038)]l_bij: 4.5362e+01 l_orth: 6.0388e+01 l_diff: 1.4334e+01 l_align: 5.3368e+01 l_total: 1.7345e+02 
2026-05-22 01:16:11,157 INFO: [scape..][epoch:  7, iter:  17,580, lr:(9.141e-04,)][eta: 10:02:35, time (data): 0.407 (0.038)]l_bij: 3.3935e+01 l_orth: 5.1744e+01 l_diff: 1.8418e+01 l_align: 4.7762e+01 l_total: 1.5186e+02 
2026-05-22 01:16:22,868 INFO: [scape..][epoch:  7, iter:  17,600, lr:(9.141e-04,)][eta: 10:02:23, time (data): 0.439 (0.037)]l_bij: 3.4081e+01 l_orth: 5.4859e+01 l_diff: 1.2889e+01 l_align: 5.0874e+01 l_total: 1.5270e+02 
2026-05-22 01:16:33,044 INFO: [scape..][epoch:  7, iter:  17,620, lr:(9.141e-04,)][eta: 10:02:04, time (data): 0.449 (0.037)]l_bij: 3.9029e+01 l_orth: 5.9246e+01 l_diff: 1.2542e+01 l_align: 5.3275e+01 l_total: 1.6409e+02 
2026-05-22 01:16:43,777 INFO: [scape..][epoch:  7, iter:  17,640, lr:(9.141e-04,)][eta: 10:01:48, time (data): 0.461 (0.038)]l_bij: 5.1208e+01 l_orth: 6.8267e+01 l_diff: 1.4172e+01 l_align: 5.6700e+01 l_total: 1.9035e+02 
2026-05-22 01:16:52,088 INFO: [scape..][epoch:  7, iter:  17,660, lr:(9.141e-04,)][eta: 10:01:24, time (data): 0.456 (0.037)]l_bij: 2.1524e+01 l_orth: 4.7129e+01 l_diff: 1.4938e+01 l_align: 5.0658e+01 l_total: 1.3425e+02 
2026-05-22 01:17:03,738 INFO: [scape..][epoch:  7, iter:  17,680, lr:(9.141e-04,)][eta: 10:01:11, time (data): 0.469 (0.037)]l_bij: 3.8464e+01 l_orth: 5.4869e+01 l_diff: 1.0985e+01 l_align: 4.8304e+01 l_total: 1.5262e+02 
2026-05-22 01:17:14,114 INFO: [scape..][epoch:  7, iter:  17,700, lr:(9.141e-04,)][eta: 10:00:54, time (data): 0.535 (0.034)]l_bij: 3.5023e+01 l_orth: 5.8176e+01 l_diff: 1.8218e+01 l_align: 5.4492e+01 l_total: 1.6591e+02 
2026-05-22 01:17:24,370 INFO: [scape..][epoch:  7, iter:  17,720, lr:(9.141e-04,)][eta: 10:00:36, time (data): 0.521 (0.035)]l_bij: 3.1201e+01 l_orth: 5.2206e+01 l_diff: 1.6167e+01 l_align: 4.8325e+01 l_total: 1.4790e+02 
2026-05-22 01:17:34,962 INFO: [scape..][epoch:  7, iter:  17,740, lr:(9.141e-04,)][eta: 10:00:19, time (data): 0.524 (0.036)]l_bij: 1.7428e+01 l_orth: 4.9405e+01 l_diff: 1.5257e+01 l_align: 5.2214e+01 l_total: 1.3430e+02 
2026-05-22 01:17:46,055 INFO: [scape..][epoch:  7, iter:  17,760, lr:(9.141e-04,)][eta: 10:00:04, time (data): 0.533 (0.036)]l_bij: 3.8469e+01 l_orth: 5.9191e+01 l_diff: 1.5868e+01 l_align: 5.7525e+01 l_total: 1.7105e+02 
2026-05-22 01:17:56,128 INFO: [scape..][epoch:  7, iter:  17,780, lr:(9.141e-04,)][eta: 9:59:46, time (data): 0.526 (0.036)]l_bij: 2.5911e+01 l_orth: 4.7235e+01 l_diff: 1.5953e+01 l_align: 4.8580e+01 l_total: 1.3768e+02 
2026-05-22 01:18:06,620 INFO: [scape..][epoch:  7, iter:  17,800, lr:(9.141e-04,)][eta: 9:59:29, time (data): 0.526 (0.036)]l_bij: 4.2830e+01 l_orth: 6.0014e+01 l_diff: 1.3643e+01 l_align: 5.1196e+01 l_total: 1.6768e+02 
2026-05-22 01:18:17,142 INFO: [scape..][epoch:  7, iter:  17,820, lr:(9.141e-04,)][eta: 9:59:13, time (data): 0.526 (0.036)]l_bij: 3.3229e+01 l_orth: 5.5814e+01 l_diff: 1.2910e+01 l_align: 5.2740e+01 l_total: 1.5469e+02 
2026-05-22 01:18:27,818 INFO: [scape..][epoch:  7, iter:  17,840, lr:(9.141e-04,)][eta: 9:58:56, time (data): 0.527 (0.036)]l_bij: 4.0090e+01 l_orth: 5.9659e+01 l_diff: 1.8037e+01 l_align: 4.9860e+01 l_total: 1.6765e+02 
2026-05-22 01:18:37,738 INFO: [scape..][epoch:  7, iter:  17,860, lr:(9.141e-04,)][eta: 9:58:38, time (data): 0.523 (0.037)]l_bij: 4.5223e+01 l_orth: 5.9393e+01 l_diff: 1.4229e+01 l_align: 5.0947e+01 l_total: 1.6979e+02 
2026-05-22 01:18:47,329 INFO: [scape..][epoch:  7, iter:  17,880, lr:(9.141e-04,)][eta: 9:58:18, time (data): 0.519 (0.037)]l_bij: 4.0464e+01 l_orth: 5.7495e+01 l_diff: 1.4379e+01 l_align: 5.0349e+01 l_total: 1.6269e+02 
2026-05-22 01:18:53,906 INFO: [scape..][epoch:  7, iter:  17,900, lr:(9.141e-04,)][eta: 9:57:48, time (data): 0.302 (0.032)]l_bij: 2.4991e+01 l_orth: 4.9442e+01 l_diff: 1.4375e+01 l_align: 4.8386e+01 l_total: 1.3719e+02 
2026-05-22 01:18:59,849 INFO: [scape..][epoch:  7, iter:  17,920, lr:(9.141e-04,)][eta: 9:57:16, time (data): 0.299 (0.034)]l_bij: 7.5321e+01 l_orth: 8.5532e+01 l_diff: 2.0011e+01 l_align: 6.9315e+01 l_total: 2.5018e+02 
2026-05-22 01:19:06,011 INFO: [scape..][epoch:  7, iter:  17,940, lr:(9.141e-04,)][eta: 9:56:45, time (data): 0.302 (0.033)]l_bij: 1.9638e+01 l_orth: 4.4912e+01 l_diff: 1.4038e+01 l_align: 4.6763e+01 l_total: 1.2535e+02 
2026-05-22 01:19:13,484 INFO: [scape..][epoch:  7, iter:  17,960, lr:(9.141e-04,)][eta: 9:56:18, time (data): 0.323 (0.033)]l_bij: 3.4384e+01 l_orth: 5.5203e+01 l_diff: 1.4571e+01 l_align: 4.9897e+01 l_total: 1.5406e+02 
2026-05-22 01:19:18,732 INFO: [scape..][epoch:  7, iter:  17,980, lr:(9.141e-04,)][eta: 9:55:44, time (data): 0.309 (0.033)]l_bij: 4.7131e+01 l_orth: 6.3840e+01 l_diff: 1.5147e+01 l_align: 5.4841e+01 l_total: 1.8096e+02 
2026-05-22 01:19:24,088 INFO: [scape..][epoch:  7, iter:  18,000, lr:(9.141e-04,)][eta: 9:55:10, time (data): 0.302 (0.034)]l_bij: 4.1625e+01 l_orth: 5.9564e+01 l_diff: 1.7378e+01 l_align: 5.5746e+01 l_total: 1.7431e+02 
2026-05-22 01:19:30,540 INFO: [scape..][epoch:  7, iter:  18,020, lr:(9.141e-04,)][eta: 9:54:40, time (data): 0.305 (0.034)]l_bij: 2.4691e+01 l_orth: 4.6800e+01 l_diff: 1.6442e+01 l_align: 4.9855e+01 l_total: 1.3779e+02 
2026-05-22 01:19:35,982 INFO: [scape..][epoch:  7, iter:  18,040, lr:(9.141e-04,)][eta: 9:54:06, time (data): 0.301 (0.035)]l_bij: 3.1008e+01 l_orth: 5.2532e+01 l_diff: 1.4305e+01 l_align: 5.1567e+01 l_total: 1.4941e+02 
2026-05-22 01:19:41,929 INFO: [scape..][epoch:  7, iter:  18,060, lr:(9.141e-04,)][eta: 9:53:35, time (data): 0.300 (0.036)]l_bij: 3.5619e+01 l_orth: 5.7133e+01 l_diff: 1.4786e+01 l_align: 5.3986e+01 l_total: 1.6152e+02 
2026-05-22 01:19:48,771 INFO: [scape..][epoch:  7, iter:  18,080, lr:(9.141e-04,)][eta: 9:53:06, time (data): 0.305 (0.036)]l_bij: 3.9524e+01 l_orth: 5.6383e+01 l_diff: 1.5360e+01 l_align: 5.4478e+01 l_total: 1.6575e+02 
2026-05-22 01:19:54,155 INFO: [scape..][epoch:  7, iter:  18,100, lr:(9.141e-04,)][eta: 9:52:33, time (data): 0.318 (0.036)]l_bij: 4.8416e+01 l_orth: 6.4376e+01 l_diff: 1.4226e+01 l_align: 5.5851e+01 l_total: 1.8287e+02 
2026-05-22 01:20:01,348 INFO: [scape..][epoch:  7, iter:  18,120, lr:(9.141e-04,)][eta: 9:52:06, time (data): 0.346 (0.040)]l_bij: 4.1211e+01 l_orth: 5.8929e+01 l_diff: 1.4626e+01 l_align: 5.3801e+01 l_total: 1.6857e+02 
2026-05-22 01:20:08,699 INFO: [scape..][epoch:  7, iter:  18,140, lr:(9.141e-04,)][eta: 9:51:39, time (data): 0.354 (0.041)]l_bij: 2.4749e+01 l_orth: 4.7436e+01 l_diff: 1.3168e+01 l_align: 4.9475e+01 l_total: 1.3483e+02 
2026-05-22 01:20:15,197 INFO: [scape..][epoch:  7, iter:  18,160, lr:(9.141e-04,)][eta: 9:51:09, time (data): 0.346 (0.040)]l_bij: 4.2464e+01 l_orth: 6.0774e+01 l_diff: 1.1395e+01 l_align: 5.4463e+01 l_total: 1.6910e+02 
2026-05-22 01:20:20,785 INFO: [scape..][epoch:  7, iter:  18,180, lr:(9.141e-04,)][eta: 9:50:37, time (data): 0.331 (0.039)]l_bij: 2.5703e+01 l_orth: 5.2026e+01 l_diff: 1.1413e+01 l_align: 5.1674e+01 l_total: 1.4082e+02 
2026-05-22 01:20:26,613 INFO: [scape..][epoch:  7, iter:  18,200, lr:(9.141e-04,)][eta: 9:50:05, time (data): 0.324 (0.040)]l_bij: 4.3907e+01 l_orth: 6.1973e+01 l_diff: 1.7373e+01 l_align: 5.4860e+01 l_total: 1.7811e+02 
2026-05-22 01:20:33,654 INFO: [scape..][epoch:  8, iter:  18,220, lr:(8.844e-04,)][eta: 9:49:38, time (data): 0.328 (0.046)]l_bij: 4.4179e+01 l_orth: 6.1388e+01 l_diff: 1.3175e+01 l_align: 5.1156e+01 l_total: 1.6990e+02 
2026-05-22 01:20:39,830 INFO: [scape..][epoch:  8, iter:  18,240, lr:(8.844e-04,)][eta: 9:49:07, time (data): 0.326 (0.045)]l_bij: 3.2118e+01 l_orth: 5.6408e+01 l_diff: 1.2763e+01 l_align: 5.5380e+01 l_total: 1.5667e+02 
2026-05-22 01:20:46,178 INFO: [scape..][epoch:  8, iter:  18,260, lr:(8.844e-04,)][eta: 9:48:38, time (data): 0.325 (0.045)]l_bij: 3.2873e+01 l_orth: 5.4775e+01 l_diff: 2.0342e+01 l_align: 5.0916e+01 l_total: 1.5891e+02 
2026-05-22 01:20:52,495 INFO: [scape..][epoch:  8, iter:  18,280, lr:(8.844e-04,)][eta: 9:48:08, time (data): 0.324 (0.044)]l_bij: 3.2398e+01 l_orth: 5.2877e+01 l_diff: 1.6013e+01 l_align: 5.3059e+01 l_total: 1.5435e+02 
2026-05-22 01:20:57,327 INFO: [scape..][epoch:  8, iter:  18,300, lr:(8.844e-04,)][eta: 9:47:33, time (data): 0.241 (0.043)]l_bij: 4.3375e+01 l_orth: 6.0742e+01 l_diff: 1.6201e+01 l_align: 4.9962e+01 l_total: 1.7028e+02 
2026-05-22 01:21:03,347 INFO: [scape..][epoch:  8, iter:  18,320, lr:(8.844e-04,)][eta: 9:47:03, time (data): 0.282 (0.043)]l_bij: 3.1195e+01 l_orth: 5.5464e+01 l_diff: 1.4083e+01 l_align: 5.4631e+01 l_total: 1.5537e+02 
2026-05-22 01:21:09,829 INFO: [scape..][epoch:  8, iter:  18,340, lr:(8.844e-04,)][eta: 9:46:33, time (data): 0.299 (0.041)]l_bij: 4.2071e+01 l_orth: 6.0574e+01 l_diff: 1.7607e+01 l_align: 5.5009e+01 l_total: 1.7526e+02 
2026-05-22 01:21:14,907 INFO: [scape..][epoch:  8, iter:  18,360, lr:(8.844e-04,)][eta: 9:46:00, time (data): 0.286 (0.040)]l_bij: 5.4508e+01 l_orth: 6.9437e+01 l_diff: 1.2720e+01 l_align: 5.9028e+01 l_total: 1.9569e+02 
2026-05-22 01:21:21,804 INFO: [scape..][epoch:  8, iter:  18,380, lr:(8.844e-04,)][eta: 9:45:32, time (data): 0.299 (0.041)]l_bij: 5.9756e+01 l_orth: 7.4128e+01 l_diff: 2.0157e+01 l_align: 6.2241e+01 l_total: 2.1628e+02 
2026-05-22 01:21:28,027 INFO: [scape..][epoch:  8, iter:  18,400, lr:(8.844e-04,)][eta: 9:45:02, time (data): 0.301 (0.041)]l_bij: 3.8460e+01 l_orth: 5.8234e+01 l_diff: 1.5621e+01 l_align: 5.1304e+01 l_total: 1.6362e+02 
2026-05-22 01:21:34,576 INFO: [scape..][epoch:  8, iter:  18,420, lr:(8.844e-04,)][eta: 9:44:34, time (data): 0.305 (0.041)]l_bij: 3.4170e+01 l_orth: 5.3163e+01 l_diff: 1.5568e+01 l_align: 4.9647e+01 l_total: 1.5255e+02 
2026-05-22 01:21:40,855 INFO: [scape..][epoch:  8, iter:  18,440, lr:(8.844e-04,)][eta: 9:44:04, time (data): 0.307 (0.041)]l_bij: 3.4381e+01 l_orth: 5.5611e+01 l_diff: 1.1128e+01 l_align: 5.1850e+01 l_total: 1.5297e+02 
2026-05-22 01:21:47,414 INFO: [scape..][epoch:  8, iter:  18,460, lr:(8.844e-04,)][eta: 9:43:36, time (data): 0.309 (0.040)]l_bij: 3.7946e+01 l_orth: 5.6792e+01 l_diff: 1.5805e+01 l_align: 4.8831e+01 l_total: 1.5937e+02 
2026-05-22 01:21:53,116 INFO: [scape..][epoch:  8, iter:  18,480, lr:(8.844e-04,)][eta: 9:43:04, time (data): 0.307 (0.040)]l_bij: 4.3131e+01 l_orth: 6.0659e+01 l_diff: 1.2464e+01 l_align: 5.2935e+01 l_total: 1.6919e+02 
2026-05-22 01:21:59,556 INFO: [scape..][epoch:  8, iter:  18,500, lr:(8.844e-04,)][eta: 9:42:36, time (data): 0.316 (0.034)]l_bij: 4.8338e+01 l_orth: 6.4318e+01 l_diff: 1.6453e+01 l_align: 5.4539e+01 l_total: 1.8365e+02 
2026-05-22 01:22:06,931 INFO: [scape..][epoch:  8, iter:  18,520, lr:(8.844e-04,)][eta: 9:42:10, time (data): 0.354 (0.037)]l_bij: 5.1214e+01 l_orth: 6.6219e+01 l_diff: 1.4596e+01 l_align: 5.5769e+01 l_total: 1.8780e+02 
2026-05-22 01:22:13,912 INFO: [scape..][epoch:  8, iter:  18,540, lr:(8.844e-04,)][eta: 9:41:43, time (data): 0.352 (0.036)]l_bij: 4.1286e+01 l_orth: 5.9351e+01 l_diff: 1.2758e+01 l_align: 5.0299e+01 l_total: 1.6369e+02 
2026-05-22 01:22:19,434 INFO: [scape..][epoch:  8, iter:  18,560, lr:(8.844e-04,)][eta: 9:41:11, time (data): 0.329 (0.038)]l_bij: 3.4525e+01 l_orth: 5.3699e+01 l_diff: 1.2980e+01 l_align: 4.9032e+01 l_total: 1.5024e+02 
2026-05-22 01:22:26,104 INFO: [scape..][epoch:  8, iter:  18,580, lr:(8.844e-04,)][eta: 9:40:43, time (data): 0.330 (0.037)]l_bij: 3.6560e+01 l_orth: 5.4638e+01 l_diff: 1.4120e+01 l_align: 5.0838e+01 l_total: 1.5616e+02 
2026-05-22 01:22:32,726 INFO: [scape..][epoch:  8, iter:  18,600, lr:(8.844e-04,)][eta: 9:40:15, time (data): 0.330 (0.036)]l_bij: 2.7233e+01 l_orth: 5.0168e+01 l_diff: 1.6195e+01 l_align: 4.8347e+01 l_total: 1.4194e+02 
2026-05-22 01:22:40,534 INFO: [scape..][epoch:  8, iter:  18,620, lr:(8.844e-04,)][eta: 9:39:51, time (data): 0.340 (0.036)]l_bij: 2.9076e+01 l_orth: 5.5801e+01 l_diff: 1.4340e+01 l_align: 5.7156e+01 l_total: 1.5637e+02 
2026-05-22 01:22:46,785 INFO: [scape..][epoch:  8, iter:  18,640, lr:(8.844e-04,)][eta: 9:39:22, time (data): 0.336 (0.035)]l_bij: 2.1269e+01 l_orth: 4.2690e+01 l_diff: 1.3603e+01 l_align: 4.7969e+01 l_total: 1.2553e+02 
2026-05-22 01:22:52,398 INFO: [scape..][epoch:  8, iter:  18,660, lr:(8.844e-04,)][eta: 9:38:51, time (data): 0.329 (0.035)]l_bij: 4.2152e+01 l_orth: 6.3816e+01 l_diff: 1.4961e+01 l_align: 5.2358e+01 l_total: 1.7329e+02 
2026-05-22 01:22:58,623 INFO: [scape..][epoch:  8, iter:  18,680, lr:(8.844e-04,)][eta: 9:38:22, time (data): 0.328 (0.035)]l_bij: 3.3730e+01 l_orth: 5.4751e+01 l_diff: 1.7667e+01 l_align: 5.0960e+01 l_total: 1.5711e+02 
2026-05-22 01:23:03,161 INFO: [scape..][epoch:  8, iter:  18,700, lr:(8.844e-04,)][eta: 9:37:47, time (data): 0.222 (0.037)]l_bij: 3.8354e+01 l_orth: 5.4423e+01 l_diff: 1.2612e+01 l_align: 4.6577e+01 l_total: 1.5197e+02 
2026-05-22 01:23:09,275 INFO: [scape..][epoch:  8, iter:  18,720, lr:(8.844e-04,)][eta: 9:37:18, time (data): 0.284 (0.039)]l_bij: 3.0769e+01 l_orth: 4.9237e+01 l_diff: 1.5414e+01 l_align: 4.9262e+01 l_total: 1.4468e+02 
2026-05-22 01:23:15,705 INFO: [scape..][epoch:  8, iter:  18,740, lr:(8.844e-04,)][eta: 9:36:50, time (data): 0.300 (0.040)]l_bij: 2.2879e+01 l_orth: 4.6204e+01 l_diff: 1.0265e+01 l_align: 4.7004e+01 l_total: 1.2635e+02 
2026-05-22 01:23:22,734 INFO: [scape..][epoch:  8, iter:  18,760, lr:(8.844e-04,)][eta: 9:36:23, time (data): 0.315 (0.041)]l_bij: 2.7256e+01 l_orth: 5.1772e+01 l_diff: 1.3615e+01 l_align: 4.9503e+01 l_total: 1.4215e+02 
2026-05-22 01:23:28,505 INFO: [scape..][epoch:  8, iter:  18,780, lr:(8.844e-04,)][eta: 9:35:53, time (data): 0.309 (0.041)]l_bij: 3.5125e+01 l_orth: 5.2952e+01 l_diff: 1.8029e+01 l_align: 5.0931e+01 l_total: 1.5704e+02 
2026-05-22 01:23:34,083 INFO: [scape..][epoch:  8, iter:  18,800, lr:(8.844e-04,)][eta: 9:35:22, time (data): 0.303 (0.041)]l_bij: 2.4875e+01 l_orth: 4.9381e+01 l_diff: 1.2695e+01 l_align: 4.9643e+01 l_total: 1.3659e+02 
2026-05-22 01:23:39,655 INFO: [scape..][epoch:  8, iter:  18,820, lr:(8.844e-04,)][eta: 9:34:51, time (data): 0.300 (0.041)]l_bij: 2.4380e+01 l_orth: 4.7590e+01 l_diff: 1.7123e+01 l_align: 4.8677e+01 l_total: 1.3777e+02 
2026-05-22 01:23:46,164 INFO: [scape..][epoch:  8, iter:  18,840, lr:(8.844e-04,)][eta: 9:34:24, time (data): 0.303 (0.041)]l_bij: 2.5132e+01 l_orth: 4.4767e+01 l_diff: 1.3569e+01 l_align: 4.7421e+01 l_total: 1.3089e+02 
2026-05-22 01:23:51,980 INFO: [scape..][epoch:  8, iter:  18,860, lr:(8.844e-04,)][eta: 9:33:54, time (data): 0.302 (0.040)]l_bij: 4.2267e+01 l_orth: 5.9576e+01 l_diff: 1.7451e+01 l_align: 5.2383e+01 l_total: 1.7168e+02 
2026-05-22 01:23:57,341 INFO: [scape..][epoch:  8, iter:  18,880, lr:(8.844e-04,)][eta: 9:33:22, time (data): 0.298 (0.040)]l_bij: 4.8474e+01 l_orth: 6.4512e+01 l_diff: 1.6700e+01 l_align: 5.3382e+01 l_total: 1.8307e+02 
2026-05-22 01:24:04,218 INFO: [scape..][epoch:  8, iter:  18,900, lr:(8.844e-04,)][eta: 9:32:56, time (data): 0.337 (0.035)]l_bij: 4.2158e+01 l_orth: 6.2186e+01 l_diff: 1.5349e+01 l_align: 5.8021e+01 l_total: 1.7771e+02 
2026-05-22 01:24:10,789 INFO: [scape..][epoch:  8, iter:  18,920, lr:(8.844e-04,)][eta: 9:32:28, time (data): 0.330 (0.037)]l_bij: 5.6090e+01 l_orth: 6.8466e+01 l_diff: 1.5825e+01 l_align: 5.5406e+01 l_total: 1.9579e+02 
2026-05-22 01:24:17,267 INFO: [scape..][epoch:  8, iter:  18,940, lr:(8.844e-04,)][eta: 9:32:01, time (data): 0.328 (0.038)]l_bij: 3.5801e+01 l_orth: 5.5822e+01 l_diff: 1.3626e+01 l_align: 4.9151e+01 l_total: 1.5440e+02 
2026-05-22 01:24:23,840 INFO: [scape..][epoch:  8, iter:  18,960, lr:(8.844e-04,)][eta: 9:31:33, time (data): 0.328 (0.038)]l_bij: 2.3359e+01 l_orth: 4.9994e+01 l_diff: 1.5030e+01 l_align: 5.5081e+01 l_total: 1.4346e+02 
2026-05-22 01:24:30,741 INFO: [scape..][epoch:  8, iter:  18,980, lr:(8.844e-04,)][eta: 9:31:07, time (data): 0.332 (0.037)]l_bij: 2.9364e+01 l_orth: 5.1329e+01 l_diff: 1.4503e+01 l_align: 4.9058e+01 l_total: 1.4425e+02 
2026-05-22 01:24:36,914 INFO: [scape..][epoch:  8, iter:  19,000, lr:(8.844e-04,)][eta: 9:30:39, time (data): 0.327 (0.036)]l_bij: 3.2771e+01 l_orth: 5.4320e+01 l_diff: 1.6426e+01 l_align: 5.1539e+01 l_total: 1.5506e+02 
2026-05-22 01:24:42,919 INFO: [scape..][epoch:  8, iter:  19,020, lr:(8.844e-04,)][eta: 9:30:10, time (data): 0.323 (0.036)]l_bij: 5.5537e+01 l_orth: 6.8237e+01 l_diff: 1.4944e+01 l_align: 5.2190e+01 l_total: 1.9091e+02 
2026-05-22 01:24:47,520 INFO: [scape..][epoch:  8, iter:  19,040, lr:(8.844e-04,)][eta: 9:29:36, time (data): 0.310 (0.036)]l_bij: 4.5398e+01 l_orth: 6.1294e+01 l_diff: 1.7699e+01 l_align: 5.5872e+01 l_total: 1.8026e+02 
2026-05-22 01:24:53,082 INFO: [scape..][epoch:  8, iter:  19,060, lr:(8.844e-04,)][eta: 9:29:06, time (data): 0.306 (0.036)]l_bij: 3.8255e+01 l_orth: 5.8099e+01 l_diff: 1.4113e+01 l_align: 5.3575e+01 l_total: 1.6404e+02 
2026-05-22 01:24:59,678 INFO: [scape..][epoch:  8, iter:  19,080, lr:(8.844e-04,)][eta: 9:28:39, time (data): 0.309 (0.036)]l_bij: 3.5212e+01 l_orth: 5.3683e+01 l_diff: 1.4657e+01 l_align: 4.9908e+01 l_total: 1.5346e+02 
2026-05-22 01:25:06,292 INFO: [scape..][epoch:  8, iter:  19,100, lr:(8.844e-04,)][eta: 9:28:12, time (data): 0.317 (0.033)]l_bij: 6.1238e+01 l_orth: 7.6599e+01 l_diff: 1.7435e+01 l_align: 6.2244e+01 l_total: 2.1752e+02 
2026-05-22 01:25:12,484 INFO: [scape..][epoch:  8, iter:  19,120, lr:(8.844e-04,)][eta: 9:27:44, time (data): 0.311 (0.035)]l_bij: 3.9059e+01 l_orth: 5.4070e+01 l_diff: 1.5770e+01 l_align: 4.9411e+01 l_total: 1.5831e+02 
2026-05-22 01:25:18,574 INFO: [scape..][epoch:  8, iter:  19,140, lr:(8.844e-04,)][eta: 9:27:16, time (data): 0.308 (0.036)]l_bij: 3.4550e+01 l_orth: 5.2502e+01 l_diff: 1.2432e+01 l_align: 4.7503e+01 l_total: 1.4699e+02 
2026-05-22 01:25:25,271 INFO: [scape..][epoch:  8, iter:  19,160, lr:(8.844e-04,)][eta: 9:26:49, time (data): 0.316 (0.037)]l_bij: 3.6783e+01 l_orth: 6.2033e+01 l_diff: 2.2190e+01 l_align: 6.0449e+01 l_total: 1.8146e+02 
2026-05-22 01:25:31,574 INFO: [scape..][epoch:  8, iter:  19,180, lr:(8.844e-04,)][eta: 9:26:22, time (data): 0.316 (0.037)]l_bij: 2.2660e+01 l_orth: 4.4749e+01 l_diff: 1.5384e+01 l_align: 4.9607e+01 l_total: 1.3240e+02 
2026-05-22 01:25:37,951 INFO: [scape..][epoch:  8, iter:  19,200, lr:(8.844e-04,)][eta: 9:25:54, time (data): 0.317 (0.037)]l_bij: 4.1251e+01 l_orth: 6.0029e+01 l_diff: 1.6368e+01 l_align: 5.5303e+01 l_total: 1.7295e+02 
2026-05-22 01:25:45,895 INFO: [scape..][epoch:  8, iter:  19,220, lr:(8.844e-04,)][eta: 9:25:32, time (data): 0.329 (0.037)]l_bij: 2.8145e+01 l_orth: 4.9317e+01 l_diff: 1.6011e+01 l_align: 4.7444e+01 l_total: 1.4092e+02 
2026-05-22 01:25:52,385 INFO: [scape..][epoch:  8, iter:  19,240, lr:(8.844e-04,)][eta: 9:25:05, time (data): 0.329 (0.037)]l_bij: 2.8470e+01 l_orth: 5.3804e+01 l_diff: 1.3813e+01 l_align: 5.4931e+01 l_total: 1.5102e+02 
2026-05-22 01:25:57,977 INFO: [scape..][epoch:  8, iter:  19,260, lr:(8.844e-04,)][eta: 9:24:35, time (data): 0.323 (0.037)]l_bij: 3.3345e+01 l_orth: 5.7304e+01 l_diff: 1.5360e+01 l_align: 5.4794e+01 l_total: 1.6080e+02 
2026-05-22 01:26:04,534 INFO: [scape..][epoch:  8, iter:  19,280, lr:(8.844e-04,)][eta: 9:24:08, time (data): 0.323 (0.036)]l_bij: 2.7153e+01 l_orth: 4.6844e+01 l_diff: 1.7645e+01 l_align: 4.8019e+01 l_total: 1.3966e+02 
2026-05-22 01:26:09,616 INFO: [scape..][epoch:  8, iter:  19,300, lr:(8.844e-04,)][eta: 9:23:37, time (data): 0.244 (0.038)]l_bij: 3.1042e+01 l_orth: 5.4709e+01 l_diff: 1.7108e+01 l_align: 5.4234e+01 l_total: 1.5709e+02 
2026-05-22 01:26:17,074 INFO: [scape..][epoch:  8, iter:  19,320, lr:(8.844e-04,)][eta: 9:23:13, time (data): 0.351 (0.036)]l_bij: 1.9990e+01 l_orth: 4.3132e+01 l_diff: 1.1539e+01 l_align: 4.6295e+01 l_total: 1.2096e+02 
2026-05-22 01:26:23,930 INFO: [scape..][epoch:  8, iter:  19,340, lr:(8.844e-04,)][eta: 9:22:48, time (data): 0.347 (0.036)]l_bij: 4.0337e+01 l_orth: 5.8500e+01 l_diff: 1.3144e+01 l_align: 5.1736e+01 l_total: 1.6372e+02 
2026-05-22 01:26:30,165 INFO: [scape..][epoch:  8, iter:  19,360, lr:(8.844e-04,)][eta: 9:22:20, time (data): 0.336 (0.036)]l_bij: 1.4103e+00 l_orth: 3.6074e+01 l_diff: 1.3295e+01 l_align: 4.9066e+01 l_total: 9.9845e+01 
2026-05-22 01:26:36,391 INFO: [scape..][epoch:  8, iter:  19,380, lr:(8.844e-04,)][eta: 9:21:53, time (data): 0.330 (0.036)]l_bij: 2.1624e+01 l_orth: 4.3688e+01 l_diff: 1.3436e+01 l_align: 4.6470e+01 l_total: 1.2522e+02 
2026-05-22 01:26:41,625 INFO: [scape..][epoch:  8, iter:  19,400, lr:(8.844e-04,)][eta: 9:21:22, time (data): 0.317 (0.036)]l_bij: 5.1190e+01 l_orth: 6.5474e+01 l_diff: 1.6854e+01 l_align: 5.9846e+01 l_total: 1.9336e+02 
2026-05-22 01:26:47,110 INFO: [scape..][epoch:  8, iter:  19,420, lr:(8.844e-04,)][eta: 9:20:53, time (data): 0.310 (0.037)]l_bij: 4.2533e+01 l_orth: 5.9191e+01 l_diff: 1.8933e+01 l_align: 4.8910e+01 l_total: 1.6957e+02 
2026-05-22 01:26:54,634 INFO: [scape..][epoch:  8, iter:  19,440, lr:(8.844e-04,)][eta: 9:20:29, time (data): 0.319 (0.037)]l_bij: 3.6516e+01 l_orth: 5.6180e+01 l_diff: 1.6109e+01 l_align: 5.1214e+01 l_total: 1.6002e+02 
2026-05-22 01:27:01,219 INFO: [scape..][epoch:  8, iter:  19,460, lr:(8.844e-04,)][eta: 9:20:03, time (data): 0.321 (0.037)]l_bij: 2.7166e+01 l_orth: 4.8536e+01 l_diff: 1.2806e+01 l_align: 4.8040e+01 l_total: 1.3655e+02 
2026-05-22 01:27:07,613 INFO: [scape..][epoch:  8, iter:  19,480, lr:(8.844e-04,)][eta: 9:19:36, time (data): 0.320 (0.037)]l_bij: 4.3120e+01 l_orth: 6.2141e+01 l_diff: 1.3615e+01 l_align: 5.7961e+01 l_total: 1.7684e+02 
2026-05-22 01:27:13,470 INFO: [scape..][epoch:  8, iter:  19,500, lr:(8.844e-04,)][eta: 9:19:08, time (data): 0.361 (0.032)]l_bij: 3.5081e+01 l_orth: 5.4987e+01 l_diff: 1.5802e+01 l_align: 5.1247e+01 l_total: 1.5712e+02 
2026-05-22 01:27:19,418 INFO: [scape..][epoch:  8, iter:  19,520, lr:(8.844e-04,)][eta: 9:18:40, time (data): 0.306 (0.034)]l_bij: 5.0216e+01 l_orth: 6.5926e+01 l_diff: 1.5357e+01 l_align: 5.4438e+01 l_total: 1.8594e+02 
2026-05-22 01:27:26,302 INFO: [scape..][epoch:  8, iter:  19,540, lr:(8.844e-04,)][eta: 9:18:15, time (data): 0.324 (0.035)]l_bij: 1.5665e+00 l_orth: 3.7489e+01 l_diff: 1.3905e+01 l_align: 4.8904e+01 l_total: 1.0186e+02 
2026-05-22 01:27:31,771 INFO: [scape..][epoch:  8, iter:  19,560, lr:(8.844e-04,)][eta: 9:17:46, time (data): 0.308 (0.035)]l_bij: 1.7188e+00 l_orth: 3.6263e+01 l_diff: 1.2680e+01 l_align: 4.9224e+01 l_total: 9.9885e+01 
2026-05-22 01:27:35,961 INFO: [scape..][epoch:  8, iter:  19,580, lr:(8.844e-04,)][eta: 9:17:13, time (data): 0.284 (0.035)]l_bij: 3.5160e+01 l_orth: 5.6790e+01 l_diff: 1.3951e+01 l_align: 5.2365e+01 l_total: 1.5827e+02 
2026-05-22 01:27:41,145 INFO: [scape..][epoch:  8, iter:  19,600, lr:(8.844e-04,)][eta: 9:16:42, time (data): 0.279 (0.036)]l_bij: 3.0812e+01 l_orth: 5.3496e+01 l_diff: 1.3423e+01 l_align: 5.1013e+01 l_total: 1.4874e+02 
2026-05-22 01:27:46,512 INFO: [scape..][epoch:  8, iter:  19,620, lr:(8.844e-04,)][eta: 9:16:13, time (data): 0.277 (0.036)]l_bij: 4.0611e+01 l_orth: 5.8404e+01 l_diff: 1.4802e+01 l_align: 5.1558e+01 l_total: 1.6537e+02 
2026-05-22 01:27:51,170 INFO: [scape..][epoch:  8, iter:  19,640, lr:(8.844e-04,)][eta: 9:15:41, time (data): 0.271 (0.036)]l_bij: 3.7059e+01 l_orth: 5.9380e+01 l_diff: 1.2052e+01 l_align: 5.1325e+01 l_total: 1.5982e+02 
2026-05-22 01:27:57,757 INFO: [scape..][epoch:  8, iter:  19,660, lr:(8.844e-04,)][eta: 9:15:16, time (data): 0.278 (0.037)]l_bij: 2.9278e+01 l_orth: 5.1609e+01 l_diff: 1.4417e+01 l_align: 5.2262e+01 l_total: 1.4757e+02 
2026-05-22 01:28:02,872 INFO: [scape..][epoch:  8, iter:  19,680, lr:(8.844e-04,)][eta: 9:14:46, time (data): 0.276 (0.037)]l_bij: 1.8990e+01 l_orth: 4.3365e+01 l_diff: 1.3375e+01 l_align: 4.8000e+01 l_total: 1.2373e+02 
2026-05-22 01:28:07,783 INFO: [scape..][epoch:  8, iter:  19,700, lr:(8.844e-04,)][eta: 9:14:15, time (data): 0.177 (0.036)]l_bij: 2.4595e+01 l_orth: 4.7477e+01 l_diff: 1.4075e+01 l_align: 4.9282e+01 l_total: 1.3543e+02 
2026-05-22 01:28:13,094 INFO: [scape..][epoch:  8, iter:  19,720, lr:(8.844e-04,)][eta: 9:13:45, time (data): 0.257 (0.038)]l_bij: 2.5069e+01 l_orth: 4.6725e+01 l_diff: 1.2155e+01 l_align: 4.6656e+01 l_total: 1.3060e+02 
2026-05-22 01:28:19,310 INFO: [scape..][epoch:  8, iter:  19,740, lr:(8.844e-04,)][eta: 9:13:19, time (data): 0.283 (0.038)]l_bij: 3.3878e+01 l_orth: 5.0941e+01 l_diff: 1.3909e+01 l_align: 4.7426e+01 l_total: 1.4616e+02 
2026-05-22 01:28:24,136 INFO: [scape..][epoch:  8, iter:  19,760, lr:(8.844e-04,)][eta: 9:12:48, time (data): 0.269 (0.037)]l_bij: 4.1497e+01 l_orth: 5.9196e+01 l_diff: 1.4328e+01 l_align: 5.1061e+01 l_total: 1.6608e+02 
2026-05-22 01:28:28,941 INFO: [scape..][epoch:  8, iter:  19,780, lr:(8.844e-04,)][eta: 9:12:17, time (data): 0.262 (0.038)]l_bij: 4.1125e+01 l_orth: 5.8414e+01 l_diff: 1.2185e+01 l_align: 5.0746e+01 l_total: 1.6247e+02 
2026-05-22 01:28:35,034 INFO: [scape..][epoch:  8, iter:  19,800, lr:(8.844e-04,)][eta: 9:11:50, time (data): 0.271 (0.038)]l_bij: 2.1487e+01 l_orth: 4.4205e+01 l_diff: 1.2781e+01 l_align: 4.8722e+01 l_total: 1.2719e+02 
2026-05-22 01:28:40,802 INFO: [scape..][epoch:  8, iter:  19,820, lr:(8.844e-04,)][eta: 9:11:22, time (data): 0.273 (0.039)]l_bij: 3.6306e+01 l_orth: 5.5009e+01 l_diff: 1.3221e+01 l_align: 5.1187e+01 l_total: 1.5572e+02 
2026-05-22 01:28:46,288 INFO: [scape..][epoch:  8, iter:  19,840, lr:(8.844e-04,)][eta: 9:10:54, time (data): 0.274 (0.039)]l_bij: 3.2843e+01 l_orth: 5.3486e+01 l_diff: 1.4608e+01 l_align: 5.2907e+01 l_total: 1.5384e+02 
2026-05-22 01:28:51,343 INFO: [scape..][epoch:  8, iter:  19,860, lr:(8.844e-04,)][eta: 9:10:24, time (data): 0.271 (0.039)]l_bij: 2.1423e+01 l_orth: 4.2430e+01 l_diff: 1.4470e+01 l_align: 4.7130e+01 l_total: 1.2545e+02 
2026-05-22 01:28:56,615 INFO: [scape..][epoch:  8, iter:  19,880, lr:(8.844e-04,)][eta: 9:09:55, time (data): 0.270 (0.039)]l_bij: 2.6900e+01 l_orth: 4.7493e+01 l_diff: 1.5179e+01 l_align: 4.8023e+01 l_total: 1.3760e+02 
2026-05-22 01:29:01,224 INFO: [scape..][epoch:  8, iter:  19,900, lr:(8.844e-04,)][eta: 9:09:24, time (data): 0.202 (0.044)]l_bij: 4.4090e+01 l_orth: 6.1414e+01 l_diff: 1.7225e+01 l_align: 5.2386e+01 l_total: 1.7512e+02 
2026-05-22 01:29:07,257 INFO: [scape..][epoch:  8, iter:  19,920, lr:(8.844e-04,)][eta: 9:08:57, time (data): 0.297 (0.041)]l_bij: 2.7451e+01 l_orth: 5.0678e+01 l_diff: 1.3785e+01 l_align: 4.8286e+01 l_total: 1.4020e+02 
2026-05-22 01:29:12,394 INFO: [scape..][epoch:  8, iter:  19,940, lr:(8.844e-04,)][eta: 9:08:28, time (data): 0.277 (0.041)]l_bij: 1.5192e+01 l_orth: 4.0653e+01 l_diff: 1.5343e+01 l_align: 4.7609e+01 l_total: 1.1880e+02 
2026-05-22 01:29:18,866 INFO: [scape..][epoch:  8, iter:  19,960, lr:(8.844e-04,)][eta: 9:08:02, time (data): 0.292 (0.041)]l_bij: 3.8720e+01 l_orth: 5.7508e+01 l_diff: 1.3230e+01 l_align: 5.2352e+01 l_total: 1.6181e+02 
2026-05-22 01:29:24,624 INFO: [scape..][epoch:  8, iter:  19,980, lr:(8.844e-04,)][eta: 9:07:35, time (data): 0.291 (0.040)]l_bij: 2.9542e+01 l_orth: 4.9975e+01 l_diff: 1.6019e+01 l_align: 4.9495e+01 l_total: 1.4503e+02 
2026-05-22 01:29:30,893 INFO: [scape..][epoch:  8, iter:  20,000, lr:(8.844e-04,)][eta: 9:07:09, time (data): 0.296 (0.039)]l_bij: 4.3698e+01 l_orth: 6.0037e+01 l_diff: 1.4108e+01 l_align: 5.2116e+01 l_total: 1.6996e+02 
2026-05-22 01:29:30,894 INFO: Saving models and training states.
2026-05-22 01:29:30,913 INFO: Start validation.
2026-05-22 01:33:02,771 INFO: Avg time: 0.2231
2026-05-22 01:33:02,967 INFO: Val auc: 0.8097
2026-05-22 01:33:02,967 INFO: Val avg error: 0.0190
2026-05-22 01:33:02,978 INFO: Best model is updated, average geodesic error: 0.0190
2026-05-22 01:33:09,835 INFO: [scape..][epoch:  8, iter:  20,020, lr:(8.844e-04,)][eta: 9:16:59, time (data): 0.303 (0.039)]l_bij: 3.3152e+01 l_orth: 5.1129e+01 l_diff: 1.2545e+01 l_align: 4.7683e+01 l_total: 1.4451e+02 
2026-05-22 01:33:16,691 INFO: [scape..][epoch:  8, iter:  20,040, lr:(8.844e-04,)][eta: 9:16:34, time (data): 0.308 (0.040)]l_bij: 4.3305e+01 l_orth: 6.1802e+01 l_diff: 1.2839e+01 l_align: 5.2885e+01 l_total: 1.7083e+02 
2026-05-22 01:33:24,607 INFO: [scape..][epoch:  8, iter:  20,060, lr:(8.844e-04,)][eta: 9:16:12, time (data): 0.319 (0.039)]l_bij: 2.8850e+01 l_orth: 5.0203e+01 l_diff: 1.4861e+01 l_align: 4.8770e+01 l_total: 1.4268e+02 
2026-05-22 01:33:31,977 INFO: [scape..][epoch:  8, iter:  20,080, lr:(8.844e-04,)][eta: 9:15:49, time (data): 0.325 (0.039)]l_bij: 2.8815e+01 l_orth: 5.2484e+01 l_diff: 1.3166e+01 l_align: 4.9960e+01 l_total: 1.4442e+02 
2026-05-22 01:33:36,967 INFO: [scape..][epoch:  8, iter:  20,100, lr:(8.844e-04,)][eta: 9:15:18, time (data): 0.317 (0.038)]l_bij: 2.7066e+01 l_orth: 4.9161e+01 l_diff: 1.2974e+01 l_align: 4.9554e+01 l_total: 1.3876e+02 
2026-05-22 01:33:42,267 INFO: [scape..][epoch:  8, iter:  20,120, lr:(8.844e-04,)][eta: 9:14:49, time (data): 0.265 (0.035)]l_bij: 4.1187e+01 l_orth: 6.1246e+01 l_diff: 1.6189e+01 l_align: 5.3803e+01 l_total: 1.7243e+02 
2026-05-22 01:33:49,892 INFO: [scape..][epoch:  8, iter:  20,140, lr:(8.844e-04,)][eta: 9:14:26, time (data): 0.323 (0.035)]l_bij: 6.6262e+01 l_orth: 8.2094e+01 l_diff: 1.8818e+01 l_align: 6.8315e+01 l_total: 2.3549e+02 
2026-05-22 01:33:55,526 INFO: [scape..][epoch:  8, iter:  20,160, lr:(8.844e-04,)][eta: 9:13:58, time (data): 0.309 (0.034)]l_bij: 2.9787e+01 l_orth: 5.1718e+01 l_diff: 1.4398e+01 l_align: 5.0246e+01 l_total: 1.4615e+02 
2026-05-22 01:34:00,688 INFO: [scape..][epoch:  8, iter:  20,180, lr:(8.844e-04,)][eta: 9:13:28, time (data): 0.296 (0.035)]l_bij: 3.0958e+01 l_orth: 5.3529e+01 l_diff: 1.4421e+01 l_align: 5.1207e+01 l_total: 1.5012e+02 
2026-05-22 01:34:06,731 INFO: [scape..][epoch:  8, iter:  20,200, lr:(8.844e-04,)][eta: 9:13:01, time (data): 0.298 (0.035)]l_bij: 4.6562e+01 l_orth: 6.4475e+01 l_diff: 1.8916e+01 l_align: 5.6729e+01 l_total: 1.8668e+02 
2026-05-22 01:34:11,645 INFO: [scape..][epoch:  8, iter:  20,220, lr:(8.844e-04,)][eta: 9:12:31, time (data): 0.289 (0.036)]l_bij: 3.3460e+01 l_orth: 5.1818e+01 l_diff: 1.1713e+01 l_align: 5.0884e+01 l_total: 1.4787e+02 
2026-05-22 01:34:17,535 INFO: [scape..][epoch:  8, iter:  20,240, lr:(8.844e-04,)][eta: 9:12:04, time (data): 0.290 (0.037)]l_bij: 1.8945e+00 l_orth: 3.5608e+01 l_diff: 1.5056e+01 l_align: 4.8846e+01 l_total: 1.0140e+02 
2026-05-22 01:34:25,127 INFO: [scape..][epoch:  8, iter:  20,260, lr:(8.844e-04,)][eta: 9:11:41, time (data): 0.301 (0.037)]l_bij: 3.6512e+01 l_orth: 5.6555e+01 l_diff: 1.2949e+01 l_align: 4.9696e+01 l_total: 1.5571e+02 
2026-05-22 01:34:30,304 INFO: [scape..][epoch:  8, iter:  20,280, lr:(8.844e-04,)][eta: 9:11:12, time (data): 0.296 (0.037)]l_bij: 2.2112e+01 l_orth: 4.7443e+01 l_diff: 1.3008e+01 l_align: 4.8062e+01 l_total: 1.3062e+02 
2026-05-22 01:34:35,779 INFO: [scape..][epoch:  8, iter:  20,300, lr:(8.844e-04,)][eta: 9:10:43, time (data): 0.294 (0.037)]l_bij: 3.7029e+01 l_orth: 5.7812e+01 l_diff: 1.3769e+01 l_align: 4.9890e+01 l_total: 1.5850e+02 
2026-05-22 01:34:41,920 INFO: [scape..][epoch:  8, iter:  20,320, lr:(8.844e-04,)][eta: 9:10:17, time (data): 0.306 (0.036)]l_bij: 4.2029e+01 l_orth: 5.6771e+01 l_diff: 2.0096e+01 l_align: 4.8096e+01 l_total: 1.6699e+02 
2026-05-22 01:34:46,643 INFO: [scape..][epoch:  8, iter:  20,340, lr:(8.844e-04,)][eta: 9:09:46, time (data): 0.270 (0.039)]l_bij: 2.4506e+01 l_orth: 4.8660e+01 l_diff: 1.4036e+01 l_align: 4.8216e+01 l_total: 1.3542e+02 
2026-05-22 01:34:53,423 INFO: [scape..][epoch:  8, iter:  20,360, lr:(8.844e-04,)][eta: 9:09:22, time (data): 0.293 (0.039)]l_bij: 3.1403e+01 l_orth: 5.1131e+01 l_diff: 1.4447e+01 l_align: 4.9909e+01 l_total: 1.4689e+02 
2026-05-22 01:34:59,952 INFO: [scape..][epoch:  8, iter:  20,380, lr:(8.844e-04,)][eta: 9:08:56, time (data): 0.302 (0.039)]l_bij: 4.3611e+01 l_orth: 6.2207e+01 l_diff: 1.8241e+01 l_align: 5.7304e+01 l_total: 1.8136e+02 
2026-05-22 01:35:07,606 INFO: [scape..][epoch:  8, iter:  20,400, lr:(8.844e-04,)][eta: 9:08:34, time (data): 0.318 (0.040)]l_bij: 3.8567e+01 l_orth: 5.6330e+01 l_diff: 1.3237e+01 l_align: 5.3720e+01 l_total: 1.6185e+02 
2026-05-22 01:35:15,415 INFO: [scape..][epoch:  8, iter:  20,420, lr:(8.844e-04,)][eta: 9:08:13, time (data): 0.330 (0.039)]l_bij: 4.1821e+01 l_orth: 5.8707e+01 l_diff: 1.6901e+01 l_align: 5.3027e+01 l_total: 1.7046e+02 
2026-05-22 01:35:21,422 INFO: [scape..][epoch:  8, iter:  20,440, lr:(8.844e-04,)][eta: 9:07:46, time (data): 0.326 (0.038)]l_bij: 2.4026e+01 l_orth: 4.9522e+01 l_diff: 1.4554e+01 l_align: 5.3267e+01 l_total: 1.4137e+02 
2026-05-22 01:35:28,025 INFO: [scape..][epoch:  8, iter:  20,460, lr:(8.844e-04,)][eta: 9:07:21, time (data): 0.326 (0.038)]l_bij: 1.3298e+01 l_orth: 4.5312e+01 l_diff: 1.3696e+01 l_align: 5.2239e+01 l_total: 1.2454e+02 
2026-05-22 01:35:33,356 INFO: [scape..][epoch:  8, iter:  20,480, lr:(8.844e-04,)][eta: 9:06:53, time (data): 0.320 (0.038)]l_bij: 3.7829e+01 l_orth: 5.8084e+01 l_diff: 1.6217e+01 l_align: 4.9826e+01 l_total: 1.6196e+02 
2026-05-22 01:35:39,830 INFO: [scape..][epoch:  8, iter:  20,500, lr:(8.844e-04,)][eta: 9:06:27, time (data): 0.320 (0.038)]l_bij: 2.2877e+01 l_orth: 4.5654e+01 l_diff: 1.3209e+01 l_align: 4.6917e+01 l_total: 1.2866e+02 
2026-05-22 01:35:45,817 INFO: [scape..][epoch:  8, iter:  20,520, lr:(8.844e-04,)][eta: 9:06:01, time (data): 0.293 (0.038)]l_bij: 2.4527e+01 l_orth: 4.4025e+01 l_diff: 1.4749e+01 l_align: 4.6294e+01 l_total: 1.2959e+02 
2026-05-22 01:35:51,753 INFO: [scape..][epoch:  8, iter:  20,540, lr:(8.844e-04,)][eta: 9:05:34, time (data): 0.295 (0.038)]l_bij: 2.8364e+01 l_orth: 4.8372e+01 l_diff: 1.4167e+01 l_align: 4.8115e+01 l_total: 1.3902e+02 
2026-05-22 01:35:58,124 INFO: [scape..][epoch:  8, iter:  20,560, lr:(8.844e-04,)][eta: 9:05:09, time (data): 0.303 (0.040)]l_bij: 3.5908e+01 l_orth: 5.4790e+01 l_diff: 1.7696e+01 l_align: 5.4009e+01 l_total: 1.6240e+02 
2026-05-22 01:36:03,561 INFO: [scape..][epoch:  8, iter:  20,580, lr:(8.844e-04,)][eta: 9:04:41, time (data): 0.295 (0.039)]l_bij: 4.6694e+01 l_orth: 6.1756e+01 l_diff: 1.3879e+01 l_align: 5.2851e+01 l_total: 1.7518e+02 
2026-05-22 01:36:08,512 INFO: [scape..][epoch:  8, iter:  20,600, lr:(8.844e-04,)][eta: 9:04:11, time (data): 0.285 (0.040)]l_bij: 2.0904e+01 l_orth: 4.5763e+01 l_diff: 1.3688e+01 l_align: 4.9372e+01 l_total: 1.2973e+02 
2026-05-22 01:36:15,140 INFO: [scape..][epoch:  8, iter:  20,620, lr:(8.844e-04,)][eta: 9:03:47, time (data): 0.293 (0.040)]l_bij: 3.8153e+01 l_orth: 5.5001e+01 l_diff: 1.4725e+01 l_align: 4.7051e+01 l_total: 1.5493e+02 
2026-05-22 01:36:21,880 INFO: [scape..][epoch:  8, iter:  20,640, lr:(8.844e-04,)][eta: 9:03:23, time (data): 0.300 (0.039)]l_bij: 2.3003e+01 l_orth: 4.7535e+01 l_diff: 1.3912e+01 l_align: 5.1439e+01 l_total: 1.3589e+02 
2026-05-22 01:36:27,296 INFO: [scape..][epoch:  8, iter:  20,660, lr:(8.844e-04,)][eta: 9:02:55, time (data): 0.296 (0.039)]l_bij: 4.7959e+01 l_orth: 6.2295e+01 l_diff: 1.5032e+01 l_align: 5.3455e+01 l_total: 1.7874e+02 
2026-05-22 01:36:32,801 INFO: [scape..][epoch:  8, iter:  20,680, lr:(8.844e-04,)][eta: 9:02:27, time (data): 0.294 (0.039)]l_bij: 6.8157e+01 l_orth: 8.0952e+01 l_diff: 1.8138e+01 l_align: 6.5500e+01 l_total: 2.3275e+02 
2026-05-22 01:36:38,316 INFO: [scape..][epoch:  8, iter:  20,700, lr:(8.844e-04,)][eta: 9:02:00, time (data): 0.292 (0.039)]l_bij: 4.1184e+01 l_orth: 6.0940e+01 l_diff: 1.7370e+01 l_align: 5.6156e+01 l_total: 1.7565e+02 
2026-05-22 01:36:44,440 INFO: [scape..][epoch:  8, iter:  20,720, lr:(8.844e-04,)][eta: 9:01:34, time (data): 0.323 (0.039)]l_bij: 6.9321e+01 l_orth: 8.0938e+01 l_diff: 1.7047e+01 l_align: 6.4104e+01 l_total: 2.3141e+02 
2026-05-22 01:36:49,229 INFO: [scape..][epoch:  8, iter:  20,740, lr:(8.844e-04,)][eta: 9:01:04, time (data): 0.278 (0.041)]l_bij: 3.5362e+01 l_orth: 5.5652e+01 l_diff: 1.6116e+01 l_align: 5.4273e+01 l_total: 1.6140e+02 
2026-05-22 01:36:55,748 INFO: [scape..][epoch:  8, iter:  20,760, lr:(8.844e-04,)][eta: 9:00:40, time (data): 0.295 (0.041)]l_bij: 4.1909e+01 l_orth: 5.8154e+01 l_diff: 1.7191e+01 l_align: 5.1384e+01 l_total: 1.6864e+02 
2026-05-22 01:37:02,172 INFO: [scape..][epoch:  8, iter:  20,780, lr:(8.844e-04,)][eta: 9:00:15, time (data): 0.302 (0.040)]l_bij: 5.7739e+01 l_orth: 7.3683e+01 l_diff: 1.9688e+01 l_align: 6.1933e+01 l_total: 2.1304e+02 
2026-05-22 01:37:07,891 INFO: [scape..][epoch:  8, iter:  20,800, lr:(8.844e-04,)][eta: 8:59:48, time (data): 0.298 (0.040)]l_bij: 2.3912e+00 l_orth: 3.7092e+01 l_diff: 1.5139e+01 l_align: 5.1989e+01 l_total: 1.0661e+02 
2026-05-22 01:37:14,505 INFO: [scape..][epoch:  9, iter:  20,820, lr:(8.511e-04,)][eta: 8:59:24, time (data): 0.304 (0.048)]l_bij: 4.7845e+01 l_orth: 6.3812e+01 l_diff: 1.7173e+01 l_align: 5.4482e+01 l_total: 1.8331e+02 
2026-05-22 01:37:20,644 INFO: [scape..][epoch:  9, iter:  20,840, lr:(8.511e-04,)][eta: 8:58:58, time (data): 0.304 (0.045)]l_bij: 1.3905e+01 l_orth: 4.2792e+01 l_diff: 1.6472e+01 l_align: 4.8390e+01 l_total: 1.2156e+02 
2026-05-22 01:37:25,626 INFO: [scape..][epoch:  9, iter:  20,860, lr:(8.511e-04,)][eta: 8:58:30, time (data): 0.297 (0.045)]l_bij: 2.6764e+01 l_orth: 4.8326e+01 l_diff: 1.3312e+01 l_align: 5.0159e+01 l_total: 1.3856e+02 
2026-05-22 01:37:31,882 INFO: [scape..][epoch:  9, iter:  20,880, lr:(8.511e-04,)][eta: 8:58:05, time (data): 0.299 (0.044)]l_bij: 4.3998e+01 l_orth: 6.0629e+01 l_diff: 1.4027e+01 l_align: 5.5185e+01 l_total: 1.7384e+02 
2026-05-22 01:37:37,086 INFO: [scape..][epoch:  9, iter:  20,900, lr:(8.511e-04,)][eta: 8:57:37, time (data): 0.295 (0.043)]l_bij: 5.5571e+01 l_orth: 6.8446e+01 l_diff: 1.7061e+01 l_align: 5.6071e+01 l_total: 1.9715e+02 
2026-05-22 01:37:42,450 INFO: [scape..][epoch:  9, iter:  20,920, lr:(8.511e-04,)][eta: 8:57:09, time (data): 0.287 (0.037)]l_bij: 1.8088e+01 l_orth: 4.3367e+01 l_diff: 1.4394e+01 l_align: 4.7708e+01 l_total: 1.2356e+02 
2026-05-22 01:37:49,242 INFO: [scape..][epoch:  9, iter:  20,940, lr:(8.511e-04,)][eta: 8:56:46, time (data): 0.316 (0.040)]l_bij: 3.7686e+01 l_orth: 5.5789e+01 l_diff: 1.2177e+01 l_align: 4.7031e+01 l_total: 1.5268e+02 
2026-05-22 01:37:54,887 INFO: [scape..][epoch:  9, iter:  20,960, lr:(8.511e-04,)][eta: 8:56:19, time (data): 0.304 (0.040)]l_bij: 2.9741e+01 l_orth: 5.2056e+01 l_diff: 1.5176e+01 l_align: 5.0407e+01 l_total: 1.4738e+02 
2026-05-22 01:38:00,263 INFO: [scape..][epoch:  9, iter:  20,980, lr:(8.511e-04,)][eta: 8:55:52, time (data): 0.295 (0.040)]l_bij: 2.5148e+01 l_orth: 4.8401e+01 l_diff: 1.3151e+01 l_align: 5.0709e+01 l_total: 1.3741e+02 
2026-05-22 01:38:05,676 INFO: [scape..][epoch:  9, iter:  21,000, lr:(8.511e-04,)][eta: 8:55:25, time (data): 0.290 (0.040)]l_bij: 3.6136e+01 l_orth: 5.7192e+01 l_diff: 1.5567e+01 l_align: 5.2227e+01 l_total: 1.6112e+02 
2026-05-22 01:38:11,654 INFO: [scape..][epoch:  9, iter:  21,020, lr:(8.511e-04,)][eta: 8:54:59, time (data): 0.291 (0.040)]l_bij: 4.0071e+01 l_orth: 5.7822e+01 l_diff: 1.3409e+01 l_align: 5.1449e+01 l_total: 1.6275e+02 
2026-05-22 01:38:18,429 INFO: [scape..][epoch:  9, iter:  21,040, lr:(8.511e-04,)][eta: 8:54:36, time (data): 0.298 (0.040)]l_bij: 2.9076e+01 l_orth: 5.3911e+01 l_diff: 1.4238e+01 l_align: 5.2207e+01 l_total: 1.4943e+02 
2026-05-22 01:38:24,561 INFO: [scape..][epoch:  9, iter:  21,060, lr:(8.511e-04,)][eta: 8:54:10, time (data): 0.299 (0.040)]l_bij: 2.7275e+01 l_orth: 4.9757e+01 l_diff: 1.5109e+01 l_align: 5.1195e+01 l_total: 1.4334e+02 
2026-05-22 01:38:30,344 INFO: [scape..][epoch:  9, iter:  21,080, lr:(8.511e-04,)][eta: 8:53:44, time (data): 0.298 (0.040)]l_bij: 4.0857e+01 l_orth: 5.5732e+01 l_diff: 1.1616e+01 l_align: 4.7263e+01 l_total: 1.5547e+02 
2026-05-22 01:38:35,163 INFO: [scape..][epoch:  9, iter:  21,100, lr:(8.511e-04,)][eta: 8:53:16, time (data): 0.292 (0.040)]l_bij: 3.7799e+01 l_orth: 5.8130e+01 l_diff: 1.4122e+01 l_align: 5.2343e+01 l_total: 1.6240e+02 
2026-05-22 01:38:41,872 INFO: [scape..][epoch:  9, iter:  21,120, lr:(8.511e-04,)][eta: 8:52:52, time (data): 0.286 (0.040)]l_bij: 4.6512e+01 l_orth: 6.2262e+01 l_diff: 1.4566e+01 l_align: 5.4204e+01 l_total: 1.7755e+02 
2026-05-22 01:38:47,578 INFO: [scape..][epoch:  9, iter:  21,140, lr:(8.511e-04,)][eta: 8:52:26, time (data): 0.286 (0.040)]l_bij: 5.4071e+01 l_orth: 6.9250e+01 l_diff: 1.6502e+01 l_align: 5.8535e+01 l_total: 1.9836e+02 
2026-05-22 01:38:54,327 INFO: [scape..][epoch:  9, iter:  21,160, lr:(8.511e-04,)][eta: 8:52:03, time (data): 0.304 (0.040)]l_bij: 6.1796e+01 l_orth: 7.6081e+01 l_diff: 1.5386e+01 l_align: 6.0158e+01 l_total: 2.1342e+02 
2026-05-22 01:39:00,084 INFO: [scape..][epoch:  9, iter:  21,180, lr:(8.511e-04,)][eta: 8:51:37, time (data): 0.300 (0.040)]l_bij: 2.5258e+01 l_orth: 4.9158e+01 l_diff: 1.4505e+01 l_align: 5.0395e+01 l_total: 1.3932e+02 
2026-05-22 01:39:05,890 INFO: [scape..][epoch:  9, iter:  21,200, lr:(8.511e-04,)][eta: 8:51:11, time (data): 0.298 (0.041)]l_bij: 3.3859e+01 l_orth: 5.5137e+01 l_diff: 1.5784e+01 l_align: 5.1269e+01 l_total: 1.5605e+02 
2026-05-22 01:39:11,932 INFO: [scape..][epoch:  9, iter:  21,220, lr:(8.511e-04,)][eta: 8:50:46, time (data): 0.299 (0.041)]l_bij: 3.0892e+01 l_orth: 5.0711e+01 l_diff: 1.3324e+01 l_align: 4.7759e+01 l_total: 1.4269e+02 
2026-05-22 01:39:17,525 INFO: [scape..][epoch:  9, iter:  21,240, lr:(8.511e-04,)][eta: 8:50:20, time (data): 0.296 (0.041)]l_bij: 3.6716e+01 l_orth: 5.8850e+01 l_diff: 1.3558e+01 l_align: 5.4675e+01 l_total: 1.6380e+02 
2026-05-22 01:39:23,329 INFO: [scape..][epoch:  9, iter:  21,260, lr:(8.511e-04,)][eta: 8:49:54, time (data): 0.295 (0.041)]l_bij: 2.5816e+01 l_orth: 4.6012e+01 l_diff: 1.5237e+01 l_align: 4.7207e+01 l_total: 1.3427e+02 
2026-05-22 01:39:29,713 INFO: [scape..][epoch:  9, iter:  21,280, lr:(8.511e-04,)][eta: 8:49:30, time (data): 0.298 (0.041)]l_bij: 4.2175e+01 l_orth: 6.1081e+01 l_diff: 1.3869e+01 l_align: 5.2377e+01 l_total: 1.6950e+02 
2026-05-22 01:39:36,363 INFO: [scape..][epoch:  9, iter:  21,300, lr:(8.511e-04,)][eta: 8:49:07, time (data): 0.301 (0.041)]l_bij: 6.0962e+01 l_orth: 7.6550e+01 l_diff: 1.6118e+01 l_align: 6.2476e+01 l_total: 2.1611e+02 
2026-05-22 01:39:43,246 INFO: [scape..][epoch:  9, iter:  21,320, lr:(8.511e-04,)][eta: 8:48:44, time (data): 0.375 (0.036)]l_bij: 4.1791e+01 l_orth: 5.8906e+01 l_diff: 1.6992e+01 l_align: 5.6769e+01 l_total: 1.7446e+02 
2026-05-22 01:39:48,972 INFO: [scape..][epoch:  9, iter:  21,340, lr:(8.511e-04,)][eta: 8:48:19, time (data): 0.323 (0.037)]l_bij: 5.6336e+01 l_orth: 7.2161e+01 l_diff: 1.4697e+01 l_align: 6.2254e+01 l_total: 2.0545e+02 
2026-05-22 01:39:53,752 INFO: [scape..][epoch:  9, iter:  21,360, lr:(8.511e-04,)][eta: 8:47:51, time (data): 0.292 (0.037)]l_bij: 4.4814e+01 l_orth: 6.4214e+01 l_diff: 1.3472e+01 l_align: 5.6025e+01 l_total: 1.7853e+02 
2026-05-22 01:39:59,460 INFO: [scape..][epoch:  9, iter:  21,380, lr:(8.511e-04,)][eta: 8:47:25, time (data): 0.290 (0.038)]l_bij: 2.9763e+01 l_orth: 5.1817e+01 l_diff: 1.3787e+01 l_align: 4.9678e+01 l_total: 1.4504e+02 
2026-05-22 01:40:04,425 INFO: [scape..][epoch:  9, iter:  21,400, lr:(8.511e-04,)][eta: 8:46:57, time (data): 0.281 (0.039)]l_bij: 7.8123e+01 l_orth: 9.3537e+01 l_diff: 1.9292e+01 l_align: 6.9474e+01 l_total: 2.6042e+02 
2026-05-22 01:40:09,751 INFO: [scape..][epoch:  9, iter:  21,420, lr:(8.511e-04,)][eta: 8:46:31, time (data): 0.279 (0.039)]l_bij: 4.8493e+01 l_orth: 6.3638e+01 l_diff: 1.8392e+01 l_align: 5.2189e+01 l_total: 1.8271e+02 
2026-05-22 01:40:15,067 INFO: [scape..][epoch:  9, iter:  21,440, lr:(8.511e-04,)][eta: 8:46:04, time (data): 0.277 (0.039)]l_bij: 1.9647e+01 l_orth: 4.5282e+01 l_diff: 1.3082e+01 l_align: 4.8237e+01 l_total: 1.2625e+02 
2026-05-22 01:40:20,396 INFO: [scape..][epoch:  9, iter:  21,460, lr:(8.511e-04,)][eta: 8:45:38, time (data): 0.275 (0.040)]l_bij: 1.9612e+01 l_orth: 4.5488e+01 l_diff: 1.4156e+01 l_align: 4.7814e+01 l_total: 1.2707e+02 
2026-05-22 01:40:26,084 INFO: [scape..][epoch:  9, iter:  21,480, lr:(8.511e-04,)][eta: 8:45:12, time (data): 0.276 (0.040)]l_bij: 3.2636e+01 l_orth: 5.6089e+01 l_diff: 1.3469e+01 l_align: 5.4453e+01 l_total: 1.5665e+02 
2026-05-22 01:40:31,769 INFO: [scape..][epoch:  9, iter:  21,500, lr:(8.511e-04,)][eta: 8:44:47, time (data): 0.277 (0.040)]l_bij: 1.5945e+00 l_orth: 3.3882e+01 l_diff: 1.0062e+01 l_align: 4.7880e+01 l_total: 9.3418e+01 
2026-05-22 01:40:37,824 INFO: [scape..][epoch:  9, iter:  21,520, lr:(8.511e-04,)][eta: 8:44:22, time (data): 0.265 (0.041)]l_bij: 5.9344e+01 l_orth: 7.6207e+01 l_diff: 1.7589e+01 l_align: 6.6252e+01 l_total: 2.1939e+02 
2026-05-22 01:40:43,490 INFO: [scape..][epoch:  9, iter:  21,540, lr:(8.511e-04,)][eta: 8:43:57, time (data): 0.276 (0.039)]l_bij: 4.0392e+01 l_orth: 5.9191e+01 l_diff: 1.3222e+01 l_align: 5.5458e+01 l_total: 1.6826e+02 
2026-05-22 01:40:49,780 INFO: [scape..][epoch:  9, iter:  21,560, lr:(8.511e-04,)][eta: 8:43:33, time (data): 0.291 (0.040)]l_bij: 4.5965e+01 l_orth: 6.0710e+01 l_diff: 1.7432e+01 l_align: 5.2984e+01 l_total: 1.7709e+02 
2026-05-22 01:40:56,409 INFO: [scape..][epoch:  9, iter:  21,580, lr:(8.511e-04,)][eta: 8:43:10, time (data): 0.302 (0.040)]l_bij: 5.1605e+01 l_orth: 6.7669e+01 l_diff: 1.3804e+01 l_align: 5.7865e+01 l_total: 1.9094e+02 
2026-05-22 01:41:01,656 INFO: [scape..][epoch:  9, iter:  21,600, lr:(8.511e-04,)][eta: 8:42:43, time (data): 0.293 (0.040)]l_bij: 2.8433e+01 l_orth: 4.8543e+01 l_diff: 1.4438e+01 l_align: 4.7708e+01 l_total: 1.3912e+02 
2026-05-22 01:41:06,680 INFO: [scape..][epoch:  9, iter:  21,620, lr:(8.511e-04,)][eta: 8:42:16, time (data): 0.286 (0.041)]l_bij: 3.1922e+01 l_orth: 5.6616e+01 l_diff: 1.4933e+01 l_align: 4.8947e+01 l_total: 1.5242e+02 
2026-05-22 01:41:13,821 INFO: [scape..][epoch:  9, iter:  21,640, lr:(8.511e-04,)][eta: 8:41:55, time (data): 0.296 (0.040)]l_bij: 2.7980e+01 l_orth: 5.0690e+01 l_diff: 1.2712e+01 l_align: 4.9835e+01 l_total: 1.4122e+02 
2026-05-22 01:41:18,643 INFO: [scape..][epoch:  9, iter:  21,660, lr:(8.511e-04,)][eta: 8:41:27, time (data): 0.289 (0.040)]l_bij: 4.0853e+01 l_orth: 5.7684e+01 l_diff: 1.4968e+01 l_align: 5.3406e+01 l_total: 1.6691e+02 
2026-05-22 01:41:24,549 INFO: [scape..][epoch:  9, iter:  21,680, lr:(8.511e-04,)][eta: 8:41:03, time (data): 0.290 (0.040)]l_bij: 3.3306e+01 l_orth: 5.2630e+01 l_diff: 1.3954e+01 l_align: 4.8524e+01 l_total: 1.4841e+02 
2026-05-22 01:41:31,064 INFO: [scape..][epoch:  9, iter:  21,700, lr:(8.511e-04,)][eta: 8:40:40, time (data): 0.294 (0.040)]l_bij: 2.0148e+01 l_orth: 4.3750e+01 l_diff: 1.3475e+01 l_align: 4.9854e+01 l_total: 1.2723e+02 
2026-05-22 01:41:38,415 INFO: [scape..][epoch:  9, iter:  21,720, lr:(8.511e-04,)][eta: 8:40:19, time (data): 0.403 (0.040)]l_bij: 2.1344e+01 l_orth: 4.2301e+01 l_diff: 1.3066e+01 l_align: 4.7114e+01 l_total: 1.2383e+02 
2026-05-22 01:41:43,195 INFO: [scape..][epoch:  9, iter:  21,740, lr:(8.511e-04,)][eta: 8:39:52, time (data): 0.300 (0.039)]l_bij: 2.3192e+01 l_orth: 4.5619e+01 l_diff: 1.3518e+01 l_align: 4.7274e+01 l_total: 1.2960e+02 
2026-05-22 01:41:50,420 INFO: [scape..][epoch:  9, iter:  21,760, lr:(8.511e-04,)][eta: 8:39:31, time (data): 0.324 (0.038)]l_bij: 5.0471e+01 l_orth: 6.4964e+01 l_diff: 1.5411e+01 l_align: 5.3270e+01 l_total: 1.8412e+02 
2026-05-22 01:41:55,936 INFO: [scape..][epoch:  9, iter:  21,780, lr:(8.511e-04,)][eta: 8:39:05, time (data): 0.310 (0.038)]l_bij: 4.4275e+01 l_orth: 6.1624e+01 l_diff: 1.3229e+01 l_align: 4.9919e+01 l_total: 1.6905e+02 
2026-05-22 01:42:00,885 INFO: [scape..][epoch:  9, iter:  21,800, lr:(8.511e-04,)][eta: 8:38:38, time (data): 0.297 (0.038)]l_bij: 2.3868e+01 l_orth: 4.6187e+01 l_diff: 1.7269e+01 l_align: 4.8041e+01 l_total: 1.3536e+02 
2026-05-22 01:42:06,043 INFO: [scape..][epoch:  9, iter:  21,820, lr:(8.511e-04,)][eta: 8:38:12, time (data): 0.290 (0.038)]l_bij: 5.3756e+01 l_orth: 6.7649e+01 l_diff: 1.6915e+01 l_align: 5.8410e+01 l_total: 1.9673e+02 
2026-05-22 01:42:12,142 INFO: [scape..][epoch:  9, iter:  21,840, lr:(8.511e-04,)][eta: 8:37:48, time (data): 0.292 (0.038)]l_bij: 3.4453e+01 l_orth: 6.2501e+01 l_diff: 1.5110e+01 l_align: 6.0971e+01 l_total: 1.7304e+02 
2026-05-22 01:42:17,457 INFO: [scape..][epoch:  9, iter:  21,860, lr:(8.511e-04,)][eta: 8:37:22, time (data): 0.289 (0.038)]l_bij: 2.0106e+01 l_orth: 4.2747e+01 l_diff: 1.4341e+01 l_align: 4.7171e+01 l_total: 1.2436e+02 
2026-05-22 01:42:23,069 INFO: [scape..][epoch:  9, iter:  21,880, lr:(8.511e-04,)][eta: 8:36:57, time (data): 0.288 (0.038)]l_bij: 2.6370e+00 l_orth: 3.6544e+01 l_diff: 1.4467e+01 l_align: 4.9252e+01 l_total: 1.0290e+02 
2026-05-22 01:42:28,922 INFO: [scape..][epoch:  9, iter:  21,900, lr:(8.511e-04,)][eta: 8:36:33, time (data): 0.288 (0.039)]l_bij: 3.6059e+01 l_orth: 5.3602e+01 l_diff: 1.3981e+01 l_align: 5.0529e+01 l_total: 1.5417e+02 
2026-05-22 01:42:34,775 INFO: [scape..][epoch:  9, iter:  21,920, lr:(8.511e-04,)][eta: 8:36:09, time (data): 0.305 (0.036)]l_bij: 4.3871e+01 l_orth: 6.1424e+01 l_diff: 1.7079e+01 l_align: 5.2225e+01 l_total: 1.7460e+02 
2026-05-22 01:42:41,366 INFO: [scape..][epoch:  9, iter:  21,940, lr:(8.511e-04,)][eta: 8:35:46, time (data): 0.321 (0.039)]l_bij: 4.1941e+01 l_orth: 6.0779e+01 l_diff: 1.4297e+01 l_align: 5.2426e+01 l_total: 1.6944e+02 
2026-05-22 01:42:47,171 INFO: [scape..][epoch:  9, iter:  21,960, lr:(8.511e-04,)][eta: 8:35:22, time (data): 0.309 (0.040)]l_bij: 3.0794e+01 l_orth: 5.4211e+01 l_diff: 1.6477e+01 l_align: 5.1145e+01 l_total: 1.5263e+02 
2026-05-22 01:42:53,205 INFO: [scape..][epoch:  9, iter:  21,980, lr:(8.511e-04,)][eta: 8:34:58, time (data): 0.307 (0.040)]l_bij: 3.1145e+01 l_orth: 5.0287e+01 l_diff: 1.3521e+01 l_align: 4.7752e+01 l_total: 1.4270e+02 
2026-05-22 01:42:59,127 INFO: [scape..][epoch:  9, iter:  22,000, lr:(8.511e-04,)][eta: 8:34:34, time (data): 0.304 (0.039)]l_bij: 3.4232e+01 l_orth: 5.4253e+01 l_diff: 1.4183e+01 l_align: 5.0519e+01 l_total: 1.5319e+02 
2026-05-22 01:43:04,389 INFO: [scape..][epoch:  9, iter:  22,020, lr:(8.511e-04,)][eta: 8:34:08, time (data): 0.297 (0.039)]l_bij: 2.9275e+01 l_orth: 5.1701e+01 l_diff: 1.2228e+01 l_align: 4.8335e+01 l_total: 1.4154e+02 
2026-05-22 01:43:09,862 INFO: [scape..][epoch:  9, iter:  22,040, lr:(8.511e-04,)][eta: 8:33:43, time (data): 0.293 (0.039)]l_bij: 2.1121e+01 l_orth: 4.5348e+01 l_diff: 1.1978e+01 l_align: 4.9102e+01 l_total: 1.2755e+02 
2026-05-22 01:43:15,919 INFO: [scape..][epoch:  9, iter:  22,060, lr:(8.511e-04,)][eta: 8:33:20, time (data): 0.295 (0.039)]l_bij: 3.4850e+01 l_orth: 5.4027e+01 l_diff: 1.6295e+01 l_align: 4.8885e+01 l_total: 1.5406e+02 
2026-05-22 01:43:22,178 INFO: [scape..][epoch:  9, iter:  22,080, lr:(8.511e-04,)][eta: 8:32:57, time (data): 0.297 (0.039)]l_bij: 4.5521e+01 l_orth: 6.0605e+01 l_diff: 1.3357e+01 l_align: 5.1730e+01 l_total: 1.7121e+02 
2026-05-22 01:43:29,046 INFO: [scape..][epoch:  9, iter:  22,100, lr:(8.511e-04,)][eta: 8:32:35, time (data): 0.302 (0.039)]l_bij: 2.4993e+01 l_orth: 4.8218e+01 l_diff: 1.1796e+01 l_align: 4.7663e+01 l_total: 1.3267e+02 
2026-05-22 01:43:35,116 INFO: [scape..][epoch:  9, iter:  22,120, lr:(8.511e-04,)][eta: 8:32:12, time (data): 0.342 (0.037)]l_bij: 3.7362e+01 l_orth: 5.6582e+01 l_diff: 1.3987e+01 l_align: 5.1054e+01 l_total: 1.5899e+02 
2026-05-22 01:43:41,492 INFO: [scape..][epoch:  9, iter:  22,140, lr:(8.511e-04,)][eta: 8:31:49, time (data): 0.326 (0.041)]l_bij: 5.5587e+01 l_orth: 6.6181e+01 l_diff: 1.4779e+01 l_align: 5.0284e+01 l_total: 1.8683e+02 
2026-05-22 01:43:46,707 INFO: [scape..][epoch:  9, iter:  22,160, lr:(8.511e-04,)][eta: 8:31:24, time (data): 0.300 (0.039)]l_bij: 2.5097e+01 l_orth: 4.8758e+01 l_diff: 1.4926e+01 l_align: 5.0532e+01 l_total: 1.3931e+02 
2026-05-22 01:43:51,916 INFO: [scape..][epoch:  9, iter:  22,180, lr:(8.511e-04,)][eta: 8:30:58, time (data): 0.289 (0.040)]l_bij: 3.3880e+01 l_orth: 5.2828e+01 l_diff: 1.5281e+01 l_align: 4.8606e+01 l_total: 1.5060e+02 
2026-05-22 01:43:57,546 INFO: [scape..][epoch:  9, iter:  22,200, lr:(8.511e-04,)][eta: 8:30:34, time (data): 0.287 (0.040)]l_bij: 3.1635e+01 l_orth: 5.4495e+01 l_diff: 1.2309e+01 l_align: 5.4133e+01 l_total: 1.5257e+02 
2026-05-22 01:44:04,753 INFO: [scape..][epoch:  9, iter:  22,220, lr:(8.511e-04,)][eta: 8:30:13, time (data): 0.300 (0.040)]l_bij: 4.3598e+01 l_orth: 6.1177e+01 l_diff: 1.6010e+01 l_align: 5.3387e+01 l_total: 1.7417e+02 
2026-05-22 01:44:09,918 INFO: [scape..][epoch:  9, iter:  22,240, lr:(8.511e-04,)][eta: 8:29:48, time (data): 0.294 (0.040)]l_bij: 2.5548e+01 l_orth: 4.5084e+01 l_diff: 1.3797e+01 l_align: 4.9531e+01 l_total: 1.3396e+02 
2026-05-22 01:44:15,889 INFO: [scape..][epoch:  9, iter:  22,260, lr:(8.511e-04,)][eta: 8:29:24, time (data): 0.295 (0.040)]l_bij: 4.2364e+01 l_orth: 6.1993e+01 l_diff: 1.4184e+01 l_align: 5.1068e+01 l_total: 1.6961e+02 
2026-05-22 01:44:21,478 INFO: [scape..][epoch:  9, iter:  22,280, lr:(8.511e-04,)][eta: 8:29:00, time (data): 0.293 (0.040)]l_bij: 4.2945e+01 l_orth: 5.9756e+01 l_diff: 1.4804e+01 l_align: 5.3117e+01 l_total: 1.7062e+02 
2026-05-22 01:44:27,703 INFO: [scape..][epoch:  9, iter:  22,300, lr:(8.511e-04,)][eta: 8:28:37, time (data): 0.295 (0.040)]l_bij: 1.9840e+01 l_orth: 4.7885e+01 l_diff: 1.2860e+01 l_align: 5.1875e+01 l_total: 1.3246e+02 
2026-05-22 01:44:33,560 INFO: [scape..][epoch:  9, iter:  22,320, lr:(8.511e-04,)][eta: 8:28:13, time (data): 0.288 (0.038)]l_bij: 3.3884e+01 l_orth: 5.2416e+01 l_diff: 1.2761e+01 l_align: 4.7664e+01 l_total: 1.4672e+02 
2026-05-22 01:44:41,021 INFO: [scape..][epoch:  9, iter:  22,340, lr:(8.511e-04,)][eta: 8:27:54, time (data): 0.347 (0.038)]l_bij: 1.6453e+00 l_orth: 3.3393e+01 l_diff: 1.2873e+01 l_align: 4.5250e+01 l_total: 9.3161e+01 
2026-05-22 01:44:46,217 INFO: [scape..][epoch:  9, iter:  22,360, lr:(8.511e-04,)][eta: 8:27:28, time (data): 0.311 (0.038)]l_bij: 3.3020e+01 l_orth: 5.0807e+01 l_diff: 1.8962e+01 l_align: 4.6760e+01 l_total: 1.4955e+02 
2026-05-22 01:44:52,329 INFO: [scape..][epoch:  9, iter:  22,380, lr:(8.511e-04,)][eta: 8:27:05, time (data): 0.310 (0.038)]l_bij: 2.9865e+01 l_orth: 5.2591e+01 l_diff: 1.2199e+01 l_align: 5.0554e+01 l_total: 1.4521e+02 
2026-05-22 01:44:58,562 INFO: [scape..][epoch:  9, iter:  22,400, lr:(8.511e-04,)][eta: 8:26:43, time (data): 0.310 (0.037)]l_bij: 2.9050e+01 l_orth: 4.9929e+01 l_diff: 1.3819e+01 l_align: 4.8228e+01 l_total: 1.4103e+02 
2026-05-22 01:45:03,020 INFO: [scape..][epoch:  9, iter:  22,420, lr:(8.511e-04,)][eta: 8:26:16, time (data): 0.294 (0.037)]l_bij: 3.7809e+01 l_orth: 5.9072e+01 l_diff: 1.6158e+01 l_align: 5.3492e+01 l_total: 1.6653e+02 
2026-05-22 01:45:09,917 INFO: [scape..][epoch:  9, iter:  22,440, lr:(8.511e-04,)][eta: 8:25:55, time (data): 0.302 (0.037)]l_bij: 3.2877e+01 l_orth: 5.7496e+01 l_diff: 1.5916e+01 l_align: 5.1649e+01 l_total: 1.5794e+02 
2026-05-22 01:45:16,764 INFO: [scape..][epoch:  9, iter:  22,460, lr:(8.511e-04,)][eta: 8:25:34, time (data): 0.307 (0.038)]l_bij: 2.8913e+01 l_orth: 4.9660e+01 l_diff: 1.5843e+01 l_align: 4.5780e+01 l_total: 1.4020e+02 
2026-05-22 01:45:22,358 INFO: [scape..][epoch:  9, iter:  22,480, lr:(8.511e-04,)][eta: 8:25:10, time (data): 0.304 (0.037)]l_bij: 2.5134e+01 l_orth: 4.6838e+01 l_diff: 1.1322e+01 l_align: 4.6706e+01 l_total: 1.3000e+02 
2026-05-22 01:45:27,762 INFO: [scape..][epoch:  9, iter:  22,500, lr:(8.511e-04,)][eta: 8:24:45, time (data): 0.300 (0.037)]l_bij: 4.2953e+01 l_orth: 6.1651e+01 l_diff: 1.3422e+01 l_align: 5.4998e+01 l_total: 1.7302e+02 
2026-05-22 01:45:33,489 INFO: [scape..][epoch:  9, iter:  22,520, lr:(8.511e-04,)][eta: 8:24:22, time (data): 0.301 (0.034)]l_bij: 3.1439e+01 l_orth: 5.1998e+01 l_diff: 1.5870e+01 l_align: 4.9795e+01 l_total: 1.4910e+02 
2026-05-22 01:45:39,291 INFO: [scape..][epoch:  9, iter:  22,540, lr:(8.511e-04,)][eta: 8:23:58, time (data): 0.293 (0.037)]l_bij: 2.2700e+01 l_orth: 4.9745e+01 l_diff: 1.3183e+01 l_align: 5.2147e+01 l_total: 1.3778e+02 
2026-05-22 01:45:45,111 INFO: [scape..][epoch:  9, iter:  22,560, lr:(8.511e-04,)][eta: 8:23:35, time (data): 0.292 (0.039)]l_bij: 3.1063e+01 l_orth: 5.3428e+01 l_diff: 1.4502e+01 l_align: 5.1544e+01 l_total: 1.5054e+02 
2026-05-22 01:45:51,128 INFO: [scape..][epoch:  9, iter:  22,580, lr:(8.511e-04,)][eta: 8:23:12, time (data): 0.295 (0.039)]l_bij: 2.5758e+01 l_orth: 4.7137e+01 l_diff: 1.2841e+01 l_align: 4.7792e+01 l_total: 1.3353e+02 
2026-05-22 01:45:57,262 INFO: [scape..][epoch:  9, iter:  22,600, lr:(8.511e-04,)][eta: 8:22:49, time (data): 0.297 (0.040)]l_bij: 2.9342e+01 l_orth: 4.9201e+01 l_diff: 1.6878e+01 l_align: 4.6949e+01 l_total: 1.4237e+02 
2026-05-22 01:46:03,175 INFO: [scape..][epoch:  9, iter:  22,620, lr:(8.511e-04,)][eta: 8:22:26, time (data): 0.297 (0.040)]l_bij: 3.3288e+01 l_orth: 5.2122e+01 l_diff: 1.5615e+01 l_align: 4.9355e+01 l_total: 1.5038e+02 
2026-05-22 01:46:08,102 INFO: [scape..][epoch:  9, iter:  22,640, lr:(8.511e-04,)][eta: 8:22:01, time (data): 0.289 (0.040)]l_bij: 2.0622e+01 l_orth: 4.4063e+01 l_diff: 1.4361e+01 l_align: 4.7485e+01 l_total: 1.2653e+02 
2026-05-22 01:46:13,522 INFO: [scape..][epoch:  9, iter:  22,660, lr:(8.511e-04,)][eta: 8:21:37, time (data): 0.287 (0.040)]l_bij: 4.7894e+01 l_orth: 6.2996e+01 l_diff: 1.2158e+01 l_align: 5.2344e+01 l_total: 1.7539e+02 
2026-05-22 01:46:19,681 INFO: [scape..][epoch:  9, iter:  22,680, lr:(8.511e-04,)][eta: 8:21:14, time (data): 0.289 (0.040)]l_bij: 3.1605e+01 l_orth: 5.2167e+01 l_diff: 1.3128e+01 l_align: 4.8472e+01 l_total: 1.4537e+02 
2026-05-22 01:46:25,804 INFO: [scape..][epoch:  9, iter:  22,700, lr:(8.511e-04,)][eta: 8:20:52, time (data): 0.291 (0.040)]l_bij: 3.1382e+01 l_orth: 5.1740e+01 l_diff: 1.6355e+01 l_align: 4.8939e+01 l_total: 1.4842e+02 
2026-05-22 01:46:31,171 INFO: [scape..][epoch:  9, iter:  22,720, lr:(8.511e-04,)][eta: 8:20:28, time (data): 0.268 (0.043)]l_bij: 3.7694e+01 l_orth: 5.9495e+01 l_diff: 1.3010e+01 l_align: 5.6787e+01 l_total: 1.6699e+02 
2026-05-22 01:46:37,514 INFO: [scape..][epoch:  9, iter:  22,740, lr:(8.511e-04,)][eta: 8:20:06, time (data): 0.304 (0.042)]l_bij: 3.5444e+01 l_orth: 5.3148e+01 l_diff: 1.6261e+01 l_align: 5.0800e+01 l_total: 1.5565e+02 
2026-05-22 01:46:42,783 INFO: [scape..][epoch:  9, iter:  22,760, lr:(8.511e-04,)][eta: 8:19:41, time (data): 0.287 (0.042)]l_bij: 3.6642e+01 l_orth: 5.6528e+01 l_diff: 1.4872e+01 l_align: 5.1692e+01 l_total: 1.5973e+02 
2026-05-22 01:46:48,358 INFO: [scape..][epoch:  9, iter:  22,780, lr:(8.511e-04,)][eta: 8:19:18, time (data): 0.284 (0.042)]l_bij: 2.7765e+01 l_orth: 5.0847e+01 l_diff: 1.6982e+01 l_align: 5.4485e+01 l_total: 1.5008e+02 
2026-05-22 01:46:54,287 INFO: [scape..][epoch:  9, iter:  22,800, lr:(8.511e-04,)][eta: 8:18:55, time (data): 0.287 (0.041)]l_bij: 2.9974e+01 l_orth: 5.1289e+01 l_diff: 1.4264e+01 l_align: 5.1003e+01 l_total: 1.4653e+02 
2026-05-22 01:47:01,141 INFO: [scape..][epoch:  9, iter:  22,820, lr:(8.511e-04,)][eta: 8:18:35, time (data): 0.298 (0.041)]l_bij: 2.3289e+01 l_orth: 4.3880e+01 l_diff: 1.3609e+01 l_align: 4.5262e+01 l_total: 1.2604e+02 
2026-05-22 01:47:08,752 INFO: [scape..][epoch:  9, iter:  22,840, lr:(8.511e-04,)][eta: 8:18:16, time (data): 0.311 (0.040)]l_bij: 2.8482e+01 l_orth: 4.9068e+01 l_diff: 1.3081e+01 l_align: 4.8317e+01 l_total: 1.3895e+02 
2026-05-22 01:47:13,944 INFO: [scape..][epoch:  9, iter:  22,860, lr:(8.511e-04,)][eta: 8:17:51, time (data): 0.304 (0.040)]l_bij: 2.4032e+01 l_orth: 4.7816e+01 l_diff: 1.3885e+01 l_align: 4.9698e+01 l_total: 1.3543e+02 
2026-05-22 01:47:19,800 INFO: [scape..][epoch:  9, iter:  22,880, lr:(8.511e-04,)][eta: 8:17:29, time (data): 0.302 (0.040)]l_bij: 2.5662e+01 l_orth: 4.8399e+01 l_diff: 1.4204e+01 l_align: 4.7503e+01 l_total: 1.3577e+02 
2026-05-22 01:47:27,733 INFO: [scape..][epoch:  9, iter:  22,900, lr:(8.511e-04,)][eta: 8:17:11, time (data): 0.312 (0.041)]l_bij: 4.0229e+01 l_orth: 5.9516e+01 l_diff: 1.4596e+01 l_align: 5.1829e+01 l_total: 1.6617e+02 
2026-05-22 01:47:34,881 INFO: [scape..][epoch:  9, iter:  22,920, lr:(8.511e-04,)][eta: 8:16:51, time (data): 0.313 (0.033)]l_bij: 3.0121e+01 l_orth: 5.0242e+01 l_diff: 1.3850e+01 l_align: 4.7066e+01 l_total: 1.4128e+02 
2026-05-22 01:47:40,831 INFO: [scape..][epoch:  9, iter:  22,940, lr:(8.511e-04,)][eta: 8:16:29, time (data): 0.301 (0.034)]l_bij: 4.3489e+01 l_orth: 5.9731e+01 l_diff: 1.2097e+01 l_align: 5.1021e+01 l_total: 1.6634e+02 
2026-05-22 01:47:47,138 INFO: [scape..][epoch:  9, iter:  22,960, lr:(8.511e-04,)][eta: 8:16:07, time (data): 0.307 (0.035)]l_bij: 2.5670e+01 l_orth: 4.8586e+01 l_diff: 1.3144e+01 l_align: 4.7670e+01 l_total: 1.3507e+02 
2026-05-22 01:47:52,331 INFO: [scape..][epoch:  9, iter:  22,980, lr:(8.511e-04,)][eta: 8:15:43, time (data): 0.293 (0.037)]l_bij: 2.0596e+01 l_orth: 4.6249e+01 l_diff: 1.2822e+01 l_align: 4.8812e+01 l_total: 1.2848e+02 
2026-05-22 01:47:58,842 INFO: [scape..][epoch:  9, iter:  23,000, lr:(8.511e-04,)][eta: 8:15:22, time (data): 0.300 (0.037)]l_bij: 3.6334e+01 l_orth: 5.3134e+01 l_diff: 1.3830e+01 l_align: 4.7811e+01 l_total: 1.5111e+02 
2026-05-22 01:48:04,258 INFO: [scape..][epoch:  9, iter:  23,020, lr:(8.511e-04,)][eta: 8:14:58, time (data): 0.295 (0.036)]l_bij: 2.9591e+01 l_orth: 5.3108e+01 l_diff: 1.3414e+01 l_align: 5.1874e+01 l_total: 1.4799e+02 
2026-05-22 01:48:10,712 INFO: [scape..][epoch:  9, iter:  23,040, lr:(8.511e-04,)][eta: 8:14:37, time (data): 0.299 (0.036)]l_bij: 3.7712e+01 l_orth: 5.5044e+01 l_diff: 1.4227e+01 l_align: 5.1026e+01 l_total: 1.5801e+02 
2026-05-22 01:48:17,996 INFO: [scape..][epoch:  9, iter:  23,060, lr:(8.511e-04,)][eta: 8:14:18, time (data): 0.308 (0.035)]l_bij: 5.1213e+01 l_orth: 6.6705e+01 l_diff: 1.4120e+01 l_align: 5.3146e+01 l_total: 1.8518e+02 
2026-05-22 01:48:23,483 INFO: [scape..][epoch:  9, iter:  23,080, lr:(8.511e-04,)][eta: 8:13:54, time (data): 0.304 (0.035)]l_bij: 1.4787e+01 l_orth: 4.2516e+01 l_diff: 1.2348e+01 l_align: 4.5821e+01 l_total: 1.1547e+02 
2026-05-22 01:48:28,634 INFO: [scape..][epoch:  9, iter:  23,100, lr:(8.511e-04,)][eta: 8:13:30, time (data): 0.299 (0.035)]l_bij: 2.9359e+01 l_orth: 4.8823e+01 l_diff: 1.2439e+01 l_align: 4.7256e+01 l_total: 1.3788e+02 
2026-05-22 01:48:34,462 INFO: [scape..][epoch:  9, iter:  23,120, lr:(8.511e-04,)][eta: 8:13:08, time (data): 0.329 (0.038)]l_bij: 3.4373e+01 l_orth: 5.5048e+01 l_diff: 1.4171e+01 l_align: 5.2972e+01 l_total: 1.5656e+02 
2026-05-22 01:48:40,169 INFO: [scape..][epoch:  9, iter:  23,140, lr:(8.511e-04,)][eta: 8:12:45, time (data): 0.294 (0.038)]l_bij: 4.4347e+01 l_orth: 6.1309e+01 l_diff: 1.5303e+01 l_align: 5.0379e+01 l_total: 1.7134e+02 
2026-05-22 01:48:46,168 INFO: [scape..][epoch:  9, iter:  23,160, lr:(8.511e-04,)][eta: 8:12:23, time (data): 0.297 (0.040)]l_bij: 3.2268e+01 l_orth: 5.2393e+01 l_diff: 1.5439e+01 l_align: 4.8867e+01 l_total: 1.4897e+02 
2026-05-22 01:48:51,147 INFO: [scape..][epoch:  9, iter:  23,180, lr:(8.511e-04,)][eta: 8:11:58, time (data): 0.282 (0.039)]l_bij: 4.2187e+01 l_orth: 5.9392e+01 l_diff: 1.5924e+01 l_align: 5.0970e+01 l_total: 1.6847e+02 
2026-05-22 01:48:57,573 INFO: [scape..][epoch:  9, iter:  23,200, lr:(8.511e-04,)][eta: 8:11:37, time (data): 0.291 (0.038)]l_bij: 2.0142e+01 l_orth: 4.2150e+01 l_diff: 1.4960e+01 l_align: 4.6204e+01 l_total: 1.2346e+02 
2026-05-22 01:49:04,681 INFO: [scape..][epoch:  9, iter:  23,220, lr:(8.511e-04,)][eta: 8:11:18, time (data): 0.303 (0.038)]l_bij: 3.8220e+01 l_orth: 5.7417e+01 l_diff: 1.4036e+01 l_align: 5.3755e+01 l_total: 1.6343e+02 
2026-05-22 01:49:10,161 INFO: [scape..][epoch:  9, iter:  23,240, lr:(8.511e-04,)][eta: 8:10:55, time (data): 0.299 (0.038)]l_bij: 3.2203e+01 l_orth: 5.5121e+01 l_diff: 1.4632e+01 l_align: 5.4182e+01 l_total: 1.5614e+02 
2026-05-22 01:49:15,645 INFO: [scape..][epoch:  9, iter:  23,260, lr:(8.511e-04,)][eta: 8:10:31, time (data): 0.295 (0.038)]l_bij: 5.3340e+01 l_orth: 6.8227e+01 l_diff: 1.6159e+01 l_align: 5.8931e+01 l_total: 1.9666e+02 
2026-05-22 01:49:21,703 INFO: [scape..][epoch:  9, iter:  23,280, lr:(8.511e-04,)][eta: 8:10:10, time (data): 0.296 (0.038)]l_bij: 2.5542e+01 l_orth: 4.8832e+01 l_diff: 1.3920e+01 l_align: 4.8457e+01 l_total: 1.3675e+02 
2026-05-22 01:49:28,638 INFO: [scape..][epoch:  9, iter:  23,300, lr:(8.511e-04,)][eta: 8:09:50, time (data): 0.302 (0.038)]l_bij: 2.0820e+01 l_orth: 4.4516e+01 l_diff: 1.3556e+01 l_align: 4.8440e+01 l_total: 1.2733e+02 
2026-05-22 01:49:34,479 INFO: [scape..][epoch:  9, iter:  23,320, lr:(8.511e-04,)][eta: 8:09:28, time (data): 0.228 (0.044)]l_bij: 2.5975e+01 l_orth: 4.7503e+01 l_diff: 1.4607e+01 l_align: 4.7770e+01 l_total: 1.3586e+02 
2026-05-22 01:49:42,756 INFO: [scape..][epoch:  9, iter:  23,340, lr:(8.511e-04,)][eta: 8:09:11, time (data): 0.383 (0.040)]l_bij: 3.6729e+01 l_orth: 5.4070e+01 l_diff: 1.2579e+01 l_align: 4.8972e+01 l_total: 1.5235e+02 
2026-05-22 01:49:48,469 INFO: [scape..][epoch:  9, iter:  23,360, lr:(8.511e-04,)][eta: 8:08:49, time (data): 0.339 (0.039)]l_bij: 3.2298e+01 l_orth: 5.2977e+01 l_diff: 1.3032e+01 l_align: 4.7741e+01 l_total: 1.4605e+02 
2026-05-22 01:49:54,450 INFO: [scape..][epoch:  9, iter:  23,380, lr:(8.511e-04,)][eta: 8:08:27, time (data): 0.326 (0.040)]l_bij: 3.7016e+01 l_orth: 5.6081e+01 l_diff: 1.4228e+01 l_align: 5.1579e+01 l_total: 1.5890e+02 
2026-05-22 01:50:00,028 INFO: [scape..][epoch:  9, iter:  23,400, lr:(8.511e-04,)][eta: 8:08:04, time (data): 0.315 (0.039)]l_bij: 2.4591e+01 l_orth: 5.2807e+01 l_diff: 1.5579e+01 l_align: 5.4724e+01 l_total: 1.4770e+02 
2026-05-22 01:50:08,142 INFO: [scape..][epoch: 10, iter:  23,420, lr:(8.145e-04,)][eta: 8:07:47, time (data): 0.332 (0.046)]l_bij: 2.9740e+01 l_orth: 5.4221e+01 l_diff: 1.2393e+01 l_align: 5.2779e+01 l_total: 1.4913e+02 
2026-05-22 01:50:14,372 INFO: [scape..][epoch: 10, iter:  23,440, lr:(8.145e-04,)][eta: 8:07:26, time (data): 0.329 (0.044)]l_bij: 2.1238e+01 l_orth: 4.5932e+01 l_diff: 1.3846e+01 l_align: 4.9562e+01 l_total: 1.3058e+02 
2026-05-22 01:50:20,257 INFO: [scape..][epoch: 10, iter:  23,460, lr:(8.145e-04,)][eta: 8:07:04, time (data): 0.324 (0.043)]l_bij: 2.7068e+01 l_orth: 4.9184e+01 l_diff: 1.6421e+01 l_align: 4.8994e+01 l_total: 1.4167e+02 
2026-05-22 01:50:26,965 INFO: [scape..][epoch: 10, iter:  23,480, lr:(8.145e-04,)][eta: 8:06:44, time (data): 0.326 (0.042)]l_bij: 2.1185e+01 l_orth: 4.6750e+01 l_diff: 1.3086e+01 l_align: 4.9742e+01 l_total: 1.3076e+02 
2026-05-22 01:50:32,968 INFO: [scape..][epoch: 10, iter:  23,500, lr:(8.145e-04,)][eta: 8:06:23, time (data): 0.323 (0.042)]l_bij: 3.6354e+01 l_orth: 5.6065e+01 l_diff: 1.4614e+01 l_align: 5.3098e+01 l_total: 1.6013e+02 
2026-05-22 01:50:39,251 INFO: [scape..][epoch: 10, iter:  23,520, lr:(8.145e-04,)][eta: 8:06:02, time (data): 0.366 (0.036)]l_bij: 3.4984e+01 l_orth: 5.2058e+01 l_diff: 1.4434e+01 l_align: 4.7224e+01 l_total: 1.4870e+02 
2026-05-22 01:50:45,289 INFO: [scape..][epoch: 10, iter:  23,540, lr:(8.145e-04,)][eta: 8:05:40, time (data): 0.310 (0.040)]l_bij: 3.0764e+01 l_orth: 5.0147e+01 l_diff: 1.3879e+01 l_align: 4.8492e+01 l_total: 1.4328e+02 
2026-05-22 01:50:51,692 INFO: [scape..][epoch: 10, iter:  23,560, lr:(8.145e-04,)][eta: 8:05:20, time (data): 0.315 (0.039)]l_bij: 3.0619e+01 l_orth: 5.1559e+01 l_diff: 1.6265e+01 l_align: 5.0995e+01 l_total: 1.4944e+02 
2026-05-22 01:50:58,770 INFO: [scape..][epoch: 10, iter:  23,580, lr:(8.145e-04,)][eta: 8:05:01, time (data): 0.327 (0.038)]l_bij: 4.7872e+01 l_orth: 6.3520e+01 l_diff: 1.9773e+01 l_align: 5.8337e+01 l_total: 1.8950e+02 
2026-05-22 01:51:05,284 INFO: [scape..][epoch: 10, iter:  23,600, lr:(8.145e-04,)][eta: 8:04:40, time (data): 0.327 (0.040)]l_bij: 4.8332e+01 l_orth: 6.6784e+01 l_diff: 1.9068e+01 l_align: 5.8090e+01 l_total: 1.9227e+02 
2026-05-22 01:51:10,609 INFO: [scape..][epoch: 10, iter:  23,620, lr:(8.145e-04,)][eta: 8:04:17, time (data): 0.315 (0.038)]l_bij: 2.7260e+01 l_orth: 5.0014e+01 l_diff: 1.3108e+01 l_align: 5.0006e+01 l_total: 1.4039e+02 
2026-05-22 01:51:16,352 INFO: [scape..][epoch: 10, iter:  23,640, lr:(8.145e-04,)][eta: 8:03:55, time (data): 0.310 (0.039)]l_bij: 4.2152e+01 l_orth: 6.0776e+01 l_diff: 1.3183e+01 l_align: 5.6495e+01 l_total: 1.7261e+02 
2026-05-22 01:51:21,001 INFO: [scape..][epoch: 10, iter:  23,660, lr:(8.145e-04,)][eta: 8:03:31, time (data): 0.300 (0.038)]l_bij: 4.7576e+01 l_orth: 6.3884e+01 l_diff: 1.7360e+01 l_align: 5.7119e+01 l_total: 1.8594e+02 
2026-05-22 01:51:25,601 INFO: [scape..][epoch: 10, iter:  23,680, lr:(8.145e-04,)][eta: 8:03:06, time (data): 0.291 (0.038)]l_bij: 3.1513e+01 l_orth: 5.1033e+01 l_diff: 1.2125e+01 l_align: 4.8826e+01 l_total: 1.4350e+02 
2026-05-22 01:51:30,648 INFO: [scape..][epoch: 10, iter:  23,700, lr:(8.145e-04,)][eta: 8:02:42, time (data): 0.287 (0.038)]l_bij: 2.6168e+01 l_orth: 4.6357e+01 l_diff: 1.2826e+01 l_align: 4.4457e+01 l_total: 1.2981e+02 
2026-05-22 01:51:36,387 INFO: [scape..][epoch: 10, iter:  23,720, lr:(8.145e-04,)][eta: 8:02:21, time (data): 0.377 (0.042)]l_bij: 3.7030e+01 l_orth: 5.5146e+01 l_diff: 1.4024e+01 l_align: 5.0248e+01 l_total: 1.5645e+02 
2026-05-22 01:51:42,265 INFO: [scape..][epoch: 10, iter:  23,740, lr:(8.145e-04,)][eta: 8:01:59, time (data): 0.301 (0.038)]l_bij: 4.2396e+01 l_orth: 6.0512e+01 l_diff: 2.0373e+01 l_align: 5.2005e+01 l_total: 1.7529e+02 
2026-05-22 01:51:47,402 INFO: [scape..][epoch: 10, iter:  23,760, lr:(8.145e-04,)][eta: 8:01:36, time (data): 0.280 (0.038)]l_bij: 3.4831e+01 l_orth: 5.5607e+01 l_diff: 1.6533e+01 l_align: 4.8335e+01 l_total: 1.5530e+02 
2026-05-22 01:51:52,890 INFO: [scape..][epoch: 10, iter:  23,780, lr:(8.145e-04,)][eta: 8:01:13, time (data): 0.278 (0.038)]l_bij: 3.1169e+01 l_orth: 5.2746e+01 l_diff: 1.7749e+01 l_align: 5.0360e+01 l_total: 1.5202e+02 
2026-05-22 01:51:57,490 INFO: [scape..][epoch: 10, iter:  23,800, lr:(8.145e-04,)][eta: 8:00:49, time (data): 0.266 (0.039)]l_bij: 3.5236e+01 l_orth: 5.5296e+01 l_diff: 1.3464e+01 l_align: 4.7726e+01 l_total: 1.5172e+02 
2026-05-22 01:52:02,594 INFO: [scape..][epoch: 10, iter:  23,820, lr:(8.145e-04,)][eta: 8:00:26, time (data): 0.264 (0.039)]l_bij: 3.5490e+01 l_orth: 5.2840e+01 l_diff: 1.4100e+01 l_align: 4.7691e+01 l_total: 1.5012e+02 
2026-05-22 01:52:08,527 INFO: [scape..][epoch: 10, iter:  23,840, lr:(8.145e-04,)][eta: 8:00:04, time (data): 0.270 (0.040)]l_bij: 3.0420e+01 l_orth: 5.2206e+01 l_diff: 1.3320e+01 l_align: 5.0412e+01 l_total: 1.4636e+02 
2026-05-22 01:52:14,690 INFO: [scape..][epoch: 10, iter:  23,860, lr:(8.145e-04,)][eta: 7:59:44, time (data): 0.275 (0.040)]l_bij: 3.4668e+01 l_orth: 5.2716e+01 l_diff: 1.1592e+01 l_align: 4.7396e+01 l_total: 1.4637e+02 
2026-05-22 01:52:20,213 INFO: [scape..][epoch: 10, iter:  23,880, lr:(8.145e-04,)][eta: 7:59:21, time (data): 0.275 (0.040)]l_bij: 4.4501e+01 l_orth: 6.0699e+01 l_diff: 1.8400e+01 l_align: 5.4779e+01 l_total: 1.7838e+02 
2026-05-22 01:52:25,831 INFO: [scape..][epoch: 10, iter:  23,900, lr:(8.145e-04,)][eta: 7:58:59, time (data): 0.276 (0.040)]l_bij: 4.0483e+01 l_orth: 5.9666e+01 l_diff: 1.6007e+01 l_align: 5.4964e+01 l_total: 1.7112e+02 
2026-05-22 01:52:30,667 INFO: [scape..][epoch: 10, iter:  23,920, lr:(8.145e-04,)][eta: 7:58:36, time (data): 0.162 (0.030)]l_bij: 2.4812e+01 l_orth: 4.5592e+01 l_diff: 1.2220e+01 l_align: 4.5536e+01 l_total: 1.2816e+02 
2026-05-22 01:52:36,748 INFO: [scape..][epoch: 10, iter:  23,940, lr:(8.145e-04,)][eta: 7:58:15, time (data): 0.297 (0.033)]l_bij: 2.1344e+01 l_orth: 4.5930e+01 l_diff: 1.2277e+01 l_align: 4.7546e+01 l_total: 1.2710e+02 
2026-05-22 01:52:41,705 INFO: [scape..][epoch: 10, iter:  23,960, lr:(8.145e-04,)][eta: 7:57:51, time (data): 0.273 (0.037)]l_bij: 3.3997e+01 l_orth: 5.4368e+01 l_diff: 1.4306e+01 l_align: 5.0909e+01 l_total: 1.5358e+02 
2026-05-22 01:52:47,802 INFO: [scape..][epoch: 10, iter:  23,980, lr:(8.145e-04,)][eta: 7:57:31, time (data): 0.283 (0.037)]l_bij: 4.9959e+01 l_orth: 6.4440e+01 l_diff: 1.6549e+01 l_align: 5.4337e+01 l_total: 1.8529e+02 
2026-05-22 01:52:53,067 INFO: [scape..][epoch: 10, iter:  24,000, lr:(8.145e-04,)][eta: 7:57:08, time (data): 0.278 (0.037)]l_bij: 4.3746e+01 l_orth: 6.3126e+01 l_diff: 1.4438e+01 l_align: 5.2896e+01 l_total: 1.7421e+02 
2026-05-22 01:52:53,067 INFO: Saving models and training states.
2026-05-22 01:52:53,081 INFO: Start validation.
2026-05-22 01:56:30,367 INFO: Avg time: 0.2161
2026-05-22 01:56:30,594 INFO: Val auc: 0.8107
2026-05-22 01:56:30,598 INFO: Val avg error: 0.0189
2026-05-22 01:56:30,601 INFO: Best model is updated, average geodesic error: 0.0189
2026-05-22 01:56:37,529 INFO: [scape..][epoch: 10, iter:  24,020, lr:(8.145e-04,)][eta: 8:04:58, time (data): 0.291 (0.037)]l_bij: 1.6652e+01 l_orth: 4.2353e+01 l_diff: 1.1686e+01 l_align: 4.8309e+01 l_total: 1.1900e+02 
2026-05-22 01:56:44,888 INFO: [scape..][epoch: 10, iter:  24,040, lr:(8.145e-04,)][eta: 8:04:40, time (data): 0.304 (0.038)]l_bij: 2.4162e+01 l_orth: 4.3701e+01 l_diff: 1.6875e+01 l_align: 4.5498e+01 l_total: 1.3024e+02 
2026-05-22 01:56:51,312 INFO: [scape..][epoch: 10, iter:  24,060, lr:(8.145e-04,)][eta: 8:04:19, time (data): 0.306 (0.038)]l_bij: 3.6814e+01 l_orth: 5.6256e+01 l_diff: 1.4740e+01 l_align: 5.5706e+01 l_total: 1.6352e+02 
2026-05-22 01:56:56,038 INFO: [scape..][epoch: 10, iter:  24,080, lr:(8.145e-04,)][eta: 8:03:55, time (data): 0.298 (0.037)]l_bij: 3.3267e+01 l_orth: 5.2719e+01 l_diff: 1.4151e+01 l_align: 4.8030e+01 l_total: 1.4817e+02 
2026-05-22 01:57:02,012 INFO: [scape..][epoch: 10, iter:  24,100, lr:(8.145e-04,)][eta: 8:03:34, time (data): 0.298 (0.038)]l_bij: 3.4721e+01 l_orth: 5.5671e+01 l_diff: 1.8062e+01 l_align: 4.9587e+01 l_total: 1.5804e+02 
2026-05-22 01:57:07,978 INFO: [scape..][epoch: 10, iter:  24,120, lr:(8.145e-04,)][eta: 8:03:12, time (data): 0.298 (0.038)]l_bij: 3.9411e+01 l_orth: 5.8139e+01 l_diff: 1.9872e+01 l_align: 5.2184e+01 l_total: 1.6961e+02 
2026-05-22 01:57:13,557 INFO: [scape..][epoch: 10, iter:  24,140, lr:(8.145e-04,)][eta: 8:02:50, time (data): 0.279 (0.038)]l_bij: 2.7402e+01 l_orth: 4.8529e+01 l_diff: 1.6377e+01 l_align: 4.9204e+01 l_total: 1.4151e+02 
2026-05-22 01:57:20,768 INFO: [scape..][epoch: 10, iter:  24,160, lr:(8.145e-04,)][eta: 8:02:31, time (data): 0.320 (0.038)]l_bij: 3.4962e+01 l_orth: 5.1650e+01 l_diff: 1.6545e+01 l_align: 4.7321e+01 l_total: 1.5048e+02 
2026-05-22 01:57:27,344 INFO: [scape..][epoch: 10, iter:  24,180, lr:(8.145e-04,)][eta: 8:02:11, time (data): 0.323 (0.038)]l_bij: 4.6584e+01 l_orth: 6.3338e+01 l_diff: 1.6957e+01 l_align: 5.4883e+01 l_total: 1.8176e+02 
2026-05-22 01:57:32,936 INFO: [scape..][epoch: 10, iter:  24,200, lr:(8.145e-04,)][eta: 8:01:49, time (data): 0.312 (0.039)]l_bij: 3.2561e+01 l_orth: 5.3771e+01 l_diff: 1.3712e+01 l_align: 4.6262e+01 l_total: 1.4631e+02 
2026-05-22 01:57:39,317 INFO: [scape..][epoch: 10, iter:  24,220, lr:(8.145e-04,)][eta: 8:01:28, time (data): 0.313 (0.039)]l_bij: 2.4336e+01 l_orth: 4.5618e+01 l_diff: 1.3124e+01 l_align: 4.7758e+01 l_total: 1.3084e+02 
2026-05-22 01:57:46,783 INFO: [scape..][epoch: 10, iter:  24,240, lr:(8.145e-04,)][eta: 8:01:10, time (data): 0.323 (0.039)]l_bij: 3.4534e+01 l_orth: 5.4040e+01 l_diff: 1.5011e+01 l_align: 5.1093e+01 l_total: 1.5468e+02 
2026-05-22 01:57:53,553 INFO: [scape..][epoch: 10, iter:  24,260, lr:(8.145e-04,)][eta: 8:00:51, time (data): 0.325 (0.039)]l_bij: 2.5565e+01 l_orth: 4.6330e+01 l_diff: 1.3769e+01 l_align: 4.5444e+01 l_total: 1.3111e+02 
2026-05-22 01:58:00,608 INFO: [scape..][epoch: 10, iter:  24,280, lr:(8.145e-04,)][eta: 8:00:32, time (data): 0.329 (0.039)]l_bij: 2.6244e+01 l_orth: 4.8768e+01 l_diff: 1.4374e+01 l_align: 4.7789e+01 l_total: 1.3717e+02 
2026-05-22 01:58:07,608 INFO: [scape..][epoch: 10, iter:  24,300, lr:(8.145e-04,)][eta: 8:00:13, time (data): 0.331 (0.039)]l_bij: 2.4391e+01 l_orth: 4.6264e+01 l_diff: 1.3671e+01 l_align: 4.7332e+01 l_total: 1.3166e+02 
2026-05-22 01:58:13,856 INFO: [scape..][epoch: 10, iter:  24,320, lr:(8.145e-04,)][eta: 7:59:52, time (data): 0.329 (0.039)]l_bij: 5.4360e+01 l_orth: 7.3701e+01 l_diff: 1.6280e+01 l_align: 6.0083e+01 l_total: 2.0442e+02 
2026-05-22 01:58:20,526 INFO: [scape..][epoch: 10, iter:  24,340, lr:(8.145e-04,)][eta: 7:59:33, time (data): 0.341 (0.039)]l_bij: 4.1827e+01 l_orth: 6.1126e+01 l_diff: 1.4291e+01 l_align: 5.6408e+01 l_total: 1.7365e+02 
2026-05-22 01:58:25,969 INFO: [scape..][epoch: 10, iter:  24,360, lr:(8.145e-04,)][eta: 7:59:10, time (data): 0.305 (0.037)]l_bij: 4.3327e+01 l_orth: 6.1245e+01 l_diff: 1.6451e+01 l_align: 4.9424e+01 l_total: 1.7045e+02 
2026-05-22 01:58:30,622 INFO: [scape..][epoch: 10, iter:  24,380, lr:(8.145e-04,)][eta: 7:58:46, time (data): 0.281 (0.038)]l_bij: 6.3049e+01 l_orth: 7.7120e+01 l_diff: 1.9085e+01 l_align: 6.3729e+01 l_total: 2.2298e+02 
2026-05-22 01:58:37,362 INFO: [scape..][epoch: 10, iter:  24,400, lr:(8.145e-04,)][eta: 7:58:27, time (data): 0.295 (0.038)]l_bij: 4.7689e+01 l_orth: 6.3024e+01 l_diff: 1.5830e+01 l_align: 5.1619e+01 l_total: 1.7816e+02 
2026-05-22 01:58:44,285 INFO: [scape..][epoch: 10, iter:  24,420, lr:(8.145e-04,)][eta: 7:58:08, time (data): 0.305 (0.038)]l_bij: 3.8954e+01 l_orth: 5.3304e+01 l_diff: 1.2487e+01 l_align: 4.7202e+01 l_total: 1.5195e+02 
2026-05-22 01:58:51,823 INFO: [scape..][epoch: 10, iter:  24,440, lr:(8.145e-04,)][eta: 7:57:50, time (data): 0.317 (0.038)]l_bij: 3.2762e+01 l_orth: 5.3884e+01 l_diff: 1.5357e+01 l_align: 5.0787e+01 l_total: 1.5279e+02 
2026-05-22 01:58:58,561 INFO: [scape..][epoch: 10, iter:  24,460, lr:(8.145e-04,)][eta: 7:57:31, time (data): 0.320 (0.038)]l_bij: 1.6773e+01 l_orth: 4.4017e+01 l_diff: 1.4738e+01 l_align: 5.1162e+01 l_total: 1.2669e+02 
2026-05-22 01:59:03,993 INFO: [scape..][epoch: 10, iter:  24,480, lr:(8.145e-04,)][eta: 7:57:09, time (data): 0.314 (0.038)]l_bij: 3.6168e+01 l_orth: 5.6033e+01 l_diff: 1.3166e+01 l_align: 5.4735e+01 l_total: 1.6010e+02 
2026-05-22 01:59:10,632 INFO: [scape..][epoch: 10, iter:  24,500, lr:(8.145e-04,)][eta: 7:56:49, time (data): 0.316 (0.039)]l_bij: 3.4338e+01 l_orth: 5.5150e+01 l_diff: 1.6580e+01 l_align: 5.1350e+01 l_total: 1.5742e+02 
2026-05-22 01:59:16,810 INFO: [scape..][epoch: 10, iter:  24,520, lr:(8.145e-04,)][eta: 7:56:29, time (data): 0.315 (0.039)]l_bij: 2.4839e+01 l_orth: 4.7017e+01 l_diff: 1.5333e+01 l_align: 4.6594e+01 l_total: 1.3378e+02 
2026-05-22 01:59:23,630 INFO: [scape..][epoch: 10, iter:  24,540, lr:(8.145e-04,)][eta: 7:56:10, time (data): 0.338 (0.038)]l_bij: 2.2795e+01 l_orth: 4.3962e+01 l_diff: 1.5962e+01 l_align: 4.8614e+01 l_total: 1.3133e+02 
2026-05-22 01:59:29,117 INFO: [scape..][epoch: 10, iter:  24,560, lr:(8.145e-04,)][eta: 7:55:48, time (data): 0.304 (0.040)]l_bij: 2.8119e+01 l_orth: 5.0395e+01 l_diff: 1.0739e+01 l_align: 5.0882e+01 l_total: 1.4014e+02 
2026-05-22 01:59:35,599 INFO: [scape..][epoch: 10, iter:  24,580, lr:(8.145e-04,)][eta: 7:55:28, time (data): 0.311 (0.040)]l_bij: 4.8176e+01 l_orth: 6.2981e+01 l_diff: 1.6231e+01 l_align: 5.6301e+01 l_total: 1.8369e+02 
2026-05-22 01:59:42,104 INFO: [scape..][epoch: 10, iter:  24,600, lr:(8.145e-04,)][eta: 7:55:08, time (data): 0.315 (0.039)]l_bij: 2.6650e+01 l_orth: 4.6122e+01 l_diff: 1.1757e+01 l_align: 4.5988e+01 l_total: 1.3052e+02 
2026-05-22 01:59:48,539 INFO: [scape..][epoch: 10, iter:  24,620, lr:(8.145e-04,)][eta: 7:54:48, time (data): 0.316 (0.039)]l_bij: 3.1117e+01 l_orth: 5.1948e+01 l_diff: 1.2634e+01 l_align: 5.0297e+01 l_total: 1.4600e+02 
2026-05-22 01:59:54,129 INFO: [scape..][epoch: 10, iter:  24,640, lr:(8.145e-04,)][eta: 7:54:26, time (data): 0.310 (0.039)]l_bij: 4.3726e+01 l_orth: 6.2263e+01 l_diff: 1.3181e+01 l_align: 5.4264e+01 l_total: 1.7343e+02 
2026-05-22 02:00:01,213 INFO: [scape..][epoch: 10, iter:  24,660, lr:(8.145e-04,)][eta: 7:54:08, time (data): 0.316 (0.039)]l_bij: 3.7457e+01 l_orth: 5.4645e+01 l_diff: 1.4472e+01 l_align: 4.9824e+01 l_total: 1.5640e+02 
2026-05-22 02:00:07,789 INFO: [scape..][epoch: 10, iter:  24,680, lr:(8.145e-04,)][eta: 7:53:49, time (data): 0.318 (0.038)]l_bij: 3.7833e+01 l_orth: 5.6106e+01 l_diff: 1.7421e+01 l_align: 5.1662e+01 l_total: 1.6302e+02 
2026-05-22 02:00:15,272 INFO: [scape..][epoch: 10, iter:  24,700, lr:(8.145e-04,)][eta: 7:53:31, time (data): 0.324 (0.038)]l_bij: 3.9659e+01 l_orth: 5.7943e+01 l_diff: 1.4150e+01 l_align: 4.9288e+01 l_total: 1.6104e+02 
2026-05-22 02:00:20,861 INFO: [scape..][epoch: 10, iter:  24,720, lr:(8.145e-04,)][eta: 7:53:09, time (data): 0.320 (0.038)]l_bij: 2.4514e+01 l_orth: 4.7765e+01 l_diff: 1.2589e+01 l_align: 4.8529e+01 l_total: 1.3340e+02 
2026-05-22 02:00:26,325 INFO: [scape..][epoch: 10, iter:  24,740, lr:(8.145e-04,)][eta: 7:52:48, time (data): 0.289 (0.041)]l_bij: 3.1447e+01 l_orth: 5.0506e+01 l_diff: 1.4727e+01 l_align: 4.8131e+01 l_total: 1.4481e+02 
2026-05-22 02:00:33,377 INFO: [scape..][epoch: 10, iter:  24,760, lr:(8.145e-04,)][eta: 7:52:29, time (data): 0.323 (0.038)]l_bij: 3.7228e+01 l_orth: 5.4683e+01 l_diff: 1.4994e+01 l_align: 4.6745e+01 l_total: 1.5365e+02 
2026-05-22 02:00:38,274 INFO: [scape..][epoch: 10, iter:  24,780, lr:(8.145e-04,)][eta: 7:52:06, time (data): 0.296 (0.039)]l_bij: 5.6477e+01 l_orth: 7.2981e+01 l_diff: 1.6695e+01 l_align: 6.0576e+01 l_total: 2.0673e+02 
2026-05-22 02:00:44,857 INFO: [scape..][epoch: 10, iter:  24,800, lr:(8.145e-04,)][eta: 7:51:47, time (data): 0.304 (0.037)]l_bij: 2.2278e+01 l_orth: 4.6568e+01 l_diff: 1.3480e+01 l_align: 4.7462e+01 l_total: 1.2979e+02 
2026-05-22 02:00:50,716 INFO: [scape..][epoch: 10, iter:  24,820, lr:(8.145e-04,)][eta: 7:51:26, time (data): 0.302 (0.038)]l_bij: 1.9574e+01 l_orth: 4.2126e+01 l_diff: 1.4163e+01 l_align: 4.7225e+01 l_total: 1.2309e+02 
2026-05-22 02:00:56,650 INFO: [scape..][epoch: 10, iter:  24,840, lr:(8.145e-04,)][eta: 7:51:05, time (data): 0.301 (0.038)]l_bij: 4.6046e+01 l_orth: 6.2731e+01 l_diff: 1.7135e+01 l_align: 5.5128e+01 l_total: 1.8104e+02 
2026-05-22 02:01:03,580 INFO: [scape..][epoch: 10, iter:  24,860, lr:(8.145e-04,)][eta: 7:50:47, time (data): 0.308 (0.038)]l_bij: 3.2262e+01 l_orth: 5.2379e+01 l_diff: 1.2914e+01 l_align: 4.7684e+01 l_total: 1.4524e+02 
2026-05-22 02:01:09,842 INFO: [scape..][epoch: 10, iter:  24,880, lr:(8.145e-04,)][eta: 7:50:27, time (data): 0.308 (0.038)]l_bij: 3.5971e+01 l_orth: 5.5432e+01 l_diff: 1.3439e+01 l_align: 5.5533e+01 l_total: 1.6037e+02 
2026-05-22 02:01:16,881 INFO: [scape..][epoch: 10, iter:  24,900, lr:(8.145e-04,)][eta: 7:50:09, time (data): 0.313 (0.038)]l_bij: 1.0943e+01 l_orth: 3.9278e+01 l_diff: 1.0746e+01 l_align: 4.7538e+01 l_total: 1.0850e+02 
2026-05-22 02:01:23,312 INFO: [scape..][epoch: 10, iter:  24,920, lr:(8.145e-04,)][eta: 7:49:49, time (data): 0.314 (0.038)]l_bij: 3.1834e+01 l_orth: 5.1602e+01 l_diff: 1.6191e+01 l_align: 4.8938e+01 l_total: 1.4856e+02 
2026-05-22 02:01:28,836 INFO: [scape..][epoch: 10, iter:  24,940, lr:(8.145e-04,)][eta: 7:49:28, time (data): 0.277 (0.038)]l_bij: 4.1060e+01 l_orth: 5.8141e+01 l_diff: 1.1875e+01 l_align: 5.0338e+01 l_total: 1.6141e+02 
2026-05-22 02:01:34,764 INFO: [scape..][epoch: 10, iter:  24,960, lr:(8.145e-04,)][eta: 7:49:07, time (data): 0.288 (0.038)]l_bij: 5.8421e+01 l_orth: 7.2100e+01 l_diff: 1.9842e+01 l_align: 5.8819e+01 l_total: 2.0918e+02 
2026-05-22 02:01:42,156 INFO: [scape..][epoch: 10, iter:  24,980, lr:(8.145e-04,)][eta: 7:48:50, time (data): 0.317 (0.038)]l_bij: 4.4920e+01 l_orth: 6.2419e+01 l_diff: 1.3191e+01 l_align: 5.1308e+01 l_total: 1.7184e+02 
2026-05-22 02:01:48,738 INFO: [scape..][epoch: 10, iter:  25,000, lr:(8.145e-04,)][eta: 7:48:30, time (data): 0.320 (0.037)]l_bij: 2.4816e+01 l_orth: 4.4754e+01 l_diff: 1.6463e+01 l_align: 4.6158e+01 l_total: 1.3219e+02 
2026-05-22 02:01:55,953 INFO: [scape..][epoch: 10, iter:  25,020, lr:(8.145e-04,)][eta: 7:48:13, time (data): 0.328 (0.036)]l_bij: 3.8057e+01 l_orth: 5.4623e+01 l_diff: 1.4658e+01 l_align: 4.7682e+01 l_total: 1.5502e+02 
2026-05-22 02:02:01,400 INFO: [scape..][epoch: 10, iter:  25,040, lr:(8.145e-04,)][eta: 7:47:51, time (data): 0.319 (0.036)]l_bij: 2.1213e+01 l_orth: 4.5938e+01 l_diff: 1.5745e+01 l_align: 4.8023e+01 l_total: 1.3092e+02 
2026-05-22 02:02:06,803 INFO: [scape..][epoch: 10, iter:  25,060, lr:(8.145e-04,)][eta: 7:47:30, time (data): 0.312 (0.036)]l_bij: 2.5413e+01 l_orth: 4.6340e+01 l_diff: 1.0826e+01 l_align: 4.7651e+01 l_total: 1.3023e+02 
2026-05-22 02:02:13,864 INFO: [scape..][epoch: 10, iter:  25,080, lr:(8.145e-04,)][eta: 7:47:12, time (data): 0.317 (0.035)]l_bij: 2.9392e+01 l_orth: 5.1259e+01 l_diff: 1.3916e+01 l_align: 4.9363e+01 l_total: 1.4393e+02 
2026-05-22 02:02:20,414 INFO: [scape..][epoch: 10, iter:  25,100, lr:(8.145e-04,)][eta: 7:46:52, time (data): 0.318 (0.035)]l_bij: 2.4529e+01 l_orth: 4.5218e+01 l_diff: 1.5325e+01 l_align: 4.7401e+01 l_total: 1.3247e+02 
2026-05-22 02:02:26,373 INFO: [scape..][epoch: 10, iter:  25,120, lr:(8.145e-04,)][eta: 7:46:32, time (data): 0.316 (0.035)]l_bij: 5.1472e+01 l_orth: 6.5616e+01 l_diff: 1.4944e+01 l_align: 5.8058e+01 l_total: 1.9009e+02 
2026-05-22 02:02:34,398 INFO: [scape..][epoch: 10, iter:  25,140, lr:(8.145e-04,)][eta: 7:46:16, time (data): 0.405 (0.034)]l_bij: 2.0964e+01 l_orth: 4.3180e+01 l_diff: 1.2487e+01 l_align: 4.7692e+01 l_total: 1.2432e+02 
2026-05-22 02:02:40,443 INFO: [scape..][epoch: 10, iter:  25,160, lr:(8.145e-04,)][eta: 7:45:56, time (data): 0.346 (0.036)]l_bij: 3.3596e+01 l_orth: 5.4786e+01 l_diff: 1.7402e+01 l_align: 5.1987e+01 l_total: 1.5777e+02 
2026-05-22 02:02:46,840 INFO: [scape..][epoch: 10, iter:  25,180, lr:(8.145e-04,)][eta: 7:45:37, time (data): 0.337 (0.036)]l_bij: 2.8285e+01 l_orth: 5.0057e+01 l_diff: 1.7545e+01 l_align: 5.0265e+01 l_total: 1.4615e+02 
2026-05-22 02:02:54,488 INFO: [scape..][epoch: 10, iter:  25,200, lr:(8.145e-04,)][eta: 7:45:20, time (data): 0.349 (0.036)]l_bij: 2.3962e+01 l_orth: 4.4779e+01 l_diff: 1.4058e+01 l_align: 4.5685e+01 l_total: 1.2848e+02 
2026-05-22 02:02:59,356 INFO: [scape..][epoch: 10, iter:  25,220, lr:(8.145e-04,)][eta: 7:44:58, time (data): 0.327 (0.036)]l_bij: 3.0593e+01 l_orth: 5.0015e+01 l_diff: 1.2832e+01 l_align: 4.8358e+01 l_total: 1.4180e+02 
2026-05-22 02:03:05,428 INFO: [scape..][epoch: 10, iter:  25,240, lr:(8.145e-04,)][eta: 7:44:38, time (data): 0.323 (0.036)]l_bij: 8.8082e+00 l_orth: 3.7151e+01 l_diff: 1.2873e+01 l_align: 4.5801e+01 l_total: 1.0463e+02 
2026-05-22 02:03:12,759 INFO: [scape..][epoch: 10, iter:  25,260, lr:(8.145e-04,)][eta: 7:44:20, time (data): 0.329 (0.036)]l_bij: 2.5025e+01 l_orth: 4.8379e+01 l_diff: 1.3781e+01 l_align: 4.9820e+01 l_total: 1.3700e+02 
2026-05-22 02:03:18,101 INFO: [scape..][epoch: 10, iter:  25,280, lr:(8.145e-04,)][eta: 7:43:59, time (data): 0.321 (0.036)]l_bij: 4.4702e+01 l_orth: 6.0699e+01 l_diff: 1.7094e+01 l_align: 5.0480e+01 l_total: 1.7297e+02 
2026-05-22 02:03:23,737 INFO: [scape..][epoch: 10, iter:  25,300, lr:(8.145e-04,)][eta: 7:43:38, time (data): 0.317 (0.037)]l_bij: 2.0060e+01 l_orth: 4.0657e+01 l_diff: 1.2723e+01 l_align: 4.4904e+01 l_total: 1.1834e+02 
2026-05-22 02:03:31,373 INFO: [scape..][epoch: 10, iter:  25,320, lr:(8.145e-04,)][eta: 7:43:21, time (data): 0.323 (0.036)]l_bij: 2.0924e+01 l_orth: 4.5745e+01 l_diff: 1.5867e+01 l_align: 4.8865e+01 l_total: 1.3140e+02 
2026-05-22 02:03:38,151 INFO: [scape..][epoch: 10, iter:  25,340, lr:(8.145e-04,)][eta: 7:43:03, time (data): 0.347 (0.038)]l_bij: 1.3458e+00 l_orth: 3.0144e+01 l_diff: 1.2605e+01 l_align: 4.4647e+01 l_total: 8.8742e+01 
2026-05-22 02:03:44,309 INFO: [scape..][epoch: 10, iter:  25,360, lr:(8.145e-04,)][eta: 7:42:43, time (data): 0.324 (0.038)]l_bij: 5.4103e+01 l_orth: 6.9358e+01 l_diff: 1.5096e+01 l_align: 5.8304e+01 l_total: 1.9686e+02 
2026-05-22 02:03:49,912 INFO: [scape..][epoch: 10, iter:  25,380, lr:(8.145e-04,)][eta: 7:42:23, time (data): 0.308 (0.037)]l_bij: 3.6562e+01 l_orth: 5.5078e+01 l_diff: 1.6822e+01 l_align: 4.8099e+01 l_total: 1.5656e+02 
2026-05-22 02:03:54,835 INFO: [scape..][epoch: 10, iter:  25,400, lr:(8.145e-04,)][eta: 7:42:00, time (data): 0.291 (0.037)]l_bij: 2.1243e+01 l_orth: 4.4691e+01 l_diff: 1.5217e+01 l_align: 4.7964e+01 l_total: 1.2912e+02 
2026-05-22 02:04:00,643 INFO: [scape..][epoch: 10, iter:  25,420, lr:(8.145e-04,)][eta: 7:41:40, time (data): 0.291 (0.038)]l_bij: 5.2440e+01 l_orth: 6.4630e+01 l_diff: 1.6037e+01 l_align: 4.9834e+01 l_total: 1.8294e+02 
2026-05-22 02:04:06,900 INFO: [scape..][epoch: 10, iter:  25,440, lr:(8.145e-04,)][eta: 7:41:21, time (data): 0.295 (0.038)]l_bij: 2.1376e+01 l_orth: 4.3263e+01 l_diff: 1.3445e+01 l_align: 4.6801e+01 l_total: 1.2489e+02 
2026-05-22 02:04:13,072 INFO: [scape..][epoch: 10, iter:  25,460, lr:(8.145e-04,)][eta: 7:41:01, time (data): 0.297 (0.038)]l_bij: 2.4543e+01 l_orth: 4.7504e+01 l_diff: 1.3249e+01 l_align: 4.8737e+01 l_total: 1.3403e+02 
2026-05-22 02:04:19,239 INFO: [scape..][epoch: 10, iter:  25,480, lr:(8.145e-04,)][eta: 7:40:42, time (data): 0.298 (0.038)]l_bij: 3.9959e+01 l_orth: 5.8935e+01 l_diff: 1.4580e+01 l_align: 4.8907e+01 l_total: 1.6238e+02 
2026-05-22 02:04:26,290 INFO: [scape..][epoch: 10, iter:  25,500, lr:(8.145e-04,)][eta: 7:40:24, time (data): 0.305 (0.038)]l_bij: 3.0377e+01 l_orth: 5.0915e+01 l_diff: 1.4426e+01 l_align: 4.8219e+01 l_total: 1.4394e+02 
2026-05-22 02:04:31,476 INFO: [scape..][epoch: 10, iter:  25,520, lr:(8.145e-04,)][eta: 7:40:02, time (data): 0.300 (0.038)]l_bij: 4.5606e+01 l_orth: 6.1746e+01 l_diff: 1.7255e+01 l_align: 5.2165e+01 l_total: 1.7677e+02 
2026-05-22 02:04:38,308 INFO: [scape..][epoch: 10, iter:  25,540, lr:(8.145e-04,)][eta: 7:39:44, time (data): 0.380 (0.040)]l_bij: 3.4033e+01 l_orth: 5.3602e+01 l_diff: 1.2239e+01 l_align: 4.9102e+01 l_total: 1.4898e+02 
2026-05-22 02:04:43,760 INFO: [scape..][epoch: 10, iter:  25,560, lr:(8.145e-04,)][eta: 7:39:24, time (data): 0.315 (0.041)]l_bij: 2.5707e+01 l_orth: 4.9480e+01 l_diff: 1.3066e+01 l_align: 4.7084e+01 l_total: 1.3534e+02 
2026-05-22 02:04:49,394 INFO: [scape..][epoch: 10, iter:  25,580, lr:(8.145e-04,)][eta: 7:39:03, time (data): 0.302 (0.041)]l_bij: 3.8009e+01 l_orth: 5.8549e+01 l_diff: 1.6116e+01 l_align: 5.1994e+01 l_total: 1.6467e+02 
2026-05-22 02:04:54,332 INFO: [scape..][epoch: 10, iter:  25,600, lr:(8.145e-04,)][eta: 7:38:41, time (data): 0.287 (0.041)]l_bij: 3.6999e+01 l_orth: 5.5986e+01 l_diff: 1.2332e+01 l_align: 5.0597e+01 l_total: 1.5591e+02 
2026-05-22 02:05:00,425 INFO: [scape..][epoch: 10, iter:  25,620, lr:(8.145e-04,)][eta: 7:38:22, time (data): 0.291 (0.040)]l_bij: 2.4390e+01 l_orth: 4.5954e+01 l_diff: 1.3832e+01 l_align: 4.5788e+01 l_total: 1.2996e+02 
2026-05-22 02:05:06,324 INFO: [scape..][epoch: 10, iter:  25,640, lr:(8.145e-04,)][eta: 7:38:02, time (data): 0.292 (0.039)]l_bij: 5.9336e+01 l_orth: 7.5432e+01 l_diff: 1.9046e+01 l_align: 6.0971e+01 l_total: 2.1479e+02 
2026-05-22 02:05:11,688 INFO: [scape..][epoch: 10, iter:  25,660, lr:(8.145e-04,)][eta: 7:37:41, time (data): 0.288 (0.040)]l_bij: 2.6008e+01 l_orth: 4.8095e+01 l_diff: 1.5821e+01 l_align: 5.0450e+01 l_total: 1.4037e+02 
2026-05-22 02:05:17,004 INFO: [scape..][epoch: 10, iter:  25,680, lr:(8.145e-04,)][eta: 7:37:20, time (data): 0.285 (0.040)]l_bij: 1.1511e+01 l_orth: 4.1360e+01 l_diff: 1.2526e+01 l_align: 4.9855e+01 l_total: 1.1525e+02 
2026-05-22 02:05:22,970 INFO: [scape..][epoch: 10, iter:  25,700, lr:(8.145e-04,)][eta: 7:37:00, time (data): 0.287 (0.040)]l_bij: 2.2725e+01 l_orth: 4.4408e+01 l_diff: 1.3505e+01 l_align: 4.5628e+01 l_total: 1.2627e+02 
2026-05-22 02:05:28,727 INFO: [scape..][epoch: 10, iter:  25,720, lr:(8.145e-04,)][eta: 7:36:40, time (data): 0.287 (0.040)]l_bij: 2.6138e+01 l_orth: 5.1160e+01 l_diff: 1.3478e+01 l_align: 5.2612e+01 l_total: 1.4339e+02 
2026-05-22 02:05:34,390 INFO: [scape..][epoch: 10, iter:  25,740, lr:(8.145e-04,)][eta: 7:36:20, time (data): 0.287 (0.041)]l_bij: 2.8800e+01 l_orth: 5.3121e+01 l_diff: 1.3765e+01 l_align: 5.2197e+01 l_total: 1.4788e+02 
2026-05-22 02:05:40,627 INFO: [scape..][epoch: 10, iter:  25,760, lr:(8.145e-04,)][eta: 7:36:01, time (data): 0.303 (0.040)]l_bij: 2.9528e+01 l_orth: 5.1371e+01 l_diff: 1.3173e+01 l_align: 5.1713e+01 l_total: 1.4579e+02 
2026-05-22 02:05:47,079 INFO: [scape..][epoch: 10, iter:  25,780, lr:(8.145e-04,)][eta: 7:35:42, time (data): 0.310 (0.040)]l_bij: 4.4388e+01 l_orth: 6.2716e+01 l_diff: 1.4304e+01 l_align: 5.6037e+01 l_total: 1.7745e+02 
2026-05-22 02:05:52,429 INFO: [scape..][epoch: 10, iter:  25,800, lr:(8.145e-04,)][eta: 7:35:21, time (data): 0.298 (0.039)]l_bij: 4.3125e+01 l_orth: 5.7937e+01 l_diff: 1.4522e+01 l_align: 5.1606e+01 l_total: 1.6719e+02 
2026-05-22 02:05:58,843 INFO: [scape..][epoch: 10, iter:  25,820, lr:(8.145e-04,)][eta: 7:35:03, time (data): 0.303 (0.040)]l_bij: 3.4522e+01 l_orth: 5.1984e+01 l_diff: 1.7185e+01 l_align: 4.9081e+01 l_total: 1.5277e+02 
2026-05-22 02:06:04,168 INFO: [scape..][epoch: 10, iter:  25,840, lr:(8.145e-04,)][eta: 7:34:42, time (data): 0.297 (0.040)]l_bij: 1.7817e+01 l_orth: 4.3394e+01 l_diff: 1.4026e+01 l_align: 4.9178e+01 l_total: 1.2442e+02 
2026-05-22 02:06:08,981 INFO: [scape..][epoch: 10, iter:  25,860, lr:(8.145e-04,)][eta: 7:34:20, time (data): 0.288 (0.040)]l_bij: 5.0945e+01 l_orth: 6.4127e+01 l_diff: 1.4482e+01 l_align: 5.3619e+01 l_total: 1.8317e+02 
2026-05-22 02:06:15,271 INFO: [scape..][epoch: 10, iter:  25,880, lr:(8.145e-04,)][eta: 7:34:01, time (data): 0.292 (0.040)]l_bij: 3.0321e+01 l_orth: 4.9695e+01 l_diff: 1.9437e+01 l_align: 4.9596e+01 l_total: 1.4905e+02 
2026-05-22 02:06:21,299 INFO: [scape..][epoch: 10, iter:  25,900, lr:(8.145e-04,)][eta: 7:33:42, time (data): 0.293 (0.040)]l_bij: 3.8308e+01 l_orth: 6.2956e+01 l_diff: 1.4004e+01 l_align: 5.5096e+01 l_total: 1.7036e+02 
2026-05-22 02:06:28,892 INFO: [scape..][epoch: 10, iter:  25,920, lr:(8.145e-04,)][eta: 7:33:26, time (data): 0.302 (0.040)]l_bij: 2.5837e+01 l_orth: 4.9385e+01 l_diff: 1.1175e+01 l_align: 4.9978e+01 l_total: 1.3638e+02 
2026-05-22 02:06:34,986 INFO: [scape..][epoch: 10, iter:  25,940, lr:(8.145e-04,)][eta: 7:33:06, time (data): 0.279 (0.042)]l_bij: 2.2841e+01 l_orth: 4.6678e+01 l_diff: 1.2214e+01 l_align: 4.8028e+01 l_total: 1.2976e+02 
2026-05-22 02:06:41,301 INFO: [scape..][epoch: 10, iter:  25,960, lr:(8.145e-04,)][eta: 7:32:48, time (data): 0.303 (0.040)]l_bij: 5.5267e+01 l_orth: 7.1768e+01 l_diff: 1.9856e+01 l_align: 6.1093e+01 l_total: 2.0798e+02 
2026-05-22 02:06:47,164 INFO: [scape..][epoch: 10, iter:  25,980, lr:(8.145e-04,)][eta: 7:32:28, time (data): 0.299 (0.039)]l_bij: 3.0030e+01 l_orth: 5.1002e+01 l_diff: 1.1532e+01 l_align: 5.0963e+01 l_total: 1.4353e+02 
2026-05-22 02:06:52,382 INFO: [scape..][epoch: 10, iter:  26,000, lr:(8.145e-04,)][eta: 7:32:07, time (data): 0.288 (0.039)]l_bij: 3.4475e+01 l_orth: 5.5379e+01 l_diff: 1.2819e+01 l_align: 4.9253e+01 l_total: 1.5193e+02 
2026-05-22 02:06:59,046 INFO: [scape..][epoch: 11, iter:  26,020, lr:(7.750e-04,)][eta: 7:31:49, time (data): 0.298 (0.048)]l_bij: 1.7177e+01 l_orth: 4.2560e+01 l_diff: 1.6767e+01 l_align: 4.8395e+01 l_total: 1.2490e+02 
2026-05-22 02:07:04,004 INFO: [scape..][epoch: 11, iter:  26,040, lr:(7.750e-04,)][eta: 7:31:28, time (data): 0.289 (0.046)]l_bij: 4.5047e+01 l_orth: 6.2311e+01 l_diff: 1.4517e+01 l_align: 5.5657e+01 l_total: 1.7753e+02 
2026-05-22 02:07:09,134 INFO: [scape..][epoch: 11, iter:  26,060, lr:(7.750e-04,)][eta: 7:31:07, time (data): 0.284 (0.044)]l_bij: 6.4531e+01 l_orth: 8.0696e+01 l_diff: 1.9103e+01 l_align: 6.8149e+01 l_total: 2.3248e+02 
2026-05-22 02:07:15,056 INFO: [scape..][epoch: 11, iter:  26,080, lr:(7.750e-04,)][eta: 7:30:48, time (data): 0.286 (0.044)]l_bij: 1.7169e+01 l_orth: 4.2273e+01 l_diff: 1.2531e+01 l_align: 4.6854e+01 l_total: 1.1883e+02 
2026-05-22 02:07:20,425 INFO: [scape..][epoch: 11, iter:  26,100, lr:(7.750e-04,)][eta: 7:30:27, time (data): 0.284 (0.044)]l_bij: 3.5428e+01 l_orth: 5.3830e+01 l_diff: 1.3720e+01 l_align: 4.6865e+01 l_total: 1.4984e+02 
2026-05-22 02:07:26,280 INFO: [scape..][epoch: 11, iter:  26,120, lr:(7.750e-04,)][eta: 7:30:08, time (data): 0.285 (0.043)]l_bij: 2.5254e+01 l_orth: 4.7534e+01 l_diff: 1.2773e+01 l_align: 4.7840e+01 l_total: 1.3340e+02 
2026-05-22 02:07:32,171 INFO: [scape..][epoch: 11, iter:  26,140, lr:(7.750e-04,)][eta: 7:29:48, time (data): 0.350 (0.041)]l_bij: 4.4193e+01 l_orth: 6.0932e+01 l_diff: 1.5717e+01 l_align: 5.5313e+01 l_total: 1.7616e+02 
2026-05-22 02:07:38,749 INFO: [scape..][epoch: 11, iter:  26,160, lr:(7.750e-04,)][eta: 7:29:30, time (data): 0.336 (0.041)]l_bij: 4.2335e+01 l_orth: 5.8418e+01 l_diff: 1.3869e+01 l_align: 4.9304e+01 l_total: 1.6393e+02 
2026-05-22 02:07:44,099 INFO: [scape..][epoch: 11, iter:  26,180, lr:(7.750e-04,)][eta: 7:29:10, time (data): 0.309 (0.040)]l_bij: 3.6639e+01 l_orth: 5.6214e+01 l_diff: 1.6115e+01 l_align: 5.2598e+01 l_total: 1.6157e+02 
2026-05-22 02:07:49,945 INFO: [scape..][epoch: 11, iter:  26,200, lr:(7.750e-04,)][eta: 7:28:51, time (data): 0.304 (0.040)]l_bij: 5.3361e+01 l_orth: 6.6357e+01 l_diff: 1.6486e+01 l_align: 5.7957e+01 l_total: 1.9416e+02 
2026-05-22 02:07:56,314 INFO: [scape..][epoch: 11, iter:  26,220, lr:(7.750e-04,)][eta: 7:28:32, time (data): 0.307 (0.040)]l_bij: 3.3400e+01 l_orth: 5.3259e+01 l_diff: 1.5636e+01 l_align: 4.9181e+01 l_total: 1.5148e+02 
2026-05-22 02:08:02,277 INFO: [scape..][epoch: 11, iter:  26,240, lr:(7.750e-04,)][eta: 7:28:13, time (data): 0.305 (0.039)]l_bij: 1.6897e+01 l_orth: 4.0959e+01 l_diff: 1.3338e+01 l_align: 4.5303e+01 l_total: 1.1650e+02 
2026-05-22 02:08:09,112 INFO: [scape..][epoch: 11, iter:  26,260, lr:(7.750e-04,)][eta: 7:27:56, time (data): 0.311 (0.039)]l_bij: 2.1239e+01 l_orth: 4.4978e+01 l_diff: 1.3228e+01 l_align: 4.8430e+01 l_total: 1.2787e+02 
2026-05-22 02:08:13,829 INFO: [scape..][epoch: 11, iter:  26,280, lr:(7.750e-04,)][eta: 7:27:34, time (data): 0.301 (0.039)]l_bij: 1.5277e+01 l_orth: 4.2415e+01 l_diff: 1.6330e+01 l_align: 4.9494e+01 l_total: 1.2352e+02 
2026-05-22 02:08:19,592 INFO: [scape..][epoch: 11, iter:  26,300, lr:(7.750e-04,)][eta: 7:27:15, time (data): 0.299 (0.039)]l_bij: 1.2690e+00 l_orth: 3.0409e+01 l_diff: 1.2311e+01 l_align: 4.6366e+01 l_total: 9.0355e+01 
2026-05-22 02:08:24,856 INFO: [scape..][epoch: 11, iter:  26,320, lr:(7.750e-04,)][eta: 7:26:54, time (data): 0.296 (0.039)]l_bij: 3.8479e+01 l_orth: 5.7821e+01 l_diff: 1.4558e+01 l_align: 5.1961e+01 l_total: 1.6282e+02 
2026-05-22 02:08:30,701 INFO: [scape..][epoch: 11, iter:  26,340, lr:(7.750e-04,)][eta: 7:26:35, time (data): 0.265 (0.036)]l_bij: 4.3044e+01 l_orth: 6.2965e+01 l_diff: 1.4764e+01 l_align: 5.8064e+01 l_total: 1.7884e+02 
2026-05-22 02:08:36,491 INFO: [scape..][epoch: 11, iter:  26,360, lr:(7.750e-04,)][eta: 7:26:16, time (data): 0.282 (0.038)]l_bij: 1.3865e+01 l_orth: 4.0217e+01 l_diff: 1.0862e+01 l_align: 4.6441e+01 l_total: 1.1138e+02 
2026-05-22 02:08:43,483 INFO: [scape..][epoch: 11, iter:  26,380, lr:(7.750e-04,)][eta: 7:25:59, time (data): 0.309 (0.037)]l_bij: 6.7590e+01 l_orth: 8.1280e+01 l_diff: 1.5891e+01 l_align: 6.4972e+01 l_total: 2.2973e+02 
2026-05-22 02:08:48,633 INFO: [scape..][epoch: 11, iter:  26,400, lr:(7.750e-04,)][eta: 7:25:38, time (data): 0.294 (0.038)]l_bij: 2.9703e+01 l_orth: 4.9080e+01 l_diff: 1.3091e+01 l_align: 4.7940e+01 l_total: 1.3981e+02 
2026-05-22 02:08:54,429 INFO: [scape..][epoch: 11, iter:  26,420, lr:(7.750e-04,)][eta: 7:25:19, time (data): 0.293 (0.038)]l_bij: 1.7657e+01 l_orth: 4.0932e+01 l_diff: 1.3054e+01 l_align: 4.6543e+01 l_total: 1.1819e+02 
2026-05-22 02:09:00,790 INFO: [scape..][epoch: 11, iter:  26,440, lr:(7.750e-04,)][eta: 7:25:01, time (data): 0.298 (0.038)]l_bij: 6.2540e+01 l_orth: 7.8388e+01 l_diff: 1.7731e+01 l_align: 6.5011e+01 l_total: 2.2367e+02 
2026-05-22 02:09:06,556 INFO: [scape..][epoch: 11, iter:  26,460, lr:(7.750e-04,)][eta: 7:24:41, time (data): 0.296 (0.038)]l_bij: 2.9098e+01 l_orth: 4.9799e+01 l_diff: 1.4750e+01 l_align: 4.6417e+01 l_total: 1.4006e+02 
2026-05-22 02:09:11,753 INFO: [scape..][epoch: 11, iter:  26,480, lr:(7.750e-04,)][eta: 7:24:21, time (data): 0.291 (0.038)]l_bij: 4.3784e+01 l_orth: 6.0009e+01 l_diff: 1.4006e+01 l_align: 5.0040e+01 l_total: 1.6784e+02 
2026-05-22 02:09:17,280 INFO: [scape..][epoch: 11, iter:  26,500, lr:(7.750e-04,)][eta: 7:24:01, time (data): 0.290 (0.038)]l_bij: 4.1789e+01 l_orth: 5.8030e+01 l_diff: 1.5521e+01 l_align: 5.0949e+01 l_total: 1.6629e+02 
2026-05-22 02:09:23,616 INFO: [scape..][epoch: 11, iter:  26,520, lr:(7.750e-04,)][eta: 7:23:43, time (data): 0.292 (0.039)]l_bij: 4.8675e+01 l_orth: 6.7303e+01 l_diff: 1.7510e+01 l_align: 5.8734e+01 l_total: 1.9222e+02 
2026-05-22 02:09:28,968 INFO: [scape..][epoch: 11, iter:  26,540, lr:(7.750e-04,)][eta: 7:23:23, time (data): 0.245 (0.042)]l_bij: 3.7067e+01 l_orth: 5.5234e+01 l_diff: 1.4469e+01 l_align: 4.8829e+01 l_total: 1.5560e+02 
2026-05-22 02:09:35,591 INFO: [scape..][epoch: 11, iter:  26,560, lr:(7.750e-04,)][eta: 7:23:06, time (data): 0.306 (0.041)]l_bij: 3.1783e+01 l_orth: 5.1241e+01 l_diff: 1.3908e+01 l_align: 4.6616e+01 l_total: 1.4355e+02 
2026-05-22 02:09:42,371 INFO: [scape..][epoch: 11, iter:  26,580, lr:(7.750e-04,)][eta: 7:22:48, time (data): 0.320 (0.041)]l_bij: 1.6441e+01 l_orth: 4.3995e+01 l_diff: 1.4970e+01 l_align: 4.8566e+01 l_total: 1.2397e+02 
2026-05-22 02:09:47,567 INFO: [scape..][epoch: 11, iter:  26,600, lr:(7.750e-04,)][eta: 7:22:28, time (data): 0.302 (0.041)]l_bij: 2.5012e+01 l_orth: 4.7569e+01 l_diff: 1.1131e+01 l_align: 4.5177e+01 l_total: 1.2889e+02 
2026-05-22 02:09:53,284 INFO: [scape..][epoch: 11, iter:  26,620, lr:(7.750e-04,)][eta: 7:22:09, time (data): 0.298 (0.041)]l_bij: 1.8112e+01 l_orth: 3.9655e+01 l_diff: 1.3032e+01 l_align: 4.4710e+01 l_total: 1.1551e+02 
2026-05-22 02:09:58,072 INFO: [scape..][epoch: 11, iter:  26,640, lr:(7.750e-04,)][eta: 7:21:48, time (data): 0.287 (0.041)]l_bij: 1.9029e+01 l_orth: 4.2100e+01 l_diff: 1.3748e+01 l_align: 4.6637e+01 l_total: 1.2151e+02 
2026-05-22 02:10:03,483 INFO: [scape..][epoch: 11, iter:  26,660, lr:(7.750e-04,)][eta: 7:21:28, time (data): 0.285 (0.040)]l_bij: 3.7291e+01 l_orth: 5.4649e+01 l_diff: 1.7413e+01 l_align: 5.2294e+01 l_total: 1.6165e+02 
2026-05-22 02:10:10,399 INFO: [scape..][epoch: 11, iter:  26,680, lr:(7.750e-04,)][eta: 7:21:11, time (data): 0.293 (0.040)]l_bij: 5.4411e+01 l_orth: 6.7832e+01 l_diff: 1.5623e+01 l_align: 5.5846e+01 l_total: 1.9371e+02 
2026-05-22 02:10:15,401 INFO: [scape..][epoch: 11, iter:  26,700, lr:(7.750e-04,)][eta: 7:20:51, time (data): 0.288 (0.040)]l_bij: 1.7505e+01 l_orth: 3.9709e+01 l_diff: 1.3801e+01 l_align: 4.6446e+01 l_total: 1.1746e+02 
2026-05-22 02:10:21,300 INFO: [scape..][epoch: 11, iter:  26,720, lr:(7.750e-04,)][eta: 7:20:32, time (data): 0.289 (0.040)]l_bij: 3.8053e+01 l_orth: 5.6335e+01 l_diff: 1.3331e+01 l_align: 5.0947e+01 l_total: 1.5867e+02 
2026-05-22 02:10:26,976 INFO: [scape..][epoch: 11, iter:  26,740, lr:(7.750e-04,)][eta: 7:20:13, time (data): 0.329 (0.039)]l_bij: 2.4570e+01 l_orth: 4.5404e+01 l_diff: 1.3530e+01 l_align: 4.6619e+01 l_total: 1.3012e+02 
2026-05-22 02:10:32,966 INFO: [scape..][epoch: 11, iter:  26,760, lr:(7.750e-04,)][eta: 7:19:54, time (data): 0.307 (0.038)]l_bij: 2.6467e+01 l_orth: 5.1665e+01 l_diff: 1.5225e+01 l_align: 5.2905e+01 l_total: 1.4626e+02 
2026-05-22 02:10:38,268 INFO: [scape..][epoch: 11, iter:  26,780, lr:(7.750e-04,)][eta: 7:19:35, time (data): 0.289 (0.038)]l_bij: 2.4666e+01 l_orth: 5.0542e+01 l_diff: 1.5675e+01 l_align: 5.3041e+01 l_total: 1.4392e+02 
2026-05-22 02:10:43,716 INFO: [scape..][epoch: 11, iter:  26,800, lr:(7.750e-04,)][eta: 7:19:15, time (data): 0.284 (0.038)]l_bij: 1.8134e+01 l_orth: 4.4814e+01 l_diff: 1.5640e+01 l_align: 4.8816e+01 l_total: 1.2740e+02 
2026-05-22 02:10:50,117 INFO: [scape..][epoch: 11, iter:  26,820, lr:(7.750e-04,)][eta: 7:18:57, time (data): 0.292 (0.037)]l_bij: 2.0486e+01 l_orth: 4.1612e+01 l_diff: 1.2904e+01 l_align: 4.6498e+01 l_total: 1.2150e+02 
2026-05-22 02:10:56,194 INFO: [scape..][epoch: 11, iter:  26,840, lr:(7.750e-04,)][eta: 7:18:39, time (data): 0.295 (0.037)]l_bij: 4.2000e+00 l_orth: 4.7948e+01 l_diff: 1.6106e+01 l_align: 6.2705e+01 l_total: 1.3096e+02 
2026-05-22 02:11:01,607 INFO: [scape..][epoch: 11, iter:  26,860, lr:(7.750e-04,)][eta: 7:18:19, time (data): 0.291 (0.037)]l_bij: 4.1336e+01 l_orth: 6.0400e+01 l_diff: 1.6594e+01 l_align: 5.2283e+01 l_total: 1.7061e+02 
2026-05-22 02:11:06,903 INFO: [scape..][epoch: 11, iter:  26,880, lr:(7.750e-04,)][eta: 7:18:00, time (data): 0.287 (0.037)]l_bij: 3.1888e+01 l_orth: 5.2161e+01 l_diff: 1.4253e+01 l_align: 4.7719e+01 l_total: 1.4602e+02 
2026-05-22 02:11:11,840 INFO: [scape..][epoch: 11, iter:  26,900, lr:(7.750e-04,)][eta: 7:17:39, time (data): 0.282 (0.037)]l_bij: 5.0978e+01 l_orth: 6.5863e+01 l_diff: 1.4484e+01 l_align: 5.2520e+01 l_total: 1.8385e+02 
2026-05-22 02:11:18,239 INFO: [scape..][epoch: 11, iter:  26,920, lr:(7.750e-04,)][eta: 7:17:22, time (data): 0.286 (0.038)]l_bij: 2.9553e+01 l_orth: 4.8975e+01 l_diff: 1.2220e+01 l_align: 4.6804e+01 l_total: 1.3755e+02 
2026-05-22 02:11:24,268 INFO: [scape..][epoch: 11, iter:  26,940, lr:(7.750e-04,)][eta: 7:17:03, time (data): 0.272 (0.035)]l_bij: 3.4764e+01 l_orth: 5.4257e+01 l_diff: 1.2603e+01 l_align: 4.7182e+01 l_total: 1.4880e+02 
2026-05-22 02:11:30,514 INFO: [scape..][epoch: 11, iter:  26,960, lr:(7.750e-04,)][eta: 7:16:45, time (data): 0.303 (0.041)]l_bij: 2.2240e+01 l_orth: 4.5731e+01 l_diff: 1.0613e+01 l_align: 4.8404e+01 l_total: 1.2699e+02 
2026-05-22 02:11:36,837 INFO: [scape..][epoch: 11, iter:  26,980, lr:(7.750e-04,)][eta: 7:16:28, time (data): 0.309 (0.040)]l_bij: 1.8967e+01 l_orth: 4.5294e+01 l_diff: 1.5561e+01 l_align: 4.7088e+01 l_total: 1.2691e+02 
2026-05-22 02:11:43,201 INFO: [scape..][epoch: 11, iter:  27,000, lr:(7.750e-04,)][eta: 7:16:10, time (data): 0.311 (0.041)]l_bij: 3.7300e+01 l_orth: 5.3470e+01 l_diff: 1.4476e+01 l_align: 4.8070e+01 l_total: 1.5332e+02 
2026-05-22 02:11:48,978 INFO: [scape..][epoch: 11, iter:  27,020, lr:(7.750e-04,)][eta: 7:15:51, time (data): 0.306 (0.040)]l_bij: 1.9469e+01 l_orth: 4.0160e+01 l_diff: 1.0365e+01 l_align: 4.4440e+01 l_total: 1.1443e+02 
2026-05-22 02:11:54,618 INFO: [scape..][epoch: 11, iter:  27,040, lr:(7.750e-04,)][eta: 7:15:32, time (data): 0.302 (0.040)]l_bij: 3.1546e+01 l_orth: 5.0544e+01 l_diff: 1.4185e+01 l_align: 4.6542e+01 l_total: 1.4282e+02 
2026-05-22 02:12:00,168 INFO: [scape..][epoch: 11, iter:  27,060, lr:(7.750e-04,)][eta: 7:15:13, time (data): 0.298 (0.040)]l_bij: 5.4125e+01 l_orth: 6.8122e+01 l_diff: 1.5201e+01 l_align: 5.8712e+01 l_total: 1.9616e+02 
2026-05-22 02:12:05,574 INFO: [scape..][epoch: 11, iter:  27,080, lr:(7.750e-04,)][eta: 7:14:54, time (data): 0.294 (0.041)]l_bij: 2.8797e+01 l_orth: 4.9767e+01 l_diff: 1.4264e+01 l_align: 4.7394e+01 l_total: 1.4022e+02 
2026-05-22 02:12:10,413 INFO: [scape..][epoch: 11, iter:  27,100, lr:(7.750e-04,)][eta: 7:14:34, time (data): 0.288 (0.041)]l_bij: 1.4471e+01 l_orth: 3.8347e+01 l_diff: 1.1670e+01 l_align: 4.6477e+01 l_total: 1.1096e+02 
2026-05-22 02:12:17,400 INFO: [scape..][epoch: 11, iter:  27,120, lr:(7.750e-04,)][eta: 7:14:17, time (data): 0.294 (0.041)]l_bij: 1.4814e+01 l_orth: 4.0777e+01 l_diff: 1.2162e+01 l_align: 4.6762e+01 l_total: 1.1451e+02 
2026-05-22 02:12:22,270 INFO: [scape..][epoch: 11, iter:  27,140, lr:(7.750e-04,)][eta: 7:13:57, time (data): 0.248 (0.038)]l_bij: 3.6834e+01 l_orth: 5.5316e+01 l_diff: 1.3856e+01 l_align: 5.0544e+01 l_total: 1.5655e+02 
2026-05-22 02:12:28,589 INFO: [scape..][epoch: 11, iter:  27,160, lr:(7.750e-04,)][eta: 7:13:39, time (data): 0.302 (0.041)]l_bij: 3.0993e+01 l_orth: 5.2033e+01 l_diff: 1.4272e+01 l_align: 5.0599e+01 l_total: 1.4790e+02 
2026-05-22 02:12:34,228 INFO: [scape..][epoch: 11, iter:  27,180, lr:(7.750e-04,)][eta: 7:13:20, time (data): 0.293 (0.040)]l_bij: 2.7676e+01 l_orth: 4.9665e+01 l_diff: 1.3722e+01 l_align: 5.0389e+01 l_total: 1.4145e+02 
2026-05-22 02:12:39,669 INFO: [scape..][epoch: 11, iter:  27,200, lr:(7.750e-04,)][eta: 7:13:01, time (data): 0.287 (0.041)]l_bij: 1.8806e+01 l_orth: 4.2897e+01 l_diff: 1.3691e+01 l_align: 4.7222e+01 l_total: 1.2262e+02 
2026-05-22 02:12:45,275 INFO: [scape..][epoch: 11, iter:  27,220, lr:(7.750e-04,)][eta: 7:12:42, time (data): 0.285 (0.041)]l_bij: 2.9875e+01 l_orth: 5.0182e+01 l_diff: 1.5718e+01 l_align: 4.6954e+01 l_total: 1.4273e+02 
2026-05-22 02:12:51,233 INFO: [scape..][epoch: 11, iter:  27,240, lr:(7.750e-04,)][eta: 7:12:24, time (data): 0.288 (0.041)]l_bij: 3.6988e+01 l_orth: 5.5442e+01 l_diff: 1.5923e+01 l_align: 5.1524e+01 l_total: 1.5988e+02 
2026-05-22 02:12:56,628 INFO: [scape..][epoch: 11, iter:  27,260, lr:(7.750e-04,)][eta: 7:12:05, time (data): 0.285 (0.041)]l_bij: 2.3732e+00 l_orth: 3.8041e+01 l_diff: 1.4974e+01 l_align: 5.2728e+01 l_total: 1.0812e+02 
2026-05-22 02:13:02,125 INFO: [scape..][epoch: 11, iter:  27,280, lr:(7.750e-04,)][eta: 7:11:46, time (data): 0.283 (0.041)]l_bij: 2.2008e+01 l_orth: 4.3092e+01 l_diff: 1.7698e+01 l_align: 4.6635e+01 l_total: 1.2943e+02 
2026-05-22 02:13:07,177 INFO: [scape..][epoch: 11, iter:  27,300, lr:(7.750e-04,)][eta: 7:11:26, time (data): 0.280 (0.041)]l_bij: 3.5112e+01 l_orth: 5.3255e+01 l_diff: 1.5422e+01 l_align: 4.6689e+01 l_total: 1.5048e+02 
2026-05-22 02:13:13,642 INFO: [scape..][epoch: 11, iter:  27,320, lr:(7.750e-04,)][eta: 7:11:09, time (data): 0.284 (0.041)]l_bij: 3.0717e+01 l_orth: 5.0460e+01 l_diff: 1.4867e+01 l_align: 4.8522e+01 l_total: 1.4457e+02 
2026-05-22 02:13:19,665 INFO: [scape..][epoch: 11, iter:  27,340, lr:(7.750e-04,)][eta: 7:10:51, time (data): 0.404 (0.040)]l_bij: 2.3358e+01 l_orth: 4.5599e+01 l_diff: 1.0880e+01 l_align: 4.5271e+01 l_total: 1.2511e+02 
2026-05-22 02:13:25,222 INFO: [scape..][epoch: 11, iter:  27,360, lr:(7.750e-04,)][eta: 7:10:32, time (data): 0.299 (0.038)]l_bij: 2.7793e+01 l_orth: 4.7993e+01 l_diff: 1.5958e+01 l_align: 4.7321e+01 l_total: 1.3906e+02 
2026-05-22 02:13:31,185 INFO: [scape..][epoch: 11, iter:  27,380, lr:(7.750e-04,)][eta: 7:10:14, time (data): 0.298 (0.038)]l_bij: 2.6476e+01 l_orth: 4.7452e+01 l_diff: 1.1945e+01 l_align: 4.8250e+01 l_total: 1.3412e+02 
2026-05-22 02:13:36,264 INFO: [scape..][epoch: 11, iter:  27,400, lr:(7.750e-04,)][eta: 7:09:55, time (data): 0.285 (0.040)]l_bij: 2.4229e+01 l_orth: 4.6879e+01 l_diff: 1.3879e+01 l_align: 4.9556e+01 l_total: 1.3454e+02 
2026-05-22 02:13:43,477 INFO: [scape..][epoch: 11, iter:  27,420, lr:(7.750e-04,)][eta: 7:09:39, time (data): 0.303 (0.040)]l_bij: 2.9994e+01 l_orth: 4.9980e+01 l_diff: 1.3279e+01 l_align: 4.9124e+01 l_total: 1.4238e+02 
2026-05-22 02:13:49,372 INFO: [scape..][epoch: 11, iter:  27,440, lr:(7.750e-04,)][eta: 7:09:21, time (data): 0.301 (0.040)]l_bij: 3.8270e+01 l_orth: 5.7685e+01 l_diff: 1.4761e+01 l_align: 5.4521e+01 l_total: 1.6524e+02 
2026-05-22 02:13:55,079 INFO: [scape..][epoch: 11, iter:  27,460, lr:(7.750e-04,)][eta: 7:09:03, time (data): 0.299 (0.040)]l_bij: 7.7182e+01 l_orth: 8.7248e+01 l_diff: 1.8620e+01 l_align: 6.7523e+01 l_total: 2.5057e+02 
2026-05-22 02:14:00,775 INFO: [scape..][epoch: 11, iter:  27,480, lr:(7.750e-04,)][eta: 7:08:44, time (data): 0.297 (0.040)]l_bij: 2.8984e+01 l_orth: 5.0757e+01 l_diff: 1.5086e+01 l_align: 5.0221e+01 l_total: 1.4505e+02 
2026-05-22 02:14:06,213 INFO: [scape..][epoch: 11, iter:  27,500, lr:(7.750e-04,)][eta: 7:08:25, time (data): 0.294 (0.040)]l_bij: 6.6557e+01 l_orth: 7.9995e+01 l_diff: 1.6293e+01 l_align: 6.4511e+01 l_total: 2.2736e+02 
2026-05-22 02:14:10,927 INFO: [scape..][epoch: 11, iter:  27,520, lr:(7.750e-04,)][eta: 7:08:05, time (data): 0.287 (0.040)]l_bij: 2.7568e+01 l_orth: 4.7809e+01 l_diff: 1.4023e+01 l_align: 4.6554e+01 l_total: 1.3595e+02 
2026-05-22 02:14:17,110 INFO: [scape..][epoch: 11, iter:  27,540, lr:(7.750e-04,)][eta: 7:07:48, time (data): 0.230 (0.038)]l_bij: 2.2714e+01 l_orth: 4.6224e+01 l_diff: 1.4198e+01 l_align: 4.7228e+01 l_total: 1.3036e+02 
2026-05-22 02:14:22,541 INFO: [scape..][epoch: 11, iter:  27,560, lr:(7.750e-04,)][eta: 7:07:29, time (data): 0.266 (0.039)]l_bij: 3.6327e+01 l_orth: 5.2725e+01 l_diff: 1.8062e+01 l_align: 4.7143e+01 l_total: 1.5426e+02 
2026-05-22 02:14:28,010 INFO: [scape..][epoch: 11, iter:  27,580, lr:(7.750e-04,)][eta: 7:07:10, time (data): 0.269 (0.040)]l_bij: 4.4269e+01 l_orth: 5.9854e+01 l_diff: 1.5791e+01 l_align: 5.1999e+01 l_total: 1.7191e+02 
2026-05-22 02:14:32,538 INFO: [scape..][epoch: 11, iter:  27,600, lr:(7.750e-04,)][eta: 7:06:50, time (data): 0.256 (0.039)]l_bij: 2.9147e+01 l_orth: 5.1540e+01 l_diff: 1.4296e+01 l_align: 5.1334e+01 l_total: 1.4632e+02 
2026-05-22 02:14:37,988 INFO: [scape..][epoch: 11, iter:  27,620, lr:(7.750e-04,)][eta: 7:06:31, time (data): 0.260 (0.039)]l_bij: 2.9401e+01 l_orth: 5.0591e+01 l_diff: 1.4350e+01 l_align: 4.8961e+01 l_total: 1.4330e+02 
2026-05-22 02:14:42,921 INFO: [scape..][epoch: 11, iter:  27,640, lr:(7.750e-04,)][eta: 7:06:11, time (data): 0.257 (0.039)]l_bij: 3.9983e+01 l_orth: 5.7916e+01 l_diff: 1.5629e+01 l_align: 5.3018e+01 l_total: 1.6655e+02 
2026-05-22 02:14:47,081 INFO: [scape..][epoch: 11, iter:  27,660, lr:(7.750e-04,)][eta: 7:05:50, time (data): 0.249 (0.038)]l_bij: 1.9449e+01 l_orth: 4.2804e+01 l_diff: 1.2148e+01 l_align: 4.3907e+01 l_total: 1.1831e+02 
2026-05-22 02:14:52,354 INFO: [scape..][epoch: 11, iter:  27,680, lr:(7.750e-04,)][eta: 7:05:31, time (data): 0.251 (0.038)]l_bij: 3.5293e+01 l_orth: 5.3019e+01 l_diff: 1.3895e+01 l_align: 4.8219e+01 l_total: 1.5043e+02 
2026-05-22 02:14:57,741 INFO: [scape..][epoch: 11, iter:  27,700, lr:(7.750e-04,)][eta: 7:05:12, time (data): 0.253 (0.038)]l_bij: 1.3466e+01 l_orth: 4.3304e+01 l_diff: 1.2328e+01 l_align: 5.0398e+01 l_total: 1.1950e+02 
2026-05-22 02:15:02,424 INFO: [scape..][epoch: 11, iter:  27,720, lr:(7.750e-04,)][eta: 7:04:52, time (data): 0.251 (0.038)]l_bij: 4.2396e+01 l_orth: 5.8488e+01 l_diff: 1.3498e+01 l_align: 5.1427e+01 l_total: 1.6581e+02 
2026-05-22 02:15:06,820 INFO: [scape..][epoch: 11, iter:  27,740, lr:(7.750e-04,)][eta: 7:04:32, time (data): 0.174 (0.034)]l_bij: 3.1884e+01 l_orth: 5.1819e+01 l_diff: 1.5003e+01 l_align: 4.9684e+01 l_total: 1.4839e+02 
2026-05-22 02:15:11,809 INFO: [scape..][epoch: 11, iter:  27,760, lr:(7.750e-04,)][eta: 7:04:12, time (data): 0.242 (0.039)]l_bij: 3.9345e+01 l_orth: 5.5509e+01 l_diff: 1.3056e+01 l_align: 4.8715e+01 l_total: 1.5662e+02 
2026-05-22 02:15:17,815 INFO: [scape..][epoch: 11, iter:  27,780, lr:(7.750e-04,)][eta: 7:03:55, time (data): 0.270 (0.039)]l_bij: 3.7422e+01 l_orth: 5.5665e+01 l_diff: 1.6483e+01 l_align: 5.3069e+01 l_total: 1.6264e+02 
2026-05-22 02:15:23,574 INFO: [scape..][epoch: 11, iter:  27,800, lr:(7.750e-04,)][eta: 7:03:37, time (data): 0.276 (0.038)]l_bij: 3.9850e+01 l_orth: 5.5822e+01 l_diff: 1.1829e+01 l_align: 4.9149e+01 l_total: 1.5665e+02 
2026-05-22 02:15:28,218 INFO: [scape..][epoch: 11, iter:  27,820, lr:(7.750e-04,)][eta: 7:03:17, time (data): 0.265 (0.038)]l_bij: 3.2381e+01 l_orth: 5.0192e+01 l_diff: 1.5346e+01 l_align: 4.9082e+01 l_total: 1.4700e+02 
2026-05-22 02:15:33,543 INFO: [scape..][epoch: 11, iter:  27,840, lr:(7.750e-04,)][eta: 7:02:58, time (data): 0.265 (0.038)]l_bij: 3.0067e+01 l_orth: 4.9919e+01 l_diff: 1.3041e+01 l_align: 4.9967e+01 l_total: 1.4299e+02 
2026-05-22 02:15:38,785 INFO: [scape..][epoch: 11, iter:  27,860, lr:(7.750e-04,)][eta: 7:02:39, time (data): 0.265 (0.038)]l_bij: 3.5837e+01 l_orth: 5.5036e+01 l_diff: 1.1067e+01 l_align: 5.0726e+01 l_total: 1.5267e+02 
2026-05-22 02:15:43,704 INFO: [scape..][epoch: 11, iter:  27,880, lr:(7.750e-04,)][eta: 7:02:20, time (data): 0.262 (0.038)]l_bij: 6.6902e+01 l_orth: 8.3008e+01 l_diff: 1.9602e+01 l_align: 6.7645e+01 l_total: 2.3716e+02 
2026-05-22 02:15:48,910 INFO: [scape..][epoch: 11, iter:  27,900, lr:(7.750e-04,)][eta: 7:02:01, time (data): 0.262 (0.039)]l_bij: 4.6990e+01 l_orth: 6.2202e+01 l_diff: 1.3085e+01 l_align: 5.2694e+01 l_total: 1.7497e+02 
2026-05-22 02:15:53,512 INFO: [scape..][epoch: 11, iter:  27,920, lr:(7.750e-04,)][eta: 7:01:41, time (data): 0.258 (0.039)]l_bij: 2.5066e+01 l_orth: 4.8857e+01 l_diff: 1.2687e+01 l_align: 5.0232e+01 l_total: 1.3684e+02 
2026-05-22 02:15:58,396 INFO: [scape..][epoch: 11, iter:  27,940, lr:(7.750e-04,)][eta: 7:01:21, time (data): 0.199 (0.034)]l_bij: 2.0638e+01 l_orth: 4.5300e+01 l_diff: 1.2238e+01 l_align: 4.7972e+01 l_total: 1.2615e+02 
2026-05-22 02:16:02,512 INFO: [scape..][epoch: 11, iter:  27,960, lr:(7.750e-04,)][eta: 7:01:00, time (data): 0.205 (0.038)]l_bij: 1.1454e+01 l_orth: 3.7602e+01 l_diff: 1.1581e+01 l_align: 4.5675e+01 l_total: 1.0631e+02 
2026-05-22 02:16:07,912 INFO: [scape..][epoch: 11, iter:  27,980, lr:(7.750e-04,)][eta: 7:00:42, time (data): 0.237 (0.038)]l_bij: 4.9480e+01 l_orth: 6.2521e+01 l_diff: 1.4650e+01 l_align: 5.4643e+01 l_total: 1.8129e+02 
2026-05-22 02:16:12,783 INFO: [scape..][epoch: 11, iter:  28,000, lr:(7.750e-04,)][eta: 7:00:23, time (data): 0.239 (0.039)]l_bij: 4.4768e+01 l_orth: 5.9564e+01 l_diff: 1.3209e+01 l_align: 4.8511e+01 l_total: 1.6605e+02 
2026-05-22 02:16:12,784 INFO: Saving models and training states.
2026-05-22 02:16:12,801 INFO: Start validation.
2026-05-22 02:19:45,989 INFO: Avg time: 0.2092
2026-05-22 02:19:46,215 INFO: Val auc: 0.8102
2026-05-22 02:19:46,218 INFO: Val avg error: 0.0190
2026-05-22 02:19:52,571 INFO: [scape..][epoch: 11, iter:  28,020, lr:(7.750e-04,)][eta: 7:06:27, time (data): 0.258 (0.038)]l_bij: 2.8283e+01 l_orth: 5.0302e+01 l_diff: 1.4079e+01 l_align: 4.8425e+01 l_total: 1.4109e+02 
2026-05-22 02:19:59,156 INFO: [scape..][epoch: 11, iter:  28,040, lr:(7.750e-04,)][eta: 7:06:10, time (data): 0.272 (0.038)]l_bij: 2.0306e+01 l_orth: 4.3617e+01 l_diff: 1.2099e+01 l_align: 4.7414e+01 l_total: 1.2344e+02 
2026-05-22 02:20:06,757 INFO: [scape..][epoch: 11, iter:  28,060, lr:(7.750e-04,)][eta: 7:05:55, time (data): 0.290 (0.038)]l_bij: 1.9825e+01 l_orth: 4.1764e+01 l_diff: 1.2526e+01 l_align: 4.6310e+01 l_total: 1.2043e+02 
2026-05-22 02:20:13,086 INFO: [scape..][epoch: 11, iter:  28,080, lr:(7.750e-04,)][eta: 7:05:38, time (data): 0.294 (0.037)]l_bij: 2.3494e+01 l_orth: 4.4525e+01 l_diff: 1.5286e+01 l_align: 4.5613e+01 l_total: 1.2892e+02 
2026-05-22 02:20:19,422 INFO: [scape..][epoch: 11, iter:  28,100, lr:(7.750e-04,)][eta: 7:05:21, time (data): 0.296 (0.037)]l_bij: 1.8425e+01 l_orth: 4.0905e+01 l_diff: 1.3293e+01 l_align: 4.5105e+01 l_total: 1.1773e+02 
2026-05-22 02:20:24,358 INFO: [scape..][epoch: 11, iter:  28,120, lr:(7.750e-04,)][eta: 7:05:01, time (data): 0.291 (0.037)]l_bij: 2.1687e+01 l_orth: 4.2673e+01 l_diff: 9.9021e+00 l_align: 4.3581e+01 l_total: 1.1784e+02 
2026-05-22 02:20:31,296 INFO: [scape..][epoch: 11, iter:  28,140, lr:(7.750e-04,)][eta: 7:04:45, time (data): 0.296 (0.036)]l_bij: 3.6826e+01 l_orth: 5.5766e+01 l_diff: 1.3820e+01 l_align: 5.3793e+01 l_total: 1.6021e+02 
2026-05-22 02:20:36,428 INFO: [scape..][epoch: 11, iter:  28,160, lr:(7.750e-04,)][eta: 7:04:26, time (data): 0.257 (0.039)]l_bij: 2.0299e+01 l_orth: 4.6611e+01 l_diff: 1.6791e+01 l_align: 5.1368e+01 l_total: 1.3507e+02 
2026-05-22 02:20:42,068 INFO: [scape..][epoch: 11, iter:  28,180, lr:(7.750e-04,)][eta: 7:04:08, time (data): 0.269 (0.037)]l_bij: 1.9670e+01 l_orth: 4.2603e+01 l_diff: 1.5846e+01 l_align: 4.6486e+01 l_total: 1.2460e+02 
2026-05-22 02:20:47,894 INFO: [scape..][epoch: 11, iter:  28,200, lr:(7.750e-04,)][eta: 7:03:50, time (data): 0.277 (0.037)]l_bij: 1.8781e+01 l_orth: 4.3900e+01 l_diff: 1.0675e+01 l_align: 4.7623e+01 l_total: 1.2098e+02 
2026-05-22 02:20:54,198 INFO: [scape..][epoch: 11, iter:  28,220, lr:(7.750e-04,)][eta: 7:03:33, time (data): 0.286 (0.037)]l_bij: 3.2161e+01 l_orth: 5.1733e+01 l_diff: 1.3141e+01 l_align: 4.8157e+01 l_total: 1.4519e+02 
2026-05-22 02:20:59,671 INFO: [scape..][epoch: 11, iter:  28,240, lr:(7.750e-04,)][eta: 7:03:14, time (data): 0.284 (0.037)]l_bij: 4.2846e+01 l_orth: 5.9779e+01 l_diff: 1.6915e+01 l_align: 4.9052e+01 l_total: 1.6859e+02 
2026-05-22 02:21:05,007 INFO: [scape..][epoch: 11, iter:  28,260, lr:(7.750e-04,)][eta: 7:02:55, time (data): 0.281 (0.037)]l_bij: 2.8715e+01 l_orth: 4.6773e+01 l_diff: 1.1640e+01 l_align: 4.4761e+01 l_total: 1.3189e+02 
2026-05-22 02:21:11,887 INFO: [scape..][epoch: 11, iter:  28,280, lr:(7.750e-04,)][eta: 7:02:39, time (data): 0.290 (0.038)]l_bij: 5.6045e+01 l_orth: 6.7829e+01 l_diff: 1.8611e+01 l_align: 5.2682e+01 l_total: 1.9517e+02 
2026-05-22 02:21:18,999 INFO: [scape..][epoch: 11, iter:  28,300, lr:(7.750e-04,)][eta: 7:02:24, time (data): 0.298 (0.038)]l_bij: 4.4830e+01 l_orth: 6.1066e+01 l_diff: 1.6121e+01 l_align: 5.2208e+01 l_total: 1.7423e+02 
2026-05-22 02:21:24,844 INFO: [scape..][epoch: 11, iter:  28,320, lr:(7.750e-04,)][eta: 7:02:06, time (data): 0.297 (0.038)]l_bij: 4.5227e+01 l_orth: 5.8906e+01 l_diff: 1.5157e+01 l_align: 5.1840e+01 l_total: 1.7113e+02 
2026-05-22 02:21:32,496 INFO: [scape..][epoch: 11, iter:  28,340, lr:(7.750e-04,)][eta: 7:01:51, time (data): 0.306 (0.038)]l_bij: 3.6055e+01 l_orth: 5.4430e+01 l_diff: 1.5335e+01 l_align: 5.3536e+01 l_total: 1.5935e+02 
2026-05-22 02:21:37,947 INFO: [scape..][epoch: 11, iter:  28,360, lr:(7.750e-04,)][eta: 7:01:33, time (data): 0.278 (0.034)]l_bij: 2.4096e+01 l_orth: 4.3717e+01 l_diff: 1.6816e+01 l_align: 4.5452e+01 l_total: 1.3008e+02 
2026-05-22 02:21:44,838 INFO: [scape..][epoch: 11, iter:  28,380, lr:(7.750e-04,)][eta: 7:01:17, time (data): 0.312 (0.034)]l_bij: 3.4424e+01 l_orth: 5.2040e+01 l_diff: 1.1702e+01 l_align: 4.6991e+01 l_total: 1.4516e+02 
2026-05-22 02:21:50,190 INFO: [scape..][epoch: 11, iter:  28,400, lr:(7.750e-04,)][eta: 7:00:58, time (data): 0.297 (0.034)]l_bij: 5.3943e+01 l_orth: 6.6841e+01 l_diff: 1.8868e+01 l_align: 5.6355e+01 l_total: 1.9601e+02 
2026-05-22 02:21:55,988 INFO: [scape..][epoch: 11, iter:  28,420, lr:(7.750e-04,)][eta: 7:00:40, time (data): 0.295 (0.036)]l_bij: 2.3663e+01 l_orth: 4.4655e+01 l_diff: 1.2379e+01 l_align: 4.6846e+01 l_total: 1.2754e+02 
2026-05-22 02:22:02,844 INFO: [scape..][epoch: 11, iter:  28,440, lr:(7.750e-04,)][eta: 7:00:24, time (data): 0.305 (0.037)]l_bij: 3.5545e+01 l_orth: 5.3104e+01 l_diff: 1.6302e+01 l_align: 4.7981e+01 l_total: 1.5293e+02 
2026-05-22 02:22:09,467 INFO: [scape..][epoch: 11, iter:  28,460, lr:(7.750e-04,)][eta: 7:00:08, time (data): 0.309 (0.037)]l_bij: 1.5480e+01 l_orth: 4.2837e+01 l_diff: 1.3193e+01 l_align: 4.7296e+01 l_total: 1.1881e+02 
2026-05-22 02:22:16,610 INFO: [scape..][epoch: 11, iter:  28,480, lr:(7.750e-04,)][eta: 6:59:52, time (data): 0.316 (0.037)]l_bij: 3.3120e+01 l_orth: 5.4852e+01 l_diff: 1.6224e+01 l_align: 5.3796e+01 l_total: 1.5799e+02 
2026-05-22 02:22:22,102 INFO: [scape..][epoch: 11, iter:  28,500, lr:(7.750e-04,)][eta: 6:59:34, time (data): 0.311 (0.037)]l_bij: 2.8741e+01 l_orth: 5.1973e+01 l_diff: 1.4715e+01 l_align: 5.2091e+01 l_total: 1.4752e+02 
2026-05-22 02:22:28,024 INFO: [scape..][epoch: 11, iter:  28,520, lr:(7.750e-04,)][eta: 6:59:17, time (data): 0.309 (0.037)]l_bij: 2.2711e+01 l_orth: 4.9556e+01 l_diff: 1.4508e+01 l_align: 5.2870e+01 l_total: 1.3965e+02 
2026-05-22 02:22:34,020 INFO: [scape..][epoch: 11, iter:  28,540, lr:(7.750e-04,)][eta: 6:58:59, time (data): 0.308 (0.038)]l_bij: 4.7436e+01 l_orth: 6.3093e+01 l_diff: 1.4698e+01 l_align: 5.3089e+01 l_total: 1.7832e+02 
2026-05-22 02:22:40,741 INFO: [scape..][epoch: 11, iter:  28,560, lr:(7.750e-04,)][eta: 6:58:43, time (data): 0.324 (0.040)]l_bij: 4.1083e+01 l_orth: 5.9303e+01 l_diff: 1.5584e+01 l_align: 5.2577e+01 l_total: 1.6855e+02 
2026-05-22 02:22:47,197 INFO: [scape..][epoch: 11, iter:  28,580, lr:(7.750e-04,)][eta: 6:58:27, time (data): 0.323 (0.038)]l_bij: 2.2993e+01 l_orth: 4.4547e+01 l_diff: 1.2031e+01 l_align: 4.5280e+01 l_total: 1.2485e+02 
2026-05-22 02:22:52,989 INFO: [scape..][epoch: 11, iter:  28,600, lr:(7.750e-04,)][eta: 6:58:09, time (data): 0.312 (0.039)]l_bij: 3.2959e+01 l_orth: 5.0989e+01 l_diff: 1.4818e+01 l_align: 4.8216e+01 l_total: 1.4698e+02 
2026-05-22 02:23:01,693 INFO: [scape..][epoch: 12, iter:  28,620, lr:(7.330e-04,)][eta: 6:57:56, time (data): 0.343 (0.049)]l_bij: 2.0108e+01 l_orth: 4.2415e+01 l_diff: 1.7581e+01 l_align: 4.5935e+01 l_total: 1.2604e+02 
2026-05-22 02:23:07,321 INFO: [scape..][epoch: 12, iter:  28,640, lr:(7.330e-04,)][eta: 6:57:38, time (data): 0.331 (0.046)]l_bij: 2.8612e+01 l_orth: 4.9208e+01 l_diff: 1.5281e+01 l_align: 4.6485e+01 l_total: 1.3959e+02 
2026-05-22 02:23:13,569 INFO: [scape..][epoch: 12, iter:  28,660, lr:(7.330e-04,)][eta: 6:57:21, time (data): 0.327 (0.045)]l_bij: 3.0250e+01 l_orth: 5.0640e+01 l_diff: 1.5695e+01 l_align: 4.5586e+01 l_total: 1.4217e+02 
2026-05-22 02:23:20,396 INFO: [scape..][epoch: 12, iter:  28,680, lr:(7.330e-04,)][eta: 6:57:06, time (data): 0.329 (0.043)]l_bij: 3.6377e+01 l_orth: 5.6758e+01 l_diff: 1.6950e+01 l_align: 5.3504e+01 l_total: 1.6359e+02 
2026-05-22 02:23:25,672 INFO: [scape..][epoch: 12, iter:  28,700, lr:(7.330e-04,)][eta: 6:56:47, time (data): 0.321 (0.042)]l_bij: 2.2116e+01 l_orth: 4.6411e+01 l_diff: 1.6367e+01 l_align: 4.9480e+01 l_total: 1.3437e+02 
2026-05-22 02:23:31,452 INFO: [scape..][epoch: 12, iter:  28,720, lr:(7.330e-04,)][eta: 6:56:29, time (data): 0.318 (0.042)]l_bij: 1.5938e+01 l_orth: 3.9898e+01 l_diff: 1.0509e+01 l_align: 4.5098e+01 l_total: 1.1144e+02 
2026-05-22 02:23:37,751 INFO: [scape..][epoch: 12, iter:  28,740, lr:(7.330e-04,)][eta: 6:56:13, time (data): 0.317 (0.042)]l_bij: 3.5057e+01 l_orth: 5.1100e+01 l_diff: 1.3253e+01 l_align: 4.5951e+01 l_total: 1.4536e+02 
2026-05-22 02:23:43,551 INFO: [scape..][epoch: 12, iter:  28,760, lr:(7.330e-04,)][eta: 6:55:55, time (data): 0.300 (0.036)]l_bij: 3.9513e+01 l_orth: 6.0287e+01 l_diff: 1.3222e+01 l_align: 5.2732e+01 l_total: 1.6575e+02 
2026-05-22 02:23:50,343 INFO: [scape..][epoch: 12, iter:  28,780, lr:(7.330e-04,)][eta: 6:55:39, time (data): 0.321 (0.037)]l_bij: 1.3910e+01 l_orth: 4.5155e+01 l_diff: 1.0878e+01 l_align: 5.0551e+01 l_total: 1.2049e+02 
2026-05-22 02:23:56,349 INFO: [scape..][epoch: 12, iter:  28,800, lr:(7.330e-04,)][eta: 6:55:22, time (data): 0.314 (0.037)]l_bij: 2.5485e+01 l_orth: 4.9977e+01 l_diff: 1.7158e+01 l_align: 5.1786e+01 l_total: 1.4440e+02 
2026-05-22 02:24:01,761 INFO: [scape..][epoch: 12, iter:  28,820, lr:(7.330e-04,)][eta: 6:55:04, time (data): 0.303 (0.038)]l_bij: 4.5662e+01 l_orth: 6.0991e+01 l_diff: 1.2750e+01 l_align: 4.7589e+01 l_total: 1.6699e+02 
2026-05-22 02:24:09,466 INFO: [scape..][epoch: 12, iter:  28,840, lr:(7.330e-04,)][eta: 6:54:50, time (data): 0.320 (0.039)]l_bij: 3.3414e+01 l_orth: 5.1846e+01 l_diff: 1.6005e+01 l_align: 4.9955e+01 l_total: 1.5122e+02 
2026-05-22 02:24:16,672 INFO: [scape..][epoch: 12, iter:  28,860, lr:(7.330e-04,)][eta: 6:54:35, time (data): 0.327 (0.039)]l_bij: 2.8436e+01 l_orth: 4.8068e+01 l_diff: 1.4859e+01 l_align: 4.6969e+01 l_total: 1.3833e+02 
2026-05-22 02:24:23,172 INFO: [scape..][epoch: 12, iter:  28,880, lr:(7.330e-04,)][eta: 6:54:18, time (data): 0.326 (0.039)]l_bij: 2.9253e+01 l_orth: 5.0425e+01 l_diff: 1.5329e+01 l_align: 4.8909e+01 l_total: 1.4392e+02 
2026-05-22 02:24:29,042 INFO: [scape..][epoch: 12, iter:  28,900, lr:(7.330e-04,)][eta: 6:54:01, time (data): 0.322 (0.038)]l_bij: 1.8240e+01 l_orth: 4.2380e+01 l_diff: 1.2696e+01 l_align: 4.5205e+01 l_total: 1.1852e+02 
2026-05-22 02:24:35,642 INFO: [scape..][epoch: 12, iter:  28,920, lr:(7.330e-04,)][eta: 6:53:45, time (data): 0.323 (0.038)]l_bij: 2.8250e+01 l_orth: 5.1202e+01 l_diff: 1.8775e+01 l_align: 4.9233e+01 l_total: 1.4746e+02 
2026-05-22 02:24:43,286 INFO: [scape..][epoch: 12, iter:  28,940, lr:(7.330e-04,)][eta: 6:53:31, time (data): 0.329 (0.038)]l_bij: 3.1008e+01 l_orth: 5.1266e+01 l_diff: 1.6861e+01 l_align: 4.7091e+01 l_total: 1.4623e+02 
2026-05-22 02:24:48,837 INFO: [scape..][epoch: 12, iter:  28,960, lr:(7.330e-04,)][eta: 6:53:13, time (data): 0.295 (0.035)]l_bij: 2.7447e+01 l_orth: 4.8152e+01 l_diff: 1.5346e+01 l_align: 4.6249e+01 l_total: 1.3719e+02 
2026-05-22 02:24:54,414 INFO: [scape..][epoch: 12, iter:  28,980, lr:(7.330e-04,)][eta: 6:52:55, time (data): 0.286 (0.036)]l_bij: 1.9138e+01 l_orth: 4.2312e+01 l_diff: 1.2433e+01 l_align: 4.6351e+01 l_total: 1.2023e+02 
2026-05-22 02:25:01,829 INFO: [scape..][epoch: 12, iter:  29,000, lr:(7.330e-04,)][eta: 6:52:40, time (data): 0.316 (0.035)]l_bij: 4.2977e+01 l_orth: 6.1480e+01 l_diff: 1.5547e+01 l_align: 5.0972e+01 l_total: 1.7098e+02 
2026-05-22 02:25:08,542 INFO: [scape..][epoch: 12, iter:  29,020, lr:(7.330e-04,)][eta: 6:52:25, time (data): 0.321 (0.036)]l_bij: 3.9010e+01 l_orth: 5.7727e+01 l_diff: 1.2461e+01 l_align: 5.1761e+01 l_total: 1.6096e+02 
2026-05-22 02:25:13,449 INFO: [scape..][epoch: 12, iter:  29,040, lr:(7.330e-04,)][eta: 6:52:06, time (data): 0.305 (0.036)]l_bij: 2.3401e+01 l_orth: 4.7531e+01 l_diff: 1.5147e+01 l_align: 4.9745e+01 l_total: 1.3582e+02 
2026-05-22 02:25:21,159 INFO: [scape..][epoch: 12, iter:  29,060, lr:(7.330e-04,)][eta: 6:51:52, time (data): 0.319 (0.037)]l_bij: 1.4261e+01 l_orth: 4.0703e+01 l_diff: 1.3582e+01 l_align: 4.6243e+01 l_total: 1.1479e+02 
2026-05-22 02:25:28,097 INFO: [scape..][epoch: 12, iter:  29,080, lr:(7.330e-04,)][eta: 6:51:36, time (data): 0.323 (0.036)]l_bij: 1.5024e+00 l_orth: 3.3747e+01 l_diff: 1.3405e+01 l_align: 4.7261e+01 l_total: 9.5916e+01 
2026-05-22 02:25:34,163 INFO: [scape..][epoch: 12, iter:  29,100, lr:(7.330e-04,)][eta: 6:51:19, time (data): 0.321 (0.037)]l_bij: 4.4847e+01 l_orth: 5.9783e+01 l_diff: 1.4394e+01 l_align: 4.9730e+01 l_total: 1.6875e+02 
2026-05-22 02:25:41,322 INFO: [scape..][epoch: 12, iter:  29,120, lr:(7.330e-04,)][eta: 6:51:04, time (data): 0.325 (0.037)]l_bij: 3.9446e+01 l_orth: 5.5372e+01 l_diff: 1.1401e+01 l_align: 4.9772e+01 l_total: 1.5599e+02 
2026-05-22 02:25:46,126 INFO: [scape..][epoch: 12, iter:  29,140, lr:(7.330e-04,)][eta: 6:50:45, time (data): 0.316 (0.037)]l_bij: 3.6672e+01 l_orth: 5.6217e+01 l_diff: 1.2786e+01 l_align: 5.2616e+01 l_total: 1.5829e+02 
2026-05-22 02:25:51,835 INFO: [scape..][epoch: 12, iter:  29,160, lr:(7.330e-04,)][eta: 6:50:28, time (data): 0.284 (0.039)]l_bij: 3.4151e+01 l_orth: 5.5380e+01 l_diff: 1.7830e+01 l_align: 4.9846e+01 l_total: 1.5721e+02 
2026-05-22 02:25:58,581 INFO: [scape..][epoch: 12, iter:  29,180, lr:(7.330e-04,)][eta: 6:50:12, time (data): 0.314 (0.037)]l_bij: 3.8111e+01 l_orth: 5.6196e+01 l_diff: 1.3436e+01 l_align: 5.0131e+01 l_total: 1.5787e+02 
2026-05-22 02:26:04,622 INFO: [scape..][epoch: 12, iter:  29,200, lr:(7.330e-04,)][eta: 6:49:56, time (data): 0.310 (0.036)]l_bij: 3.4454e+01 l_orth: 5.3326e+01 l_diff: 1.7120e+01 l_align: 5.0259e+01 l_total: 1.5516e+02 
2026-05-22 02:26:10,127 INFO: [scape..][epoch: 12, iter:  29,220, lr:(7.330e-04,)][eta: 6:49:38, time (data): 0.301 (0.036)]l_bij: 1.9830e+01 l_orth: 4.3953e+01 l_diff: 1.3204e+01 l_align: 4.6569e+01 l_total: 1.2356e+02 
2026-05-22 02:26:17,198 INFO: [scape..][epoch: 12, iter:  29,240, lr:(7.330e-04,)][eta: 6:49:23, time (data): 0.312 (0.037)]l_bij: 3.2395e+01 l_orth: 5.2035e+01 l_diff: 1.6617e+01 l_align: 4.8398e+01 l_total: 1.4944e+02 
2026-05-22 02:26:23,969 INFO: [scape..][epoch: 12, iter:  29,260, lr:(7.330e-04,)][eta: 6:49:07, time (data): 0.316 (0.038)]l_bij: 2.6462e+01 l_orth: 4.8299e+01 l_diff: 1.3724e+01 l_align: 4.8386e+01 l_total: 1.3687e+02 
2026-05-22 02:26:29,884 INFO: [scape..][epoch: 12, iter:  29,280, lr:(7.330e-04,)][eta: 6:48:50, time (data): 0.313 (0.038)]l_bij: 5.0526e+01 l_orth: 6.4779e+01 l_diff: 1.7642e+01 l_align: 5.2630e+01 l_total: 1.8558e+02 
2026-05-22 02:26:36,165 INFO: [scape..][epoch: 12, iter:  29,300, lr:(7.330e-04,)][eta: 6:48:34, time (data): 0.313 (0.038)]l_bij: 2.8776e+01 l_orth: 5.0800e+01 l_diff: 1.4052e+01 l_align: 4.6772e+01 l_total: 1.4040e+02 
2026-05-22 02:26:41,827 INFO: [scape..][epoch: 12, iter:  29,320, lr:(7.330e-04,)][eta: 6:48:16, time (data): 0.310 (0.038)]l_bij: 5.4459e+01 l_orth: 7.2358e+01 l_diff: 1.7028e+01 l_align: 5.9782e+01 l_total: 2.0363e+02 
2026-05-22 02:26:48,289 INFO: [scape..][epoch: 12, iter:  29,340, lr:(7.330e-04,)][eta: 6:48:00, time (data): 0.311 (0.038)]l_bij: 3.2782e+01 l_orth: 5.2467e+01 l_diff: 1.3664e+01 l_align: 4.8624e+01 l_total: 1.4754e+02 
2026-05-22 02:26:54,449 INFO: [scape..][epoch: 12, iter:  29,360, lr:(7.330e-04,)][eta: 6:47:44, time (data): 0.270 (0.040)]l_bij: 3.9598e+01 l_orth: 5.9327e+01 l_diff: 1.4453e+01 l_align: 5.4730e+01 l_total: 1.6811e+02 
2026-05-22 02:27:01,301 INFO: [scape..][epoch: 12, iter:  29,380, lr:(7.330e-04,)][eta: 6:47:29, time (data): 0.313 (0.038)]l_bij: 4.6268e+01 l_orth: 6.1620e+01 l_diff: 1.2911e+01 l_align: 5.1714e+01 l_total: 1.7251e+02 
2026-05-22 02:27:08,084 INFO: [scape..][epoch: 12, iter:  29,400, lr:(7.330e-04,)][eta: 6:47:13, time (data): 0.322 (0.038)]l_bij: 2.5256e+01 l_orth: 4.5245e+01 l_diff: 1.6575e+01 l_align: 4.6679e+01 l_total: 1.3376e+02 
2026-05-22 02:27:14,338 INFO: [scape..][epoch: 12, iter:  29,420, lr:(7.330e-04,)][eta: 6:46:57, time (data): 0.320 (0.037)]l_bij: 2.2837e+01 l_orth: 4.6980e+01 l_diff: 1.1616e+01 l_align: 4.8930e+01 l_total: 1.3036e+02 
2026-05-22 02:27:22,106 INFO: [scape..][epoch: 12, iter:  29,440, lr:(7.330e-04,)][eta: 6:46:43, time (data): 0.334 (0.037)]l_bij: 2.7402e+01 l_orth: 4.9566e+01 l_diff: 1.2885e+01 l_align: 5.1336e+01 l_total: 1.4119e+02 
2026-05-22 02:27:29,177 INFO: [scape..][epoch: 12, iter:  29,460, lr:(7.330e-04,)][eta: 6:46:28, time (data): 0.338 (0.036)]l_bij: 2.2494e+01 l_orth: 4.6117e+01 l_diff: 1.1881e+01 l_align: 4.7753e+01 l_total: 1.2824e+02 
2026-05-22 02:27:35,428 INFO: [scape..][epoch: 12, iter:  29,480, lr:(7.330e-04,)][eta: 6:46:12, time (data): 0.334 (0.036)]l_bij: 2.8635e+01 l_orth: 4.9487e+01 l_diff: 1.3423e+01 l_align: 5.1001e+01 l_total: 1.4255e+02 
2026-05-22 02:27:41,500 INFO: [scape..][epoch: 12, iter:  29,500, lr:(7.330e-04,)][eta: 6:45:55, time (data): 0.330 (0.036)]l_bij: 4.2468e+01 l_orth: 5.8718e+01 l_diff: 1.6520e+01 l_align: 5.2690e+01 l_total: 1.7040e+02 
2026-05-22 02:27:46,853 INFO: [scape..][epoch: 12, iter:  29,520, lr:(7.330e-04,)][eta: 6:45:37, time (data): 0.323 (0.036)]l_bij: 2.4677e+01 l_orth: 4.7060e+01 l_diff: 1.5527e+01 l_align: 4.5317e+01 l_total: 1.3258e+02 
2026-05-22 02:27:53,529 INFO: [scape..][epoch: 12, iter:  29,540, lr:(7.330e-04,)][eta: 6:45:22, time (data): 0.324 (0.036)]l_bij: 3.8239e+01 l_orth: 5.6427e+01 l_diff: 1.6727e+01 l_align: 5.2649e+01 l_total: 1.6404e+02 
2026-05-22 02:28:00,869 INFO: [scape..][epoch: 12, iter:  29,560, lr:(7.330e-04,)][eta: 6:45:07, time (data): 0.338 (0.033)]l_bij: 5.3597e+01 l_orth: 6.6435e+01 l_diff: 1.4981e+01 l_align: 5.5052e+01 l_total: 1.9007e+02 
2026-05-22 02:28:07,028 INFO: [scape..][epoch: 12, iter:  29,580, lr:(7.330e-04,)][eta: 6:44:51, time (data): 0.320 (0.033)]l_bij: 2.4724e+01 l_orth: 4.8749e+01 l_diff: 1.6366e+01 l_align: 5.1037e+01 l_total: 1.4088e+02 
2026-05-22 02:28:12,470 INFO: [scape..][epoch: 12, iter:  29,600, lr:(7.330e-04,)][eta: 6:44:34, time (data): 0.302 (0.033)]l_bij: 2.4388e+01 l_orth: 4.8482e+01 l_diff: 1.2131e+01 l_align: 4.8376e+01 l_total: 1.3338e+02 
2026-05-22 02:28:18,648 INFO: [scape..][epoch: 12, iter:  29,620, lr:(7.330e-04,)][eta: 6:44:17, time (data): 0.304 (0.034)]l_bij: 3.0583e+01 l_orth: 5.2749e+01 l_diff: 1.4859e+01 l_align: 5.0646e+01 l_total: 1.4884e+02 
2026-05-22 02:28:25,855 INFO: [scape..][epoch: 12, iter:  29,640, lr:(7.330e-04,)][eta: 6:44:03, time (data): 0.316 (0.034)]l_bij: 2.8429e+01 l_orth: 4.7573e+01 l_diff: 1.5230e+01 l_align: 4.7184e+01 l_total: 1.3842e+02 
2026-05-22 02:28:31,521 INFO: [scape..][epoch: 12, iter:  29,660, lr:(7.330e-04,)][eta: 6:43:46, time (data): 0.310 (0.034)]l_bij: 1.6070e+00 l_orth: 3.4652e+01 l_diff: 1.1904e+01 l_align: 4.7313e+01 l_total: 9.5476e+01 
2026-05-22 02:28:36,131 INFO: [scape..][epoch: 12, iter:  29,680, lr:(7.330e-04,)][eta: 6:43:27, time (data): 0.298 (0.035)]l_bij: 3.8147e+01 l_orth: 5.5607e+01 l_diff: 1.4044e+01 l_align: 5.3744e+01 l_total: 1.6154e+02 
2026-05-22 02:28:42,202 INFO: [scape..][epoch: 12, iter:  29,700, lr:(7.330e-04,)][eta: 6:43:10, time (data): 0.299 (0.036)]l_bij: 4.0845e+01 l_orth: 5.7337e+01 l_diff: 1.3620e+01 l_align: 4.8357e+01 l_total: 1.6016e+02 
2026-05-22 02:28:49,131 INFO: [scape..][epoch: 12, iter:  29,720, lr:(7.330e-04,)][eta: 6:42:55, time (data): 0.304 (0.036)]l_bij: 1.4049e+01 l_orth: 4.0993e+01 l_diff: 1.4077e+01 l_align: 4.8372e+01 l_total: 1.1749e+02 
2026-05-22 02:28:56,539 INFO: [scape..][epoch: 12, iter:  29,740, lr:(7.330e-04,)][eta: 6:42:41, time (data): 0.311 (0.036)]l_bij: 4.0146e+01 l_orth: 5.6759e+01 l_diff: 1.4524e+01 l_align: 5.1439e+01 l_total: 1.6287e+02 
2026-05-22 02:29:01,143 INFO: [scape..][epoch: 12, iter:  29,760, lr:(7.330e-04,)][eta: 6:42:22, time (data): 0.216 (0.038)]l_bij: 2.6904e+01 l_orth: 4.8586e+01 l_diff: 1.5153e+01 l_align: 5.0190e+01 l_total: 1.4083e+02 
2026-05-22 02:29:07,205 INFO: [scape..][epoch: 12, iter:  29,780, lr:(7.330e-04,)][eta: 6:42:06, time (data): 0.271 (0.035)]l_bij: 3.6663e+01 l_orth: 5.5764e+01 l_diff: 1.5793e+01 l_align: 4.8650e+01 l_total: 1.5687e+02 
2026-05-22 02:29:12,589 INFO: [scape..][epoch: 12, iter:  29,800, lr:(7.330e-04,)][eta: 6:41:48, time (data): 0.270 (0.036)]l_bij: 2.9173e+01 l_orth: 4.9433e+01 l_diff: 1.4242e+01 l_align: 4.7708e+01 l_total: 1.4056e+02 
2026-05-22 02:29:17,570 INFO: [scape..][epoch: 12, iter:  29,820, lr:(7.330e-04,)][eta: 6:41:30, time (data): 0.264 (0.038)]l_bij: 2.9427e+01 l_orth: 4.7298e+01 l_diff: 1.4182e+01 l_align: 4.4999e+01 l_total: 1.3591e+02 
2026-05-22 02:29:23,510 INFO: [scape..][epoch: 12, iter:  29,840, lr:(7.330e-04,)][eta: 6:41:14, time (data): 0.271 (0.039)]l_bij: 3.9867e+01 l_orth: 5.6437e+01 l_diff: 1.6810e+01 l_align: 4.7973e+01 l_total: 1.6109e+02 
2026-05-22 02:29:29,801 INFO: [scape..][epoch: 12, iter:  29,860, lr:(7.330e-04,)][eta: 6:40:58, time (data): 0.279 (0.038)]l_bij: 3.2528e+01 l_orth: 5.1053e+01 l_diff: 1.4867e+01 l_align: 4.6771e+01 l_total: 1.4522e+02 
2026-05-22 02:29:35,262 INFO: [scape..][epoch: 12, iter:  29,880, lr:(7.330e-04,)][eta: 6:40:40, time (data): 0.278 (0.039)]l_bij: 3.0303e+01 l_orth: 5.1259e+01 l_diff: 1.2886e+01 l_align: 4.6889e+01 l_total: 1.4134e+02 
2026-05-22 02:29:41,359 INFO: [scape..][epoch: 12, iter:  29,900, lr:(7.330e-04,)][eta: 6:40:24, time (data): 0.282 (0.040)]l_bij: 2.8545e+01 l_orth: 4.9764e+01 l_diff: 1.4659e+01 l_align: 5.0325e+01 l_total: 1.4329e+02 
2026-05-22 02:29:47,513 INFO: [scape..][epoch: 12, iter:  29,920, lr:(7.330e-04,)][eta: 6:40:08, time (data): 0.285 (0.040)]l_bij: 3.7749e+01 l_orth: 5.4557e+01 l_diff: 1.6511e+01 l_align: 5.2142e+01 l_total: 1.6096e+02 
2026-05-22 02:29:52,658 INFO: [scape..][epoch: 12, iter:  29,940, lr:(7.330e-04,)][eta: 6:39:50, time (data): 0.282 (0.040)]l_bij: 3.8349e+01 l_orth: 5.4670e+01 l_diff: 1.5988e+01 l_align: 4.7293e+01 l_total: 1.5630e+02 
2026-05-22 02:29:59,305 INFO: [scape..][epoch: 12, iter:  29,960, lr:(7.330e-04,)][eta: 6:39:35, time (data): 0.308 (0.042)]l_bij: 4.0008e+01 l_orth: 6.0292e+01 l_diff: 1.6531e+01 l_align: 5.1756e+01 l_total: 1.6859e+02 
2026-05-22 02:30:06,134 INFO: [scape..][epoch: 12, iter:  29,980, lr:(7.330e-04,)][eta: 6:39:20, time (data): 0.329 (0.038)]l_bij: 2.7502e+01 l_orth: 4.9558e+01 l_diff: 1.3982e+01 l_align: 5.0340e+01 l_total: 1.4138e+02 
2026-05-22 02:30:13,127 INFO: [scape..][epoch: 12, iter:  30,000, lr:(7.330e-04,)][eta: 6:39:05, time (data): 0.337 (0.040)]l_bij: 3.3750e+01 l_orth: 5.3847e+01 l_diff: 1.4569e+01 l_align: 5.1102e+01 l_total: 1.5327e+02 
2026-05-22 02:30:19,012 INFO: [scape..][epoch: 12, iter:  30,020, lr:(7.330e-04,)][eta: 6:38:49, time (data): 0.325 (0.040)]l_bij: 5.0242e+01 l_orth: 6.2720e+01 l_diff: 1.5434e+01 l_align: 5.0871e+01 l_total: 1.7927e+02 
2026-05-22 02:30:24,973 INFO: [scape..][epoch: 12, iter:  30,040, lr:(7.330e-04,)][eta: 6:38:32, time (data): 0.319 (0.040)]l_bij: 4.0943e+01 l_orth: 5.7749e+01 l_diff: 1.4878e+01 l_align: 4.9995e+01 l_total: 1.6356e+02 
2026-05-22 02:30:32,021 INFO: [scape..][epoch: 12, iter:  30,060, lr:(7.330e-04,)][eta: 6:38:18, time (data): 0.325 (0.039)]l_bij: 3.5294e+01 l_orth: 5.3899e+01 l_diff: 1.0317e+01 l_align: 4.9938e+01 l_total: 1.4945e+02 
2026-05-22 02:30:38,304 INFO: [scape..][epoch: 12, iter:  30,080, lr:(7.330e-04,)][eta: 6:38:02, time (data): 0.323 (0.039)]l_bij: 3.3413e+01 l_orth: 5.1536e+01 l_diff: 1.3964e+01 l_align: 4.6370e+01 l_total: 1.4528e+02 
2026-05-22 02:30:45,487 INFO: [scape..][epoch: 12, iter:  30,100, lr:(7.330e-04,)][eta: 6:37:48, time (data): 0.328 (0.040)]l_bij: 3.0741e+01 l_orth: 5.2330e+01 l_diff: 1.3931e+01 l_align: 5.1303e+01 l_total: 1.4830e+02 
2026-05-22 02:30:51,879 INFO: [scape..][epoch: 12, iter:  30,120, lr:(7.330e-04,)][eta: 6:37:32, time (data): 0.327 (0.040)]l_bij: 2.3015e+01 l_orth: 4.7506e+01 l_diff: 1.3068e+01 l_align: 5.0972e+01 l_total: 1.3456e+02 
2026-05-22 02:30:58,290 INFO: [scape..][epoch: 12, iter:  30,140, lr:(7.330e-04,)][eta: 6:37:16, time (data): 0.326 (0.039)]l_bij: 3.6733e+01 l_orth: 5.6449e+01 l_diff: 1.3238e+01 l_align: 5.2486e+01 l_total: 1.5891e+02 
2026-05-22 02:31:05,332 INFO: [scape..][epoch: 12, iter:  30,160, lr:(7.330e-04,)][eta: 6:37:02, time (data): 0.342 (0.040)]l_bij: 5.4059e+01 l_orth: 7.1448e+01 l_diff: 1.5939e+01 l_align: 6.2271e+01 l_total: 2.0372e+02 
2026-05-22 02:31:11,471 INFO: [scape..][epoch: 12, iter:  30,180, lr:(7.330e-04,)][eta: 6:36:46, time (data): 0.319 (0.044)]l_bij: 3.6763e+01 l_orth: 5.5006e+01 l_diff: 1.4050e+01 l_align: 4.9290e+01 l_total: 1.5511e+02 
2026-05-22 02:31:18,964 INFO: [scape..][epoch: 12, iter:  30,200, lr:(7.330e-04,)][eta: 6:36:32, time (data): 0.341 (0.042)]l_bij: 3.0079e+01 l_orth: 5.1389e+01 l_diff: 1.3935e+01 l_align: 5.0640e+01 l_total: 1.4604e+02 
2026-05-22 02:31:26,109 INFO: [scape..][epoch: 12, iter:  30,220, lr:(7.330e-04,)][eta: 6:36:18, time (data): 0.346 (0.041)]l_bij: 3.2900e+01 l_orth: 5.0848e+01 l_diff: 1.3987e+01 l_align: 4.6593e+01 l_total: 1.4433e+02 
2026-05-22 02:31:31,754 INFO: [scape..][epoch: 12, iter:  30,240, lr:(7.330e-04,)][eta: 6:36:01, time (data): 0.331 (0.039)]l_bij: 1.6725e+01 l_orth: 4.0976e+01 l_diff: 1.2486e+01 l_align: 4.6404e+01 l_total: 1.1659e+02 
2026-05-22 02:31:37,945 INFO: [scape..][epoch: 12, iter:  30,260, lr:(7.330e-04,)][eta: 6:35:45, time (data): 0.327 (0.039)]l_bij: 1.1937e+01 l_orth: 4.2007e+01 l_diff: 1.4339e+01 l_align: 4.9783e+01 l_total: 1.1807e+02 
2026-05-22 02:31:43,831 INFO: [scape..][epoch: 12, iter:  30,280, lr:(7.330e-04,)][eta: 6:35:29, time (data): 0.322 (0.039)]l_bij: 2.9163e+01 l_orth: 4.9247e+01 l_diff: 1.6281e+01 l_align: 4.6550e+01 l_total: 1.4124e+02 
2026-05-22 02:31:49,497 INFO: [scape..][epoch: 12, iter:  30,300, lr:(7.330e-04,)][eta: 6:35:12, time (data): 0.317 (0.039)]l_bij: 2.9128e+01 l_orth: 5.0446e+01 l_diff: 1.2354e+01 l_align: 4.8762e+01 l_total: 1.4069e+02 
2026-05-22 02:31:56,399 INFO: [scape..][epoch: 12, iter:  30,320, lr:(7.330e-04,)][eta: 6:34:57, time (data): 0.320 (0.039)]l_bij: 3.1405e+01 l_orth: 5.1482e+01 l_diff: 1.2288e+01 l_align: 4.9292e+01 l_total: 1.4447e+02 
2026-05-22 02:32:02,211 INFO: [scape..][epoch: 12, iter:  30,340, lr:(7.330e-04,)][eta: 6:34:41, time (data): 0.317 (0.039)]l_bij: 3.1668e+01 l_orth: 5.1554e+01 l_diff: 1.2068e+01 l_align: 4.5189e+01 l_total: 1.4048e+02 
2026-05-22 02:32:08,979 INFO: [scape..][epoch: 12, iter:  30,360, lr:(7.330e-04,)][eta: 6:34:26, time (data): 0.390 (0.034)]l_bij: 2.1614e+01 l_orth: 4.6614e+01 l_diff: 1.7117e+01 l_align: 4.8570e+01 l_total: 1.3392e+02 
2026-05-22 02:32:16,263 INFO: [scape..][epoch: 12, iter:  30,380, lr:(7.330e-04,)][eta: 6:34:12, time (data): 0.372 (0.038)]l_bij: 2.3586e+01 l_orth: 4.5577e+01 l_diff: 1.2879e+01 l_align: 4.5832e+01 l_total: 1.2787e+02 
2026-05-22 02:32:23,446 INFO: [scape..][epoch: 12, iter:  30,400, lr:(7.330e-04,)][eta: 6:33:58, time (data): 0.367 (0.038)]l_bij: 3.8779e+01 l_orth: 6.9642e+01 l_diff: 2.0062e+01 l_align: 5.9151e+01 l_total: 1.8763e+02 
2026-05-22 02:32:29,894 INFO: [scape..][epoch: 12, iter:  30,420, lr:(7.330e-04,)][eta: 6:33:42, time (data): 0.354 (0.039)]l_bij: 1.7830e+01 l_orth: 4.2549e+01 l_diff: 1.3409e+01 l_align: 4.7105e+01 l_total: 1.2089e+02 
2026-05-22 02:32:35,955 INFO: [scape..][epoch: 12, iter:  30,440, lr:(7.330e-04,)][eta: 6:33:26, time (data): 0.342 (0.039)]l_bij: 4.8535e+01 l_orth: 6.6127e+01 l_diff: 1.7942e+01 l_align: 5.6486e+01 l_total: 1.8909e+02 
2026-05-22 02:32:41,989 INFO: [scape..][epoch: 12, iter:  30,460, lr:(7.330e-04,)][eta: 6:33:10, time (data): 0.335 (0.038)]l_bij: 1.7751e+01 l_orth: 4.1686e+01 l_diff: 1.3120e+01 l_align: 4.6203e+01 l_total: 1.1876e+02 
2026-05-22 02:32:49,081 INFO: [scape..][epoch: 12, iter:  30,480, lr:(7.330e-04,)][eta: 6:32:56, time (data): 0.338 (0.038)]l_bij: 2.3222e+01 l_orth: 4.2955e+01 l_diff: 1.2662e+01 l_align: 4.6337e+01 l_total: 1.2518e+02 
2026-05-22 02:32:55,859 INFO: [scape..][epoch: 12, iter:  30,500, lr:(7.330e-04,)][eta: 6:32:41, time (data): 0.338 (0.037)]l_bij: 2.2632e+01 l_orth: 4.5630e+01 l_diff: 1.6111e+01 l_align: 4.5459e+01 l_total: 1.2983e+02 
2026-05-22 02:33:02,322 INFO: [scape..][epoch: 12, iter:  30,520, lr:(7.330e-04,)][eta: 6:32:26, time (data): 0.336 (0.037)]l_bij: 2.4988e+01 l_orth: 5.1257e+01 l_diff: 1.3924e+01 l_align: 5.3532e+01 l_total: 1.4370e+02 
2026-05-22 02:33:07,914 INFO: [scape..][epoch: 12, iter:  30,540, lr:(7.330e-04,)][eta: 6:32:09, time (data): 0.330 (0.037)]l_bij: 4.4172e+01 l_orth: 5.8958e+01 l_diff: 1.6054e+01 l_align: 5.1603e+01 l_total: 1.7079e+02 
2026-05-22 02:33:15,188 INFO: [scape..][epoch: 12, iter:  30,560, lr:(7.330e-04,)][eta: 6:31:55, time (data): 0.361 (0.040)]l_bij: 3.1139e+01 l_orth: 4.9961e+01 l_diff: 1.5246e+01 l_align: 4.7875e+01 l_total: 1.4422e+02 
2026-05-22 02:33:22,425 INFO: [scape..][epoch: 12, iter:  30,580, lr:(7.330e-04,)][eta: 6:31:41, time (data): 0.362 (0.035)]l_bij: 3.9381e+01 l_orth: 5.8828e+01 l_diff: 1.3495e+01 l_align: 5.3145e+01 l_total: 1.6485e+02 
2026-05-22 02:33:27,838 INFO: [scape..][epoch: 12, iter:  30,600, lr:(7.330e-04,)][eta: 6:31:24, time (data): 0.324 (0.035)]l_bij: 2.5243e+01 l_orth: 4.6554e+01 l_diff: 1.7438e+01 l_align: 4.4748e+01 l_total: 1.3398e+02 
2026-05-22 02:33:35,520 INFO: [scape..][epoch: 12, iter:  30,620, lr:(7.330e-04,)][eta: 6:31:11, time (data): 0.341 (0.036)]l_bij: 2.6927e+01 l_orth: 4.6604e+01 l_diff: 1.4617e+01 l_align: 4.7548e+01 l_total: 1.3570e+02 
2026-05-22 02:33:41,119 INFO: [scape..][epoch: 12, iter:  30,640, lr:(7.330e-04,)][eta: 6:30:54, time (data): 0.327 (0.036)]l_bij: 2.9446e+01 l_orth: 4.9386e+01 l_diff: 1.3081e+01 l_align: 4.7899e+01 l_total: 1.3981e+02 
2026-05-22 02:33:46,590 INFO: [scape..][epoch: 12, iter:  30,660, lr:(7.330e-04,)][eta: 6:30:38, time (data): 0.317 (0.037)]l_bij: 3.8887e+01 l_orth: 5.5932e+01 l_diff: 1.2827e+01 l_align: 4.8004e+01 l_total: 1.5565e+02 
2026-05-22 02:33:53,137 INFO: [scape..][epoch: 12, iter:  30,680, lr:(7.330e-04,)][eta: 6:30:23, time (data): 0.319 (0.037)]l_bij: 2.9812e+01 l_orth: 5.1048e+01 l_diff: 1.2503e+01 l_align: 4.9491e+01 l_total: 1.4285e+02 
2026-05-22 02:34:00,517 INFO: [scape..][epoch: 12, iter:  30,700, lr:(7.330e-04,)][eta: 6:30:09, time (data): 0.326 (0.037)]l_bij: 2.8752e+01 l_orth: 5.1877e+01 l_diff: 1.4687e+01 l_align: 5.1276e+01 l_total: 1.4659e+02 
2026-05-22 02:34:07,501 INFO: [scape..][epoch: 12, iter:  30,720, lr:(7.330e-04,)][eta: 6:29:54, time (data): 0.329 (0.037)]l_bij: 2.3055e+01 l_orth: 4.4098e+01 l_diff: 1.3348e+01 l_align: 4.6766e+01 l_total: 1.2727e+02 
2026-05-22 02:34:13,191 INFO: [scape..][epoch: 12, iter:  30,740, lr:(7.330e-04,)][eta: 6:29:38, time (data): 0.324 (0.037)]l_bij: 2.0066e+01 l_orth: 4.3072e+01 l_diff: 1.3068e+01 l_align: 4.6536e+01 l_total: 1.2274e+02 
2026-05-22 02:34:19,138 INFO: [scape..][epoch: 12, iter:  30,760, lr:(7.330e-04,)][eta: 6:29:22, time (data): 0.356 (0.041)]l_bij: 4.8001e+01 l_orth: 6.2418e+01 l_diff: 1.1940e+01 l_align: 5.3272e+01 l_total: 1.7563e+02 
2026-05-22 02:34:26,389 INFO: [scape..][epoch: 12, iter:  30,780, lr:(7.330e-04,)][eta: 6:29:08, time (data): 0.361 (0.040)]l_bij: 1.3948e+00 l_orth: 3.1275e+01 l_diff: 1.1699e+01 l_align: 4.4430e+01 l_total: 8.8798e+01 
2026-05-22 02:34:32,043 INFO: [scape..][epoch: 12, iter:  30,800, lr:(7.330e-04,)][eta: 6:28:52, time (data): 0.328 (0.039)]l_bij: 2.3562e+01 l_orth: 4.6889e+01 l_diff: 1.5850e+01 l_align: 4.9250e+01 l_total: 1.3555e+02 
2026-05-22 02:34:36,676 INFO: [scape..][epoch: 12, iter:  30,820, lr:(7.330e-04,)][eta: 6:28:34, time (data): 0.299 (0.039)]l_bij: 1.2978e+00 l_orth: 3.0709e+01 l_diff: 1.2673e+01 l_align: 4.5067e+01 l_total: 8.9747e+01 
2026-05-22 02:34:43,695 INFO: [scape..][epoch: 12, iter:  30,840, lr:(7.330e-04,)][eta: 6:28:20, time (data): 0.311 (0.039)]l_bij: 2.8152e+01 l_orth: 4.8207e+01 l_diff: 1.1334e+01 l_align: 4.5483e+01 l_total: 1.3318e+02 
2026-05-22 02:34:49,198 INFO: [scape..][epoch: 12, iter:  30,860, lr:(7.330e-04,)][eta: 6:28:03, time (data): 0.304 (0.039)]l_bij: 4.8679e+01 l_orth: 6.2430e+01 l_diff: 1.5583e+01 l_align: 5.2458e+01 l_total: 1.7915e+02 
2026-05-22 02:34:55,167 INFO: [scape..][epoch: 12, iter:  30,880, lr:(7.330e-04,)][eta: 6:27:47, time (data): 0.303 (0.038)]l_bij: 1.9547e+01 l_orth: 4.3062e+01 l_diff: 1.6551e+01 l_align: 4.5901e+01 l_total: 1.2506e+02 
2026-05-22 02:35:01,719 INFO: [scape..][epoch: 12, iter:  30,900, lr:(7.330e-04,)][eta: 6:27:32, time (data): 0.307 (0.038)]l_bij: 2.3045e+01 l_orth: 4.5163e+01 l_diff: 1.1762e+01 l_align: 4.6722e+01 l_total: 1.2669e+02 
2026-05-22 02:35:07,550 INFO: [scape..][epoch: 12, iter:  30,920, lr:(7.330e-04,)][eta: 6:27:16, time (data): 0.305 (0.039)]l_bij: 4.3744e+01 l_orth: 6.1394e+01 l_diff: 2.0973e+01 l_align: 5.5054e+01 l_total: 1.8116e+02 
2026-05-22 02:35:12,715 INFO: [scape..][epoch: 12, iter:  30,940, lr:(7.330e-04,)][eta: 6:26:59, time (data): 0.300 (0.039)]l_bij: 5.7672e+01 l_orth: 7.2680e+01 l_diff: 1.7066e+01 l_align: 5.9467e+01 l_total: 2.0689e+02 
2026-05-22 02:35:18,289 INFO: [scape..][epoch: 12, iter:  30,960, lr:(7.330e-04,)][eta: 6:26:43, time (data): 0.401 (0.045)]l_bij: 5.2525e+01 l_orth: 6.3557e+01 l_diff: 1.5502e+01 l_align: 5.3459e+01 l_total: 1.8504e+02 
2026-05-22 02:35:24,345 INFO: [scape..][epoch: 12, iter:  30,980, lr:(7.330e-04,)][eta: 6:26:27, time (data): 0.325 (0.042)]l_bij: 1.5421e+01 l_orth: 4.1849e+01 l_diff: 1.3965e+01 l_align: 4.5439e+01 l_total: 1.1667e+02 
2026-05-22 02:35:29,326 INFO: [scape..][epoch: 12, iter:  31,000, lr:(7.330e-04,)][eta: 6:26:10, time (data): 0.292 (0.041)]l_bij: 1.0807e+00 l_orth: 3.1741e+01 l_diff: 1.2823e+01 l_align: 4.4218e+01 l_total: 8.9863e+01 
2026-05-22 02:35:35,534 INFO: [scape..][epoch: 12, iter:  31,020, lr:(7.330e-04,)][eta: 6:25:55, time (data): 0.298 (0.041)]l_bij: 2.3075e+01 l_orth: 4.6194e+01 l_diff: 1.3006e+01 l_align: 4.6369e+01 l_total: 1.2865e+02 
2026-05-22 02:35:42,112 INFO: [scape..][epoch: 12, iter:  31,040, lr:(7.330e-04,)][eta: 6:25:40, time (data): 0.305 (0.041)]l_bij: 2.0475e+01 l_orth: 4.2728e+01 l_diff: 1.4215e+01 l_align: 4.6293e+01 l_total: 1.2371e+02 
2026-05-22 02:35:48,561 INFO: [scape..][epoch: 12, iter:  31,060, lr:(7.330e-04,)][eta: 6:25:25, time (data): 0.308 (0.040)]l_bij: 3.0993e+01 l_orth: 5.2866e+01 l_diff: 1.3435e+01 l_align: 5.2443e+01 l_total: 1.4974e+02 
2026-05-22 02:35:55,335 INFO: [scape..][epoch: 12, iter:  31,080, lr:(7.330e-04,)][eta: 6:25:10, time (data): 0.313 (0.039)]l_bij: 3.2208e+01 l_orth: 5.5038e+01 l_diff: 1.4458e+01 l_align: 5.2162e+01 l_total: 1.5387e+02 
2026-05-22 02:36:00,377 INFO: [scape..][epoch: 12, iter:  31,100, lr:(7.330e-04,)][eta: 6:24:53, time (data): 0.305 (0.038)]l_bij: 1.5190e+01 l_orth: 4.0302e+01 l_diff: 1.3074e+01 l_align: 4.6633e+01 l_total: 1.1520e+02 
2026-05-22 02:36:05,382 INFO: [scape..][epoch: 12, iter:  31,120, lr:(7.330e-04,)][eta: 6:24:36, time (data): 0.298 (0.038)]l_bij: 4.9975e+01 l_orth: 6.4652e+01 l_diff: 2.0167e+01 l_align: 5.6751e+01 l_total: 1.9154e+02 
2026-05-22 02:36:10,907 INFO: [scape..][epoch: 12, iter:  31,140, lr:(7.330e-04,)][eta: 6:24:20, time (data): 0.296 (0.038)]l_bij: 7.5888e+00 l_orth: 3.4199e+01 l_diff: 1.1899e+01 l_align: 4.5063e+01 l_total: 9.8750e+01 
2026-05-22 02:36:16,509 INFO: [scape..][epoch: 12, iter:  31,160, lr:(7.330e-04,)][eta: 6:24:04, time (data): 0.250 (0.043)]l_bij: 2.9326e+01 l_orth: 4.8478e+01 l_diff: 1.6842e+01 l_align: 4.9503e+01 l_total: 1.4415e+02 
2026-05-22 02:36:22,942 INFO: [scape..][epoch: 12, iter:  31,180, lr:(7.330e-04,)][eta: 6:23:49, time (data): 0.307 (0.040)]l_bij: 5.1557e+01 l_orth: 6.9009e+01 l_diff: 2.1100e+01 l_align: 5.9792e+01 l_total: 2.0146e+02 
2026-05-22 02:36:27,993 INFO: [scape..][epoch: 12, iter:  31,200, lr:(7.330e-04,)][eta: 6:23:32, time (data): 0.283 (0.039)]l_bij: 2.9750e+01 l_orth: 5.0063e+01 l_diff: 1.0656e+01 l_align: 5.0723e+01 l_total: 1.4119e+02 
2026-05-22 02:36:34,968 INFO: [scape..][epoch: 13, iter:  31,220, lr:(6.891e-04,)][eta: 6:23:18, time (data): 0.303 (0.051)]l_bij: 2.9984e+01 l_orth: 4.8748e+01 l_diff: 1.4747e+01 l_align: 4.6248e+01 l_total: 1.3973e+02 
2026-05-22 02:36:40,124 INFO: [scape..][epoch: 13, iter:  31,240, lr:(6.891e-04,)][eta: 6:23:01, time (data): 0.292 (0.048)]l_bij: 2.6514e+01 l_orth: 4.6417e+01 l_diff: 1.3924e+01 l_align: 4.5104e+01 l_total: 1.3196e+02 
2026-05-22 02:36:45,708 INFO: [scape..][epoch: 13, iter:  31,260, lr:(6.891e-04,)][eta: 6:22:45, time (data): 0.290 (0.046)]l_bij: 2.7444e+01 l_orth: 5.4143e+01 l_diff: 1.4458e+01 l_align: 5.2282e+01 l_total: 1.4833e+02 
2026-05-22 02:36:52,668 INFO: [scape..][epoch: 13, iter:  31,280, lr:(6.891e-04,)][eta: 6:22:30, time (data): 0.299 (0.045)]l_bij: 3.1780e+01 l_orth: 4.9413e+01 l_diff: 1.2280e+01 l_align: 4.6379e+01 l_total: 1.3985e+02 
2026-05-22 02:36:57,849 INFO: [scape..][epoch: 13, iter:  31,300, lr:(6.891e-04,)][eta: 6:22:14, time (data): 0.294 (0.044)]l_bij: 2.1776e+01 l_orth: 4.6514e+01 l_diff: 1.2138e+01 l_align: 4.8122e+01 l_total: 1.2855e+02 
2026-05-22 02:37:03,433 INFO: [scape..][epoch: 13, iter:  31,320, lr:(6.891e-04,)][eta: 6:21:58, time (data): 0.292 (0.043)]l_bij: 3.2682e+01 l_orth: 5.0055e+01 l_diff: 1.3407e+01 l_align: 4.5864e+01 l_total: 1.4201e+02 
2026-05-22 02:37:09,020 INFO: [scape..][epoch: 13, iter:  31,340, lr:(6.891e-04,)][eta: 6:21:41, time (data): 0.291 (0.042)]l_bij: 2.8151e+01 l_orth: 4.6540e+01 l_diff: 1.3701e+01 l_align: 4.5543e+01 l_total: 1.3394e+02 
2026-05-22 02:37:15,557 INFO: [scape..][epoch: 13, iter:  31,360, lr:(6.891e-04,)][eta: 6:21:27, time (data): 0.176 (0.029)]l_bij: 3.4389e+01 l_orth: 5.0758e+01 l_diff: 1.3777e+01 l_align: 4.5146e+01 l_total: 1.4407e+02 
2026-05-22 02:37:20,986 INFO: [scape..][epoch: 13, iter:  31,380, lr:(6.891e-04,)][eta: 6:21:10, time (data): 0.255 (0.034)]l_bij: 2.7517e+01 l_orth: 4.9476e+01 l_diff: 1.6073e+01 l_align: 5.1888e+01 l_total: 1.4495e+02 
2026-05-22 02:37:26,877 INFO: [scape..][epoch: 13, iter:  31,400, lr:(6.891e-04,)][eta: 6:20:55, time (data): 0.273 (0.037)]l_bij: 2.0431e+01 l_orth: 4.4434e+01 l_diff: 1.2393e+01 l_align: 4.6022e+01 l_total: 1.2328e+02 
2026-05-22 02:37:32,195 INFO: [scape..][epoch: 13, iter:  31,420, lr:(6.891e-04,)][eta: 6:20:38, time (data): 0.271 (0.038)]l_bij: 4.4236e+01 l_orth: 5.8072e+01 l_diff: 1.3205e+01 l_align: 4.9924e+01 l_total: 1.6544e+02 
2026-05-22 02:37:39,061 INFO: [scape..][epoch: 13, iter:  31,440, lr:(6.891e-04,)][eta: 6:20:24, time (data): 0.288 (0.039)]l_bij: 2.1614e+01 l_orth: 4.3385e+01 l_diff: 9.9898e+00 l_align: 4.5719e+01 l_total: 1.2071e+02 
2026-05-22 02:37:44,620 INFO: [scape..][epoch: 13, iter:  31,460, lr:(6.891e-04,)][eta: 6:20:08, time (data): 0.286 (0.040)]l_bij: 2.3921e+01 l_orth: 4.4478e+01 l_diff: 1.2864e+01 l_align: 4.6241e+01 l_total: 1.2750e+02 
2026-05-22 02:37:50,474 INFO: [scape..][epoch: 13, iter:  31,480, lr:(6.891e-04,)][eta: 6:19:53, time (data): 0.287 (0.040)]l_bij: 4.8060e+01 l_orth: 6.5338e+01 l_diff: 1.6361e+01 l_align: 5.4434e+01 l_total: 1.8419e+02 
2026-05-22 02:37:56,243 INFO: [scape..][epoch: 13, iter:  31,500, lr:(6.891e-04,)][eta: 6:19:37, time (data): 0.287 (0.040)]l_bij: 3.5744e+01 l_orth: 5.3149e+01 l_diff: 1.4898e+01 l_align: 4.5562e+01 l_total: 1.4935e+02 
2026-05-22 02:38:01,666 INFO: [scape..][epoch: 13, iter:  31,520, lr:(6.891e-04,)][eta: 6:19:21, time (data): 0.285 (0.040)]l_bij: 3.9923e+01 l_orth: 5.5120e+01 l_diff: 1.6724e+01 l_align: 4.8972e+01 l_total: 1.6074e+02 
2026-05-22 02:38:06,753 INFO: [scape..][epoch: 13, iter:  31,540, lr:(6.891e-04,)][eta: 6:19:04, time (data): 0.282 (0.040)]l_bij: 4.2267e+01 l_orth: 5.8433e+01 l_diff: 1.5709e+01 l_align: 4.9106e+01 l_total: 1.6551e+02 
2026-05-22 02:38:11,809 INFO: [scape..][epoch: 13, iter:  31,560, lr:(6.891e-04,)][eta: 6:18:47, time (data): 0.209 (0.039)]l_bij: 4.8583e+01 l_orth: 6.2921e+01 l_diff: 1.7119e+01 l_align: 5.3761e+01 l_total: 1.8238e+02 
2026-05-22 02:38:16,702 INFO: [scape..][epoch: 13, iter:  31,580, lr:(6.891e-04,)][eta: 6:18:30, time (data): 0.240 (0.041)]l_bij: 3.4913e+01 l_orth: 5.5770e+01 l_diff: 1.7164e+01 l_align: 5.0228e+01 l_total: 1.5808e+02 
2026-05-22 02:38:22,399 INFO: [scape..][epoch: 13, iter:  31,600, lr:(6.891e-04,)][eta: 6:18:14, time (data): 0.261 (0.040)]l_bij: 1.3377e+00 l_orth: 3.3094e+01 l_diff: 1.0832e+01 l_align: 4.4833e+01 l_total: 9.0096e+01 
2026-05-22 02:38:27,201 INFO: [scape..][epoch: 13, iter:  31,620, lr:(6.891e-04,)][eta: 6:17:57, time (data): 0.254 (0.040)]l_bij: 2.8931e+01 l_orth: 4.9079e+01 l_diff: 1.4034e+01 l_align: 4.7761e+01 l_total: 1.3980e+02 
2026-05-22 02:38:31,610 INFO: [scape..][epoch: 13, iter:  31,640, lr:(6.891e-04,)][eta: 6:17:40, time (data): 0.246 (0.039)]l_bij: 2.5240e+01 l_orth: 4.8180e+01 l_diff: 1.4681e+01 l_align: 5.0610e+01 l_total: 1.3871e+02 
2026-05-22 02:38:36,543 INFO: [scape..][epoch: 13, iter:  31,660, lr:(6.891e-04,)][eta: 6:17:23, time (data): 0.246 (0.039)]l_bij: 4.0272e+01 l_orth: 7.7038e+01 l_diff: 1.7381e+01 l_align: 5.5745e+01 l_total: 1.9044e+02 
2026-05-22 02:38:41,874 INFO: [scape..][epoch: 13, iter:  31,680, lr:(6.891e-04,)][eta: 6:17:07, time (data): 0.249 (0.039)]l_bij: 4.9074e+01 l_orth: 6.4637e+01 l_diff: 1.7962e+01 l_align: 5.4652e+01 l_total: 1.8632e+02 
2026-05-22 02:38:46,652 INFO: [scape..][epoch: 13, iter:  31,700, lr:(6.891e-04,)][eta: 6:16:50, time (data): 0.248 (0.038)]l_bij: 4.7792e+01 l_orth: 6.1938e+01 l_diff: 1.3649e+01 l_align: 5.1335e+01 l_total: 1.7471e+02 
2026-05-22 02:38:51,183 INFO: [scape..][epoch: 13, iter:  31,720, lr:(6.891e-04,)][eta: 6:16:32, time (data): 0.245 (0.038)]l_bij: 2.9495e+01 l_orth: 4.7722e+01 l_diff: 1.4249e+01 l_align: 4.6222e+01 l_total: 1.3769e+02 
2026-05-22 02:38:56,251 INFO: [scape..][epoch: 13, iter:  31,740, lr:(6.891e-04,)][eta: 6:16:16, time (data): 0.246 (0.039)]l_bij: 2.4101e+01 l_orth: 4.6203e+01 l_diff: 1.4663e+01 l_align: 4.5998e+01 l_total: 1.3097e+02 
2026-05-22 02:39:01,270 INFO: [scape..][epoch: 13, iter:  31,760, lr:(6.891e-04,)][eta: 6:15:59, time (data): 0.202 (0.032)]l_bij: 3.1988e+01 l_orth: 5.2729e+01 l_diff: 1.7930e+01 l_align: 4.9438e+01 l_total: 1.5208e+02 
2026-05-22 02:39:06,306 INFO: [scape..][epoch: 13, iter:  31,780, lr:(6.891e-04,)][eta: 6:15:42, time (data): 0.247 (0.035)]l_bij: 3.7446e+01 l_orth: 5.3630e+01 l_diff: 1.6276e+01 l_align: 4.6768e+01 l_total: 1.5412e+02 
2026-05-22 02:39:10,619 INFO: [scape..][epoch: 13, iter:  31,800, lr:(6.891e-04,)][eta: 6:15:25, time (data): 0.232 (0.037)]l_bij: 1.8784e+01 l_orth: 4.3167e+01 l_diff: 1.2224e+01 l_align: 4.6462e+01 l_total: 1.2064e+02 
2026-05-22 02:39:15,313 INFO: [scape..][epoch: 13, iter:  31,820, lr:(6.891e-04,)][eta: 6:15:08, time (data): 0.233 (0.039)]l_bij: 3.2902e+01 l_orth: 5.4935e+01 l_diff: 1.4325e+01 l_align: 4.9336e+01 l_total: 1.5150e+02 
2026-05-22 02:39:20,496 INFO: [scape..][epoch: 13, iter:  31,840, lr:(6.891e-04,)][eta: 6:14:51, time (data): 0.239 (0.039)]l_bij: 3.2893e+01 l_orth: 4.9436e+01 l_diff: 1.3094e+01 l_align: 4.4277e+01 l_total: 1.3970e+02 
2026-05-22 02:39:25,125 INFO: [scape..][epoch: 13, iter:  31,860, lr:(6.891e-04,)][eta: 6:14:34, time (data): 0.238 (0.039)]l_bij: 1.9979e+01 l_orth: 4.3279e+01 l_diff: 1.4140e+01 l_align: 4.6319e+01 l_total: 1.2372e+02 
2026-05-22 02:39:30,471 INFO: [scape..][epoch: 13, iter:  31,880, lr:(6.891e-04,)][eta: 6:14:18, time (data): 0.243 (0.039)]l_bij: 3.8411e+01 l_orth: 5.6023e+01 l_diff: 1.3294e+01 l_align: 5.3152e+01 l_total: 1.6088e+02 
2026-05-22 02:39:35,894 INFO: [scape..][epoch: 13, iter:  31,900, lr:(6.891e-04,)][eta: 6:14:02, time (data): 0.247 (0.039)]l_bij: 4.8031e+01 l_orth: 6.0742e+01 l_diff: 1.1596e+01 l_align: 5.0927e+01 l_total: 1.7130e+02 
2026-05-22 02:39:40,781 INFO: [scape..][epoch: 13, iter:  31,920, lr:(6.891e-04,)][eta: 6:13:45, time (data): 0.246 (0.039)]l_bij: 2.6034e+01 l_orth: 4.4639e+01 l_diff: 1.3046e+01 l_align: 4.6688e+01 l_total: 1.3041e+02 
2026-05-22 02:39:46,077 INFO: [scape..][epoch: 13, iter:  31,940, lr:(6.891e-04,)][eta: 6:13:29, time (data): 0.248 (0.039)]l_bij: 5.0642e+01 l_orth: 6.6636e+01 l_diff: 1.4577e+01 l_align: 5.1009e+01 l_total: 1.8286e+02 
2026-05-22 02:39:51,128 INFO: [scape..][epoch: 13, iter:  31,960, lr:(6.891e-04,)][eta: 6:13:13, time (data): 0.186 (0.039)]l_bij: 3.6454e+01 l_orth: 5.1933e+01 l_diff: 1.4335e+01 l_align: 4.8721e+01 l_total: 1.5144e+02 
2026-05-22 02:39:55,911 INFO: [scape..][epoch: 13, iter:  31,980, lr:(6.891e-04,)][eta: 6:12:56, time (data): 0.237 (0.039)]l_bij: 3.9605e+01 l_orth: 5.6122e+01 l_diff: 1.4569e+01 l_align: 4.9892e+01 l_total: 1.6019e+02 
2026-05-22 02:40:01,651 INFO: [scape..][epoch: 13, iter:  32,000, lr:(6.891e-04,)][eta: 6:12:40, time (data): 0.261 (0.039)]l_bij: 7.7095e+00 l_orth: 3.6956e+01 l_diff: 1.1426e+01 l_align: 4.5203e+01 l_total: 1.0129e+02 
2026-05-22 02:40:01,651 INFO: Saving models and training states.
2026-05-22 02:40:01,673 INFO: Start validation.
2026-05-22 02:43:25,797 INFO: Avg time: 0.1746
2026-05-22 02:43:25,976 INFO: Val auc: 0.8118
2026-05-22 02:43:25,984 INFO: Val avg error: 0.0188
2026-05-22 02:43:25,989 INFO: Best model is updated, average geodesic error: 0.0188
2026-05-22 02:43:31,688 INFO: [scape..][epoch: 13, iter:  32,020, lr:(6.891e-04,)][eta: 6:17:18, time (data): 0.268 (0.039)]l_bij: 1.7043e+01 l_orth: 4.0148e+01 l_diff: 1.2903e+01 l_align: 4.5292e+01 l_total: 1.1539e+02 
2026-05-22 02:43:37,476 INFO: [scape..][epoch: 13, iter:  32,040, lr:(6.891e-04,)][eta: 6:17:03, time (data): 0.273 (0.039)]l_bij: 3.3590e+01 l_orth: 5.0980e+01 l_diff: 1.3698e+01 l_align: 4.7636e+01 l_total: 1.4590e+02 
2026-05-22 02:43:43,313 INFO: [scape..][epoch: 13, iter:  32,060, lr:(6.891e-04,)][eta: 6:16:47, time (data): 0.277 (0.039)]l_bij: 3.2882e+01 l_orth: 5.3490e+01 l_diff: 1.3263e+01 l_align: 5.0652e+01 l_total: 1.5029e+02 
2026-05-22 02:43:50,236 INFO: [scape..][epoch: 13, iter:  32,080, lr:(6.891e-04,)][eta: 6:16:33, time (data): 0.288 (0.039)]l_bij: 4.4988e+01 l_orth: 5.9714e+01 l_diff: 1.4029e+01 l_align: 5.0654e+01 l_total: 1.6938e+02 
2026-05-22 02:43:55,729 INFO: [scape..][epoch: 13, iter:  32,100, lr:(6.891e-04,)][eta: 6:16:17, time (data): 0.286 (0.038)]l_bij: 4.2329e+01 l_orth: 6.2143e+01 l_diff: 1.4640e+01 l_align: 5.2491e+01 l_total: 1.7160e+02 
2026-05-22 02:44:01,378 INFO: [scape..][epoch: 13, iter:  32,120, lr:(6.891e-04,)][eta: 6:16:01, time (data): 0.286 (0.038)]l_bij: 3.1497e+01 l_orth: 4.9126e+01 l_diff: 1.5800e+01 l_align: 4.5195e+01 l_total: 1.4162e+02 
2026-05-22 02:44:06,412 INFO: [scape..][epoch: 13, iter:  32,140, lr:(6.891e-04,)][eta: 6:15:45, time (data): 0.282 (0.039)]l_bij: 2.4682e+01 l_orth: 4.4237e+01 l_diff: 1.1437e+01 l_align: 4.7007e+01 l_total: 1.2736e+02 
2026-05-22 02:44:12,289 INFO: [scape..][epoch: 13, iter:  32,160, lr:(6.891e-04,)][eta: 6:15:29, time (data): 0.283 (0.039)]l_bij: 3.5678e+01 l_orth: 5.3377e+01 l_diff: 1.6817e+01 l_align: 4.9438e+01 l_total: 1.5531e+02 
2026-05-22 02:44:17,531 INFO: [scape..][epoch: 13, iter:  32,180, lr:(6.891e-04,)][eta: 6:15:13, time (data): 0.262 (0.039)]l_bij: 4.8858e+01 l_orth: 6.3749e+01 l_diff: 1.7542e+01 l_align: 5.6012e+01 l_total: 1.8616e+02 
2026-05-22 02:44:23,293 INFO: [scape..][epoch: 13, iter:  32,200, lr:(6.891e-04,)][eta: 6:14:57, time (data): 0.275 (0.039)]l_bij: 4.5327e+01 l_orth: 5.9243e+01 l_diff: 1.2282e+01 l_align: 5.0038e+01 l_total: 1.6689e+02 
2026-05-22 02:44:28,732 INFO: [scape..][epoch: 13, iter:  32,220, lr:(6.891e-04,)][eta: 6:14:41, time (data): 0.274 (0.038)]l_bij: 5.6633e+01 l_orth: 6.9266e+01 l_diff: 2.1577e+01 l_align: 5.6919e+01 l_total: 2.0440e+02 
2026-05-22 02:44:34,611 INFO: [scape..][epoch: 13, iter:  32,240, lr:(6.891e-04,)][eta: 6:14:26, time (data): 0.279 (0.038)]l_bij: 5.3971e+01 l_orth: 7.1955e+01 l_diff: 2.1872e+01 l_align: 5.8361e+01 l_total: 2.0616e+02 
2026-05-22 02:44:40,437 INFO: [scape..][epoch: 13, iter:  32,260, lr:(6.891e-04,)][eta: 6:14:10, time (data): 0.281 (0.038)]l_bij: 3.9985e+01 l_orth: 5.8173e+01 l_diff: 1.6911e+01 l_align: 5.0401e+01 l_total: 1.6547e+02 
2026-05-22 02:44:46,154 INFO: [scape..][epoch: 13, iter:  32,280, lr:(6.891e-04,)][eta: 6:13:55, time (data): 0.282 (0.037)]l_bij: 2.7954e+01 l_orth: 4.8661e+01 l_diff: 1.3101e+01 l_align: 4.8090e+01 l_total: 1.3781e+02 
2026-05-22 02:44:52,388 INFO: [scape..][epoch: 13, iter:  32,300, lr:(6.891e-04,)][eta: 6:13:40, time (data): 0.286 (0.037)]l_bij: 2.8532e+01 l_orth: 4.7059e+01 l_diff: 1.3074e+01 l_align: 4.5749e+01 l_total: 1.3441e+02 
2026-05-22 02:44:58,901 INFO: [scape..][epoch: 13, iter:  32,320, lr:(6.891e-04,)][eta: 6:13:25, time (data): 0.291 (0.037)]l_bij: 3.4355e+01 l_orth: 5.1813e+01 l_diff: 1.5435e+01 l_align: 4.7382e+01 l_total: 1.4898e+02 
2026-05-22 02:45:06,320 INFO: [scape..][epoch: 13, iter:  32,340, lr:(6.891e-04,)][eta: 6:13:12, time (data): 0.300 (0.037)]l_bij: 2.2868e+01 l_orth: 4.6242e+01 l_diff: 1.5722e+01 l_align: 4.6686e+01 l_total: 1.3152e+02 
2026-05-22 02:45:12,399 INFO: [scape..][epoch: 13, iter:  32,360, lr:(6.891e-04,)][eta: 6:12:57, time (data): 0.300 (0.037)]l_bij: 4.4753e+01 l_orth: 6.2009e+01 l_diff: 1.4883e+01 l_align: 5.0878e+01 l_total: 1.7252e+02 
2026-05-22 02:45:18,911 INFO: [scape..][epoch: 13, iter:  32,380, lr:(6.891e-04,)][eta: 6:12:43, time (data): 0.315 (0.034)]l_bij: 4.4182e+01 l_orth: 5.8526e+01 l_diff: 1.5950e+01 l_align: 5.1437e+01 l_total: 1.7009e+02 
2026-05-22 02:45:24,675 INFO: [scape..][epoch: 13, iter:  32,400, lr:(6.891e-04,)][eta: 6:12:27, time (data): 0.301 (0.036)]l_bij: 2.8823e+01 l_orth: 4.8534e+01 l_diff: 1.2832e+01 l_align: 4.6096e+01 l_total: 1.3628e+02 
2026-05-22 02:45:30,959 INFO: [scape..][epoch: 13, iter:  32,420, lr:(6.891e-04,)][eta: 6:12:13, time (data): 0.306 (0.036)]l_bij: 3.6215e+01 l_orth: 5.6324e+01 l_diff: 1.2829e+01 l_align: 5.0927e+01 l_total: 1.5630e+02 
2026-05-22 02:45:37,770 INFO: [scape..][epoch: 13, iter:  32,440, lr:(6.891e-04,)][eta: 6:11:59, time (data): 0.315 (0.036)]l_bij: 3.0324e+01 l_orth: 5.1293e+01 l_diff: 1.4759e+01 l_align: 4.8823e+01 l_total: 1.4520e+02 
2026-05-22 02:45:44,923 INFO: [scape..][epoch: 13, iter:  32,460, lr:(6.891e-04,)][eta: 6:11:45, time (data): 0.323 (0.035)]l_bij: 3.4057e+01 l_orth: 5.2592e+01 l_diff: 1.3959e+01 l_align: 4.9231e+01 l_total: 1.4984e+02 
2026-05-22 02:45:50,068 INFO: [scape..][epoch: 13, iter:  32,480, lr:(6.891e-04,)][eta: 6:11:29, time (data): 0.312 (0.036)]l_bij: 3.6892e+01 l_orth: 5.4827e+01 l_diff: 1.5640e+01 l_align: 4.9812e+01 l_total: 1.5717e+02 
2026-05-22 02:45:56,765 INFO: [scape..][epoch: 13, iter:  32,500, lr:(6.891e-04,)][eta: 6:11:15, time (data): 0.315 (0.036)]l_bij: 4.1790e+01 l_orth: 5.9358e+01 l_diff: 1.2609e+01 l_align: 4.8868e+01 l_total: 1.6262e+02 
2026-05-22 02:46:03,734 INFO: [scape..][epoch: 13, iter:  32,520, lr:(6.891e-04,)][eta: 6:11:01, time (data): 0.320 (0.037)]l_bij: 1.2341e+00 l_orth: 2.7522e+01 l_diff: 1.2686e+01 l_align: 4.3648e+01 l_total: 8.5089e+01 
2026-05-22 02:46:10,047 INFO: [scape..][epoch: 13, iter:  32,540, lr:(6.891e-04,)][eta: 6:10:46, time (data): 0.319 (0.037)]l_bij: 2.8227e+01 l_orth: 4.9115e+01 l_diff: 1.6339e+01 l_align: 4.9645e+01 l_total: 1.4333e+02 
2026-05-22 02:46:16,427 INFO: [scape..][epoch: 13, iter:  32,560, lr:(6.891e-04,)][eta: 6:10:32, time (data): 0.319 (0.037)]l_bij: 9.7118e-01 l_orth: 2.8217e+01 l_diff: 1.1239e+01 l_align: 4.3225e+01 l_total: 8.3652e+01 
2026-05-22 02:46:23,516 INFO: [scape..][epoch: 13, iter:  32,580, lr:(6.891e-04,)][eta: 6:10:18, time (data): 0.332 (0.036)]l_bij: 3.7473e+01 l_orth: 5.5685e+01 l_diff: 1.5720e+01 l_align: 4.9699e+01 l_total: 1.5858e+02 
2026-05-22 02:46:29,136 INFO: [scape..][epoch: 13, iter:  32,600, lr:(6.891e-04,)][eta: 6:10:03, time (data): 0.305 (0.036)]l_bij: 4.0993e+01 l_orth: 5.9735e+01 l_diff: 1.4740e+01 l_align: 5.4444e+01 l_total: 1.6991e+02 
2026-05-22 02:46:35,214 INFO: [scape..][epoch: 13, iter:  32,620, lr:(6.891e-04,)][eta: 6:09:48, time (data): 0.305 (0.036)]l_bij: 2.1108e+01 l_orth: 4.2698e+01 l_diff: 1.2929e+01 l_align: 4.5380e+01 l_total: 1.2212e+02 
2026-05-22 02:46:41,780 INFO: [scape..][epoch: 13, iter:  32,640, lr:(6.891e-04,)][eta: 6:09:34, time (data): 0.311 (0.036)]l_bij: 2.9760e+01 l_orth: 4.9041e+01 l_diff: 1.6646e+01 l_align: 4.8012e+01 l_total: 1.4346e+02 
2026-05-22 02:46:47,744 INFO: [scape..][epoch: 13, iter:  32,660, lr:(6.891e-04,)][eta: 6:09:18, time (data): 0.308 (0.037)]l_bij: 2.2398e+01 l_orth: 4.6256e+01 l_diff: 1.2329e+01 l_align: 4.8225e+01 l_total: 1.2921e+02 
2026-05-22 02:46:54,026 INFO: [scape..][epoch: 13, iter:  32,680, lr:(6.891e-04,)][eta: 6:09:04, time (data): 0.309 (0.037)]l_bij: 2.9330e+01 l_orth: 4.9779e+01 l_diff: 1.2145e+01 l_align: 4.8007e+01 l_total: 1.3926e+02 
2026-05-22 02:47:01,342 INFO: [scape..][epoch: 13, iter:  32,700, lr:(6.891e-04,)][eta: 6:08:51, time (data): 0.317 (0.037)]l_bij: 2.9311e+01 l_orth: 5.0877e+01 l_diff: 2.0218e+01 l_align: 5.1775e+01 l_total: 1.5218e+02 
2026-05-22 02:47:07,348 INFO: [scape..][epoch: 13, iter:  32,720, lr:(6.891e-04,)][eta: 6:08:36, time (data): 0.315 (0.036)]l_bij: 3.5335e+01 l_orth: 5.2112e+01 l_diff: 1.1099e+01 l_align: 4.6995e+01 l_total: 1.4554e+02 
2026-05-22 02:47:13,953 INFO: [scape..][epoch: 13, iter:  32,740, lr:(6.891e-04,)][eta: 6:08:22, time (data): 0.317 (0.036)]l_bij: 3.1845e+01 l_orth: 5.1032e+01 l_diff: 1.2261e+01 l_align: 4.9203e+01 l_total: 1.4434e+02 
2026-05-22 02:47:20,700 INFO: [scape..][epoch: 13, iter:  32,760, lr:(6.891e-04,)][eta: 6:08:08, time (data): 0.319 (0.036)]l_bij: 1.9402e+01 l_orth: 4.7748e+01 l_diff: 1.3402e+01 l_align: 4.7941e+01 l_total: 1.2849e+02 
2026-05-22 02:47:28,218 INFO: [scape..][epoch: 13, iter:  32,780, lr:(6.891e-04,)][eta: 6:07:55, time (data): 0.361 (0.033)]l_bij: 2.4257e+01 l_orth: 4.7007e+01 l_diff: 1.3545e+01 l_align: 4.6475e+01 l_total: 1.3128e+02 
2026-05-22 02:47:35,739 INFO: [scape..][epoch: 13, iter:  32,800, lr:(6.891e-04,)][eta: 6:07:42, time (data): 0.369 (0.033)]l_bij: 3.6340e+01 l_orth: 5.7091e+01 l_diff: 1.4990e+01 l_align: 5.0406e+01 l_total: 1.5883e+02 
2026-05-22 02:47:42,101 INFO: [scape..][epoch: 13, iter:  32,820, lr:(6.891e-04,)][eta: 6:07:28, time (data): 0.351 (0.033)]l_bij: 3.7329e+01 l_orth: 5.6774e+01 l_diff: 1.4592e+01 l_align: 4.8716e+01 l_total: 1.5741e+02 
2026-05-22 02:47:46,795 INFO: [scape..][epoch: 13, iter:  32,840, lr:(6.891e-04,)][eta: 6:07:11, time (data): 0.321 (0.033)]l_bij: 3.4534e+01 l_orth: 5.5863e+01 l_diff: 1.4696e+01 l_align: 5.3690e+01 l_total: 1.5878e+02 
2026-05-22 02:47:51,921 INFO: [scape..][epoch: 13, iter:  32,860, lr:(6.891e-04,)][eta: 6:06:55, time (data): 0.308 (0.033)]l_bij: 2.5581e+01 l_orth: 4.6628e+01 l_diff: 1.4189e+01 l_align: 4.4811e+01 l_total: 1.3121e+02 
2026-05-22 02:47:58,295 INFO: [scape..][epoch: 13, iter:  32,880, lr:(6.891e-04,)][eta: 6:06:40, time (data): 0.309 (0.034)]l_bij: 4.2535e+01 l_orth: 5.8898e+01 l_diff: 1.6508e+01 l_align: 5.2034e+01 l_total: 1.6998e+02 
2026-05-22 02:48:03,256 INFO: [scape..][epoch: 13, iter:  32,900, lr:(6.891e-04,)][eta: 6:06:24, time (data): 0.300 (0.034)]l_bij: 2.5390e+01 l_orth: 4.7543e+01 l_diff: 1.4597e+01 l_align: 4.7552e+01 l_total: 1.3508e+02 
2026-05-22 02:48:09,601 INFO: [scape..][epoch: 13, iter:  32,920, lr:(6.891e-04,)][eta: 6:06:10, time (data): 0.303 (0.035)]l_bij: 3.2979e+01 l_orth: 5.0741e+01 l_diff: 1.2573e+01 l_align: 4.6876e+01 l_total: 1.4317e+02 
2026-05-22 02:48:16,699 INFO: [scape..][epoch: 13, iter:  32,940, lr:(6.891e-04,)][eta: 6:05:56, time (data): 0.308 (0.035)]l_bij: 3.1858e+01 l_orth: 4.9877e+01 l_diff: 1.2913e+01 l_align: 4.8279e+01 l_total: 1.4293e+02 
2026-05-22 02:48:22,639 INFO: [scape..][epoch: 13, iter:  32,960, lr:(6.891e-04,)][eta: 6:05:41, time (data): 0.307 (0.035)]l_bij: 2.3766e+01 l_orth: 4.6637e+01 l_diff: 1.4296e+01 l_align: 4.8183e+01 l_total: 1.3288e+02 
2026-05-22 02:48:30,682 INFO: [scape..][epoch: 13, iter:  32,980, lr:(6.891e-04,)][eta: 6:05:29, time (data): 0.384 (0.035)]l_bij: 2.8235e+01 l_orth: 4.8927e+01 l_diff: 1.7093e+01 l_align: 4.9269e+01 l_total: 1.4352e+02 
2026-05-22 02:48:37,442 INFO: [scape..][epoch: 13, iter:  33,000, lr:(6.891e-04,)][eta: 6:05:16, time (data): 0.358 (0.034)]l_bij: 2.2651e+01 l_orth: 4.3329e+01 l_diff: 1.5001e+01 l_align: 4.5197e+01 l_total: 1.2618e+02 
2026-05-22 02:48:43,639 INFO: [scape..][epoch: 13, iter:  33,020, lr:(6.891e-04,)][eta: 6:05:01, time (data): 0.341 (0.034)]l_bij: 1.7738e+01 l_orth: 4.2244e+01 l_diff: 1.3104e+01 l_align: 4.6069e+01 l_total: 1.1916e+02 
2026-05-22 02:48:50,007 INFO: [scape..][epoch: 13, iter:  33,040, lr:(6.891e-04,)][eta: 6:04:47, time (data): 0.335 (0.033)]l_bij: 1.3902e+01 l_orth: 4.0109e+01 l_diff: 1.4470e+01 l_align: 4.6437e+01 l_total: 1.1492e+02 
2026-05-22 02:48:55,383 INFO: [scape..][epoch: 13, iter:  33,060, lr:(6.891e-04,)][eta: 6:04:31, time (data): 0.321 (0.035)]l_bij: 3.0354e+01 l_orth: 5.1711e+01 l_diff: 1.1613e+01 l_align: 4.9647e+01 l_total: 1.4332e+02 
2026-05-22 02:49:00,909 INFO: [scape..][epoch: 13, iter:  33,080, lr:(6.891e-04,)][eta: 6:04:16, time (data): 0.313 (0.035)]l_bij: 3.3736e+01 l_orth: 5.0705e+01 l_diff: 1.2136e+01 l_align: 4.4406e+01 l_total: 1.4098e+02 
2026-05-22 02:49:06,261 INFO: [scape..][epoch: 13, iter:  33,100, lr:(6.891e-04,)][eta: 6:04:00, time (data): 0.307 (0.035)]l_bij: 5.8567e+01 l_orth: 7.4228e+01 l_diff: 1.8726e+01 l_align: 6.1942e+01 l_total: 2.1346e+02 
2026-05-22 02:49:11,601 INFO: [scape..][epoch: 13, iter:  33,120, lr:(6.891e-04,)][eta: 6:03:44, time (data): 0.302 (0.036)]l_bij: 3.0645e+01 l_orth: 4.9142e+01 l_diff: 1.5162e+01 l_align: 4.4150e+01 l_total: 1.3910e+02 
2026-05-22 02:49:19,415 INFO: [scape..][epoch: 13, iter:  33,140, lr:(6.891e-04,)][eta: 6:03:32, time (data): 0.312 (0.037)]l_bij: 1.3824e+01 l_orth: 3.9515e+01 l_diff: 1.1776e+01 l_align: 4.5438e+01 l_total: 1.1055e+02 
2026-05-22 02:49:24,406 INFO: [scape..][epoch: 13, iter:  33,160, lr:(6.891e-04,)][eta: 6:03:16, time (data): 0.305 (0.037)]l_bij: 3.7497e+01 l_orth: 5.4042e+01 l_diff: 1.7352e+01 l_align: 4.9623e+01 l_total: 1.5851e+02 
2026-05-22 02:49:32,004 INFO: [scape..][epoch: 13, iter:  33,180, lr:(6.891e-04,)][eta: 6:03:03, time (data): 0.358 (0.042)]l_bij: 3.0133e+01 l_orth: 4.7723e+01 l_diff: 1.4773e+01 l_align: 4.4092e+01 l_total: 1.3672e+02 
2026-05-22 02:49:39,759 INFO: [scape..][epoch: 13, iter:  33,200, lr:(6.891e-04,)][eta: 6:02:51, time (data): 0.375 (0.040)]l_bij: 2.7823e+01 l_orth: 5.0643e+01 l_diff: 1.6309e+01 l_align: 4.8071e+01 l_total: 1.4285e+02 
2026-05-22 02:49:46,032 INFO: [scape..][epoch: 13, iter:  33,220, lr:(6.891e-04,)][eta: 6:02:37, time (data): 0.353 (0.040)]l_bij: 2.6865e+01 l_orth: 4.6504e+01 l_diff: 1.3796e+01 l_align: 4.5360e+01 l_total: 1.3253e+02 
2026-05-22 02:49:51,492 INFO: [scape..][epoch: 13, iter:  33,240, lr:(6.891e-04,)][eta: 6:02:21, time (data): 0.331 (0.039)]l_bij: 2.8550e+01 l_orth: 4.7702e+01 l_diff: 1.4713e+01 l_align: 4.5214e+01 l_total: 1.3618e+02 
2026-05-22 02:49:58,171 INFO: [scape..][epoch: 13, iter:  33,260, lr:(6.891e-04,)][eta: 6:02:07, time (data): 0.332 (0.040)]l_bij: 4.2158e+01 l_orth: 5.8664e+01 l_diff: 1.3680e+01 l_align: 4.8635e+01 l_total: 1.6314e+02 
2026-05-22 02:50:04,225 INFO: [scape..][epoch: 13, iter:  33,280, lr:(6.891e-04,)][eta: 6:01:53, time (data): 0.327 (0.040)]l_bij: 2.0605e+01 l_orth: 4.3977e+01 l_diff: 1.4576e+01 l_align: 4.8938e+01 l_total: 1.2810e+02 
2026-05-22 02:50:10,319 INFO: [scape..][epoch: 13, iter:  33,300, lr:(6.891e-04,)][eta: 6:01:38, time (data): 0.324 (0.040)]l_bij: 1.4310e+00 l_orth: 3.0387e+01 l_diff: 1.2478e+01 l_align: 4.3950e+01 l_total: 8.8247e+01 
2026-05-22 02:50:15,938 INFO: [scape..][epoch: 13, iter:  33,320, lr:(6.891e-04,)][eta: 6:01:23, time (data): 0.318 (0.039)]l_bij: 3.8682e+01 l_orth: 5.6258e+01 l_diff: 1.4200e+01 l_align: 4.9801e+01 l_total: 1.5894e+02 
2026-05-22 02:50:21,873 INFO: [scape..][epoch: 13, iter:  33,340, lr:(6.891e-04,)][eta: 6:01:08, time (data): 0.316 (0.039)]l_bij: 4.5353e+01 l_orth: 6.2265e+01 l_diff: 1.7992e+01 l_align: 5.3576e+01 l_total: 1.7919e+02 
2026-05-22 02:50:28,549 INFO: [scape..][epoch: 13, iter:  33,360, lr:(6.891e-04,)][eta: 6:00:54, time (data): 0.317 (0.039)]l_bij: 2.6412e+01 l_orth: 5.0164e+01 l_diff: 1.7676e+01 l_align: 4.8780e+01 l_total: 1.4303e+02 
2026-05-22 02:50:34,530 INFO: [scape..][epoch: 13, iter:  33,380, lr:(6.891e-04,)][eta: 6:00:40, time (data): 0.311 (0.041)]l_bij: 2.1074e+01 l_orth: 4.5424e+01 l_diff: 1.2067e+01 l_align: 4.6518e+01 l_total: 1.2508e+02 
2026-05-22 02:50:40,294 INFO: [scape..][epoch: 13, iter:  33,400, lr:(6.891e-04,)][eta: 6:00:25, time (data): 0.297 (0.039)]l_bij: 2.9726e+01 l_orth: 5.0905e+01 l_diff: 1.1070e+01 l_align: 5.0590e+01 l_total: 1.4229e+02 
2026-05-22 02:50:46,709 INFO: [scape..][epoch: 13, iter:  33,420, lr:(6.891e-04,)][eta: 6:00:11, time (data): 0.306 (0.038)]l_bij: 3.9190e+01 l_orth: 5.7295e+01 l_diff: 1.5110e+01 l_align: 5.4667e+01 l_total: 1.6626e+02 
2026-05-22 02:50:53,792 INFO: [scape..][epoch: 13, iter:  33,440, lr:(6.891e-04,)][eta: 5:59:58, time (data): 0.319 (0.037)]l_bij: 5.6689e+01 l_orth: 6.9660e+01 l_diff: 1.3806e+01 l_align: 5.6572e+01 l_total: 1.9673e+02 
2026-05-22 02:51:00,624 INFO: [scape..][epoch: 13, iter:  33,460, lr:(6.891e-04,)][eta: 5:59:44, time (data): 0.324 (0.037)]l_bij: 2.5204e+01 l_orth: 4.5858e+01 l_diff: 1.4499e+01 l_align: 4.5939e+01 l_total: 1.3150e+02 
2026-05-22 02:51:06,086 INFO: [scape..][epoch: 13, iter:  33,480, lr:(6.891e-04,)][eta: 5:59:29, time (data): 0.315 (0.038)]l_bij: 1.7788e+00 l_orth: 3.3187e+01 l_diff: 1.1758e+01 l_align: 4.5627e+01 l_total: 9.2351e+01 
2026-05-22 02:51:12,453 INFO: [scape..][epoch: 13, iter:  33,500, lr:(6.891e-04,)][eta: 5:59:15, time (data): 0.315 (0.038)]l_bij: 3.2679e+01 l_orth: 4.9966e+01 l_diff: 1.5217e+01 l_align: 4.6876e+01 l_total: 1.4474e+02 
2026-05-22 02:51:18,683 INFO: [scape..][epoch: 13, iter:  33,520, lr:(6.891e-04,)][eta: 5:59:00, time (data): 0.315 (0.038)]l_bij: 4.3877e+01 l_orth: 5.8159e+01 l_diff: 1.5363e+01 l_align: 4.9080e+01 l_total: 1.6648e+02 
2026-05-22 02:51:24,019 INFO: [scape..][epoch: 13, iter:  33,540, lr:(6.891e-04,)][eta: 5:58:45, time (data): 0.309 (0.039)]l_bij: 4.0239e+01 l_orth: 5.6685e+01 l_diff: 1.2076e+01 l_align: 4.7008e+01 l_total: 1.5601e+02 
2026-05-22 02:51:30,532 INFO: [scape..][epoch: 13, iter:  33,560, lr:(6.891e-04,)][eta: 5:58:31, time (data): 0.311 (0.039)]l_bij: 2.7730e+01 l_orth: 5.0371e+01 l_diff: 1.5376e+01 l_align: 5.0655e+01 l_total: 1.4413e+02 
2026-05-22 02:51:38,086 INFO: [scape..][epoch: 13, iter:  33,580, lr:(6.891e-04,)][eta: 5:58:19, time (data): 0.366 (0.040)]l_bij: 4.0821e+01 l_orth: 5.5536e+01 l_diff: 1.3987e+01 l_align: 5.1063e+01 l_total: 1.6141e+02 
2026-05-22 02:51:44,706 INFO: [scape..][epoch: 13, iter:  33,600, lr:(6.891e-04,)][eta: 5:58:05, time (data): 0.345 (0.040)]l_bij: 1.7802e+01 l_orth: 4.2035e+01 l_diff: 1.4521e+01 l_align: 4.5498e+01 l_total: 1.1986e+02 
2026-05-22 02:51:51,968 INFO: [scape..][epoch: 13, iter:  33,620, lr:(6.891e-04,)][eta: 5:57:52, time (data): 0.352 (0.039)]l_bij: 3.5599e+01 l_orth: 5.4148e+01 l_diff: 1.4881e+01 l_align: 4.8730e+01 l_total: 1.5336e+02 
2026-05-22 02:51:58,484 INFO: [scape..][epoch: 13, iter:  33,640, lr:(6.891e-04,)][eta: 5:57:38, time (data): 0.344 (0.039)]l_bij: 2.4432e+01 l_orth: 4.7182e+01 l_diff: 1.0865e+01 l_align: 4.4334e+01 l_total: 1.2681e+02 
2026-05-22 02:52:05,516 INFO: [scape..][epoch: 13, iter:  33,660, lr:(6.891e-04,)][eta: 5:57:25, time (data): 0.346 (0.040)]l_bij: 4.2480e+01 l_orth: 5.9611e+01 l_diff: 1.6554e+01 l_align: 5.2930e+01 l_total: 1.7158e+02 
2026-05-22 02:52:11,783 INFO: [scape..][epoch: 13, iter:  33,680, lr:(6.891e-04,)][eta: 5:57:11, time (data): 0.340 (0.040)]l_bij: 1.4548e+01 l_orth: 4.0224e+01 l_diff: 1.1648e+01 l_align: 4.3912e+01 l_total: 1.1033e+02 
2026-05-22 02:52:18,957 INFO: [scape..][epoch: 13, iter:  33,700, lr:(6.891e-04,)][eta: 5:56:58, time (data): 0.343 (0.039)]l_bij: 4.6364e+01 l_orth: 6.2003e+01 l_diff: 1.6172e+01 l_align: 5.2814e+01 l_total: 1.7735e+02 
2026-05-22 02:52:25,096 INFO: [scape..][epoch: 13, iter:  33,720, lr:(6.891e-04,)][eta: 5:56:44, time (data): 0.338 (0.039)]l_bij: 2.4458e+01 l_orth: 4.7881e+01 l_diff: 1.4517e+01 l_align: 4.5801e+01 l_total: 1.3266e+02 
2026-05-22 02:52:30,826 INFO: [scape..][epoch: 13, iter:  33,740, lr:(6.891e-04,)][eta: 5:56:29, time (data): 0.332 (0.039)]l_bij: 2.8475e+01 l_orth: 5.4298e+01 l_diff: 1.3044e+01 l_align: 5.1416e+01 l_total: 1.4723e+02 
2026-05-22 02:52:37,937 INFO: [scape..][epoch: 13, iter:  33,760, lr:(6.891e-04,)][eta: 5:56:16, time (data): 0.335 (0.039)]l_bij: 2.2425e+01 l_orth: 4.5502e+01 l_diff: 1.3761e+01 l_align: 4.6724e+01 l_total: 1.2841e+02 
2026-05-22 02:52:43,740 INFO: [scape..][epoch: 13, iter:  33,780, lr:(6.891e-04,)][eta: 5:56:01, time (data): 0.273 (0.039)]l_bij: 2.3612e+01 l_orth: 4.4476e+01 l_diff: 1.2720e+01 l_align: 4.3842e+01 l_total: 1.2465e+02 
2026-05-22 02:52:49,994 INFO: [scape..][epoch: 13, iter:  33,800, lr:(6.891e-04,)][eta: 5:55:47, time (data): 0.298 (0.039)]l_bij: 4.4104e+01 l_orth: 6.0954e+01 l_diff: 1.7223e+01 l_align: 5.3741e+01 l_total: 1.7602e+02 
2026-05-22 02:52:57,909 INFO: [scape..][epoch: 14, iter:  33,820, lr:(6.436e-04,)][eta: 5:55:35, time (data): 0.335 (0.056)]l_bij: 3.3396e+01 l_orth: 5.2399e+01 l_diff: 1.5854e+01 l_align: 5.2489e+01 l_total: 1.5414e+02 
2026-05-22 02:53:05,275 INFO: [scape..][epoch: 14, iter:  33,840, lr:(6.436e-04,)][eta: 5:55:23, time (data): 0.344 (0.051)]l_bij: 1.7042e+01 l_orth: 3.9780e+01 l_diff: 1.6092e+01 l_align: 4.4605e+01 l_total: 1.1752e+02 
2026-05-22 02:53:10,345 INFO: [scape..][epoch: 14, iter:  33,860, lr:(6.436e-04,)][eta: 5:55:07, time (data): 0.325 (0.047)]l_bij: 3.3474e+01 l_orth: 5.3342e+01 l_diff: 1.4745e+01 l_align: 4.9319e+01 l_total: 1.5088e+02 
2026-05-22 02:53:16,572 INFO: [scape..][epoch: 14, iter:  33,880, lr:(6.436e-04,)][eta: 5:54:53, time (data): 0.322 (0.046)]l_bij: 3.1443e+01 l_orth: 4.9653e+01 l_diff: 1.3142e+01 l_align: 4.6909e+01 l_total: 1.4115e+02 
2026-05-22 02:53:23,063 INFO: [scape..][epoch: 14, iter:  33,900, lr:(6.436e-04,)][eta: 5:54:39, time (data): 0.323 (0.044)]l_bij: 2.8858e+01 l_orth: 4.8479e+01 l_diff: 1.1931e+01 l_align: 4.7471e+01 l_total: 1.3674e+02 
2026-05-22 02:53:28,964 INFO: [scape..][epoch: 14, iter:  33,920, lr:(6.436e-04,)][eta: 5:54:25, time (data): 0.319 (0.043)]l_bij: 2.1991e+01 l_orth: 4.2709e+01 l_diff: 1.5601e+01 l_align: 4.5014e+01 l_total: 1.2531e+02 
2026-05-22 02:53:36,050 INFO: [scape..][epoch: 14, iter:  33,940, lr:(6.436e-04,)][eta: 5:54:12, time (data): 0.323 (0.042)]l_bij: 2.7539e+01 l_orth: 5.0278e+01 l_diff: 1.2961e+01 l_align: 4.9519e+01 l_total: 1.4030e+02 
2026-05-22 02:53:42,191 INFO: [scape..][epoch: 14, iter:  33,960, lr:(6.436e-04,)][eta: 5:53:57, time (data): 0.321 (0.042)]l_bij: 3.0645e+01 l_orth: 5.2139e+01 l_diff: 1.4983e+01 l_align: 4.9394e+01 l_total: 1.4716e+02 
2026-05-22 02:53:49,874 INFO: [scape..][epoch: 14, iter:  33,980, lr:(6.436e-04,)][eta: 5:53:45, time (data): 0.420 (0.039)]l_bij: 2.3491e+01 l_orth: 4.5008e+01 l_diff: 1.2486e+01 l_align: 4.6355e+01 l_total: 1.2734e+02 
2026-05-22 02:53:55,262 INFO: [scape..][epoch: 14, iter:  34,000, lr:(6.436e-04,)][eta: 5:53:30, time (data): 0.323 (0.040)]l_bij: 4.0400e+01 l_orth: 5.6079e+01 l_diff: 1.2430e+01 l_align: 5.4143e+01 l_total: 1.6305e+02 
2026-05-22 02:54:01,931 INFO: [scape..][epoch: 14, iter:  34,020, lr:(6.436e-04,)][eta: 5:53:17, time (data): 0.327 (0.039)]l_bij: 2.3291e+01 l_orth: 4.4988e+01 l_diff: 1.5269e+01 l_align: 4.6431e+01 l_total: 1.2998e+02 
2026-05-22 02:54:07,924 INFO: [scape..][epoch: 14, iter:  34,040, lr:(6.436e-04,)][eta: 5:53:02, time (data): 0.319 (0.040)]l_bij: 4.4100e+01 l_orth: 5.9975e+01 l_diff: 1.5523e+01 l_align: 5.0859e+01 l_total: 1.7046e+02 
2026-05-22 02:54:15,182 INFO: [scape..][epoch: 14, iter:  34,060, lr:(6.436e-04,)][eta: 5:52:50, time (data): 0.329 (0.039)]l_bij: 1.8090e+01 l_orth: 3.9411e+01 l_diff: 1.4773e+01 l_align: 4.3772e+01 l_total: 1.1605e+02 
2026-05-22 02:54:22,130 INFO: [scape..][epoch: 14, iter:  34,080, lr:(6.436e-04,)][eta: 5:52:37, time (data): 0.332 (0.038)]l_bij: 2.9736e+01 l_orth: 4.9233e+01 l_diff: 1.4082e+01 l_align: 4.8567e+01 l_total: 1.4162e+02 
2026-05-22 02:54:29,983 INFO: [scape..][epoch: 14, iter:  34,100, lr:(6.436e-04,)][eta: 5:52:25, time (data): 0.341 (0.038)]l_bij: 3.0411e+01 l_orth: 5.0070e+01 l_diff: 1.2708e+01 l_align: 4.9460e+01 l_total: 1.4265e+02 
2026-05-22 02:54:36,376 INFO: [scape..][epoch: 14, iter:  34,120, lr:(6.436e-04,)][eta: 5:52:11, time (data): 0.338 (0.037)]l_bij: 4.4712e+01 l_orth: 5.9882e+01 l_diff: 1.5236e+01 l_align: 5.0906e+01 l_total: 1.7074e+02 
2026-05-22 02:54:41,641 INFO: [scape..][epoch: 14, iter:  34,140, lr:(6.436e-04,)][eta: 5:51:56, time (data): 0.330 (0.037)]l_bij: 3.2973e+01 l_orth: 5.2213e+01 l_diff: 1.3100e+01 l_align: 4.9474e+01 l_total: 1.4776e+02 
2026-05-22 02:54:48,082 INFO: [scape..][epoch: 14, iter:  34,160, lr:(6.436e-04,)][eta: 5:51:42, time (data): 0.329 (0.037)]l_bij: 2.9865e+01 l_orth: 5.0931e+01 l_diff: 1.5209e+01 l_align: 4.9592e+01 l_total: 1.4560e+02 
2026-05-22 02:54:53,707 INFO: [scape..][epoch: 14, iter:  34,180, lr:(6.436e-04,)][eta: 5:51:27, time (data): 0.336 (0.035)]l_bij: 2.0045e+01 l_orth: 4.4917e+01 l_diff: 1.2520e+01 l_align: 4.5945e+01 l_total: 1.2343e+02 
2026-05-22 02:54:59,788 INFO: [scape..][epoch: 14, iter:  34,200, lr:(6.436e-04,)][eta: 5:51:13, time (data): 0.315 (0.038)]l_bij: 4.6214e+01 l_orth: 6.0538e+01 l_diff: 1.5902e+01 l_align: 5.2460e+01 l_total: 1.7511e+02 
2026-05-22 02:55:05,706 INFO: [scape..][epoch: 14, iter:  34,220, lr:(6.436e-04,)][eta: 5:50:59, time (data): 0.307 (0.038)]l_bij: 3.0089e+01 l_orth: 4.9499e+01 l_diff: 1.3425e+01 l_align: 4.7307e+01 l_total: 1.4032e+02 
2026-05-22 02:55:12,629 INFO: [scape..][epoch: 14, iter:  34,240, lr:(6.436e-04,)][eta: 5:50:46, time (data): 0.318 (0.038)]l_bij: 3.2636e+01 l_orth: 5.3041e+01 l_diff: 1.5555e+01 l_align: 4.6476e+01 l_total: 1.4771e+02 
2026-05-22 02:55:20,355 INFO: [scape..][epoch: 14, iter:  34,260, lr:(6.436e-04,)][eta: 5:50:34, time (data): 0.333 (0.037)]l_bij: 3.5817e+01 l_orth: 5.1948e+01 l_diff: 1.3564e+01 l_align: 4.6952e+01 l_total: 1.4828e+02 
2026-05-22 02:55:25,786 INFO: [scape..][epoch: 14, iter:  34,280, lr:(6.436e-04,)][eta: 5:50:19, time (data): 0.322 (0.037)]l_bij: 3.4907e+01 l_orth: 5.1221e+01 l_diff: 1.3520e+01 l_align: 4.4733e+01 l_total: 1.4438e+02 
2026-05-22 02:55:31,802 INFO: [scape..][epoch: 14, iter:  34,300, lr:(6.436e-04,)][eta: 5:50:04, time (data): 0.319 (0.037)]l_bij: 2.3799e+01 l_orth: 4.5777e+01 l_diff: 1.4589e+01 l_align: 4.6201e+01 l_total: 1.3037e+02 
2026-05-22 02:55:38,264 INFO: [scape..][epoch: 14, iter:  34,320, lr:(6.436e-04,)][eta: 5:49:51, time (data): 0.319 (0.037)]l_bij: 3.5873e+01 l_orth: 5.2411e+01 l_diff: 1.2411e+01 l_align: 4.5800e+01 l_total: 1.4649e+02 
2026-05-22 02:55:45,154 INFO: [scape..][epoch: 14, iter:  34,340, lr:(6.436e-04,)][eta: 5:49:38, time (data): 0.322 (0.036)]l_bij: 3.8849e+01 l_orth: 5.4221e+01 l_diff: 1.7134e+01 l_align: 4.7034e+01 l_total: 1.5724e+02 
2026-05-22 02:55:50,919 INFO: [scape..][epoch: 14, iter:  34,360, lr:(6.436e-04,)][eta: 5:49:23, time (data): 0.319 (0.036)]l_bij: 5.5610e+01 l_orth: 7.2227e+01 l_diff: 1.8038e+01 l_align: 6.0482e+01 l_total: 2.0636e+02 
2026-05-22 02:55:56,519 INFO: [scape..][epoch: 14, iter:  34,380, lr:(6.436e-04,)][eta: 5:49:09, time (data): 0.315 (0.032)]l_bij: 1.8029e+01 l_orth: 4.1719e+01 l_diff: 1.1000e+01 l_align: 4.5239e+01 l_total: 1.1599e+02 
2026-05-22 02:56:02,006 INFO: [scape..][epoch: 14, iter:  34,400, lr:(6.436e-04,)][eta: 5:48:54, time (data): 0.287 (0.036)]l_bij: 2.7593e+01 l_orth: 4.8671e+01 l_diff: 1.3404e+01 l_align: 4.9146e+01 l_total: 1.3881e+02 
2026-05-22 02:56:07,991 INFO: [scape..][epoch: 14, iter:  34,420, lr:(6.436e-04,)][eta: 5:48:40, time (data): 0.292 (0.038)]l_bij: 1.9259e+00 l_orth: 3.5894e+01 l_diff: 1.4466e+01 l_align: 5.0438e+01 l_total: 1.0272e+02 
2026-05-22 02:56:14,131 INFO: [scape..][epoch: 14, iter:  34,440, lr:(6.436e-04,)][eta: 5:48:26, time (data): 0.296 (0.038)]l_bij: 3.9469e+01 l_orth: 5.6624e+01 l_diff: 1.6197e+01 l_align: 4.8117e+01 l_total: 1.6041e+02 
2026-05-22 02:56:19,746 INFO: [scape..][epoch: 14, iter:  34,460, lr:(6.436e-04,)][eta: 5:48:11, time (data): 0.293 (0.038)]l_bij: 1.8654e+01 l_orth: 4.4477e+01 l_diff: 1.4813e+01 l_align: 4.7687e+01 l_total: 1.2563e+02 
2026-05-22 02:56:26,208 INFO: [scape..][epoch: 14, iter:  34,480, lr:(6.436e-04,)][eta: 5:47:57, time (data): 0.298 (0.038)]l_bij: 3.5024e+01 l_orth: 5.2889e+01 l_diff: 1.8101e+01 l_align: 4.8624e+01 l_total: 1.5464e+02 
2026-05-22 02:56:31,838 INFO: [scape..][epoch: 14, iter:  34,500, lr:(6.436e-04,)][eta: 5:47:43, time (data): 0.296 (0.038)]l_bij: 2.8496e+01 l_orth: 5.0972e+01 l_diff: 1.5041e+01 l_align: 5.0483e+01 l_total: 1.4499e+02 
2026-05-22 02:56:38,311 INFO: [scape..][epoch: 14, iter:  34,520, lr:(6.436e-04,)][eta: 5:47:29, time (data): 0.299 (0.039)]l_bij: 2.6485e+01 l_orth: 4.7893e+01 l_diff: 1.4567e+01 l_align: 4.7197e+01 l_total: 1.3614e+02 
2026-05-22 02:56:43,774 INFO: [scape..][epoch: 14, iter:  34,540, lr:(6.436e-04,)][eta: 5:47:15, time (data): 0.296 (0.039)]l_bij: 3.1548e+01 l_orth: 5.3205e+01 l_diff: 1.5160e+01 l_align: 4.8168e+01 l_total: 1.4808e+02 
2026-05-22 02:56:50,536 INFO: [scape..][epoch: 14, iter:  34,560, lr:(6.436e-04,)][eta: 5:47:01, time (data): 0.301 (0.038)]l_bij: 3.7055e+01 l_orth: 5.4446e+01 l_diff: 1.4308e+01 l_align: 4.6884e+01 l_total: 1.5269e+02 
2026-05-22 02:56:56,098 INFO: [scape..][epoch: 14, iter:  34,580, lr:(6.436e-04,)][eta: 5:46:47, time (data): 0.207 (0.038)]l_bij: 3.1074e+01 l_orth: 4.8034e+01 l_diff: 1.7814e+01 l_align: 4.5161e+01 l_total: 1.4208e+02 
2026-05-22 02:57:02,663 INFO: [scape..][epoch: 14, iter:  34,600, lr:(6.436e-04,)][eta: 5:46:33, time (data): 0.294 (0.040)]l_bij: 2.1957e+01 l_orth: 4.5109e+01 l_diff: 1.3359e+01 l_align: 4.7949e+01 l_total: 1.2837e+02 
2026-05-22 02:57:08,368 INFO: [scape..][epoch: 14, iter:  34,620, lr:(6.436e-04,)][eta: 5:46:19, time (data): 0.290 (0.040)]l_bij: 2.7047e+01 l_orth: 4.7749e+01 l_diff: 1.2768e+01 l_align: 4.7121e+01 l_total: 1.3468e+02 
2026-05-22 02:57:14,289 INFO: [scape..][epoch: 14, iter:  34,640, lr:(6.436e-04,)][eta: 5:46:05, time (data): 0.292 (0.040)]l_bij: 3.8321e+01 l_orth: 5.7920e+01 l_diff: 1.6220e+01 l_align: 5.1197e+01 l_total: 1.6366e+02 
2026-05-22 02:57:22,055 INFO: [scape..][epoch: 14, iter:  34,660, lr:(6.436e-04,)][eta: 5:45:53, time (data): 0.314 (0.039)]l_bij: 3.3716e+01 l_orth: 5.5434e+01 l_diff: 1.6317e+01 l_align: 5.1528e+01 l_total: 1.5699e+02 
2026-05-22 02:57:28,638 INFO: [scape..][epoch: 14, iter:  34,680, lr:(6.436e-04,)][eta: 5:45:40, time (data): 0.317 (0.039)]l_bij: 1.5822e+01 l_orth: 4.0750e+01 l_diff: 1.1952e+01 l_align: 4.6488e+01 l_total: 1.1501e+02 
2026-05-22 02:57:34,055 INFO: [scape..][epoch: 14, iter:  34,700, lr:(6.436e-04,)][eta: 5:45:25, time (data): 0.309 (0.038)]l_bij: 2.1075e+01 l_orth: 4.3685e+01 l_diff: 1.3263e+01 l_align: 4.5048e+01 l_total: 1.2307e+02 
2026-05-22 02:57:40,805 INFO: [scape..][epoch: 14, iter:  34,720, lr:(6.436e-04,)][eta: 5:45:12, time (data): 0.313 (0.038)]l_bij: 3.8745e+01 l_orth: 5.7361e+01 l_diff: 1.7133e+01 l_align: 5.2001e+01 l_total: 1.6524e+02 
2026-05-22 02:57:47,715 INFO: [scape..][epoch: 14, iter:  34,740, lr:(6.436e-04,)][eta: 5:44:59, time (data): 0.317 (0.038)]l_bij: 1.0536e+01 l_orth: 3.7548e+01 l_diff: 1.3210e+01 l_align: 4.4333e+01 l_total: 1.0563e+02 
2026-05-22 02:57:53,058 INFO: [scape..][epoch: 14, iter:  34,760, lr:(6.436e-04,)][eta: 5:44:44, time (data): 0.312 (0.038)]l_bij: 3.3325e+01 l_orth: 5.0535e+01 l_diff: 1.4549e+01 l_align: 4.7852e+01 l_total: 1.4626e+02 
2026-05-22 02:57:59,590 INFO: [scape..][epoch: 14, iter:  34,780, lr:(6.436e-04,)][eta: 5:44:31, time (data): 0.461 (0.039)]l_bij: 3.5140e+01 l_orth: 5.4972e+01 l_diff: 1.6101e+01 l_align: 4.8792e+01 l_total: 1.5501e+02 
2026-05-22 02:58:06,981 INFO: [scape..][epoch: 14, iter:  34,800, lr:(6.436e-04,)][eta: 5:44:19, time (data): 0.393 (0.037)]l_bij: 2.7957e+01 l_orth: 5.0058e+01 l_diff: 1.5856e+01 l_align: 5.1332e+01 l_total: 1.4520e+02 
2026-05-22 02:58:13,625 INFO: [scape..][epoch: 14, iter:  34,820, lr:(6.436e-04,)][eta: 5:44:05, time (data): 0.367 (0.036)]l_bij: 3.4381e+01 l_orth: 5.4048e+01 l_diff: 1.4252e+01 l_align: 5.1948e+01 l_total: 1.5463e+02 
2026-05-22 02:58:19,883 INFO: [scape..][epoch: 14, iter:  34,840, lr:(6.436e-04,)][eta: 5:43:52, time (data): 0.351 (0.035)]l_bij: 2.1389e+01 l_orth: 4.4157e+01 l_diff: 1.3894e+01 l_align: 4.6134e+01 l_total: 1.2557e+02 
2026-05-22 02:58:25,415 INFO: [scape..][epoch: 14, iter:  34,860, lr:(6.436e-04,)][eta: 5:43:37, time (data): 0.334 (0.035)]l_bij: 2.0250e+01 l_orth: 4.4260e+01 l_diff: 1.3639e+01 l_align: 4.5966e+01 l_total: 1.2411e+02 
2026-05-22 02:58:31,894 INFO: [scape..][epoch: 14, iter:  34,880, lr:(6.436e-04,)][eta: 5:43:24, time (data): 0.332 (0.035)]l_bij: 2.1213e+01 l_orth: 4.6940e+01 l_diff: 1.3584e+01 l_align: 4.5745e+01 l_total: 1.2748e+02 
2026-05-22 02:58:39,439 INFO: [scape..][epoch: 14, iter:  34,900, lr:(6.436e-04,)][eta: 5:43:12, time (data): 0.339 (0.036)]l_bij: 2.0344e+01 l_orth: 4.4054e+01 l_diff: 1.2411e+01 l_align: 4.6797e+01 l_total: 1.2361e+02 
2026-05-22 02:58:46,082 INFO: [scape..][epoch: 14, iter:  34,920, lr:(6.436e-04,)][eta: 5:42:59, time (data): 0.338 (0.035)]l_bij: 3.5107e+01 l_orth: 5.2028e+01 l_diff: 1.3554e+01 l_align: 4.6114e+01 l_total: 1.4680e+02 
2026-05-22 02:58:52,494 INFO: [scape..][epoch: 14, iter:  34,940, lr:(6.436e-04,)][eta: 5:42:45, time (data): 0.336 (0.035)]l_bij: 2.9987e+01 l_orth: 4.9079e+01 l_diff: 1.1761e+01 l_align: 4.7065e+01 l_total: 1.3789e+02 
2026-05-22 02:58:59,356 INFO: [scape..][epoch: 14, iter:  34,960, lr:(6.436e-04,)][eta: 5:42:33, time (data): 0.337 (0.035)]l_bij: 3.9773e+01 l_orth: 5.6366e+01 l_diff: 1.3868e+01 l_align: 4.8122e+01 l_total: 1.5813e+02 
2026-05-22 02:59:05,794 INFO: [scape..][epoch: 14, iter:  34,980, lr:(6.436e-04,)][eta: 5:42:19, time (data): 0.240 (0.035)]l_bij: 3.2425e+01 l_orth: 4.8015e+01 l_diff: 1.2636e+01 l_align: 4.5292e+01 l_total: 1.3837e+02 
2026-05-22 02:59:12,015 INFO: [scape..][epoch: 14, iter:  35,000, lr:(6.436e-04,)][eta: 5:42:06, time (data): 0.295 (0.035)]l_bij: 3.4719e+01 l_orth: 5.2767e+01 l_diff: 1.1629e+01 l_align: 4.6264e+01 l_total: 1.4538e+02 
2026-05-22 02:59:17,876 INFO: [scape..][epoch: 14, iter:  35,020, lr:(6.436e-04,)][eta: 5:41:51, time (data): 0.294 (0.035)]l_bij: 1.4462e+01 l_orth: 3.9240e+01 l_diff: 1.1498e+01 l_align: 4.4414e+01 l_total: 1.0961e+02 
2026-05-22 02:59:24,122 INFO: [scape..][epoch: 14, iter:  35,040, lr:(6.436e-04,)][eta: 5:41:38, time (data): 0.299 (0.034)]l_bij: 2.6972e+01 l_orth: 4.3333e+01 l_diff: 1.2894e+01 l_align: 4.3780e+01 l_total: 1.2698e+02 
2026-05-22 02:59:29,585 INFO: [scape..][epoch: 14, iter:  35,060, lr:(6.436e-04,)][eta: 5:41:23, time (data): 0.293 (0.035)]l_bij: 2.3466e+01 l_orth: 4.7577e+01 l_diff: 1.6599e+01 l_align: 4.9488e+01 l_total: 1.3713e+02 
2026-05-22 02:59:35,321 INFO: [scape..][epoch: 14, iter:  35,080, lr:(6.436e-04,)][eta: 5:41:09, time (data): 0.292 (0.034)]l_bij: 4.1293e+01 l_orth: 5.8108e+01 l_diff: 1.1221e+01 l_align: 4.9854e+01 l_total: 1.6048e+02 
2026-05-22 02:59:41,150 INFO: [scape..][epoch: 14, iter:  35,100, lr:(6.436e-04,)][eta: 5:40:55, time (data): 0.292 (0.034)]l_bij: 1.3072e+01 l_orth: 3.7332e+01 l_diff: 1.0519e+01 l_align: 4.4787e+01 l_total: 1.0571e+02 
2026-05-22 02:59:47,964 INFO: [scape..][epoch: 14, iter:  35,120, lr:(6.436e-04,)][eta: 5:40:42, time (data): 0.299 (0.034)]l_bij: 2.4960e+01 l_orth: 4.5821e+01 l_diff: 1.3897e+01 l_align: 4.8293e+01 l_total: 1.3297e+02 
2026-05-22 02:59:54,351 INFO: [scape..][epoch: 14, iter:  35,140, lr:(6.436e-04,)][eta: 5:40:29, time (data): 0.301 (0.034)]l_bij: 3.8179e+01 l_orth: 5.6636e+01 l_diff: 1.2470e+01 l_align: 5.1098e+01 l_total: 1.5838e+02 
2026-05-22 03:00:00,264 INFO: [scape..][epoch: 14, iter:  35,160, lr:(6.436e-04,)][eta: 5:40:15, time (data): 0.300 (0.035)]l_bij: 3.0859e+01 l_orth: 5.0862e+01 l_diff: 1.4248e+01 l_align: 4.5156e+01 l_total: 1.4112e+02 
2026-05-22 03:00:07,381 INFO: [scape..][epoch: 14, iter:  35,180, lr:(6.436e-04,)][eta: 5:40:03, time (data): 0.408 (0.039)]l_bij: 2.9747e+01 l_orth: 5.1651e+01 l_diff: 1.2975e+01 l_align: 4.9828e+01 l_total: 1.4420e+02 
2026-05-22 03:00:12,926 INFO: [scape..][epoch: 14, iter:  35,200, lr:(6.436e-04,)][eta: 5:39:48, time (data): 0.303 (0.035)]l_bij: 2.3595e+01 l_orth: 4.7760e+01 l_diff: 1.3207e+01 l_align: 4.9905e+01 l_total: 1.3447e+02 
2026-05-22 03:00:19,458 INFO: [scape..][epoch: 14, iter:  35,220, lr:(6.436e-04,)][eta: 5:39:35, time (data): 0.314 (0.035)]l_bij: 2.8861e+01 l_orth: 4.9763e+01 l_diff: 1.0929e+01 l_align: 4.9042e+01 l_total: 1.3860e+02 
2026-05-22 03:00:24,265 INFO: [scape..][epoch: 14, iter:  35,240, lr:(6.436e-04,)][eta: 5:39:20, time (data): 0.291 (0.036)]l_bij: 4.8390e+01 l_orth: 6.3835e+01 l_diff: 1.4946e+01 l_align: 5.2712e+01 l_total: 1.7988e+02 
2026-05-22 03:00:31,606 INFO: [scape..][epoch: 14, iter:  35,260, lr:(6.436e-04,)][eta: 5:39:08, time (data): 0.309 (0.036)]l_bij: 2.9562e+01 l_orth: 5.3693e+01 l_diff: 1.7716e+01 l_align: 4.9266e+01 l_total: 1.5024e+02 
2026-05-22 03:00:38,553 INFO: [scape..][epoch: 14, iter:  35,280, lr:(6.436e-04,)][eta: 5:38:55, time (data): 0.316 (0.037)]l_bij: 4.2656e+01 l_orth: 5.8641e+01 l_diff: 1.3914e+01 l_align: 5.4163e+01 l_total: 1.6937e+02 
2026-05-22 03:00:44,207 INFO: [scape..][epoch: 14, iter:  35,300, lr:(6.436e-04,)][eta: 5:38:41, time (data): 0.311 (0.037)]l_bij: 5.3943e+01 l_orth: 6.8555e+01 l_diff: 1.6756e+01 l_align: 5.8638e+01 l_total: 1.9789e+02 
2026-05-22 03:00:50,218 INFO: [scape..][epoch: 14, iter:  35,320, lr:(6.436e-04,)][eta: 5:38:27, time (data): 0.309 (0.037)]l_bij: 2.3610e+01 l_orth: 4.7456e+01 l_diff: 1.5680e+01 l_align: 4.8697e+01 l_total: 1.3544e+02 
2026-05-22 03:00:57,121 INFO: [scape..][epoch: 14, iter:  35,340, lr:(6.436e-04,)][eta: 5:38:14, time (data): 0.314 (0.037)]l_bij: 2.2079e+01 l_orth: 4.3974e+01 l_diff: 1.4334e+01 l_align: 4.5152e+01 l_total: 1.2554e+02 
2026-05-22 03:01:02,873 INFO: [scape..][epoch: 14, iter:  35,360, lr:(6.436e-04,)][eta: 5:38:00, time (data): 0.311 (0.037)]l_bij: 1.2975e+01 l_orth: 3.7404e+01 l_diff: 1.3207e+01 l_align: 4.3382e+01 l_total: 1.0697e+02 
2026-05-22 03:01:09,788 INFO: [scape..][epoch: 14, iter:  35,380, lr:(6.436e-04,)][eta: 5:37:48, time (data): 0.545 (0.036)]l_bij: 2.8555e+01 l_orth: 4.8513e+01 l_diff: 1.5622e+01 l_align: 4.6153e+01 l_total: 1.3884e+02 
2026-05-22 03:01:16,532 INFO: [scape..][epoch: 14, iter:  35,400, lr:(6.436e-04,)][eta: 5:37:35, time (data): 0.372 (0.038)]l_bij: 4.4287e+01 l_orth: 5.9192e+01 l_diff: 1.3829e+01 l_align: 4.9141e+01 l_total: 1.6645e+02 
2026-05-22 03:01:21,345 INFO: [scape..][epoch: 14, iter:  35,420, lr:(6.436e-04,)][eta: 5:37:20, time (data): 0.312 (0.038)]l_bij: 2.9648e+01 l_orth: 4.9786e+01 l_diff: 1.2845e+01 l_align: 4.6590e+01 l_total: 1.3887e+02 
2026-05-22 03:01:27,023 INFO: [scape..][epoch: 14, iter:  35,440, lr:(6.436e-04,)][eta: 5:37:06, time (data): 0.303 (0.039)]l_bij: 2.3063e+01 l_orth: 4.2629e+01 l_diff: 1.3595e+01 l_align: 4.3926e+01 l_total: 1.2321e+02 
2026-05-22 03:01:33,684 INFO: [scape..][epoch: 14, iter:  35,460, lr:(6.436e-04,)][eta: 5:36:53, time (data): 0.310 (0.040)]l_bij: 1.4823e+01 l_orth: 3.8782e+01 l_diff: 1.3894e+01 l_align: 4.3701e+01 l_total: 1.1120e+02 
2026-05-22 03:01:40,943 INFO: [scape..][epoch: 14, iter:  35,480, lr:(6.436e-04,)][eta: 5:36:41, time (data): 0.320 (0.039)]l_bij: 2.4863e+01 l_orth: 4.6549e+01 l_diff: 1.0633e+01 l_align: 4.5342e+01 l_total: 1.2739e+02 
2026-05-22 03:01:47,485 INFO: [scape..][epoch: 14, iter:  35,500, lr:(6.436e-04,)][eta: 5:36:28, time (data): 0.321 (0.039)]l_bij: 1.3045e+01 l_orth: 4.0873e+01 l_diff: 1.4274e+01 l_align: 4.7954e+01 l_total: 1.1615e+02 
2026-05-22 03:01:54,279 INFO: [scape..][epoch: 14, iter:  35,520, lr:(6.436e-04,)][eta: 5:36:15, time (data): 0.324 (0.039)]l_bij: 1.7772e+01 l_orth: 4.0699e+01 l_diff: 1.2576e+01 l_align: 4.5917e+01 l_total: 1.1696e+02 
2026-05-22 03:02:01,187 INFO: [scape..][epoch: 14, iter:  35,540, lr:(6.436e-04,)][eta: 5:36:02, time (data): 0.327 (0.039)]l_bij: 4.3798e+01 l_orth: 6.0058e+01 l_diff: 1.5201e+01 l_align: 4.9976e+01 l_total: 1.6903e+02 
2026-05-22 03:02:08,176 INFO: [scape..][epoch: 14, iter:  35,560, lr:(6.436e-04,)][eta: 5:35:50, time (data): 0.329 (0.038)]l_bij: 2.1732e+01 l_orth: 4.2166e+01 l_diff: 1.3099e+01 l_align: 4.4921e+01 l_total: 1.2192e+02 
2026-05-22 03:02:14,596 INFO: [scape..][epoch: 14, iter:  35,580, lr:(6.436e-04,)][eta: 5:35:37, time (data): 0.361 (0.027)]l_bij: 2.6234e+01 l_orth: 4.6723e+01 l_diff: 1.5056e+01 l_align: 4.8965e+01 l_total: 1.3698e+02 
2026-05-22 03:02:18,685 INFO: [scape..][epoch: 14, iter:  35,600, lr:(6.436e-04,)][eta: 5:35:21, time (data): 0.225 (0.032)]l_bij: 1.0787e+00 l_orth: 3.0272e+01 l_diff: 1.1917e+01 l_align: 4.2870e+01 l_total: 8.6138e+01 
2026-05-22 03:02:24,194 INFO: [scape..][epoch: 14, iter:  35,620, lr:(6.436e-04,)][eta: 5:35:06, time (data): 0.248 (0.034)]l_bij: 2.8652e+01 l_orth: 4.8693e+01 l_diff: 1.5120e+01 l_align: 4.6627e+01 l_total: 1.3909e+02 
2026-05-22 03:02:29,571 INFO: [scape..][epoch: 14, iter:  35,640, lr:(6.436e-04,)][eta: 5:34:52, time (data): 0.255 (0.034)]l_bij: 4.5223e+01 l_orth: 6.5255e+01 l_diff: 1.7845e+01 l_align: 5.8165e+01 l_total: 1.8649e+02 
2026-05-22 03:02:35,227 INFO: [scape..][epoch: 14, iter:  35,660, lr:(6.436e-04,)][eta: 5:34:38, time (data): 0.261 (0.034)]l_bij: 2.7763e+01 l_orth: 4.5852e+01 l_diff: 1.2694e+01 l_align: 4.4866e+01 l_total: 1.3117e+02 
2026-05-22 03:02:40,072 INFO: [scape..][epoch: 14, iter:  35,680, lr:(6.436e-04,)][eta: 5:34:23, time (data): 0.258 (0.034)]l_bij: 1.7035e+01 l_orth: 4.1277e+01 l_diff: 1.0319e+01 l_align: 4.4254e+01 l_total: 1.1289e+02 
2026-05-22 03:02:45,122 INFO: [scape..][epoch: 14, iter:  35,700, lr:(6.436e-04,)][eta: 5:34:08, time (data): 0.257 (0.035)]l_bij: 2.8311e+01 l_orth: 5.2449e+01 l_diff: 1.3003e+01 l_align: 5.1066e+01 l_total: 1.4483e+02 
2026-05-22 03:02:50,211 INFO: [scape..][epoch: 14, iter:  35,720, lr:(6.436e-04,)][eta: 5:33:54, time (data): 0.257 (0.035)]l_bij: 3.0284e+01 l_orth: 4.8782e+01 l_diff: 1.4676e+01 l_align: 4.5682e+01 l_total: 1.3942e+02 
2026-05-22 03:02:54,775 INFO: [scape..][epoch: 14, iter:  35,740, lr:(6.436e-04,)][eta: 5:33:38, time (data): 0.253 (0.035)]l_bij: 4.2124e+01 l_orth: 6.4655e+01 l_diff: 1.8141e+01 l_align: 5.8584e+01 l_total: 1.8350e+02 
2026-05-22 03:02:59,703 INFO: [scape..][epoch: 14, iter:  35,760, lr:(6.436e-04,)][eta: 5:33:24, time (data): 0.252 (0.035)]l_bij: 4.0719e+01 l_orth: 5.7942e+01 l_diff: 1.7502e+01 l_align: 4.8957e+01 l_total: 1.6512e+02 
2026-05-22 03:03:04,577 INFO: [scape..][epoch: 14, iter:  35,780, lr:(6.436e-04,)][eta: 5:33:09, time (data): 0.183 (0.032)]l_bij: 3.9716e+01 l_orth: 5.5386e+01 l_diff: 1.4137e+01 l_align: 4.9602e+01 l_total: 1.5884e+02 
2026-05-22 03:03:09,410 INFO: [scape..][epoch: 14, iter:  35,800, lr:(6.436e-04,)][eta: 5:32:54, time (data): 0.236 (0.039)]l_bij: 2.0620e+01 l_orth: 4.3491e+01 l_diff: 1.5849e+01 l_align: 4.5365e+01 l_total: 1.2533e+02 
2026-05-22 03:03:13,791 INFO: [scape..][epoch: 14, iter:  35,820, lr:(6.436e-04,)][eta: 5:32:38, time (data): 0.228 (0.039)]l_bij: 2.2808e+01 l_orth: 4.5748e+01 l_diff: 1.5292e+01 l_align: 4.4417e+01 l_total: 1.2826e+02 
2026-05-22 03:03:18,999 INFO: [scape..][epoch: 14, iter:  35,840, lr:(6.436e-04,)][eta: 5:32:24, time (data): 0.238 (0.039)]l_bij: 2.8467e+01 l_orth: 4.9458e+01 l_diff: 1.7361e+01 l_align: 4.6851e+01 l_total: 1.4214e+02 
2026-05-22 03:03:23,946 INFO: [scape..][epoch: 14, iter:  35,860, lr:(6.436e-04,)][eta: 5:32:09, time (data): 0.241 (0.039)]l_bij: 4.0609e+01 l_orth: 5.7184e+01 l_diff: 1.3967e+01 l_align: 5.2300e+01 l_total: 1.6406e+02 
2026-05-22 03:03:28,615 INFO: [scape..][epoch: 14, iter:  35,880, lr:(6.436e-04,)][eta: 5:31:54, time (data): 0.239 (0.039)]l_bij: 4.5900e+01 l_orth: 5.9507e+01 l_diff: 1.5177e+01 l_align: 4.8290e+01 l_total: 1.6887e+02 
2026-05-22 03:03:33,574 INFO: [scape..][epoch: 14, iter:  35,900, lr:(6.436e-04,)][eta: 5:31:39, time (data): 0.241 (0.039)]l_bij: 3.8874e+01 l_orth: 5.7169e+01 l_diff: 1.2005e+01 l_align: 4.9049e+01 l_total: 1.5710e+02 
2026-05-22 03:03:38,971 INFO: [scape..][epoch: 14, iter:  35,920, lr:(6.436e-04,)][eta: 5:31:25, time (data): 0.245 (0.039)]l_bij: 4.3417e+01 l_orth: 6.0109e+01 l_diff: 1.6168e+01 l_align: 5.1295e+01 l_total: 1.7099e+02 
2026-05-22 03:03:44,336 INFO: [scape..][epoch: 14, iter:  35,940, lr:(6.436e-04,)][eta: 5:31:11, time (data): 0.248 (0.039)]l_bij: 1.8280e+01 l_orth: 4.2152e+01 l_diff: 1.4058e+01 l_align: 4.5267e+01 l_total: 1.1976e+02 
2026-05-22 03:03:49,192 INFO: [scape..][epoch: 14, iter:  35,960, lr:(6.436e-04,)][eta: 5:30:56, time (data): 0.247 (0.039)]l_bij: 1.5763e+01 l_orth: 4.0704e+01 l_diff: 1.2047e+01 l_align: 4.6861e+01 l_total: 1.1538e+02 
2026-05-22 03:03:54,557 INFO: [scape..][epoch: 14, iter:  35,980, lr:(6.436e-04,)][eta: 5:30:42, time (data): 0.191 (0.034)]l_bij: 2.9223e+01 l_orth: 4.7670e+01 l_diff: 1.5220e+01 l_align: 4.5773e+01 l_total: 1.3789e+02 
2026-05-22 03:03:59,636 INFO: [scape..][epoch: 14, iter:  36,000, lr:(6.436e-04,)][eta: 5:30:27, time (data): 0.251 (0.039)]l_bij: 2.7861e+01 l_orth: 4.9241e+01 l_diff: 1.5891e+01 l_align: 5.0217e+01 l_total: 1.4321e+02 
2026-05-22 03:03:59,636 INFO: Saving models and training states.
2026-05-22 03:03:59,655 INFO: Start validation.
2026-05-22 03:07:23,161 INFO: Avg time: 0.1740
2026-05-22 03:07:23,344 INFO: Val auc: 0.8120
2026-05-22 03:07:23,350 INFO: Val avg error: 0.0188
2026-05-22 03:07:23,354 INFO: Best model is updated, average geodesic error: 0.0188
2026-05-22 03:07:29,796 INFO: [scape..][epoch: 14, iter:  36,020, lr:(6.436e-04,)][eta: 5:34:12, time (data): 0.284 (0.040)]l_bij: 1.0669e+00 l_orth: 2.9947e+01 l_diff: 1.2473e+01 l_align: 4.3374e+01 l_total: 8.6861e+01 
2026-05-22 03:07:35,496 INFO: [scape..][epoch: 14, iter:  36,040, lr:(6.436e-04,)][eta: 5:33:58, time (data): 0.284 (0.040)]l_bij: 3.7056e+01 l_orth: 5.9435e+01 l_diff: 1.5385e+01 l_align: 5.0106e+01 l_total: 1.6198e+02 
2026-05-22 03:07:41,552 INFO: [scape..][epoch: 14, iter:  36,060, lr:(6.436e-04,)][eta: 5:33:44, time (data): 0.289 (0.040)]l_bij: 3.6043e+01 l_orth: 5.1929e+01 l_diff: 1.5930e+01 l_align: 4.7949e+01 l_total: 1.5185e+02 
2026-05-22 03:07:47,274 INFO: [scape..][epoch: 14, iter:  36,080, lr:(6.436e-04,)][eta: 5:33:30, time (data): 0.288 (0.040)]l_bij: 3.3101e+01 l_orth: 5.0020e+01 l_diff: 1.4532e+01 l_align: 4.5437e+01 l_total: 1.4309e+02 
2026-05-22 03:07:53,104 INFO: [scape..][epoch: 14, iter:  36,100, lr:(6.436e-04,)][eta: 5:33:17, time (data): 0.289 (0.041)]l_bij: 2.1335e+01 l_orth: 4.5082e+01 l_diff: 1.3789e+01 l_align: 5.0073e+01 l_total: 1.3028e+02 
2026-05-22 03:07:57,788 INFO: [scape..][epoch: 14, iter:  36,120, lr:(6.436e-04,)][eta: 5:33:01, time (data): 0.281 (0.041)]l_bij: 4.1275e+01 l_orth: 5.7629e+01 l_diff: 1.2031e+01 l_align: 5.1038e+01 l_total: 1.6197e+02 
2026-05-22 03:08:03,392 INFO: [scape..][epoch: 14, iter:  36,140, lr:(6.436e-04,)][eta: 5:32:47, time (data): 0.281 (0.041)]l_bij: 2.2784e+01 l_orth: 4.2247e+01 l_diff: 1.4156e+01 l_align: 4.3747e+01 l_total: 1.2293e+02 
2026-05-22 03:08:08,853 INFO: [scape..][epoch: 14, iter:  36,160, lr:(6.436e-04,)][eta: 5:32:33, time (data): 0.280 (0.041)]l_bij: 3.1806e+01 l_orth: 4.9482e+01 l_diff: 1.2838e+01 l_align: 4.6505e+01 l_total: 1.4063e+02 
2026-05-22 03:08:13,971 INFO: [scape..][epoch: 14, iter:  36,180, lr:(6.436e-04,)][eta: 5:32:18, time (data): 0.278 (0.041)]l_bij: 3.0869e+01 l_orth: 5.3271e+01 l_diff: 1.4496e+01 l_align: 4.9237e+01 l_total: 1.4787e+02 
2026-05-22 03:08:20,131 INFO: [scape..][epoch: 14, iter:  36,200, lr:(6.436e-04,)][eta: 5:32:05, time (data): 0.308 (0.041)]l_bij: 2.7863e+01 l_orth: 4.9506e+01 l_diff: 1.5343e+01 l_align: 4.6865e+01 l_total: 1.3958e+02 
2026-05-22 03:08:25,843 INFO: [scape..][epoch: 14, iter:  36,220, lr:(6.436e-04,)][eta: 5:31:51, time (data): 0.297 (0.040)]l_bij: 4.3404e+01 l_orth: 6.5382e+01 l_diff: 1.6287e+01 l_align: 6.0249e+01 l_total: 1.8532e+02 
2026-05-22 03:08:32,228 INFO: [scape..][epoch: 14, iter:  36,240, lr:(6.436e-04,)][eta: 5:31:38, time (data): 0.304 (0.039)]l_bij: 3.2669e+01 l_orth: 5.3802e+01 l_diff: 1.7787e+01 l_align: 4.9121e+01 l_total: 1.5338e+02 
2026-05-22 03:08:37,383 INFO: [scape..][epoch: 14, iter:  36,260, lr:(6.436e-04,)][eta: 5:31:23, time (data): 0.293 (0.040)]l_bij: 2.9830e+01 l_orth: 4.8422e+01 l_diff: 1.6093e+01 l_align: 4.5250e+01 l_total: 1.3960e+02 
2026-05-22 03:08:44,582 INFO: [scape..][epoch: 14, iter:  36,280, lr:(6.436e-04,)][eta: 5:31:11, time (data): 0.306 (0.040)]l_bij: 7.3390e+00 l_orth: 3.2245e+01 l_diff: 1.1818e+01 l_align: 4.3678e+01 l_total: 9.5079e+01 
2026-05-22 03:08:50,856 INFO: [scape..][epoch: 14, iter:  36,300, lr:(6.436e-04,)][eta: 5:30:58, time (data): 0.307 (0.039)]l_bij: 2.9036e+01 l_orth: 5.0059e+01 l_diff: 1.5178e+01 l_align: 5.1142e+01 l_total: 1.4542e+02 
2026-05-22 03:08:57,104 INFO: [scape..][epoch: 14, iter:  36,320, lr:(6.436e-04,)][eta: 5:30:45, time (data): 0.308 (0.039)]l_bij: 3.5186e+01 l_orth: 5.3815e+01 l_diff: 1.9490e+01 l_align: 5.0741e+01 l_total: 1.5923e+02 
2026-05-22 03:09:03,005 INFO: [scape..][epoch: 14, iter:  36,340, lr:(6.436e-04,)][eta: 5:30:31, time (data): 0.306 (0.039)]l_bij: 3.4684e+01 l_orth: 5.6781e+01 l_diff: 1.3478e+01 l_align: 5.2257e+01 l_total: 1.5720e+02 
2026-05-22 03:09:08,999 INFO: [scape..][epoch: 14, iter:  36,360, lr:(6.436e-04,)][eta: 5:30:17, time (data): 0.306 (0.039)]l_bij: 1.9151e+01 l_orth: 4.5391e+01 l_diff: 1.4884e+01 l_align: 4.9039e+01 l_total: 1.2846e+02 
2026-05-22 03:09:14,341 INFO: [scape..][epoch: 14, iter:  36,380, lr:(6.436e-04,)][eta: 5:30:03, time (data): 0.302 (0.039)]l_bij: 2.4376e+01 l_orth: 4.5774e+01 l_diff: 1.4987e+01 l_align: 4.5506e+01 l_total: 1.3064e+02 
2026-05-22 03:09:20,353 INFO: [scape..][epoch: 14, iter:  36,400, lr:(6.436e-04,)][eta: 5:29:50, time (data): 0.302 (0.038)]l_bij: 3.1694e+01 l_orth: 5.4020e+01 l_diff: 1.3296e+01 l_align: 5.0949e+01 l_total: 1.4996e+02 
2026-05-22 03:09:26,893 INFO: [scape..][epoch: 15, iter:  36,420, lr:(5.970e-04,)][eta: 5:29:37, time (data): 0.315 (0.060)]l_bij: 3.4514e+01 l_orth: 5.6132e+01 l_diff: 1.2821e+01 l_align: 4.9867e+01 l_total: 1.5333e+02 
2026-05-22 03:09:32,742 INFO: [scape..][epoch: 15, iter:  36,440, lr:(5.970e-04,)][eta: 5:29:23, time (data): 0.307 (0.051)]l_bij: 4.0885e+01 l_orth: 5.8048e+01 l_diff: 1.6849e+01 l_align: 5.2547e+01 l_total: 1.6833e+02 
2026-05-22 03:09:37,946 INFO: [scape..][epoch: 15, iter:  36,460, lr:(5.970e-04,)][eta: 5:29:09, time (data): 0.295 (0.048)]l_bij: 2.9793e+01 l_orth: 4.9862e+01 l_diff: 1.4099e+01 l_align: 4.7639e+01 l_total: 1.4139e+02 
2026-05-22 03:09:44,783 INFO: [scape..][epoch: 15, iter:  36,480, lr:(5.970e-04,)][eta: 5:28:56, time (data): 0.305 (0.046)]l_bij: 3.8659e+01 l_orth: 5.7106e+01 l_diff: 1.3612e+01 l_align: 5.5474e+01 l_total: 1.6485e+02 
2026-05-22 03:09:51,610 INFO: [scape..][epoch: 15, iter:  36,500, lr:(5.970e-04,)][eta: 5:28:44, time (data): 0.311 (0.045)]l_bij: 5.3587e+01 l_orth: 6.5519e+01 l_diff: 1.3266e+01 l_align: 5.1819e+01 l_total: 1.8419e+02 
2026-05-22 03:09:57,211 INFO: [scape..][epoch: 15, iter:  36,520, lr:(5.970e-04,)][eta: 5:28:30, time (data): 0.306 (0.043)]l_bij: 3.5112e+01 l_orth: 5.4326e+01 l_diff: 1.4854e+01 l_align: 4.8748e+01 l_total: 1.5304e+02 
2026-05-22 03:10:02,162 INFO: [scape..][epoch: 15, iter:  36,540, lr:(5.970e-04,)][eta: 5:28:15, time (data): 0.299 (0.042)]l_bij: 1.6948e+01 l_orth: 4.0840e+01 l_diff: 1.3163e+01 l_align: 4.4908e+01 l_total: 1.1586e+02 
2026-05-22 03:10:06,616 INFO: [scape..][epoch: 15, iter:  36,560, lr:(5.970e-04,)][eta: 5:28:00, time (data): 0.290 (0.042)]l_bij: 2.5986e+01 l_orth: 4.4800e+01 l_diff: 1.2227e+01 l_align: 4.6765e+01 l_total: 1.2978e+02 
2026-05-22 03:10:12,896 INFO: [scape..][epoch: 15, iter:  36,580, lr:(5.970e-04,)][eta: 5:27:47, time (data): 0.293 (0.042)]l_bij: 3.7358e+01 l_orth: 5.6050e+01 l_diff: 1.4802e+01 l_align: 4.7820e+01 l_total: 1.5603e+02 
2026-05-22 03:10:18,727 INFO: [scape..][epoch: 15, iter:  36,600, lr:(5.970e-04,)][eta: 5:27:33, time (data): 0.280 (0.040)]l_bij: 3.7989e+01 l_orth: 5.7410e+01 l_diff: 1.4292e+01 l_align: 5.4126e+01 l_total: 1.6382e+02 
2026-05-22 03:10:24,442 INFO: [scape..][epoch: 15, iter:  36,620, lr:(5.970e-04,)][eta: 5:27:19, time (data): 0.283 (0.040)]l_bij: 1.4180e+00 l_orth: 3.1943e+01 l_diff: 1.1896e+01 l_align: 4.7054e+01 l_total: 9.2310e+01 
2026-05-22 03:10:29,389 INFO: [scape..][epoch: 15, iter:  36,640, lr:(5.970e-04,)][eta: 5:27:05, time (data): 0.271 (0.039)]l_bij: 4.0773e+01 l_orth: 5.8507e+01 l_diff: 1.6865e+01 l_align: 5.0349e+01 l_total: 1.6649e+02 
2026-05-22 03:10:34,921 INFO: [scape..][epoch: 15, iter:  36,660, lr:(5.970e-04,)][eta: 5:26:51, time (data): 0.272 (0.040)]l_bij: 2.0024e+01 l_orth: 4.1613e+01 l_diff: 1.3032e+01 l_align: 4.2915e+01 l_total: 1.1758e+02 
2026-05-22 03:10:40,574 INFO: [scape..][epoch: 15, iter:  36,680, lr:(5.970e-04,)][eta: 5:26:37, time (data): 0.274 (0.040)]l_bij: 2.9240e+01 l_orth: 4.8716e+01 l_diff: 1.4811e+01 l_align: 4.6734e+01 l_total: 1.3950e+02 
2026-05-22 03:10:46,710 INFO: [scape..][epoch: 15, iter:  36,700, lr:(5.970e-04,)][eta: 5:26:24, time (data): 0.280 (0.040)]l_bij: 2.4126e+01 l_orth: 4.9219e+01 l_diff: 1.6327e+01 l_align: 4.7917e+01 l_total: 1.3759e+02 
2026-05-22 03:10:52,067 INFO: [scape..][epoch: 15, iter:  36,720, lr:(5.970e-04,)][eta: 5:26:10, time (data): 0.278 (0.040)]l_bij: 2.4842e+01 l_orth: 4.7612e+01 l_diff: 1.5187e+01 l_align: 4.6240e+01 l_total: 1.3388e+02 
2026-05-22 03:10:57,128 INFO: [scape..][epoch: 15, iter:  36,740, lr:(5.970e-04,)][eta: 5:25:55, time (data): 0.275 (0.040)]l_bij: 4.0343e+01 l_orth: 5.5836e+01 l_diff: 1.1043e+01 l_align: 5.1882e+01 l_total: 1.5910e+02 
2026-05-22 03:11:03,872 INFO: [scape..][epoch: 15, iter:  36,760, lr:(5.970e-04,)][eta: 5:25:43, time (data): 0.282 (0.041)]l_bij: 2.0946e+01 l_orth: 4.6683e+01 l_diff: 1.6427e+01 l_align: 5.0406e+01 l_total: 1.3446e+02 
2026-05-22 03:11:09,095 INFO: [scape..][epoch: 15, iter:  36,780, lr:(5.970e-04,)][eta: 5:25:28, time (data): 0.280 (0.041)]l_bij: 2.1633e+01 l_orth: 4.5571e+01 l_diff: 1.4460e+01 l_align: 4.7442e+01 l_total: 1.2911e+02 
2026-05-22 03:11:15,557 INFO: [scape..][epoch: 15, iter:  36,800, lr:(5.970e-04,)][eta: 5:25:16, time (data): 0.316 (0.040)]l_bij: 2.7846e+01 l_orth: 4.9514e+01 l_diff: 1.8523e+01 l_align: 4.9909e+01 l_total: 1.4579e+02 
2026-05-22 03:11:21,974 INFO: [scape..][epoch: 15, iter:  36,820, lr:(5.970e-04,)][eta: 5:25:03, time (data): 0.318 (0.040)]l_bij: 3.1054e+01 l_orth: 5.3896e+01 l_diff: 1.5988e+01 l_align: 4.9944e+01 l_total: 1.5088e+02 
2026-05-22 03:11:28,510 INFO: [scape..][epoch: 15, iter:  36,840, lr:(5.970e-04,)][eta: 5:24:50, time (data): 0.321 (0.040)]l_bij: 1.9996e+01 l_orth: 4.2571e+01 l_diff: 1.2513e+01 l_align: 4.5203e+01 l_total: 1.2028e+02 
2026-05-22 03:11:34,219 INFO: [scape..][epoch: 15, iter:  36,860, lr:(5.970e-04,)][eta: 5:24:36, time (data): 0.312 (0.039)]l_bij: 2.2478e+01 l_orth: 4.7407e+01 l_diff: 1.4998e+01 l_align: 4.7271e+01 l_total: 1.3215e+02 
2026-05-22 03:11:39,933 INFO: [scape..][epoch: 15, iter:  36,880, lr:(5.970e-04,)][eta: 5:24:23, time (data): 0.307 (0.039)]l_bij: 2.7733e+01 l_orth: 4.7119e+01 l_diff: 1.3965e+01 l_align: 4.6484e+01 l_total: 1.3530e+02 
2026-05-22 03:11:46,010 INFO: [scape..][epoch: 15, iter:  36,900, lr:(5.970e-04,)][eta: 5:24:09, time (data): 0.306 (0.039)]l_bij: 4.2898e+01 l_orth: 5.6299e+01 l_diff: 1.4813e+01 l_align: 5.0556e+01 l_total: 1.6457e+02 
2026-05-22 03:11:52,131 INFO: [scape..][epoch: 15, iter:  36,920, lr:(5.970e-04,)][eta: 5:23:56, time (data): 0.306 (0.039)]l_bij: 1.3763e+01 l_orth: 3.9169e+01 l_diff: 1.2071e+01 l_align: 4.5204e+01 l_total: 1.1021e+02 
2026-05-22 03:11:57,220 INFO: [scape..][epoch: 15, iter:  36,940, lr:(5.970e-04,)][eta: 5:23:42, time (data): 0.299 (0.039)]l_bij: 2.8485e+01 l_orth: 4.7420e+01 l_diff: 1.3722e+01 l_align: 4.5343e+01 l_total: 1.3497e+02 
2026-05-22 03:12:04,025 INFO: [scape..][epoch: 15, iter:  36,960, lr:(5.970e-04,)][eta: 5:23:29, time (data): 0.304 (0.039)]l_bij: 1.9154e+01 l_orth: 4.1856e+01 l_diff: 1.3717e+01 l_align: 4.7396e+01 l_total: 1.2212e+02 
2026-05-22 03:12:09,802 INFO: [scape..][epoch: 15, iter:  36,980, lr:(5.970e-04,)][eta: 5:23:16, time (data): 0.303 (0.040)]l_bij: 2.9786e+01 l_orth: 4.8718e+01 l_diff: 1.4248e+01 l_align: 4.4909e+01 l_total: 1.3766e+02 
2026-05-22 03:12:15,748 INFO: [scape..][epoch: 15, iter:  37,000, lr:(5.970e-04,)][eta: 5:23:03, time (data): 0.266 (0.036)]l_bij: 1.4939e+01 l_orth: 4.0136e+01 l_diff: 1.2472e+01 l_align: 4.5566e+01 l_total: 1.1311e+02 
2026-05-22 03:12:22,068 INFO: [scape..][epoch: 15, iter:  37,020, lr:(5.970e-04,)][eta: 5:22:50, time (data): 0.294 (0.039)]l_bij: 2.9446e+01 l_orth: 5.0469e+01 l_diff: 1.6300e+01 l_align: 4.8223e+01 l_total: 1.4444e+02 
2026-05-22 03:12:28,043 INFO: [scape..][epoch: 15, iter:  37,040, lr:(5.970e-04,)][eta: 5:22:36, time (data): 0.296 (0.039)]l_bij: 1.5523e+01 l_orth: 4.0454e+01 l_diff: 1.3845e+01 l_align: 4.5462e+01 l_total: 1.1528e+02 
2026-05-22 03:12:33,219 INFO: [scape..][epoch: 15, iter:  37,060, lr:(5.970e-04,)][eta: 5:22:22, time (data): 0.286 (0.040)]l_bij: 2.7247e+01 l_orth: 4.7890e+01 l_diff: 1.3074e+01 l_align: 4.5434e+01 l_total: 1.3365e+02 
2026-05-22 03:12:39,197 INFO: [scape..][epoch: 15, iter:  37,080, lr:(5.970e-04,)][eta: 5:22:09, time (data): 0.289 (0.040)]l_bij: 2.6639e+01 l_orth: 4.5521e+01 l_diff: 1.3920e+01 l_align: 4.7023e+01 l_total: 1.3310e+02 
2026-05-22 03:12:44,906 INFO: [scape..][epoch: 15, iter:  37,100, lr:(5.970e-04,)][eta: 5:21:55, time (data): 0.288 (0.041)]l_bij: 2.6129e+01 l_orth: 4.9097e+01 l_diff: 1.3584e+01 l_align: 4.7441e+01 l_total: 1.3625e+02 
2026-05-22 03:12:51,834 INFO: [scape..][epoch: 15, iter:  37,120, lr:(5.970e-04,)][eta: 5:21:43, time (data): 0.297 (0.041)]l_bij: 2.5855e+01 l_orth: 4.3877e+01 l_diff: 1.4767e+01 l_align: 4.4069e+01 l_total: 1.2857e+02 
2026-05-22 03:12:57,341 INFO: [scape..][epoch: 15, iter:  37,140, lr:(5.970e-04,)][eta: 5:21:29, time (data): 0.294 (0.041)]l_bij: 5.0419e+01 l_orth: 6.6619e+01 l_diff: 1.5789e+01 l_align: 5.9980e+01 l_total: 1.9281e+02 
2026-05-22 03:13:02,845 INFO: [scape..][epoch: 15, iter:  37,160, lr:(5.970e-04,)][eta: 5:21:16, time (data): 0.292 (0.041)]l_bij: 4.7058e+01 l_orth: 6.3462e+01 l_diff: 1.9197e+01 l_align: 5.3086e+01 l_total: 1.8280e+02 
2026-05-22 03:13:08,067 INFO: [scape..][epoch: 15, iter:  37,180, lr:(5.970e-04,)][eta: 5:21:02, time (data): 0.289 (0.041)]l_bij: 2.8362e+01 l_orth: 4.7390e+01 l_diff: 1.0193e+01 l_align: 4.6371e+01 l_total: 1.3232e+02 
2026-05-22 03:13:13,859 INFO: [scape..][epoch: 15, iter:  37,200, lr:(5.970e-04,)][eta: 5:20:48, time (data): 0.307 (0.045)]l_bij: 4.2535e+01 l_orth: 5.7976e+01 l_diff: 1.3726e+01 l_align: 4.9815e+01 l_total: 1.6405e+02 
2026-05-22 03:13:20,062 INFO: [scape..][epoch: 15, iter:  37,220, lr:(5.970e-04,)][eta: 5:20:35, time (data): 0.309 (0.042)]l_bij: 2.1947e+01 l_orth: 4.1772e+01 l_diff: 1.1982e+01 l_align: 4.3559e+01 l_total: 1.1926e+02 
2026-05-22 03:13:25,207 INFO: [scape..][epoch: 15, iter:  37,240, lr:(5.970e-04,)][eta: 5:20:21, time (data): 0.290 (0.042)]l_bij: 3.2320e+01 l_orth: 5.2418e+01 l_diff: 1.4410e+01 l_align: 4.6926e+01 l_total: 1.4607e+02 
2026-05-22 03:13:30,926 INFO: [scape..][epoch: 15, iter:  37,260, lr:(5.970e-04,)][eta: 5:20:08, time (data): 0.289 (0.041)]l_bij: 3.2770e+01 l_orth: 5.0542e+01 l_diff: 1.7809e+01 l_align: 4.8569e+01 l_total: 1.4969e+02 
2026-05-22 03:13:38,030 INFO: [scape..][epoch: 15, iter:  37,280, lr:(5.970e-04,)][eta: 5:19:56, time (data): 0.303 (0.041)]l_bij: 3.0161e+01 l_orth: 5.1790e+01 l_diff: 1.4102e+01 l_align: 4.8354e+01 l_total: 1.4441e+02 
2026-05-22 03:13:43,297 INFO: [scape..][epoch: 15, iter:  37,300, lr:(5.970e-04,)][eta: 5:19:42, time (data): 0.296 (0.041)]l_bij: 2.4441e+01 l_orth: 4.5188e+01 l_diff: 1.5110e+01 l_align: 4.5076e+01 l_total: 1.2981e+02 
2026-05-22 03:13:49,889 INFO: [scape..][epoch: 15, iter:  37,320, lr:(5.970e-04,)][eta: 5:19:29, time (data): 0.301 (0.041)]l_bij: 2.8885e+01 l_orth: 5.0670e+01 l_diff: 1.7226e+01 l_align: 4.7500e+01 l_total: 1.4428e+02 
2026-05-22 03:13:55,294 INFO: [scape..][epoch: 15, iter:  37,340, lr:(5.970e-04,)][eta: 5:19:15, time (data): 0.297 (0.041)]l_bij: 2.5676e+01 l_orth: 5.1108e+01 l_diff: 1.3746e+01 l_align: 5.1570e+01 l_total: 1.4210e+02 
2026-05-22 03:14:00,694 INFO: [scape..][epoch: 15, iter:  37,360, lr:(5.970e-04,)][eta: 5:19:02, time (data): 0.294 (0.041)]l_bij: 3.0711e+01 l_orth: 5.1099e+01 l_diff: 1.4347e+01 l_align: 4.9275e+01 l_total: 1.4543e+02 
2026-05-22 03:14:05,708 INFO: [scape..][epoch: 15, iter:  37,380, lr:(5.970e-04,)][eta: 5:18:47, time (data): 0.289 (0.041)]l_bij: 1.2640e+01 l_orth: 4.1958e+01 l_diff: 1.3506e+01 l_align: 4.7587e+01 l_total: 1.1569e+02 
2026-05-22 03:14:11,751 INFO: [scape..][epoch: 15, iter:  37,400, lr:(5.970e-04,)][eta: 5:18:34, time (data): 0.301 (0.040)]l_bij: 2.3254e+01 l_orth: 4.4558e+01 l_diff: 1.3511e+01 l_align: 4.5885e+01 l_total: 1.2721e+02 
2026-05-22 03:14:18,721 INFO: [scape..][epoch: 15, iter:  37,420, lr:(5.970e-04,)][eta: 5:18:22, time (data): 0.329 (0.039)]l_bij: 3.1323e+01 l_orth: 5.2340e+01 l_diff: 1.3725e+01 l_align: 5.0009e+01 l_total: 1.4740e+02 
2026-05-22 03:14:25,264 INFO: [scape..][epoch: 15, iter:  37,440, lr:(5.970e-04,)][eta: 5:18:10, time (data): 0.328 (0.040)]l_bij: 2.9382e+01 l_orth: 5.0851e+01 l_diff: 1.5216e+01 l_align: 4.8820e+01 l_total: 1.4427e+02 
2026-05-22 03:14:32,840 INFO: [scape..][epoch: 15, iter:  37,460, lr:(5.970e-04,)][eta: 5:17:58, time (data): 0.342 (0.038)]l_bij: 3.6385e+01 l_orth: 5.4506e+01 l_diff: 1.5557e+01 l_align: 4.9606e+01 l_total: 1.5605e+02 
2026-05-22 03:14:38,908 INFO: [scape..][epoch: 15, iter:  37,480, lr:(5.970e-04,)][eta: 5:17:45, time (data): 0.334 (0.037)]l_bij: 2.7062e+01 l_orth: 5.0493e+01 l_diff: 1.6131e+01 l_align: 4.7705e+01 l_total: 1.4139e+02 
2026-05-22 03:14:44,821 INFO: [scape..][epoch: 15, iter:  37,500, lr:(5.970e-04,)][eta: 5:17:32, time (data): 0.327 (0.036)]l_bij: 2.8465e+01 l_orth: 4.9516e+01 l_diff: 1.6059e+01 l_align: 4.6189e+01 l_total: 1.4023e+02 
2026-05-22 03:14:50,783 INFO: [scape..][epoch: 15, iter:  37,520, lr:(5.970e-04,)][eta: 5:17:19, time (data): 0.323 (0.036)]l_bij: 1.2039e+01 l_orth: 3.8615e+01 l_diff: 1.1115e+01 l_align: 4.6349e+01 l_total: 1.0812e+02 
2026-05-22 03:14:57,090 INFO: [scape..][epoch: 15, iter:  37,540, lr:(5.970e-04,)][eta: 5:17:06, time (data): 0.322 (0.036)]l_bij: 2.2222e+01 l_orth: 4.4454e+01 l_diff: 1.2334e+01 l_align: 4.6642e+01 l_total: 1.2565e+02 
2026-05-22 03:15:03,737 INFO: [scape..][epoch: 15, iter:  37,560, lr:(5.970e-04,)][eta: 5:16:54, time (data): 0.323 (0.035)]l_bij: 3.6240e+01 l_orth: 5.0665e+01 l_diff: 1.4393e+01 l_align: 4.6023e+01 l_total: 1.4732e+02 
2026-05-22 03:15:10,228 INFO: [scape..][epoch: 15, iter:  37,580, lr:(5.970e-04,)][eta: 5:16:41, time (data): 0.323 (0.035)]l_bij: 1.3957e+01 l_orth: 3.9507e+01 l_diff: 1.1237e+01 l_align: 4.2393e+01 l_total: 1.0709e+02 
2026-05-22 03:15:17,318 INFO: [scape..][epoch: 15, iter:  37,600, lr:(5.970e-04,)][eta: 5:16:30, time (data): 0.342 (0.037)]l_bij: 5.9039e+01 l_orth: 7.2284e+01 l_diff: 2.0622e+01 l_align: 5.9325e+01 l_total: 2.1127e+02 
2026-05-22 03:15:25,012 INFO: [scape..][epoch: 15, iter:  37,620, lr:(5.970e-04,)][eta: 5:16:18, time (data): 0.368 (0.033)]l_bij: 3.6264e+01 l_orth: 5.2742e+01 l_diff: 1.5289e+01 l_align: 5.1779e+01 l_total: 1.5607e+02 
2026-05-22 03:15:30,297 INFO: [scape..][epoch: 15, iter:  37,640, lr:(5.970e-04,)][eta: 5:16:05, time (data): 0.329 (0.034)]l_bij: 3.1845e+01 l_orth: 4.8378e+01 l_diff: 1.5176e+01 l_align: 4.7771e+01 l_total: 1.4317e+02 
2026-05-22 03:15:38,302 INFO: [scape..][epoch: 15, iter:  37,660, lr:(5.970e-04,)][eta: 5:15:54, time (data): 0.348 (0.036)]l_bij: 4.5615e+01 l_orth: 5.8926e+01 l_diff: 1.4358e+01 l_align: 4.9343e+01 l_total: 1.6824e+02 
2026-05-22 03:15:44,862 INFO: [scape..][epoch: 15, iter:  37,680, lr:(5.970e-04,)][eta: 5:15:41, time (data): 0.344 (0.036)]l_bij: 1.4267e+01 l_orth: 4.0702e+01 l_diff: 1.2368e+01 l_align: 4.5566e+01 l_total: 1.1290e+02 
2026-05-22 03:15:50,625 INFO: [scape..][epoch: 15, iter:  37,700, lr:(5.970e-04,)][eta: 5:15:28, time (data): 0.334 (0.035)]l_bij: 1.3913e+01 l_orth: 3.7028e+01 l_diff: 1.4922e+01 l_align: 4.2003e+01 l_total: 1.0787e+02 
2026-05-22 03:15:57,566 INFO: [scape..][epoch: 15, iter:  37,720, lr:(5.970e-04,)][eta: 5:15:16, time (data): 0.336 (0.035)]l_bij: 1.0264e+00 l_orth: 2.9617e+01 l_diff: 1.0227e+01 l_align: 4.2899e+01 l_total: 8.3768e+01 
2026-05-22 03:16:03,169 INFO: [scape..][epoch: 15, iter:  37,740, lr:(5.970e-04,)][eta: 5:15:03, time (data): 0.329 (0.035)]l_bij: 1.8563e+01 l_orth: 4.0955e+01 l_diff: 1.3566e+01 l_align: 4.4511e+01 l_total: 1.1760e+02 
2026-05-22 03:16:08,385 INFO: [scape..][epoch: 15, iter:  37,760, lr:(5.970e-04,)][eta: 5:14:49, time (data): 0.321 (0.035)]l_bij: 4.1065e+01 l_orth: 5.6923e+01 l_diff: 1.4190e+01 l_align: 5.1908e+01 l_total: 1.6409e+02 
2026-05-22 03:16:13,923 INFO: [scape..][epoch: 15, iter:  37,780, lr:(5.970e-04,)][eta: 5:14:35, time (data): 0.316 (0.035)]l_bij: 2.6740e+01 l_orth: 4.8185e+01 l_diff: 1.3840e+01 l_align: 4.6193e+01 l_total: 1.3496e+02 
2026-05-22 03:16:19,404 INFO: [scape..][epoch: 15, iter:  37,800, lr:(5.970e-04,)][eta: 5:14:22, time (data): 0.301 (0.033)]l_bij: 2.8488e+01 l_orth: 4.9055e+01 l_diff: 1.3715e+01 l_align: 4.9189e+01 l_total: 1.4045e+02 
2026-05-22 03:16:24,815 INFO: [scape..][epoch: 15, iter:  37,820, lr:(5.970e-04,)][eta: 5:14:08, time (data): 0.282 (0.035)]l_bij: 2.7406e+01 l_orth: 4.6194e+01 l_diff: 1.5341e+01 l_align: 4.6559e+01 l_total: 1.3550e+02 
2026-05-22 03:16:31,476 INFO: [scape..][epoch: 15, iter:  37,840, lr:(5.970e-04,)][eta: 5:13:56, time (data): 0.302 (0.034)]l_bij: 2.0512e+01 l_orth: 4.1841e+01 l_diff: 1.0369e+01 l_align: 4.6245e+01 l_total: 1.1897e+02 
2026-05-22 03:16:37,332 INFO: [scape..][epoch: 15, iter:  37,860, lr:(5.970e-04,)][eta: 5:13:43, time (data): 0.299 (0.036)]l_bij: 4.5475e+01 l_orth: 6.1587e+01 l_diff: 1.3522e+01 l_align: 5.1692e+01 l_total: 1.7228e+02 
2026-05-22 03:16:42,609 INFO: [scape..][epoch: 15, iter:  37,880, lr:(5.970e-04,)][eta: 5:13:29, time (data): 0.291 (0.036)]l_bij: 4.4357e+01 l_orth: 6.1503e+01 l_diff: 1.3808e+01 l_align: 5.0715e+01 l_total: 1.7038e+02 
2026-05-22 03:16:49,587 INFO: [scape..][epoch: 15, iter:  37,900, lr:(5.970e-04,)][eta: 5:13:17, time (data): 0.302 (0.036)]l_bij: 2.3644e+01 l_orth: 4.2789e+01 l_diff: 1.6754e+01 l_align: 4.3694e+01 l_total: 1.2688e+02 
2026-05-22 03:16:56,366 INFO: [scape..][epoch: 15, iter:  37,920, lr:(5.970e-04,)][eta: 5:13:05, time (data): 0.307 (0.036)]l_bij: 3.8348e+01 l_orth: 5.7009e+01 l_diff: 1.5770e+01 l_align: 5.3583e+01 l_total: 1.6471e+02 
2026-05-22 03:17:01,563 INFO: [scape..][epoch: 15, iter:  37,940, lr:(5.970e-04,)][eta: 5:12:51, time (data): 0.301 (0.036)]l_bij: 5.0467e+01 l_orth: 6.5568e+01 l_diff: 1.3063e+01 l_align: 5.7138e+01 l_total: 1.8624e+02 
2026-05-22 03:17:07,827 INFO: [scape..][epoch: 15, iter:  37,960, lr:(5.970e-04,)][eta: 5:12:39, time (data): 0.302 (0.036)]l_bij: 1.8028e+01 l_orth: 4.0457e+01 l_diff: 1.3389e+01 l_align: 4.3765e+01 l_total: 1.1564e+02 
2026-05-22 03:17:13,612 INFO: [scape..][epoch: 15, iter:  37,980, lr:(5.970e-04,)][eta: 5:12:26, time (data): 0.301 (0.037)]l_bij: 2.1798e+01 l_orth: 4.5386e+01 l_diff: 1.7571e+01 l_align: 4.6500e+01 l_total: 1.3125e+02 
2026-05-22 03:17:20,474 INFO: [scape..][epoch: 15, iter:  38,000, lr:(5.970e-04,)][eta: 5:12:14, time (data): 0.280 (0.043)]l_bij: 3.2824e+01 l_orth: 4.9959e+01 l_diff: 1.3201e+01 l_align: 4.6471e+01 l_total: 1.4245e+02 
2026-05-22 03:17:27,334 INFO: [scape..][epoch: 15, iter:  38,020, lr:(5.970e-04,)][eta: 5:12:02, time (data): 0.321 (0.040)]l_bij: 3.3818e+01 l_orth: 5.1009e+01 l_diff: 1.6048e+01 l_align: 4.5413e+01 l_total: 1.4629e+02 
2026-05-22 03:17:33,119 INFO: [scape..][epoch: 15, iter:  38,040, lr:(5.970e-04,)][eta: 5:11:48, time (data): 0.308 (0.039)]l_bij: 1.3481e+00 l_orth: 2.9945e+01 l_diff: 1.3127e+01 l_align: 4.4486e+01 l_total: 8.8905e+01 
2026-05-22 03:17:39,930 INFO: [scape..][epoch: 15, iter:  38,060, lr:(5.970e-04,)][eta: 5:11:36, time (data): 0.317 (0.039)]l_bij: 3.4234e+01 l_orth: 5.3771e+01 l_diff: 1.4274e+01 l_align: 4.9721e+01 l_total: 1.5200e+02 
2026-05-22 03:17:46,520 INFO: [scape..][epoch: 15, iter:  38,080, lr:(5.970e-04,)][eta: 5:11:24, time (data): 0.320 (0.039)]l_bij: 1.9250e+01 l_orth: 4.3140e+01 l_diff: 1.4127e+01 l_align: 4.6798e+01 l_total: 1.2332e+02 
2026-05-22 03:17:51,189 INFO: [scape..][epoch: 15, iter:  38,100, lr:(5.970e-04,)][eta: 5:11:10, time (data): 0.304 (0.038)]l_bij: 4.9342e+01 l_orth: 6.3868e+01 l_diff: 1.4383e+01 l_align: 5.1714e+01 l_total: 1.7931e+02 
2026-05-22 03:17:58,595 INFO: [scape..][epoch: 15, iter:  38,120, lr:(5.970e-04,)][eta: 5:10:58, time (data): 0.314 (0.038)]l_bij: 4.2930e+01 l_orth: 5.7836e+01 l_diff: 1.7227e+01 l_align: 4.9429e+01 l_total: 1.6742e+02 
2026-05-22 03:18:05,686 INFO: [scape..][epoch: 15, iter:  38,140, lr:(5.970e-04,)][eta: 5:10:47, time (data): 0.320 (0.039)]l_bij: 4.1552e+01 l_orth: 5.8281e+01 l_diff: 1.5346e+01 l_align: 4.8616e+01 l_total: 1.6379e+02 
2026-05-22 03:18:11,416 INFO: [scape..][epoch: 15, iter:  38,160, lr:(5.970e-04,)][eta: 5:10:34, time (data): 0.316 (0.039)]l_bij: 3.5172e+01 l_orth: 5.1638e+01 l_diff: 1.4091e+01 l_align: 4.7991e+01 l_total: 1.4889e+02 
2026-05-22 03:18:17,869 INFO: [scape..][epoch: 15, iter:  38,180, lr:(5.970e-04,)][eta: 5:10:21, time (data): 0.317 (0.039)]l_bij: 3.1473e+01 l_orth: 4.8905e+01 l_diff: 1.3099e+01 l_align: 4.7944e+01 l_total: 1.4142e+02 
2026-05-22 03:18:24,120 INFO: [scape..][epoch: 15, iter:  38,200, lr:(5.970e-04,)][eta: 5:10:09, time (data): 0.291 (0.042)]l_bij: 2.8040e+01 l_orth: 4.6770e+01 l_diff: 1.1257e+01 l_align: 4.5333e+01 l_total: 1.3140e+02 
2026-05-22 03:18:31,474 INFO: [scape..][epoch: 15, iter:  38,220, lr:(5.970e-04,)][eta: 5:09:57, time (data): 0.342 (0.042)]l_bij: 1.7504e+01 l_orth: 3.9976e+01 l_diff: 1.2756e+01 l_align: 4.3014e+01 l_total: 1.1325e+02 
2026-05-22 03:18:38,698 INFO: [scape..][epoch: 15, iter:  38,240, lr:(5.970e-04,)][eta: 5:09:46, time (data): 0.350 (0.040)]l_bij: 4.6324e+01 l_orth: 6.1933e+01 l_diff: 2.0974e+01 l_align: 5.2650e+01 l_total: 1.8188e+02 
2026-05-22 03:18:45,491 INFO: [scape..][epoch: 15, iter:  38,260, lr:(5.970e-04,)][eta: 5:09:34, time (data): 0.347 (0.038)]l_bij: 2.6241e+01 l_orth: 4.6621e+01 l_diff: 1.0911e+01 l_align: 4.5118e+01 l_total: 1.2889e+02 
2026-05-22 03:18:51,427 INFO: [scape..][epoch: 15, iter:  38,280, lr:(5.970e-04,)][eta: 5:09:21, time (data): 0.336 (0.038)]l_bij: 2.8734e+01 l_orth: 4.9095e+01 l_diff: 1.2167e+01 l_align: 4.6673e+01 l_total: 1.3667e+02 
2026-05-22 03:18:57,962 INFO: [scape..][epoch: 15, iter:  38,300, lr:(5.970e-04,)][eta: 5:09:09, time (data): 0.334 (0.038)]l_bij: 2.1581e+01 l_orth: 4.4949e+01 l_diff: 1.3782e+01 l_align: 4.6490e+01 l_total: 1.2680e+02 
2026-05-22 03:19:03,108 INFO: [scape..][epoch: 15, iter:  38,320, lr:(5.970e-04,)][eta: 5:08:55, time (data): 0.322 (0.037)]l_bij: 1.8574e+01 l_orth: 4.1655e+01 l_diff: 1.1365e+01 l_align: 4.6965e+01 l_total: 1.1856e+02 
2026-05-22 03:19:09,184 INFO: [scape..][epoch: 15, iter:  38,340, lr:(5.970e-04,)][eta: 5:08:42, time (data): 0.320 (0.037)]l_bij: 3.1668e+01 l_orth: 5.0179e+01 l_diff: 1.1586e+01 l_align: 4.6227e+01 l_total: 1.3966e+02 
2026-05-22 03:19:15,225 INFO: [scape..][epoch: 15, iter:  38,360, lr:(5.970e-04,)][eta: 5:08:29, time (data): 0.318 (0.038)]l_bij: 2.6376e+01 l_orth: 4.9286e+01 l_diff: 1.3842e+01 l_align: 5.0381e+01 l_total: 1.3989e+02 
2026-05-22 03:19:22,620 INFO: [scape..][epoch: 15, iter:  38,380, lr:(5.970e-04,)][eta: 5:08:18, time (data): 0.323 (0.037)]l_bij: 1.4876e+00 l_orth: 3.0681e+01 l_diff: 1.1171e+01 l_align: 4.4314e+01 l_total: 8.7654e+01 
2026-05-22 03:19:28,608 INFO: [scape..][epoch: 15, iter:  38,400, lr:(5.970e-04,)][eta: 5:08:05, time (data): 0.295 (0.038)]l_bij: 1.2486e+01 l_orth: 3.7000e+01 l_diff: 1.3496e+01 l_align: 4.3615e+01 l_total: 1.0660e+02 
2026-05-22 03:19:34,324 INFO: [scape..][epoch: 15, iter:  38,420, lr:(5.970e-04,)][eta: 5:07:52, time (data): 0.288 (0.038)]l_bij: 1.8984e+01 l_orth: 4.2917e+01 l_diff: 1.2353e+01 l_align: 4.5774e+01 l_total: 1.2003e+02 
2026-05-22 03:19:41,857 INFO: [scape..][epoch: 15, iter:  38,440, lr:(5.970e-04,)][eta: 5:07:41, time (data): 0.324 (0.037)]l_bij: 3.8415e+01 l_orth: 5.5371e+01 l_diff: 1.2153e+01 l_align: 4.6270e+01 l_total: 1.5221e+02 
2026-05-22 03:19:48,103 INFO: [scape..][epoch: 15, iter:  38,460, lr:(5.970e-04,)][eta: 5:07:29, time (data): 0.321 (0.037)]l_bij: 3.5408e+01 l_orth: 5.3247e+01 l_diff: 1.4582e+01 l_align: 4.9633e+01 l_total: 1.5287e+02 
2026-05-22 03:19:53,659 INFO: [scape..][epoch: 15, iter:  38,480, lr:(5.970e-04,)][eta: 5:07:15, time (data): 0.311 (0.037)]l_bij: 4.3599e+01 l_orth: 6.0045e+01 l_diff: 1.5059e+01 l_align: 5.2693e+01 l_total: 1.7140e+02 
2026-05-22 03:19:59,912 INFO: [scape..][epoch: 15, iter:  38,500, lr:(5.970e-04,)][eta: 5:07:03, time (data): 0.311 (0.037)]l_bij: 1.8822e+01 l_orth: 4.0675e+01 l_diff: 1.3305e+01 l_align: 4.4666e+01 l_total: 1.1747e+02 
2026-05-22 03:20:05,346 INFO: [scape..][epoch: 15, iter:  38,520, lr:(5.970e-04,)][eta: 5:06:50, time (data): 0.305 (0.036)]l_bij: 2.2310e+01 l_orth: 4.3722e+01 l_diff: 1.2537e+01 l_align: 4.6111e+01 l_total: 1.2468e+02 
2026-05-22 03:20:12,093 INFO: [scape..][epoch: 15, iter:  38,540, lr:(5.970e-04,)][eta: 5:06:38, time (data): 0.310 (0.036)]l_bij: 3.3459e+01 l_orth: 5.2835e+01 l_diff: 1.3303e+01 l_align: 5.2220e+01 l_total: 1.5182e+02 
2026-05-22 03:20:17,205 INFO: [scape..][epoch: 15, iter:  38,560, lr:(5.970e-04,)][eta: 5:06:24, time (data): 0.303 (0.036)]l_bij: 5.2124e+01 l_orth: 6.6747e+01 l_diff: 1.7224e+01 l_align: 5.5915e+01 l_total: 1.9201e+02 
2026-05-22 03:20:23,279 INFO: [scape..][epoch: 15, iter:  38,580, lr:(5.970e-04,)][eta: 5:06:11, time (data): 0.303 (0.036)]l_bij: 2.7562e+01 l_orth: 4.6362e+01 l_diff: 1.5559e+01 l_align: 4.3376e+01 l_total: 1.3286e+02 
2026-05-22 03:20:29,303 INFO: [scape..][epoch: 15, iter:  38,600, lr:(5.970e-04,)][eta: 5:05:59, time (data): 0.264 (0.036)]l_bij: 2.8443e+01 l_orth: 5.1071e+01 l_diff: 1.6290e+01 l_align: 5.1569e+01 l_total: 1.4737e+02 
2026-05-22 03:20:34,688 INFO: [scape..][epoch: 15, iter:  38,620, lr:(5.970e-04,)][eta: 5:05:45, time (data): 0.268 (0.038)]l_bij: 4.1576e+01 l_orth: 5.9491e+01 l_diff: 1.7566e+01 l_align: 5.1377e+01 l_total: 1.7001e+02 
2026-05-22 03:20:42,463 INFO: [scape..][epoch: 15, iter:  38,640, lr:(5.970e-04,)][eta: 5:05:35, time (data): 0.318 (0.038)]l_bij: 3.8760e+01 l_orth: 5.6661e+01 l_diff: 1.7526e+01 l_align: 4.7494e+01 l_total: 1.6044e+02 
2026-05-22 03:20:48,883 INFO: [scape..][epoch: 15, iter:  38,660, lr:(5.970e-04,)][eta: 5:05:22, time (data): 0.319 (0.038)]l_bij: 3.4659e+01 l_orth: 5.2171e+01 l_diff: 1.2196e+01 l_align: 4.9878e+01 l_total: 1.4890e+02 
2026-05-22 03:20:54,897 INFO: [scape..][epoch: 15, iter:  38,680, lr:(5.970e-04,)][eta: 5:05:10, time (data): 0.315 (0.038)]l_bij: 1.0922e+00 l_orth: 3.0749e+01 l_diff: 1.0243e+01 l_align: 4.4455e+01 l_total: 8.6539e+01 
2026-05-22 03:21:01,174 INFO: [scape..][epoch: 15, iter:  38,700, lr:(5.970e-04,)][eta: 5:04:57, time (data): 0.315 (0.037)]l_bij: 2.2882e+01 l_orth: 4.5288e+01 l_diff: 1.6691e+01 l_align: 4.5101e+01 l_total: 1.2996e+02 
2026-05-22 03:21:07,354 INFO: [scape..][epoch: 15, iter:  38,720, lr:(5.970e-04,)][eta: 5:04:45, time (data): 0.314 (0.038)]l_bij: 3.1601e+01 l_orth: 5.2378e+01 l_diff: 1.4895e+01 l_align: 5.0045e+01 l_total: 1.4892e+02 
2026-05-22 03:21:14,154 INFO: [scape..][epoch: 15, iter:  38,740, lr:(5.970e-04,)][eta: 5:04:33, time (data): 0.317 (0.038)]l_bij: 2.6459e+01 l_orth: 4.7485e+01 l_diff: 1.2828e+01 l_align: 4.5337e+01 l_total: 1.3211e+02 
2026-05-22 03:21:20,120 INFO: [scape..][epoch: 15, iter:  38,760, lr:(5.970e-04,)][eta: 5:04:20, time (data): 0.315 (0.038)]l_bij: 2.8829e+01 l_orth: 4.9246e+01 l_diff: 1.2567e+01 l_align: 4.8816e+01 l_total: 1.3946e+02 
2026-05-22 03:21:25,943 INFO: [scape..][epoch: 15, iter:  38,780, lr:(5.970e-04,)][eta: 5:04:07, time (data): 0.312 (0.037)]l_bij: 4.3679e+01 l_orth: 5.9661e+01 l_diff: 1.6149e+01 l_align: 5.0521e+01 l_total: 1.7001e+02 
2026-05-22 03:21:31,652 INFO: [scape..][epoch: 15, iter:  38,800, lr:(5.970e-04,)][eta: 5:03:55, time (data): 0.319 (0.038)]l_bij: 3.3647e+01 l_orth: 5.0202e+01 l_diff: 1.1656e+01 l_align: 4.4463e+01 l_total: 1.3997e+02 
2026-05-22 03:21:39,534 INFO: [scape..][epoch: 15, iter:  38,820, lr:(5.970e-04,)][eta: 5:03:44, time (data): 0.375 (0.039)]l_bij: 7.7513e+01 l_orth: 8.8749e+01 l_diff: 1.5984e+01 l_align: 6.9483e+01 l_total: 2.5173e+02 
2026-05-22 03:21:45,903 INFO: [scape..][epoch: 15, iter:  38,840, lr:(5.970e-04,)][eta: 5:03:32, time (data): 0.351 (0.037)]l_bij: 2.5001e+01 l_orth: 4.5017e+01 l_diff: 1.4116e+01 l_align: 4.4816e+01 l_total: 1.2895e+02 
2026-05-22 03:21:50,701 INFO: [scape..][epoch: 15, iter:  38,860, lr:(5.970e-04,)][eta: 5:03:18, time (data): 0.318 (0.038)]l_bij: 1.5740e+01 l_orth: 4.0894e+01 l_diff: 1.2808e+01 l_align: 4.5058e+01 l_total: 1.1450e+02 
2026-05-22 03:21:57,736 INFO: [scape..][epoch: 15, iter:  38,880, lr:(5.970e-04,)][eta: 5:03:06, time (data): 0.325 (0.038)]l_bij: 3.5465e+01 l_orth: 5.4764e+01 l_diff: 1.3404e+01 l_align: 4.8970e+01 l_total: 1.5260e+02 
2026-05-22 03:22:04,199 INFO: [scape..][epoch: 15, iter:  38,900, lr:(5.970e-04,)][eta: 5:02:54, time (data): 0.325 (0.038)]l_bij: 3.7206e+01 l_orth: 5.3451e+01 l_diff: 1.6982e+01 l_align: 4.6614e+01 l_total: 1.5425e+02 
2026-05-22 03:22:11,626 INFO: [scape..][epoch: 15, iter:  38,920, lr:(5.970e-04,)][eta: 5:02:43, time (data): 0.332 (0.038)]l_bij: 3.4337e+01 l_orth: 5.0342e+01 l_diff: 1.4118e+01 l_align: 4.6343e+01 l_total: 1.4514e+02 
2026-05-22 03:22:17,352 INFO: [scape..][epoch: 15, iter:  38,940, lr:(5.970e-04,)][eta: 5:02:30, time (data): 0.326 (0.038)]l_bij: 3.2982e+01 l_orth: 5.3695e+01 l_diff: 1.5324e+01 l_align: 5.0639e+01 l_total: 1.5264e+02 
2026-05-22 03:22:23,917 INFO: [scape..][epoch: 15, iter:  38,960, lr:(5.970e-04,)][eta: 5:02:18, time (data): 0.326 (0.038)]l_bij: 2.7719e+01 l_orth: 4.9056e+01 l_diff: 1.3006e+01 l_align: 4.6454e+01 l_total: 1.3623e+02 
2026-05-22 03:22:30,194 INFO: [scape..][epoch: 15, iter:  38,980, lr:(5.970e-04,)][eta: 5:02:06, time (data): 0.325 (0.038)]l_bij: 2.6161e+01 l_orth: 4.7885e+01 l_diff: 1.5053e+01 l_align: 4.9345e+01 l_total: 1.3844e+02 
2026-05-22 03:22:36,237 INFO: [scape..][epoch: 15, iter:  39,000, lr:(5.970e-04,)][eta: 5:01:53, time (data): 0.352 (0.033)]l_bij: 1.7865e+01 l_orth: 4.2319e+01 l_diff: 1.2718e+01 l_align: 4.5159e+01 l_total: 1.1806e+02 
2026-05-22 03:22:42,577 INFO: [scape..][epoch: 16, iter:  39,020, lr:(5.500e-04,)][eta: 5:01:41, time (data): 0.325 (0.066)]l_bij: 2.3985e+01 l_orth: 5.1443e+01 l_diff: 1.6170e+01 l_align: 5.2013e+01 l_total: 1.4361e+02 
2026-05-22 03:22:48,919 INFO: [scape..][epoch: 16, iter:  39,040, lr:(5.500e-04,)][eta: 5:01:29, time (data): 0.322 (0.051)]l_bij: 2.4181e+01 l_orth: 4.3531e+01 l_diff: 1.4034e+01 l_align: 4.4073e+01 l_total: 1.2582e+02 
2026-05-22 03:22:55,536 INFO: [scape..][epoch: 16, iter:  39,060, lr:(5.500e-04,)][eta: 5:01:17, time (data): 0.324 (0.045)]l_bij: 2.9685e+01 l_orth: 4.7669e+01 l_diff: 1.4768e+01 l_align: 4.4957e+01 l_total: 1.3708e+02 
2026-05-22 03:23:01,258 INFO: [scape..][epoch: 16, iter:  39,080, lr:(5.500e-04,)][eta: 5:01:04, time (data): 0.315 (0.043)]l_bij: 3.0662e+01 l_orth: 4.9980e+01 l_diff: 1.3844e+01 l_align: 4.7823e+01 l_total: 1.4231e+02 
2026-05-22 03:23:06,951 INFO: [scape..][epoch: 16, iter:  39,100, lr:(5.500e-04,)][eta: 5:00:51, time (data): 0.310 (0.042)]l_bij: 2.1493e+01 l_orth: 4.3967e+01 l_diff: 1.1227e+01 l_align: 4.6195e+01 l_total: 1.2288e+02 
2026-05-22 03:23:12,848 INFO: [scape..][epoch: 16, iter:  39,120, lr:(5.500e-04,)][eta: 5:00:38, time (data): 0.307 (0.041)]l_bij: 4.9156e+01 l_orth: 6.3924e+01 l_diff: 1.7067e+01 l_align: 5.3527e+01 l_total: 1.8367e+02 
2026-05-22 03:23:19,256 INFO: [scape..][epoch: 16, iter:  39,140, lr:(5.500e-04,)][eta: 5:00:26, time (data): 0.309 (0.040)]l_bij: 4.1588e+01 l_orth: 5.7175e+01 l_diff: 1.5384e+01 l_align: 5.0021e+01 l_total: 1.6417e+02 
2026-05-22 03:23:25,744 INFO: [scape..][epoch: 16, iter:  39,160, lr:(5.500e-04,)][eta: 5:00:14, time (data): 0.311 (0.040)]l_bij: 5.0652e+01 l_orth: 6.3884e+01 l_diff: 1.6700e+01 l_align: 5.2091e+01 l_total: 1.8333e+02 
2026-05-22 03:23:30,139 INFO: [scape..][epoch: 16, iter:  39,180, lr:(5.500e-04,)][eta: 5:00:00, time (data): 0.301 (0.039)]l_bij: 1.1846e+00 l_orth: 3.0003e+01 l_diff: 1.0627e+01 l_align: 4.2209e+01 l_total: 8.4024e+01 
2026-05-22 03:23:36,469 INFO: [scape..][epoch: 16, iter:  39,200, lr:(5.500e-04,)][eta: 4:59:48, time (data): 0.421 (0.036)]l_bij: 3.1063e+01 l_orth: 5.0010e+01 l_diff: 1.3941e+01 l_align: 4.6377e+01 l_total: 1.4139e+02 
2026-05-22 03:23:42,638 INFO: [scape..][epoch: 16, iter:  39,220, lr:(5.500e-04,)][eta: 4:59:36, time (data): 0.331 (0.039)]l_bij: 3.5913e+01 l_orth: 5.1015e+01 l_diff: 1.7180e+01 l_align: 4.6618e+01 l_total: 1.5073e+02 
2026-05-22 03:23:49,031 INFO: [scape..][epoch: 16, iter:  39,240, lr:(5.500e-04,)][eta: 4:59:24, time (data): 0.326 (0.040)]l_bij: 5.4857e+01 l_orth: 6.8763e+01 l_diff: 1.4419e+01 l_align: 6.0053e+01 l_total: 1.9809e+02 
2026-05-22 03:23:54,871 INFO: [scape..][epoch: 16, iter:  39,260, lr:(5.500e-04,)][eta: 4:59:11, time (data): 0.315 (0.039)]l_bij: 3.1520e+01 l_orth: 5.3258e+01 l_diff: 1.6009e+01 l_align: 4.8989e+01 l_total: 1.4978e+02 
2026-05-22 03:24:01,528 INFO: [scape..][epoch: 16, iter:  39,280, lr:(5.500e-04,)][eta: 4:58:59, time (data): 0.319 (0.039)]l_bij: 1.6586e+01 l_orth: 3.9024e+01 l_diff: 1.2472e+01 l_align: 4.4655e+01 l_total: 1.1274e+02 
2026-05-22 03:24:07,620 INFO: [scape..][epoch: 16, iter:  39,300, lr:(5.500e-04,)][eta: 4:58:47, time (data): 0.317 (0.039)]l_bij: 3.2049e+01 l_orth: 4.8560e+01 l_diff: 1.2739e+01 l_align: 4.5293e+01 l_total: 1.3864e+02 
2026-05-22 03:24:13,761 INFO: [scape..][epoch: 16, iter:  39,320, lr:(5.500e-04,)][eta: 4:58:34, time (data): 0.315 (0.038)]l_bij: 3.3832e+01 l_orth: 4.9749e+01 l_diff: 1.4614e+01 l_align: 4.4454e+01 l_total: 1.4265e+02 
2026-05-22 03:24:20,878 INFO: [scape..][epoch: 16, iter:  39,340, lr:(5.500e-04,)][eta: 4:58:23, time (data): 0.321 (0.038)]l_bij: 2.0414e+01 l_orth: 4.4654e+01 l_diff: 1.4551e+01 l_align: 4.6306e+01 l_total: 1.2593e+02 
2026-05-22 03:24:26,086 INFO: [scape..][epoch: 16, iter:  39,360, lr:(5.500e-04,)][eta: 4:58:10, time (data): 0.313 (0.039)]l_bij: 2.4518e+01 l_orth: 4.3978e+01 l_diff: 1.2904e+01 l_align: 4.5456e+01 l_total: 1.2686e+02 
2026-05-22 03:24:33,594 INFO: [scape..][epoch: 16, iter:  39,380, lr:(5.500e-04,)][eta: 4:57:59, time (data): 0.320 (0.039)]l_bij: 3.6538e+01 l_orth: 5.3614e+01 l_diff: 1.3619e+01 l_align: 5.0873e+01 l_total: 1.5464e+02 
2026-05-22 03:24:40,466 INFO: [scape..][epoch: 16, iter:  39,400, lr:(5.500e-04,)][eta: 4:57:47, time (data): 0.367 (0.040)]l_bij: 3.6052e+01 l_orth: 5.2847e+01 l_diff: 1.3630e+01 l_align: 4.7104e+01 l_total: 1.4963e+02 
2026-05-22 03:24:47,928 INFO: [scape..][epoch: 16, iter:  39,420, lr:(5.500e-04,)][eta: 4:57:36, time (data): 0.372 (0.037)]l_bij: 4.1596e+01 l_orth: 5.6357e+01 l_diff: 1.5550e+01 l_align: 4.8201e+01 l_total: 1.6170e+02 
2026-05-22 03:24:54,158 INFO: [scape..][epoch: 16, iter:  39,440, lr:(5.500e-04,)][eta: 4:57:24, time (data): 0.344 (0.036)]l_bij: 1.4733e+00 l_orth: 3.0438e+01 l_diff: 1.0973e+01 l_align: 4.3802e+01 l_total: 8.6687e+01 
2026-05-22 03:25:00,204 INFO: [scape..][epoch: 16, iter:  39,460, lr:(5.500e-04,)][eta: 4:57:12, time (data): 0.331 (0.036)]l_bij: 2.6271e+01 l_orth: 4.5879e+01 l_diff: 1.4238e+01 l_align: 4.6738e+01 l_total: 1.3313e+02 
2026-05-22 03:25:06,503 INFO: [scape..][epoch: 16, iter:  39,480, lr:(5.500e-04,)][eta: 4:57:00, time (data): 0.327 (0.037)]l_bij: 2.6668e+01 l_orth: 4.6228e+01 l_diff: 1.7734e+01 l_align: 4.7283e+01 l_total: 1.3791e+02 
2026-05-22 03:25:12,606 INFO: [scape..][epoch: 16, iter:  39,500, lr:(5.500e-04,)][eta: 4:56:47, time (data): 0.323 (0.037)]l_bij: 2.9325e+01 l_orth: 4.9250e+01 l_diff: 1.4659e+01 l_align: 4.7744e+01 l_total: 1.4098e+02 
2026-05-22 03:25:18,176 INFO: [scape..][epoch: 16, iter:  39,520, lr:(5.500e-04,)][eta: 4:56:34, time (data): 0.316 (0.038)]l_bij: 2.7773e+01 l_orth: 4.8101e+01 l_diff: 9.4435e+00 l_align: 4.9085e+01 l_total: 1.3440e+02 
2026-05-22 03:25:24,008 INFO: [scape..][epoch: 16, iter:  39,540, lr:(5.500e-04,)][eta: 4:56:22, time (data): 0.312 (0.038)]l_bij: 6.9488e+01 l_orth: 9.2503e+01 l_diff: 2.4069e+01 l_align: 7.0188e+01 l_total: 2.5625e+02 
2026-05-22 03:25:31,270 INFO: [scape..][epoch: 16, iter:  39,560, lr:(5.500e-04,)][eta: 4:56:11, time (data): 0.319 (0.039)]l_bij: 3.4067e+01 l_orth: 5.3259e+01 l_diff: 1.4347e+01 l_align: 4.9120e+01 l_total: 1.5079e+02 
2026-05-22 03:25:38,225 INFO: [scape..][epoch: 16, iter:  39,580, lr:(5.500e-04,)][eta: 4:55:59, time (data): 0.322 (0.039)]l_bij: 3.1600e+01 l_orth: 5.2477e+01 l_diff: 1.6082e+01 l_align: 4.9902e+01 l_total: 1.5006e+02 
2026-05-22 03:25:43,631 INFO: [scape..][epoch: 16, iter:  39,600, lr:(5.500e-04,)][eta: 4:55:46, time (data): 0.208 (0.044)]l_bij: 4.6885e+01 l_orth: 5.9788e+01 l_diff: 1.5774e+01 l_align: 5.2826e+01 l_total: 1.7527e+02 
2026-05-22 03:25:49,159 INFO: [scape..][epoch: 16, iter:  39,620, lr:(5.500e-04,)][eta: 4:55:33, time (data): 0.267 (0.041)]l_bij: 4.6140e+01 l_orth: 6.1018e+01 l_diff: 1.5200e+01 l_align: 5.1500e+01 l_total: 1.7386e+02 
2026-05-22 03:25:54,566 INFO: [scape..][epoch: 16, iter:  39,640, lr:(5.500e-04,)][eta: 4:55:21, time (data): 0.269 (0.040)]l_bij: 2.1779e+01 l_orth: 4.2853e+01 l_diff: 1.4432e+01 l_align: 4.6327e+01 l_total: 1.2539e+02 
2026-05-22 03:26:00,337 INFO: [scape..][epoch: 16, iter:  39,660, lr:(5.500e-04,)][eta: 4:55:08, time (data): 0.275 (0.038)]l_bij: 3.2315e+01 l_orth: 5.1115e+01 l_diff: 1.3848e+01 l_align: 5.0009e+01 l_total: 1.4729e+02 
2026-05-22 03:26:04,548 INFO: [scape..][epoch: 16, iter:  39,680, lr:(5.500e-04,)][eta: 4:54:54, time (data): 0.259 (0.036)]l_bij: 2.6988e+01 l_orth: 4.6995e+01 l_diff: 1.6135e+01 l_align: 4.9057e+01 l_total: 1.3918e+02 
2026-05-22 03:26:09,075 INFO: [scape..][epoch: 16, iter:  39,700, lr:(5.500e-04,)][eta: 4:54:40, time (data): 0.253 (0.036)]l_bij: 1.8977e+01 l_orth: 4.1573e+01 l_diff: 1.2166e+01 l_align: 4.4253e+01 l_total: 1.1697e+02 
2026-05-22 03:26:14,359 INFO: [scape..][epoch: 16, iter:  39,720, lr:(5.500e-04,)][eta: 4:54:27, time (data): 0.255 (0.036)]l_bij: 3.1847e+01 l_orth: 5.2660e+01 l_diff: 1.4896e+01 l_align: 4.7335e+01 l_total: 1.4674e+02 
2026-05-22 03:26:19,088 INFO: [scape..][epoch: 16, iter:  39,740, lr:(5.500e-04,)][eta: 4:54:14, time (data): 0.252 (0.036)]l_bij: 2.2780e+01 l_orth: 4.3539e+01 l_diff: 1.2806e+01 l_align: 4.4270e+01 l_total: 1.2339e+02 
2026-05-22 03:26:24,584 INFO: [scape..][epoch: 16, iter:  39,760, lr:(5.500e-04,)][eta: 4:54:01, time (data): 0.255 (0.036)]l_bij: 3.7506e+01 l_orth: 5.4831e+01 l_diff: 1.7368e+01 l_align: 4.7955e+01 l_total: 1.5766e+02 
2026-05-22 03:26:30,363 INFO: [scape..][epoch: 16, iter:  39,780, lr:(5.500e-04,)][eta: 4:53:48, time (data): 0.259 (0.037)]l_bij: 4.5675e+01 l_orth: 6.0714e+01 l_diff: 1.1459e+01 l_align: 4.9746e+01 l_total: 1.6759e+02 
2026-05-22 03:26:35,802 INFO: [scape..][epoch: 16, iter:  39,800, lr:(5.500e-04,)][eta: 4:53:35, time (data): 0.181 (0.037)]l_bij: 2.7610e+01 l_orth: 4.9577e+01 l_diff: 1.3021e+01 l_align: 4.7866e+01 l_total: 1.3807e+02 
2026-05-22 03:26:41,426 INFO: [scape..][epoch: 16, iter:  39,820, lr:(5.500e-04,)][eta: 4:53:23, time (data): 0.272 (0.035)]l_bij: 4.0222e+01 l_orth: 5.7712e+01 l_diff: 1.4111e+01 l_align: 4.7393e+01 l_total: 1.5944e+02 
2026-05-22 03:26:46,101 INFO: [scape..][epoch: 16, iter:  39,840, lr:(5.500e-04,)][eta: 4:53:09, time (data): 0.254 (0.034)]l_bij: 4.0755e+01 l_orth: 5.5517e+01 l_diff: 1.5048e+01 l_align: 5.0993e+01 l_total: 1.6231e+02 
2026-05-22 03:26:51,971 INFO: [scape..][epoch: 16, iter:  39,860, lr:(5.500e-04,)][eta: 4:52:57, time (data): 0.266 (0.035)]l_bij: 3.1143e+01 l_orth: 5.2835e+01 l_diff: 1.5880e+01 l_align: 5.1197e+01 l_total: 1.5106e+02 
2026-05-22 03:26:58,157 INFO: [scape..][epoch: 16, iter:  39,880, lr:(5.500e-04,)][eta: 4:52:45, time (data): 0.277 (0.035)]l_bij: 1.5335e+01 l_orth: 4.2737e+01 l_diff: 1.3666e+01 l_align: 4.7685e+01 l_total: 1.1942e+02 
2026-05-22 03:27:02,793 INFO: [scape..][epoch: 16, iter:  39,900, lr:(5.500e-04,)][eta: 4:52:31, time (data): 0.268 (0.036)]l_bij: 2.7368e+01 l_orth: 4.7813e+01 l_diff: 1.0983e+01 l_align: 4.5257e+01 l_total: 1.3142e+02 
2026-05-22 03:27:08,343 INFO: [scape..][epoch: 16, iter:  39,920, lr:(5.500e-04,)][eta: 4:52:18, time (data): 0.270 (0.036)]l_bij: 2.1899e+01 l_orth: 4.4044e+01 l_diff: 1.3182e+01 l_align: 4.6992e+01 l_total: 1.2612e+02 
2026-05-22 03:27:13,674 INFO: [scape..][epoch: 16, iter:  39,940, lr:(5.500e-04,)][eta: 4:52:05, time (data): 0.269 (0.036)]l_bij: 3.2534e+01 l_orth: 5.2745e+01 l_diff: 1.3541e+01 l_align: 5.1023e+01 l_total: 1.4984e+02 
2026-05-22 03:27:18,484 INFO: [scape..][epoch: 16, iter:  39,960, lr:(5.500e-04,)][eta: 4:51:52, time (data): 0.266 (0.036)]l_bij: 1.6515e+01 l_orth: 4.1737e+01 l_diff: 1.2981e+01 l_align: 4.7173e+01 l_total: 1.1841e+02 
2026-05-22 03:27:24,871 INFO: [scape..][epoch: 16, iter:  39,980, lr:(5.500e-04,)][eta: 4:51:40, time (data): 0.271 (0.037)]l_bij: 2.0758e+01 l_orth: 4.1842e+01 l_diff: 1.0434e+01 l_align: 4.3261e+01 l_total: 1.1629e+02 
2026-05-22 03:27:30,119 INFO: [scape..][epoch: 16, iter:  40,000, lr:(5.500e-04,)][eta: 4:51:27, time (data): 0.205 (0.040)]l_bij: 3.7972e+01 l_orth: 5.6851e+01 l_diff: 1.5700e+01 l_align: 5.3770e+01 l_total: 1.6429e+02 
2026-05-22 03:27:30,119 INFO: Saving models and training states.
2026-05-22 03:27:30,140 INFO: Start validation.
2026-05-22 03:31:08,863 INFO: Avg time: 0.2181
2026-05-22 03:31:09,056 INFO: Val auc: 0.8109
2026-05-22 03:31:09,065 INFO: Val avg error: 0.0189
2026-05-22 03:31:14,977 INFO: [scape..][epoch: 16, iter:  40,020, lr:(5.500e-04,)][eta: 4:54:43, time (data): 0.288 (0.036)]l_bij: 2.5862e+01 l_orth: 4.5980e+01 l_diff: 1.4865e+01 l_align: 4.7139e+01 l_total: 1.3385e+02 
2026-05-22 03:31:21,327 INFO: [scape..][epoch: 16, iter:  40,040, lr:(5.500e-04,)][eta: 4:54:31, time (data): 0.303 (0.037)]l_bij: 3.4103e+01 l_orth: 5.0247e+01 l_diff: 9.9808e+00 l_align: 4.3628e+01 l_total: 1.3796e+02 
2026-05-22 03:31:27,980 INFO: [scape..][epoch: 16, iter:  40,060, lr:(5.500e-04,)][eta: 4:54:19, time (data): 0.312 (0.038)]l_bij: 2.7277e+01 l_orth: 4.8618e+01 l_diff: 1.4265e+01 l_align: 4.7882e+01 l_total: 1.3804e+02 
2026-05-22 03:31:35,331 INFO: [scape..][epoch: 16, iter:  40,080, lr:(5.500e-04,)][eta: 4:54:08, time (data): 0.326 (0.037)]l_bij: 2.4363e+01 l_orth: 4.7299e+01 l_diff: 1.3995e+01 l_align: 4.8334e+01 l_total: 1.3399e+02 
2026-05-22 03:31:42,396 INFO: [scape..][epoch: 16, iter:  40,100, lr:(5.500e-04,)][eta: 4:53:56, time (data): 0.331 (0.037)]l_bij: 3.4162e+01 l_orth: 5.1616e+01 l_diff: 1.6741e+01 l_align: 4.9249e+01 l_total: 1.5177e+02 
2026-05-22 03:31:48,469 INFO: [scape..][epoch: 16, iter:  40,120, lr:(5.500e-04,)][eta: 4:53:44, time (data): 0.327 (0.037)]l_bij: 2.5147e+01 l_orth: 4.5688e+01 l_diff: 1.4121e+01 l_align: 4.8234e+01 l_total: 1.3319e+02 
2026-05-22 03:31:54,203 INFO: [scape..][epoch: 16, iter:  40,140, lr:(5.500e-04,)][eta: 4:53:31, time (data): 0.321 (0.036)]l_bij: 2.6188e+01 l_orth: 4.9263e+01 l_diff: 1.4738e+01 l_align: 4.8919e+01 l_total: 1.3911e+02 
2026-05-22 03:31:59,981 INFO: [scape..][epoch: 16, iter:  40,160, lr:(5.500e-04,)][eta: 4:53:19, time (data): 0.317 (0.037)]l_bij: 3.8887e+01 l_orth: 5.4118e+01 l_diff: 1.5806e+01 l_align: 4.7989e+01 l_total: 1.5680e+02 
2026-05-22 03:32:05,330 INFO: [scape..][epoch: 16, iter:  40,180, lr:(5.500e-04,)][eta: 4:53:06, time (data): 0.312 (0.037)]l_bij: 1.4915e+01 l_orth: 3.8458e+01 l_diff: 1.0867e+01 l_align: 4.3255e+01 l_total: 1.0749e+02 
2026-05-22 03:32:11,311 INFO: [scape..][epoch: 16, iter:  40,200, lr:(5.500e-04,)][eta: 4:52:53, time (data): 0.310 (0.037)]l_bij: 4.0649e+01 l_orth: 5.6316e+01 l_diff: 1.4493e+01 l_align: 4.8530e+01 l_total: 1.5999e+02 
2026-05-22 03:32:16,608 INFO: [scape..][epoch: 16, iter:  40,220, lr:(5.500e-04,)][eta: 4:52:40, time (data): 0.265 (0.040)]l_bij: 4.5087e+01 l_orth: 5.8842e+01 l_diff: 1.5464e+01 l_align: 4.8281e+01 l_total: 1.6767e+02 
2026-05-22 03:32:23,982 INFO: [scape..][epoch: 16, iter:  40,240, lr:(5.500e-04,)][eta: 4:52:29, time (data): 0.317 (0.041)]l_bij: 2.3153e+01 l_orth: 4.6923e+01 l_diff: 1.4474e+01 l_align: 4.8071e+01 l_total: 1.3262e+02 
2026-05-22 03:32:29,228 INFO: [scape..][epoch: 16, iter:  40,260, lr:(5.500e-04,)][eta: 4:52:16, time (data): 0.299 (0.039)]l_bij: 2.2096e+01 l_orth: 4.6185e+01 l_diff: 1.4242e+01 l_align: 4.6792e+01 l_total: 1.2932e+02 
2026-05-22 03:32:35,477 INFO: [scape..][epoch: 16, iter:  40,280, lr:(5.500e-04,)][eta: 4:52:04, time (data): 0.302 (0.039)]l_bij: 1.8234e+01 l_orth: 4.0755e+01 l_diff: 1.3093e+01 l_align: 4.3967e+01 l_total: 1.1605e+02 
2026-05-22 03:32:42,726 INFO: [scape..][epoch: 16, iter:  40,300, lr:(5.500e-04,)][eta: 4:51:53, time (data): 0.314 (0.039)]l_bij: 2.5534e+01 l_orth: 4.4793e+01 l_diff: 1.5286e+01 l_align: 4.6522e+01 l_total: 1.3213e+02 
2026-05-22 03:32:48,467 INFO: [scape..][epoch: 16, iter:  40,320, lr:(5.500e-04,)][eta: 4:51:40, time (data): 0.310 (0.040)]l_bij: 2.2013e+01 l_orth: 4.3191e+01 l_diff: 1.4701e+01 l_align: 4.4767e+01 l_total: 1.2467e+02 
2026-05-22 03:32:54,404 INFO: [scape..][epoch: 16, iter:  40,340, lr:(5.500e-04,)][eta: 4:51:28, time (data): 0.308 (0.040)]l_bij: 3.5422e+01 l_orth: 5.1000e+01 l_diff: 1.2501e+01 l_align: 4.5162e+01 l_total: 1.4409e+02 
2026-05-22 03:33:00,103 INFO: [scape..][epoch: 16, iter:  40,360, lr:(5.500e-04,)][eta: 4:51:15, time (data): 0.305 (0.039)]l_bij: 3.5514e+01 l_orth: 5.5479e+01 l_diff: 1.5955e+01 l_align: 4.7339e+01 l_total: 1.5429e+02 
2026-05-22 03:33:05,485 INFO: [scape..][epoch: 16, iter:  40,380, lr:(5.500e-04,)][eta: 4:51:02, time (data): 0.301 (0.039)]l_bij: 4.0239e+01 l_orth: 5.7061e+01 l_diff: 1.7578e+01 l_align: 5.1648e+01 l_total: 1.6653e+02 
2026-05-22 03:33:11,722 INFO: [scape..][epoch: 16, iter:  40,400, lr:(5.500e-04,)][eta: 4:50:50, time (data): 0.302 (0.039)]l_bij: 2.8587e+01 l_orth: 5.1648e+01 l_diff: 1.4779e+01 l_align: 4.9227e+01 l_total: 1.4424e+02 
2026-05-22 03:33:18,031 INFO: [scape..][epoch: 16, iter:  40,420, lr:(5.500e-04,)][eta: 4:50:38, time (data): 0.322 (0.043)]l_bij: 1.5373e+01 l_orth: 3.7384e+01 l_diff: 1.1698e+01 l_align: 4.3026e+01 l_total: 1.0748e+02 
2026-05-22 03:33:23,698 INFO: [scape..][epoch: 16, iter:  40,440, lr:(5.500e-04,)][eta: 4:50:25, time (data): 0.302 (0.041)]l_bij: 2.5399e+01 l_orth: 4.6305e+01 l_diff: 1.2415e+01 l_align: 4.5464e+01 l_total: 1.2958e+02 
2026-05-22 03:33:28,604 INFO: [scape..][epoch: 16, iter:  40,460, lr:(5.500e-04,)][eta: 4:50:12, time (data): 0.283 (0.040)]l_bij: 2.7340e+01 l_orth: 4.8230e+01 l_diff: 1.5012e+01 l_align: 4.8236e+01 l_total: 1.3882e+02 
2026-05-22 03:33:34,243 INFO: [scape..][epoch: 16, iter:  40,480, lr:(5.500e-04,)][eta: 4:50:00, time (data): 0.283 (0.040)]l_bij: 4.1888e+01 l_orth: 5.6116e+01 l_diff: 1.4321e+01 l_align: 4.7895e+01 l_total: 1.6022e+02 
2026-05-22 03:33:39,743 INFO: [scape..][epoch: 16, iter:  40,500, lr:(5.500e-04,)][eta: 4:49:47, time (data): 0.281 (0.040)]l_bij: 2.0236e+01 l_orth: 4.2841e+01 l_diff: 1.4756e+01 l_align: 4.6091e+01 l_total: 1.2392e+02 
2026-05-22 03:33:46,072 INFO: [scape..][epoch: 16, iter:  40,520, lr:(5.500e-04,)][eta: 4:49:35, time (data): 0.287 (0.040)]l_bij: 3.3692e+01 l_orth: 5.1697e+01 l_diff: 1.3176e+01 l_align: 4.5644e+01 l_total: 1.4421e+02 
2026-05-22 03:33:52,313 INFO: [scape..][epoch: 16, iter:  40,540, lr:(5.500e-04,)][eta: 4:49:23, time (data): 0.291 (0.041)]l_bij: 3.3796e+01 l_orth: 5.3871e+01 l_diff: 1.2271e+01 l_align: 5.0282e+01 l_total: 1.5022e+02 
2026-05-22 03:33:57,994 INFO: [scape..][epoch: 16, iter:  40,560, lr:(5.500e-04,)][eta: 4:49:10, time (data): 0.290 (0.041)]l_bij: 2.7521e+01 l_orth: 4.7046e+01 l_diff: 1.2505e+01 l_align: 4.7922e+01 l_total: 1.3499e+02 
2026-05-22 03:34:04,424 INFO: [scape..][epoch: 16, iter:  40,580, lr:(5.500e-04,)][eta: 4:48:58, time (data): 0.293 (0.041)]l_bij: 2.1729e+01 l_orth: 4.0584e+01 l_diff: 1.2816e+01 l_align: 4.3323e+01 l_total: 1.1845e+02 
2026-05-22 03:34:09,372 INFO: [scape..][epoch: 16, iter:  40,600, lr:(5.500e-04,)][eta: 4:48:45, time (data): 0.289 (0.041)]l_bij: 2.1050e+01 l_orth: 4.1984e+01 l_diff: 1.2855e+01 l_align: 4.6010e+01 l_total: 1.2190e+02 
2026-05-22 03:34:15,520 INFO: [scape..][epoch: 16, iter:  40,620, lr:(5.500e-04,)][eta: 4:48:33, time (data): 0.318 (0.042)]l_bij: 3.9945e+01 l_orth: 5.6173e+01 l_diff: 1.3454e+01 l_align: 4.5851e+01 l_total: 1.5542e+02 
2026-05-22 03:34:21,252 INFO: [scape..][epoch: 16, iter:  40,640, lr:(5.500e-04,)][eta: 4:48:20, time (data): 0.301 (0.041)]l_bij: 5.1295e+01 l_orth: 6.6184e+01 l_diff: 1.7937e+01 l_align: 5.3581e+01 l_total: 1.8900e+02 
2026-05-22 03:34:26,746 INFO: [scape..][epoch: 16, iter:  40,660, lr:(5.500e-04,)][eta: 4:48:08, time (data): 0.292 (0.040)]l_bij: 2.1236e+01 l_orth: 4.1803e+01 l_diff: 1.3586e+01 l_align: 4.3655e+01 l_total: 1.2028e+02 
2026-05-22 03:34:32,094 INFO: [scape..][epoch: 16, iter:  40,680, lr:(5.500e-04,)][eta: 4:47:55, time (data): 0.286 (0.041)]l_bij: 3.6981e+01 l_orth: 5.7596e+01 l_diff: 1.3401e+01 l_align: 5.3274e+01 l_total: 1.6125e+02 
2026-05-22 03:34:38,244 INFO: [scape..][epoch: 16, iter:  40,700, lr:(5.500e-04,)][eta: 4:47:43, time (data): 0.290 (0.041)]l_bij: 3.7096e+01 l_orth: 5.6329e+01 l_diff: 1.6584e+01 l_align: 5.2375e+01 l_total: 1.6238e+02 
2026-05-22 03:34:44,478 INFO: [scape..][epoch: 16, iter:  40,720, lr:(5.500e-04,)][eta: 4:47:31, time (data): 0.294 (0.040)]l_bij: 3.2221e+01 l_orth: 5.0712e+01 l_diff: 1.2948e+01 l_align: 4.8509e+01 l_total: 1.4439e+02 
2026-05-22 03:34:50,406 INFO: [scape..][epoch: 16, iter:  40,740, lr:(5.500e-04,)][eta: 4:47:18, time (data): 0.294 (0.040)]l_bij: 4.0911e+01 l_orth: 5.6337e+01 l_diff: 1.4889e+01 l_align: 5.1188e+01 l_total: 1.6333e+02 
2026-05-22 03:34:56,023 INFO: [scape..][epoch: 16, iter:  40,760, lr:(5.500e-04,)][eta: 4:47:06, time (data): 0.292 (0.040)]l_bij: 5.0003e+01 l_orth: 6.3026e+01 l_diff: 1.2823e+01 l_align: 5.1237e+01 l_total: 1.7709e+02 
2026-05-22 03:35:02,176 INFO: [scape..][epoch: 16, iter:  40,780, lr:(5.500e-04,)][eta: 4:46:54, time (data): 0.294 (0.040)]l_bij: 3.4540e+01 l_orth: 5.3844e+01 l_diff: 1.5459e+01 l_align: 4.8161e+01 l_total: 1.5201e+02 
2026-05-22 03:35:08,244 INFO: [scape..][epoch: 16, iter:  40,800, lr:(5.500e-04,)][eta: 4:46:42, time (data): 0.295 (0.040)]l_bij: 3.4568e+01 l_orth: 5.0947e+01 l_diff: 1.3189e+01 l_align: 4.4903e+01 l_total: 1.4361e+02 
2026-05-22 03:35:13,464 INFO: [scape..][epoch: 16, iter:  40,820, lr:(5.500e-04,)][eta: 4:46:29, time (data): 0.247 (0.041)]l_bij: 3.9255e+01 l_orth: 5.3783e+01 l_diff: 1.5365e+01 l_align: 4.7327e+01 l_total: 1.5573e+02 
2026-05-22 03:35:20,411 INFO: [scape..][epoch: 16, iter:  40,840, lr:(5.500e-04,)][eta: 4:46:17, time (data): 0.301 (0.042)]l_bij: 2.6561e+01 l_orth: 4.7905e+01 l_diff: 1.3301e+01 l_align: 4.7349e+01 l_total: 1.3512e+02 
2026-05-22 03:35:26,018 INFO: [scape..][epoch: 16, iter:  40,860, lr:(5.500e-04,)][eta: 4:46:05, time (data): 0.294 (0.042)]l_bij: 3.8895e+01 l_orth: 5.5011e+01 l_diff: 1.6790e+01 l_align: 4.7024e+01 l_total: 1.5772e+02 
2026-05-22 03:35:31,833 INFO: [scape..][epoch: 16, iter:  40,880, lr:(5.500e-04,)][eta: 4:45:53, time (data): 0.293 (0.041)]l_bij: 2.6913e+01 l_orth: 4.7204e+01 l_diff: 1.4886e+01 l_align: 4.6133e+01 l_total: 1.3514e+02 
2026-05-22 03:35:36,200 INFO: [scape..][epoch: 16, iter:  40,900, lr:(5.500e-04,)][eta: 4:45:39, time (data): 0.278 (0.040)]l_bij: 4.0472e+01 l_orth: 5.7282e+01 l_diff: 1.4110e+01 l_align: 5.2094e+01 l_total: 1.6396e+02 
2026-05-22 03:35:41,732 INFO: [scape..][epoch: 16, iter:  40,920, lr:(5.500e-04,)][eta: 4:45:26, time (data): 0.277 (0.040)]l_bij: 4.1646e+01 l_orth: 5.9082e+01 l_diff: 1.7970e+01 l_align: 5.4079e+01 l_total: 1.7278e+02 
2026-05-22 03:35:48,419 INFO: [scape..][epoch: 16, iter:  40,940, lr:(5.500e-04,)][eta: 4:45:15, time (data): 0.286 (0.040)]l_bij: 2.8565e+01 l_orth: 4.5310e+01 l_diff: 1.1875e+01 l_align: 4.3798e+01 l_total: 1.2955e+02 
2026-05-22 03:35:53,664 INFO: [scape..][epoch: 16, iter:  40,960, lr:(5.500e-04,)][eta: 4:45:02, time (data): 0.283 (0.040)]l_bij: 2.6851e+01 l_orth: 4.4846e+01 l_diff: 1.1529e+01 l_align: 4.4503e+01 l_total: 1.2773e+02 
2026-05-22 03:36:00,837 INFO: [scape..][epoch: 16, iter:  40,980, lr:(5.500e-04,)][eta: 4:44:51, time (data): 0.291 (0.040)]l_bij: 1.5910e+01 l_orth: 3.8348e+01 l_diff: 1.4006e+01 l_align: 4.3485e+01 l_total: 1.1175e+02 
2026-05-22 03:36:06,927 INFO: [scape..][epoch: 16, iter:  41,000, lr:(5.500e-04,)][eta: 4:44:39, time (data): 0.293 (0.041)]l_bij: 3.4699e+01 l_orth: 5.2895e+01 l_diff: 1.4110e+01 l_align: 4.8131e+01 l_total: 1.4983e+02 
2026-05-22 03:36:12,454 INFO: [scape..][epoch: 16, iter:  41,020, lr:(5.500e-04,)][eta: 4:44:26, time (data): 0.278 (0.041)]l_bij: 3.7937e+01 l_orth: 5.3178e+01 l_diff: 1.1881e+01 l_align: 4.5496e+01 l_total: 1.4849e+02 
2026-05-22 03:36:20,106 INFO: [scape..][epoch: 16, iter:  41,040, lr:(5.500e-04,)][eta: 4:44:16, time (data): 0.336 (0.040)]l_bij: 1.7965e+01 l_orth: 4.0682e+01 l_diff: 1.2774e+01 l_align: 4.3456e+01 l_total: 1.1488e+02 
2026-05-22 03:36:25,543 INFO: [scape..][epoch: 16, iter:  41,060, lr:(5.500e-04,)][eta: 4:44:03, time (data): 0.313 (0.039)]l_bij: 1.4751e+01 l_orth: 3.7304e+01 l_diff: 1.2543e+01 l_align: 4.2287e+01 l_total: 1.0688e+02 
2026-05-22 03:36:30,557 INFO: [scape..][epoch: 16, iter:  41,080, lr:(5.500e-04,)][eta: 4:43:50, time (data): 0.297 (0.038)]l_bij: 1.0577e+01 l_orth: 4.2163e+01 l_diff: 1.3846e+01 l_align: 4.7684e+01 l_total: 1.1427e+02 
2026-05-22 03:36:36,361 INFO: [scape..][epoch: 16, iter:  41,100, lr:(5.500e-04,)][eta: 4:43:38, time (data): 0.295 (0.039)]l_bij: 3.0765e+01 l_orth: 4.9177e+01 l_diff: 1.6572e+01 l_align: 4.6445e+01 l_total: 1.4296e+02 
2026-05-22 03:36:42,562 INFO: [scape..][epoch: 16, iter:  41,120, lr:(5.500e-04,)][eta: 4:43:26, time (data): 0.298 (0.039)]l_bij: 6.5676e+01 l_orth: 8.0837e+01 l_diff: 1.6582e+01 l_align: 6.4438e+01 l_total: 2.2753e+02 
2026-05-22 03:36:48,137 INFO: [scape..][epoch: 16, iter:  41,140, lr:(5.500e-04,)][eta: 4:43:13, time (data): 0.295 (0.038)]l_bij: 3.9250e+01 l_orth: 5.5443e+01 l_diff: 1.5316e+01 l_align: 5.3611e+01 l_total: 1.6362e+02 
2026-05-22 03:36:54,306 INFO: [scape..][epoch: 16, iter:  41,160, lr:(5.500e-04,)][eta: 4:43:01, time (data): 0.297 (0.038)]l_bij: 1.0450e+01 l_orth: 3.6922e+01 l_diff: 1.5420e+01 l_align: 4.5129e+01 l_total: 1.0792e+02 
2026-05-22 03:36:59,931 INFO: [scape..][epoch: 16, iter:  41,180, lr:(5.500e-04,)][eta: 4:42:49, time (data): 0.295 (0.038)]l_bij: 4.4346e+01 l_orth: 6.0676e+01 l_diff: 1.8420e+01 l_align: 5.0074e+01 l_total: 1.7352e+02 
2026-05-22 03:37:05,077 INFO: [scape..][epoch: 16, iter:  41,200, lr:(5.500e-04,)][eta: 4:42:36, time (data): 0.291 (0.038)]l_bij: 2.4722e+01 l_orth: 4.3851e+01 l_diff: 1.2961e+01 l_align: 4.3039e+01 l_total: 1.2457e+02 
2026-05-22 03:37:13,219 INFO: [scape..][epoch: 16, iter:  41,220, lr:(5.500e-04,)][eta: 4:42:26, time (data): 0.431 (0.036)]l_bij: 3.1412e+01 l_orth: 5.0898e+01 l_diff: 1.8089e+01 l_align: 4.8329e+01 l_total: 1.4873e+02 
2026-05-22 03:37:18,607 INFO: [scape..][epoch: 16, iter:  41,240, lr:(5.500e-04,)][eta: 4:42:13, time (data): 0.339 (0.036)]l_bij: 3.6743e+01 l_orth: 5.3216e+01 l_diff: 1.6497e+01 l_align: 4.9550e+01 l_total: 1.5601e+02 
2026-05-22 03:37:23,653 INFO: [scape..][epoch: 16, iter:  41,260, lr:(5.500e-04,)][eta: 4:42:00, time (data): 0.307 (0.038)]l_bij: 2.5454e+01 l_orth: 4.4691e+01 l_diff: 1.4764e+01 l_align: 4.4879e+01 l_total: 1.2979e+02 
2026-05-22 03:37:29,365 INFO: [scape..][epoch: 16, iter:  41,280, lr:(5.500e-04,)][eta: 4:41:48, time (data): 0.301 (0.039)]l_bij: 3.1948e+01 l_orth: 4.7621e+01 l_diff: 1.4779e+01 l_align: 4.6543e+01 l_total: 1.4089e+02 
2026-05-22 03:37:35,083 INFO: [scape..][epoch: 16, iter:  41,300, lr:(5.500e-04,)][eta: 4:41:36, time (data): 0.298 (0.040)]l_bij: 2.1465e+01 l_orth: 4.4899e+01 l_diff: 1.1812e+01 l_align: 4.6830e+01 l_total: 1.2501e+02 
2026-05-22 03:37:41,594 INFO: [scape..][epoch: 16, iter:  41,320, lr:(5.500e-04,)][eta: 4:41:24, time (data): 0.303 (0.040)]l_bij: 1.6386e+01 l_orth: 4.0005e+01 l_diff: 1.2580e+01 l_align: 4.3042e+01 l_total: 1.1201e+02 
2026-05-22 03:37:47,672 INFO: [scape..][epoch: 16, iter:  41,340, lr:(5.500e-04,)][eta: 4:41:12, time (data): 0.303 (0.040)]l_bij: 3.0430e+01 l_orth: 5.1790e+01 l_diff: 1.3855e+01 l_align: 4.8257e+01 l_total: 1.4433e+02 
2026-05-22 03:37:53,759 INFO: [scape..][epoch: 16, iter:  41,360, lr:(5.500e-04,)][eta: 4:41:00, time (data): 0.303 (0.040)]l_bij: 1.0563e+00 l_orth: 2.9379e+01 l_diff: 1.2687e+01 l_align: 4.2082e+01 l_total: 8.5204e+01 
2026-05-22 03:37:59,891 INFO: [scape..][epoch: 16, iter:  41,380, lr:(5.500e-04,)][eta: 4:40:48, time (data): 0.304 (0.040)]l_bij: 4.7146e+01 l_orth: 6.2813e+01 l_diff: 1.7177e+01 l_align: 5.4871e+01 l_total: 1.8201e+02 
2026-05-22 03:38:06,352 INFO: [scape..][epoch: 16, iter:  41,400, lr:(5.500e-04,)][eta: 4:40:37, time (data): 0.306 (0.040)]l_bij: 1.9152e+01 l_orth: 4.1465e+01 l_diff: 1.2262e+01 l_align: 4.3838e+01 l_total: 1.1672e+02 
2026-05-22 03:38:11,291 INFO: [scape..][epoch: 16, iter:  41,420, lr:(5.500e-04,)][eta: 4:40:24, time (data): 0.250 (0.034)]l_bij: 4.0730e+01 l_orth: 5.7391e+01 l_diff: 1.2183e+01 l_align: 5.1661e+01 l_total: 1.6196e+02 
2026-05-22 03:38:16,504 INFO: [scape..][epoch: 16, iter:  41,440, lr:(5.500e-04,)][eta: 4:40:11, time (data): 0.256 (0.038)]l_bij: 2.7581e+01 l_orth: 4.7760e+01 l_diff: 1.2336e+01 l_align: 4.8265e+01 l_total: 1.3594e+02 
2026-05-22 03:38:21,861 INFO: [scape..][epoch: 16, iter:  41,460, lr:(5.500e-04,)][eta: 4:39:59, time (data): 0.261 (0.039)]l_bij: 3.5699e+01 l_orth: 5.2446e+01 l_diff: 1.0966e+01 l_align: 4.4881e+01 l_total: 1.4399e+02 
2026-05-22 03:38:27,146 INFO: [scape..][epoch: 16, iter:  41,480, lr:(5.500e-04,)][eta: 4:39:46, time (data): 0.262 (0.040)]l_bij: 3.0390e+01 l_orth: 5.0728e+01 l_diff: 1.2527e+01 l_align: 4.9073e+01 l_total: 1.4272e+02 
2026-05-22 03:38:32,660 INFO: [scape..][epoch: 16, iter:  41,500, lr:(5.500e-04,)][eta: 4:39:33, time (data): 0.265 (0.041)]l_bij: 7.6602e+01 l_orth: 8.8078e+01 l_diff: 1.8973e+01 l_align: 7.1789e+01 l_total: 2.5544e+02 
2026-05-22 03:38:37,947 INFO: [scape..][epoch: 16, iter:  41,520, lr:(5.500e-04,)][eta: 4:39:21, time (data): 0.264 (0.041)]l_bij: 2.9516e+01 l_orth: 4.8951e+01 l_diff: 1.5456e+01 l_align: 4.6787e+01 l_total: 1.4071e+02 
2026-05-22 03:38:43,077 INFO: [scape..][epoch: 16, iter:  41,540, lr:(5.500e-04,)][eta: 4:39:08, time (data): 0.263 (0.041)]l_bij: 5.2144e+01 l_orth: 6.9538e+01 l_diff: 1.9300e+01 l_align: 5.6822e+01 l_total: 1.9780e+02 
2026-05-22 03:38:49,870 INFO: [scape..][epoch: 16, iter:  41,560, lr:(5.500e-04,)][eta: 4:38:57, time (data): 0.273 (0.041)]l_bij: 4.2545e+01 l_orth: 5.9102e+01 l_diff: 1.4833e+01 l_align: 5.3483e+01 l_total: 1.6996e+02 
2026-05-22 03:38:55,720 INFO: [scape..][epoch: 16, iter:  41,580, lr:(5.500e-04,)][eta: 4:38:45, time (data): 0.275 (0.041)]l_bij: 3.1691e+01 l_orth: 5.3421e+01 l_diff: 1.2151e+01 l_align: 5.1091e+01 l_total: 1.4835e+02 
2026-05-22 03:39:01,239 INFO: [scape..][epoch: 16, iter:  41,600, lr:(5.500e-04,)][eta: 4:38:32, time (data): 0.275 (0.040)]l_bij: 4.2308e+01 l_orth: 5.7434e+01 l_diff: 1.6723e+01 l_align: 4.9969e+01 l_total: 1.6643e+02 
2026-05-22 03:39:08,578 INFO: [scape..][epoch: 17, iter:  41,620, lr:(5.030e-04,)][eta: 4:38:22, time (data): 0.365 (0.113)]l_bij: 1.9501e+01 l_orth: 4.2592e+01 l_diff: 1.4390e+01 l_align: 4.4719e+01 l_total: 1.2120e+02 
2026-05-22 03:39:13,578 INFO: [scape..][epoch: 17, iter:  41,640, lr:(5.030e-04,)][eta: 4:38:09, time (data): 0.295 (0.066)]l_bij: 3.3943e+01 l_orth: 5.0875e+01 l_diff: 1.2156e+01 l_align: 4.3798e+01 l_total: 1.4077e+02 
2026-05-22 03:39:18,925 INFO: [scape..][epoch: 17, iter:  41,660, lr:(5.030e-04,)][eta: 4:37:56, time (data): 0.285 (0.055)]l_bij: 2.4474e+01 l_orth: 4.4870e+01 l_diff: 1.3657e+01 l_align: 4.5173e+01 l_total: 1.2817e+02 
2026-05-22 03:39:24,729 INFO: [scape..][epoch: 17, iter:  41,680, lr:(5.030e-04,)][eta: 4:37:44, time (data): 0.286 (0.051)]l_bij: 2.8038e+01 l_orth: 4.5612e+01 l_diff: 9.1515e+00 l_align: 4.4295e+01 l_total: 1.2710e+02 
2026-05-22 03:39:29,888 INFO: [scape..][epoch: 17, iter:  41,700, lr:(5.030e-04,)][eta: 4:37:31, time (data): 0.280 (0.049)]l_bij: 2.3875e+01 l_orth: 4.8421e+01 l_diff: 1.3067e+01 l_align: 4.9957e+01 l_total: 1.3532e+02 
2026-05-22 03:39:35,279 INFO: [scape..][epoch: 17, iter:  41,720, lr:(5.030e-04,)][eta: 4:37:19, time (data): 0.278 (0.048)]l_bij: 2.8221e+01 l_orth: 4.8150e+01 l_diff: 1.3409e+01 l_align: 4.5710e+01 l_total: 1.3549e+02 
2026-05-22 03:39:39,920 INFO: [scape..][epoch: 17, iter:  41,740, lr:(5.030e-04,)][eta: 4:37:06, time (data): 0.271 (0.047)]l_bij: 1.6046e+01 l_orth: 4.3092e+01 l_diff: 1.5998e+01 l_align: 4.6502e+01 l_total: 1.2164e+02 
2026-05-22 03:39:46,735 INFO: [scape..][epoch: 17, iter:  41,760, lr:(5.030e-04,)][eta: 4:36:55, time (data): 0.280 (0.047)]l_bij: 3.1329e+01 l_orth: 5.0841e+01 l_diff: 1.4595e+01 l_align: 4.6879e+01 l_total: 1.4364e+02 
2026-05-22 03:39:52,378 INFO: [scape..][epoch: 17, iter:  41,780, lr:(5.030e-04,)][eta: 4:36:43, time (data): 0.280 (0.046)]l_bij: 2.1099e+01 l_orth: 4.4365e+01 l_diff: 1.0541e+01 l_align: 4.6322e+01 l_total: 1.2233e+02 
2026-05-22 03:39:58,745 INFO: [scape..][epoch: 17, iter:  41,800, lr:(5.030e-04,)][eta: 4:36:31, time (data): 0.284 (0.046)]l_bij: 3.1007e+01 l_orth: 5.2224e+01 l_diff: 1.3419e+01 l_align: 4.8875e+01 l_total: 1.4552e+02 
2026-05-22 03:40:04,471 INFO: [scape..][epoch: 17, iter:  41,820, lr:(5.030e-04,)][eta: 4:36:19, time (data): 0.289 (0.042)]l_bij: 4.1399e+01 l_orth: 5.7370e+01 l_diff: 1.2082e+01 l_align: 5.1693e+01 l_total: 1.6254e+02 
2026-05-22 03:40:09,745 INFO: [scape..][epoch: 17, iter:  41,840, lr:(5.030e-04,)][eta: 4:36:06, time (data): 0.273 (0.039)]l_bij: 2.2850e+01 l_orth: 4.2683e+01 l_diff: 1.5638e+01 l_align: 4.5096e+01 l_total: 1.2627e+02 
2026-05-22 03:40:15,062 INFO: [scape..][epoch: 17, iter:  41,860, lr:(5.030e-04,)][eta: 4:35:54, time (data): 0.270 (0.038)]l_bij: 6.3287e+01 l_orth: 7.6654e+01 l_diff: 2.2715e+01 l_align: 6.2887e+01 l_total: 2.2554e+02 
2026-05-22 03:40:20,864 INFO: [scape..][epoch: 17, iter:  41,880, lr:(5.030e-04,)][eta: 4:35:42, time (data): 0.276 (0.038)]l_bij: 3.2103e+01 l_orth: 5.0416e+01 l_diff: 1.5696e+01 l_align: 4.6133e+01 l_total: 1.4435e+02 
2026-05-22 03:40:27,004 INFO: [scape..][epoch: 17, iter:  41,900, lr:(5.030e-04,)][eta: 4:35:30, time (data): 0.283 (0.039)]l_bij: 3.3103e+01 l_orth: 4.9434e+01 l_diff: 1.1418e+01 l_align: 4.4592e+01 l_total: 1.3855e+02 
2026-05-22 03:40:32,102 INFO: [scape..][epoch: 17, iter:  41,920, lr:(5.030e-04,)][eta: 4:35:17, time (data): 0.278 (0.039)]l_bij: 4.1592e+01 l_orth: 5.7151e+01 l_diff: 1.3883e+01 l_align: 4.9721e+01 l_total: 1.6235e+02 
2026-05-22 03:40:38,712 INFO: [scape..][epoch: 17, iter:  41,940, lr:(5.030e-04,)][eta: 4:35:06, time (data): 0.286 (0.040)]l_bij: 3.7093e+01 l_orth: 5.4724e+01 l_diff: 1.3542e+01 l_align: 4.9287e+01 l_total: 1.5465e+02 
2026-05-22 03:40:43,850 INFO: [scape..][epoch: 17, iter:  41,960, lr:(5.030e-04,)][eta: 4:34:53, time (data): 0.282 (0.040)]l_bij: 1.8798e+01 l_orth: 4.0007e+01 l_diff: 1.2909e+01 l_align: 4.2478e+01 l_total: 1.1419e+02 
2026-05-22 03:40:49,847 INFO: [scape..][epoch: 17, iter:  41,980, lr:(5.030e-04,)][eta: 4:34:42, time (data): 0.284 (0.040)]l_bij: 3.6610e+01 l_orth: 5.1168e+01 l_diff: 1.3125e+01 l_align: 4.5714e+01 l_total: 1.4662e+02 
2026-05-22 03:40:56,211 INFO: [scape..][epoch: 17, iter:  42,000, lr:(5.030e-04,)][eta: 4:34:30, time (data): 0.287 (0.040)]l_bij: 1.9210e+01 l_orth: 4.3467e+01 l_diff: 1.1529e+01 l_align: 4.6081e+01 l_total: 1.2029e+02 
2026-05-22 03:41:01,349 INFO: [scape..][epoch: 17, iter:  42,020, lr:(5.030e-04,)][eta: 4:34:17, time (data): 0.247 (0.045)]l_bij: 3.4653e+01 l_orth: 5.1987e+01 l_diff: 1.6005e+01 l_align: 4.7242e+01 l_total: 1.4989e+02 
2026-05-22 03:41:07,962 INFO: [scape..][epoch: 17, iter:  42,040, lr:(5.030e-04,)][eta: 4:34:06, time (data): 0.301 (0.041)]l_bij: 4.0176e+01 l_orth: 5.6589e+01 l_diff: 1.5271e+01 l_align: 5.0885e+01 l_total: 1.6292e+02 
2026-05-22 03:41:13,418 INFO: [scape..][epoch: 17, iter:  42,060, lr:(5.030e-04,)][eta: 4:33:54, time (data): 0.290 (0.040)]l_bij: 2.9194e+01 l_orth: 4.7654e+01 l_diff: 1.5019e+01 l_align: 4.5040e+01 l_total: 1.3691e+02 
2026-05-22 03:41:18,557 INFO: [scape..][epoch: 17, iter:  42,080, lr:(5.030e-04,)][eta: 4:33:41, time (data): 0.281 (0.041)]l_bij: 3.1978e+01 l_orth: 4.9041e+01 l_diff: 1.3962e+01 l_align: 4.4552e+01 l_total: 1.3953e+02 
2026-05-22 03:41:24,370 INFO: [scape..][epoch: 17, iter:  42,100, lr:(5.030e-04,)][eta: 4:33:29, time (data): 0.283 (0.040)]l_bij: 6.1019e+01 l_orth: 7.4203e+01 l_diff: 1.8176e+01 l_align: 6.1208e+01 l_total: 2.1461e+02 
2026-05-22 03:41:31,152 INFO: [scape..][epoch: 17, iter:  42,120, lr:(5.030e-04,)][eta: 4:33:18, time (data): 0.293 (0.041)]l_bij: 4.0657e+01 l_orth: 5.6229e+01 l_diff: 1.3279e+01 l_align: 4.7853e+01 l_total: 1.5802e+02 
2026-05-22 03:41:36,935 INFO: [scape..][epoch: 17, iter:  42,140, lr:(5.030e-04,)][eta: 4:33:06, time (data): 0.292 (0.041)]l_bij: 2.4424e+01 l_orth: 4.3236e+01 l_diff: 1.3121e+01 l_align: 4.5039e+01 l_total: 1.2582e+02 
2026-05-22 03:41:41,773 INFO: [scape..][epoch: 17, iter:  42,160, lr:(5.030e-04,)][eta: 4:32:53, time (data): 0.286 (0.041)]l_bij: 2.6683e+01 l_orth: 4.4260e+01 l_diff: 1.2430e+01 l_align: 4.1221e+01 l_total: 1.2459e+02 
2026-05-22 03:41:48,060 INFO: [scape..][epoch: 17, iter:  42,180, lr:(5.030e-04,)][eta: 4:32:42, time (data): 0.289 (0.041)]l_bij: 1.3444e+01 l_orth: 3.9372e+01 l_diff: 1.4357e+01 l_align: 4.4759e+01 l_total: 1.1193e+02 
2026-05-22 03:41:54,125 INFO: [scape..][epoch: 17, iter:  42,200, lr:(5.030e-04,)][eta: 4:32:30, time (data): 0.290 (0.041)]l_bij: 5.6593e+01 l_orth: 7.2105e+01 l_diff: 1.5771e+01 l_align: 6.1126e+01 l_total: 2.0560e+02 
2026-05-22 03:41:59,965 INFO: [scape..][epoch: 17, iter:  42,220, lr:(5.030e-04,)][eta: 4:32:18, time (data): 0.309 (0.037)]l_bij: 3.3009e+01 l_orth: 5.2576e+01 l_diff: 1.4335e+01 l_align: 5.2225e+01 l_total: 1.5215e+02 
2026-05-22 03:42:06,052 INFO: [scape..][epoch: 17, iter:  42,240, lr:(5.030e-04,)][eta: 4:32:07, time (data): 0.306 (0.037)]l_bij: 4.0879e+01 l_orth: 5.8043e+01 l_diff: 1.4052e+01 l_align: 5.0662e+01 l_total: 1.6364e+02 
2026-05-22 03:42:11,225 INFO: [scape..][epoch: 17, iter:  42,260, lr:(5.030e-04,)][eta: 4:31:54, time (data): 0.287 (0.037)]l_bij: 3.1816e+01 l_orth: 5.1697e+01 l_diff: 1.3814e+01 l_align: 4.7310e+01 l_total: 1.4464e+02 
2026-05-22 03:42:17,181 INFO: [scape..][epoch: 17, iter:  42,280, lr:(5.030e-04,)][eta: 4:31:42, time (data): 0.290 (0.038)]l_bij: 1.0501e+01 l_orth: 3.7981e+01 l_diff: 1.3752e+01 l_align: 4.4468e+01 l_total: 1.0670e+02 
2026-05-22 03:42:22,574 INFO: [scape..][epoch: 17, iter:  42,300, lr:(5.030e-04,)][eta: 4:31:30, time (data): 0.285 (0.039)]l_bij: 3.7067e+01 l_orth: 5.3980e+01 l_diff: 1.3859e+01 l_align: 4.8743e+01 l_total: 1.5365e+02 
2026-05-22 03:42:27,590 INFO: [scape..][epoch: 17, iter:  42,320, lr:(5.030e-04,)][eta: 4:31:17, time (data): 0.279 (0.039)]l_bij: 2.3937e+01 l_orth: 4.6612e+01 l_diff: 1.3512e+01 l_align: 4.5392e+01 l_total: 1.2945e+02 
2026-05-22 03:42:34,301 INFO: [scape..][epoch: 17, iter:  42,340, lr:(5.030e-04,)][eta: 4:31:06, time (data): 0.288 (0.039)]l_bij: 3.3494e+01 l_orth: 5.4527e+01 l_diff: 1.5933e+01 l_align: 4.9580e+01 l_total: 1.5353e+02 
2026-05-22 03:42:39,823 INFO: [scape..][epoch: 17, iter:  42,360, lr:(5.030e-04,)][eta: 4:30:54, time (data): 0.286 (0.039)]l_bij: 2.6013e+01 l_orth: 4.6784e+01 l_diff: 1.4827e+01 l_align: 4.6730e+01 l_total: 1.3435e+02 
2026-05-22 03:42:46,150 INFO: [scape..][epoch: 17, iter:  42,380, lr:(5.030e-04,)][eta: 4:30:43, time (data): 0.290 (0.039)]l_bij: 2.5671e+01 l_orth: 4.7541e+01 l_diff: 1.5542e+01 l_align: 4.7090e+01 l_total: 1.3584e+02 
2026-05-22 03:42:51,680 INFO: [scape..][epoch: 17, iter:  42,400, lr:(5.030e-04,)][eta: 4:30:31, time (data): 0.288 (0.039)]l_bij: 3.0308e+01 l_orth: 5.0745e+01 l_diff: 1.7445e+01 l_align: 5.0050e+01 l_total: 1.4855e+02 
2026-05-22 03:42:57,744 INFO: [scape..][epoch: 17, iter:  42,420, lr:(5.030e-04,)][eta: 4:30:19, time (data): 0.297 (0.044)]l_bij: 2.5226e+01 l_orth: 4.5041e+01 l_diff: 1.2473e+01 l_align: 4.2924e+01 l_total: 1.2566e+02 
2026-05-22 03:43:04,172 INFO: [scape..][epoch: 17, iter:  42,440, lr:(5.030e-04,)][eta: 4:30:08, time (data): 0.314 (0.040)]l_bij: 3.4193e+01 l_orth: 5.1361e+01 l_diff: 1.5895e+01 l_align: 4.6998e+01 l_total: 1.4845e+02 
2026-05-22 03:43:10,026 INFO: [scape..][epoch: 17, iter:  42,460, lr:(5.030e-04,)][eta: 4:29:56, time (data): 0.305 (0.041)]l_bij: 2.8964e+01 l_orth: 4.7669e+01 l_diff: 1.3650e+01 l_align: 4.6371e+01 l_total: 1.3665e+02 
2026-05-22 03:43:15,864 INFO: [scape..][epoch: 17, iter:  42,480, lr:(5.030e-04,)][eta: 4:29:44, time (data): 0.301 (0.041)]l_bij: 2.5222e+01 l_orth: 4.6869e+01 l_diff: 1.3373e+01 l_align: 4.5792e+01 l_total: 1.3126e+02 
2026-05-22 03:43:21,251 INFO: [scape..][epoch: 17, iter:  42,500, lr:(5.030e-04,)][eta: 4:29:32, time (data): 0.294 (0.041)]l_bij: 3.3122e+01 l_orth: 4.9974e+01 l_diff: 1.5741e+01 l_align: 5.1380e+01 l_total: 1.5022e+02 
2026-05-22 03:43:27,117 INFO: [scape..][epoch: 17, iter:  42,520, lr:(5.030e-04,)][eta: 4:29:20, time (data): 0.294 (0.041)]l_bij: 2.2121e+01 l_orth: 4.4145e+01 l_diff: 1.2660e+01 l_align: 4.4839e+01 l_total: 1.2377e+02 
2026-05-22 03:43:33,982 INFO: [scape..][epoch: 17, iter:  42,540, lr:(5.030e-04,)][eta: 4:29:09, time (data): 0.302 (0.042)]l_bij: 2.0520e+01 l_orth: 4.0482e+01 l_diff: 9.8408e+00 l_align: 4.3062e+01 l_total: 1.1390e+02 
2026-05-22 03:43:39,493 INFO: [scape..][epoch: 17, iter:  42,560, lr:(5.030e-04,)][eta: 4:28:57, time (data): 0.298 (0.042)]l_bij: 3.0610e+01 l_orth: 5.1704e+01 l_diff: 1.6383e+01 l_align: 4.9916e+01 l_total: 1.4861e+02 
2026-05-22 03:43:45,462 INFO: [scape..][epoch: 17, iter:  42,580, lr:(5.030e-04,)][eta: 4:28:45, time (data): 0.298 (0.042)]l_bij: 2.0966e+01 l_orth: 4.2660e+01 l_diff: 1.1680e+01 l_align: 4.3160e+01 l_total: 1.1847e+02 
2026-05-22 03:43:51,387 INFO: [scape..][epoch: 17, iter:  42,600, lr:(5.030e-04,)][eta: 4:28:33, time (data): 0.298 (0.042)]l_bij: 2.7565e+01 l_orth: 4.8203e+01 l_diff: 1.4209e+01 l_align: 4.6271e+01 l_total: 1.3625e+02 
2026-05-22 03:43:58,932 INFO: [scape..][epoch: 17, iter:  42,620, lr:(5.030e-04,)][eta: 4:28:23, time (data): 0.376 (0.042)]l_bij: 2.4860e+01 l_orth: 4.9377e+01 l_diff: 1.7719e+01 l_align: 4.8891e+01 l_total: 1.4085e+02 
2026-05-22 03:44:05,479 INFO: [scape..][epoch: 17, iter:  42,640, lr:(5.030e-04,)][eta: 4:28:12, time (data): 0.341 (0.039)]l_bij: 2.7569e+01 l_orth: 4.9348e+01 l_diff: 1.1910e+01 l_align: 4.7072e+01 l_total: 1.3590e+02 
2026-05-22 03:44:12,552 INFO: [scape..][epoch: 17, iter:  42,660, lr:(5.030e-04,)][eta: 4:28:01, time (data): 0.346 (0.038)]l_bij: 6.2626e+01 l_orth: 7.6808e+01 l_diff: 1.8838e+01 l_align: 6.2650e+01 l_total: 2.2092e+02 
2026-05-22 03:44:17,372 INFO: [scape..][epoch: 17, iter:  42,680, lr:(5.030e-04,)][eta: 4:27:48, time (data): 0.315 (0.038)]l_bij: 2.6127e+01 l_orth: 4.8522e+01 l_diff: 1.5760e+01 l_align: 4.7686e+01 l_total: 1.3809e+02 
2026-05-22 03:44:23,480 INFO: [scape..][epoch: 17, iter:  42,700, lr:(5.030e-04,)][eta: 4:27:37, time (data): 0.313 (0.037)]l_bij: 1.6496e+01 l_orth: 4.0991e+01 l_diff: 1.4810e+01 l_align: 4.3562e+01 l_total: 1.1586e+02 
2026-05-22 03:44:29,118 INFO: [scape..][epoch: 17, iter:  42,720, lr:(5.030e-04,)][eta: 4:27:25, time (data): 0.307 (0.037)]l_bij: 2.1913e+01 l_orth: 4.4489e+01 l_diff: 1.1526e+01 l_align: 4.6344e+01 l_total: 1.2427e+02 
2026-05-22 03:44:35,025 INFO: [scape..][epoch: 17, iter:  42,740, lr:(5.030e-04,)][eta: 4:27:13, time (data): 0.305 (0.038)]l_bij: 3.4900e+01 l_orth: 5.0131e+01 l_diff: 1.2531e+01 l_align: 4.4976e+01 l_total: 1.4254e+02 
2026-05-22 03:44:40,759 INFO: [scape..][epoch: 17, iter:  42,760, lr:(5.030e-04,)][eta: 4:27:01, time (data): 0.303 (0.038)]l_bij: 4.9894e+01 l_orth: 6.4735e+01 l_diff: 2.1138e+01 l_align: 5.8505e+01 l_total: 1.9427e+02 
2026-05-22 03:44:46,981 INFO: [scape..][epoch: 17, iter:  42,780, lr:(5.030e-04,)][eta: 4:26:50, time (data): 0.304 (0.038)]l_bij: 2.5964e+01 l_orth: 4.7138e+01 l_diff: 1.4435e+01 l_align: 4.5295e+01 l_total: 1.3283e+02 
2026-05-22 03:44:54,825 INFO: [scape..][epoch: 17, iter:  42,800, lr:(5.030e-04,)][eta: 4:26:40, time (data): 0.313 (0.038)]l_bij: 2.5744e+01 l_orth: 4.7620e+01 l_diff: 1.7519e+01 l_align: 4.6369e+01 l_total: 1.3725e+02 
2026-05-22 03:45:00,575 INFO: [scape..][epoch: 17, iter:  42,820, lr:(5.030e-04,)][eta: 4:26:28, time (data): 0.212 (0.040)]l_bij: 2.7841e+01 l_orth: 4.5660e+01 l_diff: 1.6166e+01 l_align: 4.2453e+01 l_total: 1.3212e+02 
2026-05-22 03:45:07,632 INFO: [scape..][epoch: 17, iter:  42,840, lr:(5.030e-04,)][eta: 4:26:17, time (data): 0.316 (0.039)]l_bij: 2.1376e+01 l_orth: 4.2199e+01 l_diff: 1.3007e+01 l_align: 4.3951e+01 l_total: 1.2053e+02 
2026-05-22 03:45:12,511 INFO: [scape..][epoch: 17, iter:  42,860, lr:(5.030e-04,)][eta: 4:26:05, time (data): 0.285 (0.039)]l_bij: 2.2103e+01 l_orth: 4.4834e+01 l_diff: 1.2153e+01 l_align: 4.4154e+01 l_total: 1.2325e+02 
2026-05-22 03:45:18,739 INFO: [scape..][epoch: 17, iter:  42,880, lr:(5.030e-04,)][eta: 4:25:53, time (data): 0.293 (0.038)]l_bij: 2.6538e+01 l_orth: 4.4863e+01 l_diff: 1.5044e+01 l_align: 4.4381e+01 l_total: 1.3083e+02 
2026-05-22 03:45:25,591 INFO: [scape..][epoch: 17, iter:  42,900, lr:(5.030e-04,)][eta: 4:25:42, time (data): 0.305 (0.038)]l_bij: 2.0774e+01 l_orth: 4.5806e+01 l_diff: 1.3727e+01 l_align: 4.9824e+01 l_total: 1.3013e+02 
2026-05-22 03:45:31,562 INFO: [scape..][epoch: 17, iter:  42,920, lr:(5.030e-04,)][eta: 4:25:31, time (data): 0.303 (0.038)]l_bij: 2.2837e+01 l_orth: 4.1382e+01 l_diff: 1.3539e+01 l_align: 4.2613e+01 l_total: 1.2037e+02 
2026-05-22 03:45:38,378 INFO: [scape..][epoch: 17, iter:  42,940, lr:(5.030e-04,)][eta: 4:25:20, time (data): 0.309 (0.038)]l_bij: 3.1138e+01 l_orth: 4.9867e+01 l_diff: 1.2829e+01 l_align: 4.5612e+01 l_total: 1.3945e+02 
2026-05-22 03:45:44,484 INFO: [scape..][epoch: 17, iter:  42,960, lr:(5.030e-04,)][eta: 4:25:08, time (data): 0.309 (0.038)]l_bij: 3.1295e+01 l_orth: 4.8245e+01 l_diff: 1.2577e+01 l_align: 4.5959e+01 l_total: 1.3808e+02 
2026-05-22 03:45:50,269 INFO: [scape..][epoch: 17, iter:  42,980, lr:(5.030e-04,)][eta: 4:24:57, time (data): 0.306 (0.038)]l_bij: 8.9243e-01 l_orth: 3.0128e+01 l_diff: 1.0882e+01 l_align: 4.1114e+01 l_total: 8.3016e+01 
2026-05-22 03:45:56,697 INFO: [scape..][epoch: 17, iter:  43,000, lr:(5.030e-04,)][eta: 4:24:45, time (data): 0.308 (0.039)]l_bij: 2.7291e+01 l_orth: 4.7105e+01 l_diff: 1.5634e+01 l_align: 4.6488e+01 l_total: 1.3652e+02 
2026-05-22 03:46:04,662 INFO: [scape..][epoch: 17, iter:  43,020, lr:(5.030e-04,)][eta: 4:24:35, time (data): 0.508 (0.040)]l_bij: 3.9830e+01 l_orth: 5.5395e+01 l_diff: 1.3515e+01 l_align: 5.0667e+01 l_total: 1.5941e+02 
2026-05-22 03:46:10,690 INFO: [scape..][epoch: 17, iter:  43,040, lr:(5.030e-04,)][eta: 4:24:24, time (data): 0.349 (0.035)]l_bij: 3.3264e+01 l_orth: 5.1527e+01 l_diff: 1.5719e+01 l_align: 5.1454e+01 l_total: 1.5197e+02 
2026-05-22 03:46:16,271 INFO: [scape..][epoch: 17, iter:  43,060, lr:(5.030e-04,)][eta: 4:24:12, time (data): 0.319 (0.037)]l_bij: 1.9388e+01 l_orth: 4.0644e+01 l_diff: 1.2235e+01 l_align: 4.2750e+01 l_total: 1.1502e+02 
2026-05-22 03:46:22,361 INFO: [scape..][epoch: 17, iter:  43,080, lr:(5.030e-04,)][eta: 4:24:00, time (data): 0.314 (0.038)]l_bij: 1.9270e+01 l_orth: 4.1276e+01 l_diff: 1.6130e+01 l_align: 4.3668e+01 l_total: 1.2034e+02 
2026-05-22 03:46:29,186 INFO: [scape..][epoch: 17, iter:  43,100, lr:(5.030e-04,)][eta: 4:23:50, time (data): 0.321 (0.039)]l_bij: 2.4238e+01 l_orth: 4.1791e+01 l_diff: 1.4807e+01 l_align: 4.4567e+01 l_total: 1.2540e+02 
2026-05-22 03:46:35,697 INFO: [scape..][epoch: 17, iter:  43,120, lr:(5.030e-04,)][eta: 4:23:38, time (data): 0.321 (0.038)]l_bij: 1.3079e+01 l_orth: 4.0530e+01 l_diff: 1.0724e+01 l_align: 4.4709e+01 l_total: 1.0904e+02 
2026-05-22 03:46:41,616 INFO: [scape..][epoch: 17, iter:  43,140, lr:(5.030e-04,)][eta: 4:23:27, time (data): 0.317 (0.038)]l_bij: 6.1168e+01 l_orth: 7.4849e+01 l_diff: 1.5355e+01 l_align: 6.2615e+01 l_total: 2.1399e+02 
2026-05-22 03:46:48,160 INFO: [scape..][epoch: 17, iter:  43,160, lr:(5.030e-04,)][eta: 4:23:16, time (data): 0.319 (0.038)]l_bij: 2.8956e+01 l_orth: 4.8598e+01 l_diff: 1.4787e+01 l_align: 4.8447e+01 l_total: 1.4079e+02 
2026-05-22 03:46:53,950 INFO: [scape..][epoch: 17, iter:  43,180, lr:(5.030e-04,)][eta: 4:23:04, time (data): 0.315 (0.038)]l_bij: 4.0761e+01 l_orth: 5.6507e+01 l_diff: 1.3338e+01 l_align: 4.7428e+01 l_total: 1.5803e+02 
2026-05-22 03:47:00,174 INFO: [scape..][epoch: 17, iter:  43,200, lr:(5.030e-04,)][eta: 4:22:53, time (data): 0.315 (0.037)]l_bij: 3.1556e+01 l_orth: 5.1503e+01 l_diff: 1.3058e+01 l_align: 4.8852e+01 l_total: 1.4497e+02 
2026-05-22 03:47:06,071 INFO: [scape..][epoch: 17, iter:  43,220, lr:(5.030e-04,)][eta: 4:22:41, time (data): 0.392 (0.038)]l_bij: 2.3772e+01 l_orth: 4.7427e+01 l_diff: 1.0636e+01 l_align: 4.8459e+01 l_total: 1.3029e+02 
2026-05-22 03:47:12,997 INFO: [scape..][epoch: 17, iter:  43,240, lr:(5.030e-04,)][eta: 4:22:30, time (data): 0.355 (0.036)]l_bij: 4.1438e+01 l_orth: 5.6605e+01 l_diff: 1.5481e+01 l_align: 4.9979e+01 l_total: 1.6350e+02 
2026-05-22 03:47:19,880 INFO: [scape..][epoch: 17, iter:  43,260, lr:(5.030e-04,)][eta: 4:22:19, time (data): 0.350 (0.036)]l_bij: 1.7451e+01 l_orth: 4.1431e+01 l_diff: 1.5192e+01 l_align: 4.4473e+01 l_total: 1.1855e+02 
2026-05-22 03:47:26,713 INFO: [scape..][epoch: 17, iter:  43,280, lr:(5.030e-04,)][eta: 4:22:09, time (data): 0.348 (0.034)]l_bij: 3.7252e+01 l_orth: 5.5288e+01 l_diff: 1.4595e+01 l_align: 5.0516e+01 l_total: 1.5765e+02 
2026-05-22 03:47:32,821 INFO: [scape..][epoch: 17, iter:  43,300, lr:(5.030e-04,)][eta: 4:21:57, time (data): 0.338 (0.034)]l_bij: 1.9269e+01 l_orth: 4.1342e+01 l_diff: 1.2942e+01 l_align: 4.4705e+01 l_total: 1.1826e+02 
2026-05-22 03:47:39,008 INFO: [scape..][epoch: 17, iter:  43,320, lr:(5.030e-04,)][eta: 4:21:46, time (data): 0.332 (0.035)]l_bij: 2.2077e+01 l_orth: 4.5995e+01 l_diff: 1.5799e+01 l_align: 5.0043e+01 l_total: 1.3392e+02 
2026-05-22 03:47:46,179 INFO: [scape..][epoch: 17, iter:  43,340, lr:(5.030e-04,)][eta: 4:21:35, time (data): 0.336 (0.035)]l_bij: 2.6799e+01 l_orth: 4.6697e+01 l_diff: 1.1729e+01 l_align: 4.4035e+01 l_total: 1.2926e+02 
2026-05-22 03:47:52,394 INFO: [scape..][epoch: 17, iter:  43,360, lr:(5.030e-04,)][eta: 4:21:24, time (data): 0.333 (0.035)]l_bij: 2.2959e+01 l_orth: 4.7111e+01 l_diff: 1.2270e+01 l_align: 4.6852e+01 l_total: 1.2919e+02 
2026-05-22 03:47:58,356 INFO: [scape..][epoch: 17, iter:  43,380, lr:(5.030e-04,)][eta: 4:21:12, time (data): 0.329 (0.035)]l_bij: 2.2377e+01 l_orth: 4.3093e+01 l_diff: 1.4437e+01 l_align: 4.5905e+01 l_total: 1.2581e+02 
2026-05-22 03:48:04,697 INFO: [scape..][epoch: 17, iter:  43,400, lr:(5.030e-04,)][eta: 4:21:01, time (data): 0.327 (0.035)]l_bij: 2.6299e+01 l_orth: 4.8285e+01 l_diff: 1.1770e+01 l_align: 4.5940e+01 l_total: 1.3229e+02 
2026-05-22 03:48:10,909 INFO: [scape..][epoch: 17, iter:  43,420, lr:(5.030e-04,)][eta: 4:20:50, time (data): 0.325 (0.037)]l_bij: 2.1954e+01 l_orth: 4.3958e+01 l_diff: 1.4279e+01 l_align: 4.5467e+01 l_total: 1.2566e+02 
2026-05-22 03:48:17,163 INFO: [scape..][epoch: 17, iter:  43,440, lr:(5.030e-04,)][eta: 4:20:39, time (data): 0.315 (0.037)]l_bij: 2.9136e+01 l_orth: 4.5946e+01 l_diff: 1.4212e+01 l_align: 4.6987e+01 l_total: 1.3628e+02 
2026-05-22 03:48:23,684 INFO: [scape..][epoch: 17, iter:  43,460, lr:(5.030e-04,)][eta: 4:20:28, time (data): 0.320 (0.036)]l_bij: 3.6995e+01 l_orth: 5.5487e+01 l_diff: 1.3416e+01 l_align: 4.8416e+01 l_total: 1.5431e+02 
2026-05-22 03:48:30,247 INFO: [scape..][epoch: 17, iter:  43,480, lr:(5.030e-04,)][eta: 4:20:17, time (data): 0.322 (0.037)]l_bij: 2.7608e+01 l_orth: 4.8871e+01 l_diff: 1.7014e+01 l_align: 4.5847e+01 l_total: 1.3934e+02 
2026-05-22 03:48:37,053 INFO: [scape..][epoch: 17, iter:  43,500, lr:(5.030e-04,)][eta: 4:20:06, time (data): 0.327 (0.036)]l_bij: 2.8155e+01 l_orth: 4.8293e+01 l_diff: 1.2978e+01 l_align: 4.7537e+01 l_total: 1.3696e+02 
2026-05-22 03:48:42,851 INFO: [scape..][epoch: 17, iter:  43,520, lr:(5.030e-04,)][eta: 4:19:54, time (data): 0.320 (0.037)]l_bij: 2.6484e+01 l_orth: 4.5682e+01 l_diff: 1.3265e+01 l_align: 4.3983e+01 l_total: 1.2941e+02 
2026-05-22 03:48:49,580 INFO: [scape..][epoch: 17, iter:  43,540, lr:(5.030e-04,)][eta: 4:19:43, time (data): 0.322 (0.038)]l_bij: 3.6742e+01 l_orth: 5.4758e+01 l_diff: 1.6656e+01 l_align: 5.0691e+01 l_total: 1.5885e+02 
2026-05-22 03:48:55,600 INFO: [scape..][epoch: 17, iter:  43,560, lr:(5.030e-04,)][eta: 4:19:32, time (data): 0.319 (0.038)]l_bij: 2.6858e+01 l_orth: 4.6804e+01 l_diff: 1.3616e+01 l_align: 4.6151e+01 l_total: 1.3343e+02 
2026-05-22 03:49:00,749 INFO: [scape..][epoch: 17, iter:  43,580, lr:(5.030e-04,)][eta: 4:19:20, time (data): 0.312 (0.038)]l_bij: 1.2242e+01 l_orth: 3.5344e+01 l_diff: 1.4135e+01 l_align: 4.2475e+01 l_total: 1.0420e+02 
2026-05-22 03:49:05,488 INFO: [scape..][epoch: 17, iter:  43,600, lr:(5.030e-04,)][eta: 4:19:07, time (data): 0.304 (0.039)]l_bij: 2.2826e+01 l_orth: 4.2702e+01 l_diff: 1.2047e+01 l_align: 4.2896e+01 l_total: 1.2047e+02 
2026-05-22 03:49:10,727 INFO: [scape..][epoch: 17, iter:  43,620, lr:(5.030e-04,)][eta: 4:18:55, time (data): 0.319 (0.037)]l_bij: 3.4003e+01 l_orth: 5.0884e+01 l_diff: 1.4531e+01 l_align: 4.6352e+01 l_total: 1.4577e+02 
2026-05-22 03:49:15,666 INFO: [scape..][epoch: 17, iter:  43,640, lr:(5.030e-04,)][eta: 4:18:43, time (data): 0.256 (0.037)]l_bij: 2.7337e+01 l_orth: 5.5438e+01 l_diff: 1.5776e+01 l_align: 5.3617e+01 l_total: 1.5217e+02 
2026-05-22 03:49:21,405 INFO: [scape..][epoch: 17, iter:  43,660, lr:(5.030e-04,)][eta: 4:18:32, time (data): 0.271 (0.038)]l_bij: 3.9039e+01 l_orth: 5.4613e+01 l_diff: 1.3973e+01 l_align: 4.8358e+01 l_total: 1.5598e+02 
2026-05-22 03:49:25,995 INFO: [scape..][epoch: 17, iter:  43,680, lr:(5.030e-04,)][eta: 4:18:19, time (data): 0.257 (0.037)]l_bij: 2.1902e+01 l_orth: 4.4027e+01 l_diff: 1.2446e+01 l_align: 4.5623e+01 l_total: 1.2400e+02 
2026-05-22 03:49:31,546 INFO: [scape..][epoch: 17, iter:  43,700, lr:(5.030e-04,)][eta: 4:18:07, time (data): 0.262 (0.037)]l_bij: 3.0436e+01 l_orth: 4.9277e+01 l_diff: 1.3080e+01 l_align: 4.6145e+01 l_total: 1.3894e+02 
2026-05-22 03:49:36,323 INFO: [scape..][epoch: 17, iter:  43,720, lr:(5.030e-04,)][eta: 4:17:55, time (data): 0.258 (0.036)]l_bij: 5.2706e+01 l_orth: 6.3637e+01 l_diff: 1.5116e+01 l_align: 4.9841e+01 l_total: 1.8130e+02 
2026-05-22 03:49:41,501 INFO: [scape..][epoch: 17, iter:  43,740, lr:(5.030e-04,)][eta: 4:17:43, time (data): 0.258 (0.037)]l_bij: 2.1293e+01 l_orth: 4.2825e+01 l_diff: 1.2136e+01 l_align: 4.4212e+01 l_total: 1.2047e+02 
2026-05-22 03:49:45,975 INFO: [scape..][epoch: 17, iter:  43,760, lr:(5.030e-04,)][eta: 4:17:30, time (data): 0.253 (0.037)]l_bij: 2.1639e+01 l_orth: 3.9677e+01 l_diff: 1.4138e+01 l_align: 4.2386e+01 l_total: 1.1784e+02 
2026-05-22 03:49:51,062 INFO: [scape..][epoch: 17, iter:  43,780, lr:(5.030e-04,)][eta: 4:17:18, time (data): 0.253 (0.038)]l_bij: 1.3727e+01 l_orth: 3.7438e+01 l_diff: 1.2098e+01 l_align: 4.3209e+01 l_total: 1.0647e+02 
2026-05-22 03:49:58,616 INFO: [scape..][epoch: 17, iter:  43,800, lr:(5.030e-04,)][eta: 4:17:08, time (data): 0.267 (0.038)]l_bij: 1.7031e+01 l_orth: 4.0512e+01 l_diff: 1.4261e+01 l_align: 4.3482e+01 l_total: 1.1529e+02 
2026-05-22 03:50:03,038 INFO: [scape..][epoch: 17, iter:  43,820, lr:(5.030e-04,)][eta: 4:16:55, time (data): 0.169 (0.036)]l_bij: 4.4439e+01 l_orth: 6.0308e+01 l_diff: 1.4229e+01 l_align: 5.4720e+01 l_total: 1.7370e+02 
2026-05-22 03:50:07,974 INFO: [scape..][epoch: 17, iter:  43,840, lr:(5.030e-04,)][eta: 4:16:43, time (data): 0.240 (0.035)]l_bij: 2.6460e+01 l_orth: 4.6715e+01 l_diff: 1.5411e+01 l_align: 4.4361e+01 l_total: 1.3295e+02 
2026-05-22 03:50:13,360 INFO: [scape..][epoch: 17, iter:  43,860, lr:(5.030e-04,)][eta: 4:16:31, time (data): 0.254 (0.036)]l_bij: 2.6627e+01 l_orth: 4.5155e+01 l_diff: 1.2765e+01 l_align: 4.3600e+01 l_total: 1.2815e+02 
2026-05-22 03:50:17,667 INFO: [scape..][epoch: 17, iter:  43,880, lr:(5.030e-04,)][eta: 4:16:19, time (data): 0.241 (0.037)]l_bij: 2.9796e+01 l_orth: 4.6193e+01 l_diff: 1.2338e+01 l_align: 4.4881e+01 l_total: 1.3321e+02 
2026-05-22 03:50:23,455 INFO: [scape..][epoch: 17, iter:  43,900, lr:(5.030e-04,)][eta: 4:16:07, time (data): 0.253 (0.037)]l_bij: 2.5098e+01 l_orth: 4.7472e+01 l_diff: 1.3199e+01 l_align: 4.9282e+01 l_total: 1.3505e+02 
2026-05-22 03:50:29,490 INFO: [scape..][epoch: 17, iter:  43,920, lr:(5.030e-04,)][eta: 4:15:56, time (data): 0.263 (0.038)]l_bij: 2.6698e+01 l_orth: 4.6581e+01 l_diff: 1.1074e+01 l_align: 4.4872e+01 l_total: 1.2922e+02 
2026-05-22 03:50:35,865 INFO: [scape..][epoch: 17, iter:  43,940, lr:(5.030e-04,)][eta: 4:15:45, time (data): 0.272 (0.038)]l_bij: 3.2077e+01 l_orth: 4.9208e+01 l_diff: 1.3735e+01 l_align: 4.4897e+01 l_total: 1.3992e+02 
2026-05-22 03:50:40,588 INFO: [scape..][epoch: 17, iter:  43,960, lr:(5.030e-04,)][eta: 4:15:33, time (data): 0.267 (0.038)]l_bij: 3.9992e+01 l_orth: 5.5729e+01 l_diff: 1.5346e+01 l_align: 5.0609e+01 l_total: 1.6168e+02 
2026-05-22 03:50:47,342 INFO: [scape..][epoch: 17, iter:  43,980, lr:(5.030e-04,)][eta: 4:15:22, time (data): 0.275 (0.037)]l_bij: 3.4171e+01 l_orth: 5.2758e+01 l_diff: 1.2839e+01 l_align: 5.1114e+01 l_total: 1.5088e+02 
2026-05-22 03:50:52,768 INFO: [scape..][epoch: 17, iter:  44,000, lr:(5.030e-04,)][eta: 4:15:10, time (data): 0.275 (0.037)]l_bij: 2.4575e+01 l_orth: 4.5650e+01 l_diff: 1.3813e+01 l_align: 4.3906e+01 l_total: 1.2794e+02 
2026-05-22 03:50:52,768 INFO: Saving models and training states.
2026-05-22 03:50:52,788 INFO: Start validation.
2026-05-22 03:54:30,691 INFO: Avg time: 0.2150
2026-05-22 03:54:30,922 INFO: Val auc: 0.8124
2026-05-22 03:54:30,922 INFO: Val avg error: 0.0188
2026-05-22 03:54:30,925 INFO: Best model is updated, average geodesic error: 0.0188
2026-05-22 03:54:37,416 INFO: [scape..][epoch: 17, iter:  44,020, lr:(5.030e-04,)][eta: 4:17:48, time (data): 0.445 (0.036)]l_bij: 3.7287e+01 l_orth: 5.3821e+01 l_diff: 1.7044e+01 l_align: 4.6797e+01 l_total: 1.5495e+02 
2026-05-22 03:54:43,990 INFO: [scape..][epoch: 17, iter:  44,040, lr:(5.030e-04,)][eta: 4:17:37, time (data): 0.334 (0.040)]l_bij: 2.2888e+01 l_orth: 4.2455e+01 l_diff: 1.1241e+01 l_align: 4.2449e+01 l_total: 1.1903e+02 
2026-05-22 03:54:50,421 INFO: [scape..][epoch: 17, iter:  44,060, lr:(5.030e-04,)][eta: 4:17:25, time (data): 0.328 (0.040)]l_bij: 2.3183e+01 l_orth: 4.5634e+01 l_diff: 1.4957e+01 l_align: 4.6654e+01 l_total: 1.3043e+02 
2026-05-22 03:54:55,657 INFO: [scape..][epoch: 17, iter:  44,080, lr:(5.030e-04,)][eta: 4:17:13, time (data): 0.306 (0.041)]l_bij: 2.4309e+01 l_orth: 4.5714e+01 l_diff: 1.0647e+01 l_align: 4.5529e+01 l_total: 1.2620e+02 
2026-05-22 03:55:01,562 INFO: [scape..][epoch: 17, iter:  44,100, lr:(5.030e-04,)][eta: 4:17:02, time (data): 0.304 (0.041)]l_bij: 4.7614e+01 l_orth: 6.0443e+01 l_diff: 1.2318e+01 l_align: 5.0662e+01 l_total: 1.7104e+02 
2026-05-22 03:55:08,854 INFO: [scape..][epoch: 17, iter:  44,120, lr:(5.030e-04,)][eta: 4:16:51, time (data): 0.316 (0.041)]l_bij: 3.9668e+01 l_orth: 5.5408e+01 l_diff: 1.3023e+01 l_align: 4.7606e+01 l_total: 1.5570e+02 
2026-05-22 03:55:15,821 INFO: [scape..][epoch: 17, iter:  44,140, lr:(5.030e-04,)][eta: 4:16:41, time (data): 0.321 (0.040)]l_bij: 3.3719e+01 l_orth: 5.2992e+01 l_diff: 1.5807e+01 l_align: 4.9333e+01 l_total: 1.5185e+02 
2026-05-22 03:55:22,093 INFO: [scape..][epoch: 17, iter:  44,160, lr:(5.030e-04,)][eta: 4:16:29, time (data): 0.320 (0.039)]l_bij: 2.6378e+01 l_orth: 4.5783e+01 l_diff: 1.4770e+01 l_align: 4.4804e+01 l_total: 1.3173e+02 
2026-05-22 03:55:27,764 INFO: [scape..][epoch: 17, iter:  44,180, lr:(5.030e-04,)][eta: 4:16:18, time (data): 0.315 (0.039)]l_bij: 3.6491e+01 l_orth: 5.4490e+01 l_diff: 1.3144e+01 l_align: 4.9723e+01 l_total: 1.5385e+02 
2026-05-22 03:55:34,462 INFO: [scape..][epoch: 17, iter:  44,200, lr:(5.030e-04,)][eta: 4:16:07, time (data): 0.318 (0.038)]l_bij: 3.9025e+01 l_orth: 5.7522e+01 l_diff: 1.3417e+01 l_align: 4.8563e+01 l_total: 1.5853e+02 
2026-05-22 03:55:41,478 INFO: [scape..][epoch: 18, iter:  44,220, lr:(4.564e-04,)][eta: 4:15:56, time (data): 0.321 (0.042)]l_bij: 6.5571e+01 l_orth: 7.7051e+01 l_diff: 1.7682e+01 l_align: 6.1522e+01 l_total: 2.2183e+02 
2026-05-22 03:55:46,374 INFO: [scape..][epoch: 18, iter:  44,240, lr:(4.564e-04,)][eta: 4:15:44, time (data): 0.245 (0.037)]l_bij: 1.9641e+01 l_orth: 4.2868e+01 l_diff: 1.2286e+01 l_align: 4.4213e+01 l_total: 1.1901e+02 
2026-05-22 03:55:52,723 INFO: [scape..][epoch: 18, iter:  44,260, lr:(4.564e-04,)][eta: 4:15:33, time (data): 0.281 (0.033)]l_bij: 2.2471e+01 l_orth: 4.4609e+01 l_diff: 1.5441e+01 l_align: 4.6687e+01 l_total: 1.2921e+02 
2026-05-22 03:55:58,429 INFO: [scape..][epoch: 18, iter:  44,280, lr:(4.564e-04,)][eta: 4:15:21, time (data): 0.282 (0.034)]l_bij: 2.0947e+01 l_orth: 4.4188e+01 l_diff: 1.2291e+01 l_align: 4.6245e+01 l_total: 1.2367e+02 
2026-05-22 03:56:03,650 INFO: [scape..][epoch: 18, iter:  44,300, lr:(4.564e-04,)][eta: 4:15:09, time (data): 0.277 (0.034)]l_bij: 2.8394e+01 l_orth: 4.8019e+01 l_diff: 1.4106e+01 l_align: 4.7960e+01 l_total: 1.3848e+02 
2026-05-22 03:56:09,805 INFO: [scape..][epoch: 18, iter:  44,320, lr:(4.564e-04,)][eta: 4:14:58, time (data): 0.283 (0.035)]l_bij: 2.9601e+01 l_orth: 4.6437e+01 l_diff: 1.2042e+01 l_align: 4.4384e+01 l_total: 1.3246e+02 
2026-05-22 03:56:15,402 INFO: [scape..][epoch: 18, iter:  44,340, lr:(4.564e-04,)][eta: 4:14:46, time (data): 0.283 (0.035)]l_bij: 2.6190e+01 l_orth: 4.6981e+01 l_diff: 1.2342e+01 l_align: 4.4888e+01 l_total: 1.3040e+02 
2026-05-22 03:56:22,576 INFO: [scape..][epoch: 18, iter:  44,360, lr:(4.564e-04,)][eta: 4:14:35, time (data): 0.293 (0.036)]l_bij: 1.8359e+01 l_orth: 4.1075e+01 l_diff: 1.2122e+01 l_align: 4.3379e+01 l_total: 1.1493e+02 
2026-05-22 03:56:28,051 INFO: [scape..][epoch: 18, iter:  44,380, lr:(4.564e-04,)][eta: 4:14:24, time (data): 0.291 (0.037)]l_bij: 3.1051e+01 l_orth: 5.1462e+01 l_diff: 1.1756e+01 l_align: 4.5278e+01 l_total: 1.3955e+02 
2026-05-22 03:56:34,572 INFO: [scape..][epoch: 18, iter:  44,400, lr:(4.564e-04,)][eta: 4:14:13, time (data): 0.295 (0.038)]l_bij: 4.0759e+01 l_orth: 5.7112e+01 l_diff: 1.3578e+01 l_align: 4.9711e+01 l_total: 1.6116e+02 
2026-05-22 03:56:41,203 INFO: [scape..][epoch: 18, iter:  44,420, lr:(4.564e-04,)][eta: 4:14:02, time (data): 0.299 (0.038)]l_bij: 1.4335e+01 l_orth: 3.8083e+01 l_diff: 1.2253e+01 l_align: 4.3030e+01 l_total: 1.0770e+02 
2026-05-22 03:56:47,607 INFO: [scape..][epoch: 18, iter:  44,440, lr:(4.564e-04,)][eta: 4:13:51, time (data): 0.325 (0.037)]l_bij: 3.6710e+01 l_orth: 5.2551e+01 l_diff: 1.7337e+01 l_align: 4.6193e+01 l_total: 1.5279e+02 
2026-05-22 03:56:54,346 INFO: [scape..][epoch: 18, iter:  44,460, lr:(4.564e-04,)][eta: 4:13:40, time (data): 0.331 (0.039)]l_bij: 2.3705e+01 l_orth: 4.4356e+01 l_diff: 1.3495e+01 l_align: 4.6192e+01 l_total: 1.2775e+02 
2026-05-22 03:57:00,498 INFO: [scape..][epoch: 18, iter:  44,480, lr:(4.564e-04,)][eta: 4:13:29, time (data): 0.323 (0.038)]l_bij: 4.6240e+01 l_orth: 5.9664e+01 l_diff: 1.7646e+01 l_align: 4.9902e+01 l_total: 1.7345e+02 
2026-05-22 03:57:08,170 INFO: [scape..][epoch: 18, iter:  44,500, lr:(4.564e-04,)][eta: 4:13:18, time (data): 0.338 (0.037)]l_bij: 3.0157e+01 l_orth: 4.8841e+01 l_diff: 1.5182e+01 l_align: 4.8355e+01 l_total: 1.4253e+02 
2026-05-22 03:57:15,074 INFO: [scape..][epoch: 18, iter:  44,520, lr:(4.564e-04,)][eta: 4:13:08, time (data): 0.340 (0.037)]l_bij: 2.6242e+01 l_orth: 4.5291e+01 l_diff: 1.7634e+01 l_align: 4.6273e+01 l_total: 1.3544e+02 
2026-05-22 03:57:20,119 INFO: [scape..][epoch: 18, iter:  44,540, lr:(4.564e-04,)][eta: 4:12:56, time (data): 0.325 (0.037)]l_bij: 4.3803e+01 l_orth: 5.9291e+01 l_diff: 1.4173e+01 l_align: 5.2041e+01 l_total: 1.6931e+02 
2026-05-22 03:57:26,023 INFO: [scape..][epoch: 18, iter:  44,560, lr:(4.564e-04,)][eta: 4:12:44, time (data): 0.321 (0.037)]l_bij: 2.9723e+01 l_orth: 4.6724e+01 l_diff: 1.5364e+01 l_align: 4.5944e+01 l_total: 1.3775e+02 
2026-05-22 03:57:31,859 INFO: [scape..][epoch: 18, iter:  44,580, lr:(4.564e-04,)][eta: 4:12:33, time (data): 0.317 (0.036)]l_bij: 2.7112e+01 l_orth: 4.8594e+01 l_diff: 1.3185e+01 l_align: 4.8361e+01 l_total: 1.3725e+02 
2026-05-22 03:57:37,365 INFO: [scape..][epoch: 18, iter:  44,600, lr:(4.564e-04,)][eta: 4:12:21, time (data): 0.312 (0.036)]l_bij: 2.2372e+01 l_orth: 4.3739e+01 l_diff: 1.2077e+01 l_align: 4.3773e+01 l_total: 1.2196e+02 
2026-05-22 03:57:43,509 INFO: [scape..][epoch: 18, iter:  44,620, lr:(4.564e-04,)][eta: 4:12:10, time (data): 0.312 (0.036)]l_bij: 3.3029e+01 l_orth: 5.2772e+01 l_diff: 1.4678e+01 l_align: 4.8455e+01 l_total: 1.4893e+02 
2026-05-22 03:57:51,113 INFO: [scape..][epoch: 18, iter:  44,640, lr:(4.564e-04,)][eta: 4:12:00, time (data): 0.371 (0.037)]l_bij: 2.1173e+01 l_orth: 4.1960e+01 l_diff: 1.1048e+01 l_align: 4.4538e+01 l_total: 1.1872e+02 
2026-05-22 03:57:57,865 INFO: [scape..][epoch: 18, iter:  44,660, lr:(4.564e-04,)][eta: 4:11:49, time (data): 0.354 (0.034)]l_bij: 2.4483e+01 l_orth: 4.4072e+01 l_diff: 1.3552e+01 l_align: 4.4326e+01 l_total: 1.2643e+02 
2026-05-22 03:58:03,764 INFO: [scape..][epoch: 18, iter:  44,680, lr:(4.564e-04,)][eta: 4:11:37, time (data): 0.333 (0.034)]l_bij: 3.9833e+01 l_orth: 5.5929e+01 l_diff: 1.4123e+01 l_align: 4.6907e+01 l_total: 1.5679e+02 
2026-05-22 03:58:10,468 INFO: [scape..][epoch: 18, iter:  44,700, lr:(4.564e-04,)][eta: 4:11:27, time (data): 0.334 (0.034)]l_bij: 3.2843e+01 l_orth: 4.9456e+01 l_diff: 1.6891e+01 l_align: 4.4409e+01 l_total: 1.4360e+02 
2026-05-22 03:58:16,092 INFO: [scape..][epoch: 18, iter:  44,720, lr:(4.564e-04,)][eta: 4:11:15, time (data): 0.323 (0.034)]l_bij: 3.7912e+01 l_orth: 5.3569e+01 l_diff: 1.2249e+01 l_align: 4.6134e+01 l_total: 1.4986e+02 
2026-05-22 03:58:21,376 INFO: [scape..][epoch: 18, iter:  44,740, lr:(4.564e-04,)][eta: 4:11:03, time (data): 0.313 (0.034)]l_bij: 3.6583e+01 l_orth: 5.2484e+01 l_diff: 1.4323e+01 l_align: 4.6416e+01 l_total: 1.4981e+02 
2026-05-22 03:58:27,010 INFO: [scape..][epoch: 18, iter:  44,760, lr:(4.564e-04,)][eta: 4:10:52, time (data): 0.309 (0.035)]l_bij: 4.2243e+01 l_orth: 5.6657e+01 l_diff: 1.6751e+01 l_align: 4.7727e+01 l_total: 1.6338e+02 
2026-05-22 03:58:34,045 INFO: [scape..][epoch: 18, iter:  44,780, lr:(4.564e-04,)][eta: 4:10:41, time (data): 0.314 (0.035)]l_bij: 2.5158e+01 l_orth: 4.6760e+01 l_diff: 1.4906e+01 l_align: 4.7808e+01 l_total: 1.3463e+02 
2026-05-22 03:58:40,113 INFO: [scape..][epoch: 18, iter:  44,800, lr:(4.564e-04,)][eta: 4:10:30, time (data): 0.313 (0.035)]l_bij: 1.3161e+01 l_orth: 3.6168e+01 l_diff: 1.0928e+01 l_align: 4.2587e+01 l_total: 1.0284e+02 
2026-05-22 03:58:46,396 INFO: [scape..][epoch: 18, iter:  44,820, lr:(4.564e-04,)][eta: 4:10:19, time (data): 0.313 (0.035)]l_bij: 2.7198e+01 l_orth: 4.9574e+01 l_diff: 1.6569e+01 l_align: 4.9158e+01 l_total: 1.4250e+02 
2026-05-22 03:58:52,133 INFO: [scape..][epoch: 18, iter:  44,840, lr:(4.564e-04,)][eta: 4:10:07, time (data): 0.282 (0.037)]l_bij: 2.6936e+01 l_orth: 4.6621e+01 l_diff: 1.5331e+01 l_align: 4.6195e+01 l_total: 1.3508e+02 
2026-05-22 03:58:57,017 INFO: [scape..][epoch: 18, iter:  44,860, lr:(4.564e-04,)][eta: 4:09:55, time (data): 0.262 (0.037)]l_bij: 3.0016e+01 l_orth: 4.9840e+01 l_diff: 1.3143e+01 l_align: 4.8712e+01 l_total: 1.4171e+02 
2026-05-22 03:59:03,379 INFO: [scape..][epoch: 18, iter:  44,880, lr:(4.564e-04,)][eta: 4:09:44, time (data): 0.281 (0.038)]l_bij: 3.1823e+01 l_orth: 5.2322e+01 l_diff: 1.2452e+01 l_align: 4.9169e+01 l_total: 1.4577e+02 
2026-05-22 03:59:09,529 INFO: [scape..][epoch: 18, iter:  44,900, lr:(4.564e-04,)][eta: 4:09:33, time (data): 0.288 (0.038)]l_bij: 2.2062e+01 l_orth: 4.1162e+01 l_diff: 1.2010e+01 l_align: 4.2163e+01 l_total: 1.1740e+02 
2026-05-22 03:59:16,663 INFO: [scape..][epoch: 18, iter:  44,920, lr:(4.564e-04,)][eta: 4:09:22, time (data): 0.302 (0.038)]l_bij: 6.4545e+01 l_orth: 7.6624e+01 l_diff: 1.7817e+01 l_align: 6.4376e+01 l_total: 2.2336e+02 
2026-05-22 03:59:23,410 INFO: [scape..][epoch: 18, iter:  44,940, lr:(4.564e-04,)][eta: 4:09:12, time (data): 0.308 (0.039)]l_bij: 4.7821e+01 l_orth: 5.9760e+01 l_diff: 1.3023e+01 l_align: 5.0830e+01 l_total: 1.7143e+02 
2026-05-22 03:59:29,924 INFO: [scape..][epoch: 18, iter:  44,960, lr:(4.564e-04,)][eta: 4:09:01, time (data): 0.311 (0.039)]l_bij: 3.4013e+01 l_orth: 5.2923e+01 l_diff: 9.6417e+00 l_align: 4.8559e+01 l_total: 1.4514e+02 
2026-05-22 03:59:36,281 INFO: [scape..][epoch: 18, iter:  44,980, lr:(4.564e-04,)][eta: 4:08:50, time (data): 0.312 (0.039)]l_bij: 3.0789e+01 l_orth: 4.9714e+01 l_diff: 1.3168e+01 l_align: 4.3891e+01 l_total: 1.3756e+02 
2026-05-22 03:59:42,466 INFO: [scape..][epoch: 18, iter:  45,000, lr:(4.564e-04,)][eta: 4:08:39, time (data): 0.311 (0.039)]l_bij: 2.8590e+01 l_orth: 4.6177e+01 l_diff: 1.4654e+01 l_align: 4.4237e+01 l_total: 1.3366e+02 
2026-05-22 03:59:49,657 INFO: [scape..][epoch: 18, iter:  45,020, lr:(4.564e-04,)][eta: 4:08:28, time (data): 0.316 (0.040)]l_bij: 9.4202e+00 l_orth: 3.3977e+01 l_diff: 9.7491e+00 l_align: 4.3385e+01 l_total: 9.6531e+01 
2026-05-22 03:59:55,267 INFO: [scape..][epoch: 18, iter:  45,040, lr:(4.564e-04,)][eta: 4:08:17, time (data): 0.268 (0.036)]l_bij: 3.1074e+01 l_orth: 4.9945e+01 l_diff: 1.3800e+01 l_align: 4.5802e+01 l_total: 1.4062e+02 
2026-05-22 04:00:01,775 INFO: [scape..][epoch: 18, iter:  45,060, lr:(4.564e-04,)][eta: 4:08:06, time (data): 0.300 (0.038)]l_bij: 2.8459e+01 l_orth: 4.5913e+01 l_diff: 1.0655e+01 l_align: 4.4109e+01 l_total: 1.2914e+02 
2026-05-22 04:00:08,359 INFO: [scape..][epoch: 18, iter:  45,080, lr:(4.564e-04,)][eta: 4:07:55, time (data): 0.310 (0.039)]l_bij: 6.5040e+01 l_orth: 7.6760e+01 l_diff: 1.8620e+01 l_align: 6.2130e+01 l_total: 2.2255e+02 
2026-05-22 04:00:15,259 INFO: [scape..][epoch: 18, iter:  45,100, lr:(4.564e-04,)][eta: 4:07:44, time (data): 0.319 (0.039)]l_bij: 2.7438e+01 l_orth: 4.4723e+01 l_diff: 1.1347e+01 l_align: 4.1877e+01 l_total: 1.2538e+02 
2026-05-22 04:00:21,885 INFO: [scape..][epoch: 18, iter:  45,120, lr:(4.564e-04,)][eta: 4:07:34, time (data): 0.322 (0.039)]l_bij: 1.6719e+01 l_orth: 4.0561e+01 l_diff: 1.3050e+01 l_align: 4.4910e+01 l_total: 1.1524e+02 
2026-05-22 04:00:28,564 INFO: [scape..][epoch: 18, iter:  45,140, lr:(4.564e-04,)][eta: 4:07:23, time (data): 0.324 (0.039)]l_bij: 2.1388e+01 l_orth: 4.2326e+01 l_diff: 9.7224e+00 l_align: 4.3256e+01 l_total: 1.1669e+02 
2026-05-22 04:00:35,796 INFO: [scape..][epoch: 18, iter:  45,160, lr:(4.564e-04,)][eta: 4:07:13, time (data): 0.329 (0.039)]l_bij: 3.6254e+01 l_orth: 5.1098e+01 l_diff: 1.2465e+01 l_align: 4.4826e+01 l_total: 1.4464e+02 
2026-05-22 04:00:41,775 INFO: [scape..][epoch: 18, iter:  45,180, lr:(4.564e-04,)][eta: 4:07:01, time (data): 0.325 (0.039)]l_bij: 2.8758e+01 l_orth: 5.0790e+01 l_diff: 1.4378e+01 l_align: 4.6761e+01 l_total: 1.4069e+02 
2026-05-22 04:00:46,963 INFO: [scape..][epoch: 18, iter:  45,200, lr:(4.564e-04,)][eta: 4:06:50, time (data): 0.318 (0.039)]l_bij: 2.6283e+01 l_orth: 4.4803e+01 l_diff: 1.1645e+01 l_align: 4.4188e+01 l_total: 1.2692e+02 
2026-05-22 04:00:52,919 INFO: [scape..][epoch: 18, iter:  45,220, lr:(4.564e-04,)][eta: 4:06:38, time (data): 0.316 (0.039)]l_bij: 4.4373e+01 l_orth: 5.9103e+01 l_diff: 1.5441e+01 l_align: 4.8797e+01 l_total: 1.6771e+02 
2026-05-22 04:00:59,106 INFO: [scape..][epoch: 18, iter:  45,240, lr:(4.564e-04,)][eta: 4:06:27, time (data): 0.306 (0.036)]l_bij: 1.9326e+01 l_orth: 4.6330e+01 l_diff: 1.4262e+01 l_align: 4.6217e+01 l_total: 1.2613e+02 
2026-05-22 04:01:06,153 INFO: [scape..][epoch: 18, iter:  45,260, lr:(4.564e-04,)][eta: 4:06:17, time (data): 0.332 (0.035)]l_bij: 3.2842e+01 l_orth: 4.9056e+01 l_diff: 1.1615e+01 l_align: 4.7857e+01 l_total: 1.4137e+02 
2026-05-22 04:01:12,013 INFO: [scape..][epoch: 18, iter:  45,280, lr:(4.564e-04,)][eta: 4:06:05, time (data): 0.318 (0.035)]l_bij: 2.4976e+01 l_orth: 4.6158e+01 l_diff: 1.4123e+01 l_align: 4.8001e+01 l_total: 1.3326e+02 
2026-05-22 04:01:18,076 INFO: [scape..][epoch: 18, iter:  45,300, lr:(4.564e-04,)][eta: 4:05:54, time (data): 0.314 (0.034)]l_bij: 1.3189e+01 l_orth: 3.7784e+01 l_diff: 1.2754e+01 l_align: 4.2491e+01 l_total: 1.0622e+02 
2026-05-22 04:01:22,843 INFO: [scape..][epoch: 18, iter:  45,320, lr:(4.564e-04,)][eta: 4:05:42, time (data): 0.298 (0.035)]l_bij: 1.9683e+01 l_orth: 3.8605e+01 l_diff: 1.2002e+01 l_align: 4.2295e+01 l_total: 1.1259e+02 
2026-05-22 04:01:28,999 INFO: [scape..][epoch: 18, iter:  45,340, lr:(4.564e-04,)][eta: 4:05:31, time (data): 0.300 (0.036)]l_bij: 4.0206e+01 l_orth: 5.8403e+01 l_diff: 1.5202e+01 l_align: 5.2887e+01 l_total: 1.6670e+02 
2026-05-22 04:01:35,925 INFO: [scape..][epoch: 18, iter:  45,360, lr:(4.564e-04,)][eta: 4:05:21, time (data): 0.307 (0.036)]l_bij: 3.4314e+01 l_orth: 4.9844e+01 l_diff: 1.4682e+01 l_align: 4.5122e+01 l_total: 1.4396e+02 
2026-05-22 04:01:42,009 INFO: [scape..][epoch: 18, iter:  45,380, lr:(4.564e-04,)][eta: 4:05:10, time (data): 0.306 (0.037)]l_bij: 2.9919e+01 l_orth: 5.2113e+01 l_diff: 1.2446e+01 l_align: 5.0176e+01 l_total: 1.4465e+02 
2026-05-22 04:01:49,131 INFO: [scape..][epoch: 18, iter:  45,400, lr:(4.564e-04,)][eta: 4:04:59, time (data): 0.312 (0.037)]l_bij: 2.8978e+01 l_orth: 4.8279e+01 l_diff: 1.3679e+01 l_align: 4.5204e+01 l_total: 1.3614e+02 
2026-05-22 04:01:54,147 INFO: [scape..][epoch: 18, iter:  45,420, lr:(4.564e-04,)][eta: 4:04:47, time (data): 0.306 (0.037)]l_bij: 3.5068e+01 l_orth: 5.1018e+01 l_diff: 1.3941e+01 l_align: 4.5770e+01 l_total: 1.4580e+02 
2026-05-22 04:01:59,784 INFO: [scape..][epoch: 18, iter:  45,440, lr:(4.564e-04,)][eta: 4:04:36, time (data): 0.289 (0.040)]l_bij: 1.6704e+01 l_orth: 3.9657e+01 l_diff: 1.2893e+01 l_align: 4.4020e+01 l_total: 1.1327e+02 
2026-05-22 04:02:06,072 INFO: [scape..][epoch: 18, iter:  45,460, lr:(4.564e-04,)][eta: 4:04:25, time (data): 0.304 (0.041)]l_bij: 5.0684e+01 l_orth: 6.2799e+01 l_diff: 1.5231e+01 l_align: 5.3508e+01 l_total: 1.8222e+02 
2026-05-22 04:02:12,775 INFO: [scape..][epoch: 18, iter:  45,480, lr:(4.564e-04,)][eta: 4:04:14, time (data): 0.315 (0.039)]l_bij: 2.6147e+01 l_orth: 4.8149e+01 l_diff: 1.3279e+01 l_align: 4.9050e+01 l_total: 1.3663e+02 
2026-05-22 04:02:19,323 INFO: [scape..][epoch: 18, iter:  45,500, lr:(4.564e-04,)][eta: 4:04:03, time (data): 0.319 (0.039)]l_bij: 3.6429e+01 l_orth: 5.7365e+01 l_diff: 1.6235e+01 l_align: 5.0211e+01 l_total: 1.6024e+02 
2026-05-22 04:02:25,859 INFO: [scape..][epoch: 18, iter:  45,520, lr:(4.564e-04,)][eta: 4:03:53, time (data): 0.320 (0.038)]l_bij: 2.7986e+01 l_orth: 4.7212e+01 l_diff: 1.1872e+01 l_align: 4.7030e+01 l_total: 1.3410e+02 
2026-05-22 04:02:32,031 INFO: [scape..][epoch: 18, iter:  45,540, lr:(4.564e-04,)][eta: 4:03:42, time (data): 0.318 (0.038)]l_bij: 3.9272e+01 l_orth: 5.5915e+01 l_diff: 1.3326e+01 l_align: 4.8040e+01 l_total: 1.5655e+02 
2026-05-22 04:02:37,858 INFO: [scape..][epoch: 18, iter:  45,560, lr:(4.564e-04,)][eta: 4:03:30, time (data): 0.314 (0.037)]l_bij: 2.7569e+01 l_orth: 4.8059e+01 l_diff: 1.4926e+01 l_align: 4.6001e+01 l_total: 1.3656e+02 
2026-05-22 04:02:43,161 INFO: [scape..][epoch: 18, iter:  45,580, lr:(4.564e-04,)][eta: 4:03:19, time (data): 0.308 (0.038)]l_bij: 1.8244e+01 l_orth: 3.9745e+01 l_diff: 1.3465e+01 l_align: 4.2947e+01 l_total: 1.1440e+02 
2026-05-22 04:02:48,353 INFO: [scape..][epoch: 18, iter:  45,600, lr:(4.564e-04,)][eta: 4:03:07, time (data): 0.302 (0.039)]l_bij: 2.3041e+01 l_orth: 4.5679e+01 l_diff: 1.3673e+01 l_align: 4.9372e+01 l_total: 1.3177e+02 
2026-05-22 04:02:54,198 INFO: [scape..][epoch: 18, iter:  45,620, lr:(4.564e-04,)][eta: 4:02:56, time (data): 0.301 (0.038)]l_bij: 2.6817e+01 l_orth: 4.9769e+01 l_diff: 1.6546e+01 l_align: 4.7235e+01 l_total: 1.4037e+02 
2026-05-22 04:03:00,130 INFO: [scape..][epoch: 18, iter:  45,640, lr:(4.564e-04,)][eta: 4:02:45, time (data): 0.327 (0.038)]l_bij: 4.3150e+01 l_orth: 6.2242e+01 l_diff: 1.5104e+01 l_align: 5.5419e+01 l_total: 1.7591e+02 
2026-05-22 04:03:07,853 INFO: [scape..][epoch: 18, iter:  45,660, lr:(4.564e-04,)][eta: 4:02:35, time (data): 0.363 (0.038)]l_bij: 3.2785e+01 l_orth: 5.1651e+01 l_diff: 1.5250e+01 l_align: 5.0741e+01 l_total: 1.5043e+02 
2026-05-22 04:03:14,209 INFO: [scape..][epoch: 18, iter:  45,680, lr:(4.564e-04,)][eta: 4:02:24, time (data): 0.346 (0.038)]l_bij: 2.3562e+01 l_orth: 4.4201e+01 l_diff: 1.2229e+01 l_align: 4.5395e+01 l_total: 1.2539e+02 
2026-05-22 04:03:19,522 INFO: [scape..][epoch: 18, iter:  45,700, lr:(4.564e-04,)][eta: 4:02:12, time (data): 0.324 (0.038)]l_bij: 2.7485e+01 l_orth: 4.9554e+01 l_diff: 1.6063e+01 l_align: 4.6406e+01 l_total: 1.3951e+02 
2026-05-22 04:03:24,414 INFO: [scape..][epoch: 18, iter:  45,720, lr:(4.564e-04,)][eta: 4:02:00, time (data): 0.307 (0.038)]l_bij: 2.3856e+01 l_orth: 4.3741e+01 l_diff: 1.1315e+01 l_align: 4.1576e+01 l_total: 1.2049e+02 
2026-05-22 04:03:30,192 INFO: [scape..][epoch: 18, iter:  45,740, lr:(4.564e-04,)][eta: 4:01:49, time (data): 0.304 (0.039)]l_bij: 4.5133e+01 l_orth: 5.8012e+01 l_diff: 1.6908e+01 l_align: 5.5086e+01 l_total: 1.7514e+02 
2026-05-22 04:03:35,594 INFO: [scape..][epoch: 18, iter:  45,760, lr:(4.564e-04,)][eta: 4:01:38, time (data): 0.299 (0.039)]l_bij: 2.9438e+01 l_orth: 4.9458e+01 l_diff: 1.6727e+01 l_align: 4.6728e+01 l_total: 1.4235e+02 
2026-05-22 04:03:41,994 INFO: [scape..][epoch: 18, iter:  45,780, lr:(4.564e-04,)][eta: 4:01:27, time (data): 0.301 (0.039)]l_bij: 1.1031e+01 l_orth: 3.9350e+01 l_diff: 1.3592e+01 l_align: 4.5038e+01 l_total: 1.0901e+02 
2026-05-22 04:03:48,376 INFO: [scape..][epoch: 18, iter:  45,800, lr:(4.564e-04,)][eta: 4:01:16, time (data): 0.303 (0.040)]l_bij: 1.6725e+01 l_orth: 4.0249e+01 l_diff: 1.1745e+01 l_align: 4.4883e+01 l_total: 1.1360e+02 
2026-05-22 04:03:55,050 INFO: [scape..][epoch: 18, iter:  45,820, lr:(4.564e-04,)][eta: 4:01:05, time (data): 0.307 (0.040)]l_bij: 1.6066e+01 l_orth: 3.7860e+01 l_diff: 1.1031e+01 l_align: 4.2634e+01 l_total: 1.0759e+02 
2026-05-22 04:04:00,822 INFO: [scape..][epoch: 18, iter:  45,840, lr:(4.564e-04,)][eta: 4:00:54, time (data): 0.266 (0.036)]l_bij: 2.2236e+01 l_orth: 4.3655e+01 l_diff: 1.3991e+01 l_align: 4.4231e+01 l_total: 1.2411e+02 
2026-05-22 04:04:06,061 INFO: [scape..][epoch: 18, iter:  45,860, lr:(4.564e-04,)][eta: 4:00:43, time (data): 0.263 (0.037)]l_bij: 1.7736e+01 l_orth: 3.9749e+01 l_diff: 1.2534e+01 l_align: 4.2723e+01 l_total: 1.1274e+02 
2026-05-22 04:04:12,907 INFO: [scape..][epoch: 18, iter:  45,880, lr:(4.564e-04,)][eta: 4:00:32, time (data): 0.294 (0.039)]l_bij: 2.6394e+01 l_orth: 4.4304e+01 l_diff: 1.2038e+01 l_align: 4.3677e+01 l_total: 1.2641e+02 
2026-05-22 04:04:18,756 INFO: [scape..][epoch: 18, iter:  45,900, lr:(4.564e-04,)][eta: 4:00:21, time (data): 0.293 (0.039)]l_bij: 2.6795e+01 l_orth: 4.6717e+01 l_diff: 1.4938e+01 l_align: 4.5676e+01 l_total: 1.3413e+02 
2026-05-22 04:04:24,997 INFO: [scape..][epoch: 18, iter:  45,920, lr:(4.564e-04,)][eta: 4:00:10, time (data): 0.297 (0.039)]l_bij: 3.5916e+01 l_orth: 5.0698e+01 l_diff: 1.3451e+01 l_align: 4.7234e+01 l_total: 1.4730e+02 
2026-05-22 04:04:32,012 INFO: [scape..][epoch: 18, iter:  45,940, lr:(4.564e-04,)][eta: 4:00:00, time (data): 0.307 (0.039)]l_bij: 1.5156e+01 l_orth: 3.6626e+01 l_diff: 1.1373e+01 l_align: 4.3109e+01 l_total: 1.0626e+02 
2026-05-22 04:04:37,023 INFO: [scape..][epoch: 18, iter:  45,960, lr:(4.564e-04,)][eta: 3:59:48, time (data): 0.298 (0.039)]l_bij: 1.2626e+01 l_orth: 3.7388e+01 l_diff: 1.5524e+01 l_align: 4.3968e+01 l_total: 1.0951e+02 
2026-05-22 04:04:42,320 INFO: [scape..][epoch: 18, iter:  45,980, lr:(4.564e-04,)][eta: 3:59:36, time (data): 0.294 (0.039)]l_bij: 3.2687e+01 l_orth: 4.9610e+01 l_diff: 1.4148e+01 l_align: 4.8342e+01 l_total: 1.4479e+02 
2026-05-22 04:04:48,697 INFO: [scape..][epoch: 18, iter:  46,000, lr:(4.564e-04,)][eta: 3:59:26, time (data): 0.297 (0.039)]l_bij: 1.2173e+00 l_orth: 3.1021e+01 l_diff: 1.0101e+01 l_align: 4.2729e+01 l_total: 8.5067e+01 
2026-05-22 04:04:55,093 INFO: [scape..][epoch: 18, iter:  46,020, lr:(4.564e-04,)][eta: 3:59:15, time (data): 0.299 (0.039)]l_bij: 3.8573e+01 l_orth: 6.0235e+01 l_diff: 1.3696e+01 l_align: 5.3695e+01 l_total: 1.6620e+02 
2026-05-22 04:05:01,391 INFO: [scape..][epoch: 18, iter:  46,040, lr:(4.564e-04,)][eta: 3:59:04, time (data): 0.313 (0.039)]l_bij: 1.8844e+01 l_orth: 3.9958e+01 l_diff: 1.0674e+01 l_align: 4.4838e+01 l_total: 1.1431e+02 
2026-05-22 04:05:06,391 INFO: [scape..][epoch: 18, iter:  46,060, lr:(4.564e-04,)][eta: 3:58:52, time (data): 0.272 (0.037)]l_bij: 1.7559e+01 l_orth: 4.0419e+01 l_diff: 1.1089e+01 l_align: 4.4629e+01 l_total: 1.1370e+02 
2026-05-22 04:05:12,055 INFO: [scape..][epoch: 18, iter:  46,080, lr:(4.564e-04,)][eta: 3:58:41, time (data): 0.277 (0.036)]l_bij: 5.1369e+01 l_orth: 6.5843e+01 l_diff: 2.0925e+01 l_align: 5.8783e+01 l_total: 1.9692e+02 
2026-05-22 04:05:17,853 INFO: [scape..][epoch: 18, iter:  46,100, lr:(4.564e-04,)][eta: 3:58:30, time (data): 0.280 (0.038)]l_bij: 3.9387e+01 l_orth: 5.5686e+01 l_diff: 1.3049e+01 l_align: 4.9092e+01 l_total: 1.5721e+02 
2026-05-22 04:05:24,386 INFO: [scape..][epoch: 18, iter:  46,120, lr:(4.564e-04,)][eta: 3:58:19, time (data): 0.290 (0.038)]l_bij: 1.4354e+01 l_orth: 3.9190e+01 l_diff: 1.5061e+01 l_align: 4.3736e+01 l_total: 1.1234e+02 
2026-05-22 04:05:30,463 INFO: [scape..][epoch: 18, iter:  46,140, lr:(4.564e-04,)][eta: 3:58:08, time (data): 0.293 (0.038)]l_bij: 1.6564e+01 l_orth: 4.3142e+01 l_diff: 1.1487e+01 l_align: 4.6106e+01 l_total: 1.1730e+02 
2026-05-22 04:05:36,334 INFO: [scape..][epoch: 18, iter:  46,160, lr:(4.564e-04,)][eta: 3:57:57, time (data): 0.293 (0.039)]l_bij: 4.2856e+01 l_orth: 6.1128e+01 l_diff: 1.6047e+01 l_align: 5.6854e+01 l_total: 1.7689e+02 
2026-05-22 04:05:42,263 INFO: [scape..][epoch: 18, iter:  46,180, lr:(4.564e-04,)][eta: 3:57:46, time (data): 0.293 (0.039)]l_bij: 2.6717e+01 l_orth: 4.6172e+01 l_diff: 1.5786e+01 l_align: 4.5223e+01 l_total: 1.3390e+02 
2026-05-22 04:05:48,055 INFO: [scape..][epoch: 18, iter:  46,200, lr:(4.564e-04,)][eta: 3:57:35, time (data): 0.293 (0.039)]l_bij: 3.6412e+01 l_orth: 5.4383e+01 l_diff: 1.4135e+01 l_align: 4.9677e+01 l_total: 1.5461e+02 
2026-05-22 04:05:54,270 INFO: [scape..][epoch: 18, iter:  46,220, lr:(4.564e-04,)][eta: 3:57:24, time (data): 0.295 (0.039)]l_bij: 1.8642e+01 l_orth: 3.9121e+01 l_diff: 1.3310e+01 l_align: 4.2351e+01 l_total: 1.1342e+02 
2026-05-22 04:06:01,418 INFO: [scape..][epoch: 18, iter:  46,240, lr:(4.564e-04,)][eta: 3:57:14, time (data): 0.408 (0.038)]l_bij: 2.4585e+01 l_orth: 4.2057e+01 l_diff: 1.2696e+01 l_align: 4.3567e+01 l_total: 1.2290e+02 
2026-05-22 04:06:06,614 INFO: [scape..][epoch: 18, iter:  46,260, lr:(4.564e-04,)][eta: 3:57:02, time (data): 0.309 (0.040)]l_bij: 2.7643e+01 l_orth: 4.5584e+01 l_diff: 1.0333e+01 l_align: 4.2266e+01 l_total: 1.2583e+02 
2026-05-22 04:06:12,277 INFO: [scape..][epoch: 18, iter:  46,280, lr:(4.564e-04,)][eta: 3:56:51, time (data): 0.299 (0.040)]l_bij: 3.4125e+01 l_orth: 4.9413e+01 l_diff: 1.3645e+01 l_align: 4.6340e+01 l_total: 1.4352e+02 
2026-05-22 04:06:18,612 INFO: [scape..][epoch: 18, iter:  46,300, lr:(4.564e-04,)][eta: 3:56:41, time (data): 0.304 (0.041)]l_bij: 3.4118e+01 l_orth: 5.2274e+01 l_diff: 1.7098e+01 l_align: 5.0266e+01 l_total: 1.5376e+02 
2026-05-22 04:06:24,148 INFO: [scape..][epoch: 18, iter:  46,320, lr:(4.564e-04,)][eta: 3:56:29, time (data): 0.298 (0.041)]l_bij: 3.2295e+01 l_orth: 5.0597e+01 l_diff: 1.4289e+01 l_align: 5.0358e+01 l_total: 1.4754e+02 
2026-05-22 04:06:31,052 INFO: [scape..][epoch: 18, iter:  46,340, lr:(4.564e-04,)][eta: 3:56:19, time (data): 0.306 (0.041)]l_bij: 4.6186e+01 l_orth: 6.2061e+01 l_diff: 1.6997e+01 l_align: 5.4538e+01 l_total: 1.7978e+02 
2026-05-22 04:06:37,198 INFO: [scape..][epoch: 18, iter:  46,360, lr:(4.564e-04,)][eta: 3:56:08, time (data): 0.307 (0.040)]l_bij: 4.4097e+01 l_orth: 5.8974e+01 l_diff: 1.4030e+01 l_align: 4.8721e+01 l_total: 1.6582e+02 
2026-05-22 04:06:43,718 INFO: [scape..][epoch: 18, iter:  46,380, lr:(4.564e-04,)][eta: 3:55:57, time (data): 0.309 (0.040)]l_bij: 6.3841e+00 l_orth: 3.3510e+01 l_diff: 1.2678e+01 l_align: 4.2794e+01 l_total: 9.5366e+01 
2026-05-22 04:06:49,479 INFO: [scape..][epoch: 18, iter:  46,400, lr:(4.564e-04,)][eta: 3:55:46, time (data): 0.307 (0.040)]l_bij: 5.0262e+01 l_orth: 6.8258e+01 l_diff: 1.6535e+01 l_align: 5.6627e+01 l_total: 1.9168e+02 
2026-05-22 04:06:54,518 INFO: [scape..][epoch: 18, iter:  46,420, lr:(4.564e-04,)][eta: 3:55:35, time (data): 0.301 (0.040)]l_bij: 2.7621e+01 l_orth: 4.6460e+01 l_diff: 1.4395e+01 l_align: 4.6620e+01 l_total: 1.3510e+02 
2026-05-22 04:07:00,556 INFO: [scape..][epoch: 18, iter:  46,440, lr:(4.564e-04,)][eta: 3:55:24, time (data): 0.301 (0.039)]l_bij: 2.9921e+01 l_orth: 4.8549e+01 l_diff: 1.5237e+01 l_align: 4.7412e+01 l_total: 1.4112e+02 
2026-05-22 04:07:07,139 INFO: [scape..][epoch: 18, iter:  46,460, lr:(4.564e-04,)][eta: 3:55:13, time (data): 0.320 (0.040)]l_bij: 2.6424e+01 l_orth: 4.5829e+01 l_diff: 1.5854e+01 l_align: 4.5357e+01 l_total: 1.3346e+02 
2026-05-22 04:07:12,962 INFO: [scape..][epoch: 18, iter:  46,480, lr:(4.564e-04,)][eta: 3:55:02, time (data): 0.308 (0.039)]l_bij: 1.0440e+00 l_orth: 3.0060e+01 l_diff: 1.2169e+01 l_align: 4.2851e+01 l_total: 8.6123e+01 
2026-05-22 04:07:19,225 INFO: [scape..][epoch: 18, iter:  46,500, lr:(4.564e-04,)][eta: 3:54:51, time (data): 0.310 (0.039)]l_bij: 6.4117e+01 l_orth: 7.6359e+01 l_diff: 1.7812e+01 l_align: 6.2036e+01 l_total: 2.2032e+02 
2026-05-22 04:07:24,929 INFO: [scape..][epoch: 18, iter:  46,520, lr:(4.564e-04,)][eta: 3:54:40, time (data): 0.304 (0.040)]l_bij: 2.9833e+01 l_orth: 4.8813e+01 l_diff: 1.2963e+01 l_align: 4.5403e+01 l_total: 1.3701e+02 
2026-05-22 04:07:31,472 INFO: [scape..][epoch: 18, iter:  46,540, lr:(4.564e-04,)][eta: 3:54:30, time (data): 0.308 (0.040)]l_bij: 2.1874e+01 l_orth: 4.4024e+01 l_diff: 1.3716e+01 l_align: 4.5325e+01 l_total: 1.2494e+02 
2026-05-22 04:07:37,935 INFO: [scape..][epoch: 18, iter:  46,560, lr:(4.564e-04,)][eta: 3:54:19, time (data): 0.311 (0.040)]l_bij: 2.8436e+01 l_orth: 4.8505e+01 l_diff: 1.1988e+01 l_align: 4.7069e+01 l_total: 1.3600e+02 
2026-05-22 04:07:43,458 INFO: [scape..][epoch: 18, iter:  46,580, lr:(4.564e-04,)][eta: 3:54:08, time (data): 0.306 (0.040)]l_bij: 4.0557e+01 l_orth: 5.5271e+01 l_diff: 1.3003e+01 l_align: 4.7586e+01 l_total: 1.5642e+02 
2026-05-22 04:07:50,684 INFO: [scape..][epoch: 18, iter:  46,600, lr:(4.564e-04,)][eta: 3:53:58, time (data): 0.313 (0.040)]l_bij: 3.7867e+01 l_orth: 5.3777e+01 l_diff: 1.4030e+01 l_align: 5.0419e+01 l_total: 1.5609e+02 
2026-05-22 04:07:55,417 INFO: [scape..][epoch: 18, iter:  46,620, lr:(4.564e-04,)][eta: 3:53:46, time (data): 0.305 (0.040)]l_bij: 2.8957e+01 l_orth: 4.6728e+01 l_diff: 1.0803e+01 l_align: 4.4433e+01 l_total: 1.3092e+02 
2026-05-22 04:08:01,495 INFO: [scape..][epoch: 18, iter:  46,640, lr:(4.564e-04,)][eta: 3:53:35, time (data): 0.361 (0.035)]l_bij: 2.6695e+01 l_orth: 4.7344e+01 l_diff: 1.4741e+01 l_align: 4.5604e+01 l_total: 1.3439e+02 
2026-05-22 04:08:07,276 INFO: [scape..][epoch: 18, iter:  46,660, lr:(4.564e-04,)][eta: 3:53:24, time (data): 0.310 (0.038)]l_bij: 1.9541e+01 l_orth: 4.7463e+01 l_diff: 1.4355e+01 l_align: 4.9091e+01 l_total: 1.3045e+02 
2026-05-22 04:08:12,962 INFO: [scape..][epoch: 18, iter:  46,680, lr:(4.564e-04,)][eta: 3:53:13, time (data): 0.299 (0.038)]l_bij: 2.2122e+01 l_orth: 4.3665e+01 l_diff: 1.5017e+01 l_align: 4.3861e+01 l_total: 1.2466e+02 
2026-05-22 04:08:18,410 INFO: [scape..][epoch: 18, iter:  46,700, lr:(4.564e-04,)][eta: 3:53:02, time (data): 0.291 (0.038)]l_bij: 2.1211e+01 l_orth: 4.4862e+01 l_diff: 1.3892e+01 l_align: 4.8191e+01 l_total: 1.2816e+02 
2026-05-22 04:08:23,445 INFO: [scape..][epoch: 18, iter:  46,720, lr:(4.564e-04,)][eta: 3:52:50, time (data): 0.282 (0.038)]l_bij: 3.5746e+01 l_orth: 5.2067e+01 l_diff: 1.4860e+01 l_align: 4.5097e+01 l_total: 1.4777e+02 
2026-05-22 04:08:28,840 INFO: [scape..][epoch: 18, iter:  46,740, lr:(4.564e-04,)][eta: 3:52:39, time (data): 0.280 (0.038)]l_bij: 3.0646e+01 l_orth: 4.9691e+01 l_diff: 1.4499e+01 l_align: 5.0084e+01 l_total: 1.4492e+02 
2026-05-22 04:08:34,736 INFO: [scape..][epoch: 18, iter:  46,760, lr:(4.564e-04,)][eta: 3:52:28, time (data): 0.282 (0.038)]l_bij: 2.3437e+01 l_orth: 4.2836e+01 l_diff: 1.5065e+01 l_align: 4.3052e+01 l_total: 1.2439e+02 
2026-05-22 04:08:39,990 INFO: [scape..][epoch: 18, iter:  46,780, lr:(4.564e-04,)][eta: 3:52:17, time (data): 0.280 (0.039)]l_bij: 5.1295e+01 l_orth: 6.4097e+01 l_diff: 1.3810e+01 l_align: 5.3602e+01 l_total: 1.8280e+02 
2026-05-22 04:08:44,697 INFO: [scape..][epoch: 18, iter:  46,800, lr:(4.564e-04,)][eta: 3:52:05, time (data): 0.274 (0.039)]l_bij: 4.8269e+01 l_orth: 6.7920e+01 l_diff: 2.0309e+01 l_align: 5.8296e+01 l_total: 1.9479e+02 
2026-05-22 04:08:51,981 INFO: [scape..][epoch: 19, iter:  46,820, lr:(4.109e-04,)][eta: 3:51:55, time (data): 0.284 (0.044)]l_bij: 4.2795e+01 l_orth: 5.6137e+01 l_diff: 1.4517e+01 l_align: 4.7732e+01 l_total: 1.6118e+02 
2026-05-22 04:08:57,457 INFO: [scape..][epoch: 19, iter:  46,840, lr:(4.109e-04,)][eta: 3:51:44, time (data): 0.287 (0.050)]l_bij: 3.7179e+01 l_orth: 5.3829e+01 l_diff: 1.8105e+01 l_align: 5.1783e+01 l_total: 1.6090e+02 
2026-05-22 04:09:02,867 INFO: [scape..][epoch: 19, iter:  46,860, lr:(4.109e-04,)][eta: 3:51:32, time (data): 0.275 (0.041)]l_bij: 4.0165e+01 l_orth: 5.8623e+01 l_diff: 1.6455e+01 l_align: 4.8025e+01 l_total: 1.6327e+02 
2026-05-22 04:09:09,006 INFO: [scape..][epoch: 19, iter:  46,880, lr:(4.109e-04,)][eta: 3:51:22, time (data): 0.288 (0.040)]l_bij: 2.2888e+01 l_orth: 4.4627e+01 l_diff: 1.5892e+01 l_align: 4.6574e+01 l_total: 1.2998e+02 
2026-05-22 04:09:14,474 INFO: [scape..][epoch: 19, iter:  46,900, lr:(4.109e-04,)][eta: 3:51:10, time (data): 0.284 (0.040)]l_bij: 2.7257e+01 l_orth: 4.8428e+01 l_diff: 1.4823e+01 l_align: 4.5878e+01 l_total: 1.3639e+02 
2026-05-22 04:09:19,876 INFO: [scape..][epoch: 19, iter:  46,920, lr:(4.109e-04,)][eta: 3:50:59, time (data): 0.281 (0.040)]l_bij: 1.9899e+01 l_orth: 4.0416e+01 l_diff: 1.5763e+01 l_align: 4.4140e+01 l_total: 1.2022e+02 
2026-05-22 04:09:25,802 INFO: [scape..][epoch: 19, iter:  46,940, lr:(4.109e-04,)][eta: 3:50:48, time (data): 0.284 (0.040)]l_bij: 2.7094e+01 l_orth: 4.6108e+01 l_diff: 1.4884e+01 l_align: 4.7642e+01 l_total: 1.3573e+02 
2026-05-22 04:09:31,035 INFO: [scape..][epoch: 19, iter:  46,960, lr:(4.109e-04,)][eta: 3:50:37, time (data): 0.280 (0.040)]l_bij: 6.9814e+01 l_orth: 8.2005e+01 l_diff: 1.9658e+01 l_align: 6.5673e+01 l_total: 2.3715e+02 
2026-05-22 04:09:36,875 INFO: [scape..][epoch: 19, iter:  46,980, lr:(4.109e-04,)][eta: 3:50:26, time (data): 0.282 (0.041)]l_bij: 3.6760e+01 l_orth: 5.4789e+01 l_diff: 1.4821e+01 l_align: 4.8279e+01 l_total: 1.5465e+02 
2026-05-22 04:09:42,898 INFO: [scape..][epoch: 19, iter:  47,000, lr:(4.109e-04,)][eta: 3:50:15, time (data): 0.284 (0.040)]l_bij: 5.1631e+01 l_orth: 6.4224e+01 l_diff: 1.7383e+01 l_align: 5.5763e+01 l_total: 1.8900e+02 
2026-05-22 04:09:48,582 INFO: [scape..][epoch: 19, iter:  47,020, lr:(4.109e-04,)][eta: 3:50:04, time (data): 0.284 (0.040)]l_bij: 1.6177e+01 l_orth: 4.0551e+01 l_diff: 1.1703e+01 l_align: 4.5061e+01 l_total: 1.1349e+02 
2026-05-22 04:09:54,175 INFO: [scape..][epoch: 19, iter:  47,040, lr:(4.109e-04,)][eta: 3:49:53, time (data): 0.249 (0.041)]l_bij: 3.7474e+01 l_orth: 5.4717e+01 l_diff: 1.2399e+01 l_align: 4.7689e+01 l_total: 1.5228e+02 
2026-05-22 04:09:59,545 INFO: [scape..][epoch: 19, iter:  47,060, lr:(4.109e-04,)][eta: 3:49:42, time (data): 0.264 (0.040)]l_bij: 4.5904e+01 l_orth: 6.0762e+01 l_diff: 1.8852e+01 l_align: 5.3935e+01 l_total: 1.7945e+02 
2026-05-22 04:10:05,401 INFO: [scape..][epoch: 19, iter:  47,080, lr:(4.109e-04,)][eta: 3:49:31, time (data): 0.276 (0.041)]l_bij: 1.4011e+01 l_orth: 3.7077e+01 l_diff: 1.0212e+01 l_align: 4.3088e+01 l_total: 1.0439e+02 
2026-05-22 04:10:11,150 INFO: [scape..][epoch: 19, iter:  47,100, lr:(4.109e-04,)][eta: 3:49:20, time (data): 0.280 (0.040)]l_bij: 4.3761e+01 l_orth: 5.8416e+01 l_diff: 1.3980e+01 l_align: 5.0756e+01 l_total: 1.6691e+02 
2026-05-22 04:10:16,950 INFO: [scape..][epoch: 19, iter:  47,120, lr:(4.109e-04,)][eta: 3:49:09, time (data): 0.282 (0.041)]l_bij: 1.6198e+01 l_orth: 3.9932e+01 l_diff: 1.1966e+01 l_align: 4.4291e+01 l_total: 1.1239e+02 
2026-05-22 04:10:22,645 INFO: [scape..][epoch: 19, iter:  47,140, lr:(4.109e-04,)][eta: 3:48:58, time (data): 0.283 (0.040)]l_bij: 3.7619e+01 l_orth: 5.5695e+01 l_diff: 1.3582e+01 l_align: 5.2103e+01 l_total: 1.5900e+02 
2026-05-22 04:10:29,874 INFO: [scape..][epoch: 19, iter:  47,160, lr:(4.109e-04,)][eta: 3:48:48, time (data): 0.295 (0.040)]l_bij: 2.2816e+01 l_orth: 4.2514e+01 l_diff: 1.3789e+01 l_align: 4.3568e+01 l_total: 1.2269e+02 
2026-05-22 04:10:34,725 INFO: [scape..][epoch: 19, iter:  47,180, lr:(4.109e-04,)][eta: 3:48:37, time (data): 0.288 (0.039)]l_bij: 3.9688e+01 l_orth: 5.4465e+01 l_diff: 1.3746e+01 l_align: 4.5318e+01 l_total: 1.5322e+02 
2026-05-22 04:10:39,867 INFO: [scape..][epoch: 19, iter:  47,200, lr:(4.109e-04,)][eta: 3:48:25, time (data): 0.284 (0.039)]l_bij: 3.4827e+01 l_orth: 5.1060e+01 l_diff: 1.2883e+01 l_align: 4.3725e+01 l_total: 1.4249e+02 
2026-05-22 04:10:45,953 INFO: [scape..][epoch: 19, iter:  47,220, lr:(4.109e-04,)][eta: 3:48:15, time (data): 0.286 (0.038)]l_bij: 9.1573e+00 l_orth: 3.5617e+01 l_diff: 1.1248e+01 l_align: 4.2378e+01 l_total: 9.8400e+01 
2026-05-22 04:10:50,871 INFO: [scape..][epoch: 19, iter:  47,240, lr:(4.109e-04,)][eta: 3:48:03, time (data): 0.250 (0.040)]l_bij: 3.0607e+01 l_orth: 5.0359e+01 l_diff: 1.7062e+01 l_align: 5.0336e+01 l_total: 1.4836e+02 
2026-05-22 04:10:56,175 INFO: [scape..][epoch: 19, iter:  47,260, lr:(4.109e-04,)][eta: 3:47:52, time (data): 0.262 (0.040)]l_bij: 2.9492e+01 l_orth: 4.9558e+01 l_diff: 1.5005e+01 l_align: 4.6787e+01 l_total: 1.4084e+02 
2026-05-22 04:11:01,553 INFO: [scape..][epoch: 19, iter:  47,280, lr:(4.109e-04,)][eta: 3:47:41, time (data): 0.265 (0.041)]l_bij: 4.9339e+01 l_orth: 6.5262e+01 l_diff: 1.8443e+01 l_align: 5.8294e+01 l_total: 1.9134e+02 
2026-05-22 04:11:06,484 INFO: [scape..][epoch: 19, iter:  47,300, lr:(4.109e-04,)][eta: 3:47:29, time (data): 0.259 (0.042)]l_bij: 2.7001e+01 l_orth: 4.8287e+01 l_diff: 1.7193e+01 l_align: 4.8372e+01 l_total: 1.4085e+02 
2026-05-22 04:11:11,407 INFO: [scape..][epoch: 19, iter:  47,320, lr:(4.109e-04,)][eta: 3:47:18, time (data): 0.256 (0.041)]l_bij: 1.0646e+00 l_orth: 2.9885e+01 l_diff: 1.1353e+01 l_align: 4.0953e+01 l_total: 8.3256e+01 
2026-05-22 04:11:16,935 INFO: [scape..][epoch: 19, iter:  47,340, lr:(4.109e-04,)][eta: 3:47:07, time (data): 0.260 (0.041)]l_bij: 2.4214e+01 l_orth: 5.0233e+01 l_diff: 1.4076e+01 l_align: 5.1435e+01 l_total: 1.3996e+02 
2026-05-22 04:11:23,284 INFO: [scape..][epoch: 19, iter:  47,360, lr:(4.109e-04,)][eta: 3:46:56, time (data): 0.269 (0.041)]l_bij: 3.5623e+01 l_orth: 5.1618e+01 l_diff: 1.8112e+01 l_align: 4.7522e+01 l_total: 1.5287e+02 
2026-05-22 04:11:29,121 INFO: [scape..][epoch: 19, iter:  47,380, lr:(4.109e-04,)][eta: 3:46:45, time (data): 0.272 (0.041)]l_bij: 1.3322e+01 l_orth: 3.9841e+01 l_diff: 1.1192e+01 l_align: 4.5929e+01 l_total: 1.1028e+02 
2026-05-22 04:11:35,575 INFO: [scape..][epoch: 19, iter:  47,400, lr:(4.109e-04,)][eta: 3:46:35, time (data): 0.278 (0.041)]l_bij: 3.9677e+01 l_orth: 5.6072e+01 l_diff: 1.4841e+01 l_align: 5.3127e+01 l_total: 1.6372e+02 
2026-05-22 04:11:41,998 INFO: [scape..][epoch: 19, iter:  47,420, lr:(4.109e-04,)][eta: 3:46:24, time (data): 0.283 (0.041)]l_bij: 2.3069e+01 l_orth: 4.5631e+01 l_diff: 1.1392e+01 l_align: 4.7399e+01 l_total: 1.2749e+02 
2026-05-22 04:11:47,428 INFO: [scape..][epoch: 19, iter:  47,440, lr:(4.109e-04,)][eta: 3:46:13, time (data): 0.283 (0.046)]l_bij: 2.0346e+01 l_orth: 4.6212e+01 l_diff: 1.1302e+01 l_align: 4.9215e+01 l_total: 1.2707e+02 
2026-05-22 04:11:53,812 INFO: [scape..][epoch: 19, iter:  47,460, lr:(4.109e-04,)][eta: 3:46:03, time (data): 0.313 (0.040)]l_bij: 3.3877e+01 l_orth: 5.1983e+01 l_diff: 1.7543e+01 l_align: 4.9630e+01 l_total: 1.5303e+02 
2026-05-22 04:11:59,413 INFO: [scape..][epoch: 19, iter:  47,480, lr:(4.109e-04,)][eta: 3:45:52, time (data): 0.298 (0.041)]l_bij: 2.5682e+01 l_orth: 4.6290e+01 l_diff: 1.5872e+01 l_align: 4.7246e+01 l_total: 1.3509e+02 
2026-05-22 04:12:07,116 INFO: [scape..][epoch: 19, iter:  47,500, lr:(4.109e-04,)][eta: 3:45:42, time (data): 0.325 (0.039)]l_bij: 4.4391e+01 l_orth: 6.1612e+01 l_diff: 1.5700e+01 l_align: 5.4133e+01 l_total: 1.7583e+02 
2026-05-22 04:12:12,302 INFO: [scape..][epoch: 19, iter:  47,520, lr:(4.109e-04,)][eta: 3:45:31, time (data): 0.310 (0.038)]l_bij: 2.4817e+01 l_orth: 4.7216e+01 l_diff: 1.0726e+01 l_align: 4.4754e+01 l_total: 1.2751e+02 
2026-05-22 04:12:16,693 INFO: [scape..][epoch: 19, iter:  47,540, lr:(4.109e-04,)][eta: 3:45:19, time (data): 0.292 (0.037)]l_bij: 2.6183e+01 l_orth: 4.8286e+01 l_diff: 1.6106e+01 l_align: 4.7042e+01 l_total: 1.3762e+02 
2026-05-22 04:12:21,071 INFO: [scape..][epoch: 19, iter:  47,560, lr:(4.109e-04,)][eta: 3:45:08, time (data): 0.280 (0.037)]l_bij: 6.2737e+01 l_orth: 7.4230e+01 l_diff: 1.9999e+01 l_align: 6.2039e+01 l_total: 2.1901e+02 
2026-05-22 04:12:26,134 INFO: [scape..][epoch: 19, iter:  47,580, lr:(4.109e-04,)][eta: 3:44:56, time (data): 0.277 (0.037)]l_bij: 3.2069e+01 l_orth: 4.8746e+01 l_diff: 1.1814e+01 l_align: 4.6509e+01 l_total: 1.3914e+02 
2026-05-22 04:12:31,534 INFO: [scape..][epoch: 19, iter:  47,600, lr:(4.109e-04,)][eta: 3:44:45, time (data): 0.276 (0.037)]l_bij: 1.2258e+01 l_orth: 3.7370e+01 l_diff: 1.1169e+01 l_align: 4.2808e+01 l_total: 1.0361e+02 
2026-05-22 04:12:36,420 INFO: [scape..][epoch: 19, iter:  47,620, lr:(4.109e-04,)][eta: 3:44:34, time (data): 0.272 (0.037)]l_bij: 2.8190e+01 l_orth: 4.6035e+01 l_diff: 1.5462e+01 l_align: 4.4538e+01 l_total: 1.3423e+02 
2026-05-22 04:12:41,226 INFO: [scape..][epoch: 19, iter:  47,640, lr:(4.109e-04,)][eta: 3:44:22, time (data): 0.202 (0.047)]l_bij: 3.8250e+01 l_orth: 5.2102e+01 l_diff: 1.3826e+01 l_align: 4.4763e+01 l_total: 1.4894e+02 
2026-05-22 04:12:46,436 INFO: [scape..][epoch: 19, iter:  47,660, lr:(4.109e-04,)][eta: 3:44:11, time (data): 0.253 (0.042)]l_bij: 2.3573e+01 l_orth: 4.3592e+01 l_diff: 1.3153e+01 l_align: 4.4633e+01 l_total: 1.2495e+02 
2026-05-22 04:12:52,467 INFO: [scape..][epoch: 19, iter:  47,680, lr:(4.109e-04,)][eta: 3:44:00, time (data): 0.275 (0.041)]l_bij: 2.7975e+01 l_orth: 4.7259e+01 l_diff: 1.6310e+01 l_align: 4.6561e+01 l_total: 1.3810e+02 
2026-05-22 04:12:58,248 INFO: [scape..][epoch: 19, iter:  47,700, lr:(4.109e-04,)][eta: 3:43:50, time (data): 0.280 (0.040)]l_bij: 2.8207e+01 l_orth: 4.7000e+01 l_diff: 1.2681e+01 l_align: 4.4680e+01 l_total: 1.3257e+02 
2026-05-22 04:13:03,922 INFO: [scape..][epoch: 19, iter:  47,720, lr:(4.109e-04,)][eta: 3:43:39, time (data): 0.281 (0.039)]l_bij: 2.4744e+01 l_orth: 4.6253e+01 l_diff: 1.1363e+01 l_align: 4.5804e+01 l_total: 1.2816e+02 
2026-05-22 04:13:08,897 INFO: [scape..][epoch: 19, iter:  47,740, lr:(4.109e-04,)][eta: 3:43:27, time (data): 0.274 (0.038)]l_bij: 2.8423e+01 l_orth: 4.7532e+01 l_diff: 1.3689e+01 l_align: 4.5440e+01 l_total: 1.3508e+02 
2026-05-22 04:13:14,275 INFO: [scape..][epoch: 19, iter:  47,760, lr:(4.109e-04,)][eta: 3:43:16, time (data): 0.274 (0.038)]l_bij: 2.9131e+01 l_orth: 4.6864e+01 l_diff: 1.2802e+01 l_align: 4.5476e+01 l_total: 1.3427e+02 
2026-05-22 04:13:19,641 INFO: [scape..][epoch: 19, iter:  47,780, lr:(4.109e-04,)][eta: 3:43:05, time (data): 0.273 (0.038)]l_bij: 1.5328e+01 l_orth: 3.9911e+01 l_diff: 1.0340e+01 l_align: 4.4636e+01 l_total: 1.1021e+02 
2026-05-22 04:13:24,680 INFO: [scape..][epoch: 19, iter:  47,800, lr:(4.109e-04,)][eta: 3:42:54, time (data): 0.270 (0.038)]l_bij: 3.4931e+01 l_orth: 5.0676e+01 l_diff: 1.1931e+01 l_align: 4.6049e+01 l_total: 1.4359e+02 
2026-05-22 04:13:29,934 INFO: [scape..][epoch: 19, iter:  47,820, lr:(4.109e-04,)][eta: 3:42:43, time (data): 0.269 (0.038)]l_bij: 3.4729e+01 l_orth: 5.1744e+01 l_diff: 1.5367e+01 l_align: 4.6853e+01 l_total: 1.4869e+02 
2026-05-22 04:13:35,801 INFO: [scape..][epoch: 19, iter:  47,840, lr:(4.109e-04,)][eta: 3:42:32, time (data): 0.353 (0.049)]l_bij: 3.0977e+01 l_orth: 4.9159e+01 l_diff: 1.4710e+01 l_align: 4.6810e+01 l_total: 1.4166e+02 
2026-05-22 04:13:41,190 INFO: [scape..][epoch: 19, iter:  47,860, lr:(4.109e-04,)][eta: 3:42:21, time (data): 0.277 (0.039)]l_bij: 1.8479e+01 l_orth: 3.8514e+01 l_diff: 1.2226e+01 l_align: 4.2148e+01 l_total: 1.1137e+02 
2026-05-22 04:13:45,785 INFO: [scape..][epoch: 19, iter:  47,880, lr:(4.109e-04,)][eta: 3:42:10, time (data): 0.254 (0.036)]l_bij: 2.8824e+01 l_orth: 4.6104e+01 l_diff: 1.4743e+01 l_align: 4.5551e+01 l_total: 1.3522e+02 
2026-05-22 04:13:50,882 INFO: [scape..][epoch: 19, iter:  47,900, lr:(4.109e-04,)][eta: 3:41:58, time (data): 0.255 (0.037)]l_bij: 2.5095e+01 l_orth: 4.4710e+01 l_diff: 1.4652e+01 l_align: 4.5672e+01 l_total: 1.3013e+02 
2026-05-22 04:13:56,512 INFO: [scape..][epoch: 19, iter:  47,920, lr:(4.109e-04,)][eta: 3:41:48, time (data): 0.261 (0.038)]l_bij: 3.8442e+01 l_orth: 5.3463e+01 l_diff: 1.1218e+01 l_align: 4.5790e+01 l_total: 1.4891e+02 
2026-05-22 04:14:02,336 INFO: [scape..][epoch: 19, iter:  47,940, lr:(4.109e-04,)][eta: 3:41:37, time (data): 0.267 (0.038)]l_bij: 3.9912e+01 l_orth: 5.5753e+01 l_diff: 1.1921e+01 l_align: 4.7545e+01 l_total: 1.5513e+02 
2026-05-22 04:14:08,032 INFO: [scape..][epoch: 19, iter:  47,960, lr:(4.109e-04,)][eta: 3:41:26, time (data): 0.270 (0.038)]l_bij: 1.9001e+01 l_orth: 4.4445e+01 l_diff: 1.3183e+01 l_align: 4.7443e+01 l_total: 1.2407e+02 
2026-05-22 04:14:13,440 INFO: [scape..][epoch: 19, iter:  47,980, lr:(4.109e-04,)][eta: 3:41:15, time (data): 0.270 (0.038)]l_bij: 2.1232e+01 l_orth: 4.1507e+01 l_diff: 1.2824e+01 l_align: 4.5150e+01 l_total: 1.2071e+02 
2026-05-22 04:14:19,977 INFO: [scape..][epoch: 19, iter:  48,000, lr:(4.109e-04,)][eta: 3:41:05, time (data): 0.277 (0.038)]l_bij: 2.8499e+01 l_orth: 4.7553e+01 l_diff: 1.2905e+01 l_align: 4.4657e+01 l_total: 1.3361e+02 
2026-05-22 04:14:19,977 INFO: Saving models and training states.
2026-05-22 04:14:19,991 INFO: Start validation.
2026-05-22 04:17:55,434 INFO: Avg time: 0.2166
2026-05-22 04:17:55,590 INFO: Val auc: 0.8115
2026-05-22 04:17:55,595 INFO: Val avg error: 0.0189
2026-05-22 04:18:02,607 INFO: [scape..][epoch: 19, iter:  48,020, lr:(4.109e-04,)][eta: 3:43:10, time (data): 0.285 (0.038)]l_bij: 6.1465e+01 l_orth: 7.4854e+01 l_diff: 2.0772e+01 l_align: 6.3597e+01 l_total: 2.2069e+02 
2026-05-22 04:18:09,536 INFO: [scape..][epoch: 19, iter:  48,040, lr:(4.109e-04,)][eta: 3:42:59, time (data): 0.235 (0.033)]l_bij: 2.8278e+01 l_orth: 4.6790e+01 l_diff: 1.2771e+01 l_align: 4.2374e+01 l_total: 1.3021e+02 
2026-05-22 04:18:15,889 INFO: [scape..][epoch: 19, iter:  48,060, lr:(4.109e-04,)][eta: 3:42:49, time (data): 0.314 (0.038)]l_bij: 1.8496e+01 l_orth: 3.8698e+01 l_diff: 1.4446e+01 l_align: 4.3194e+01 l_total: 1.1483e+02 
2026-05-22 04:18:21,092 INFO: [scape..][epoch: 19, iter:  48,080, lr:(4.109e-04,)][eta: 3:42:38, time (data): 0.287 (0.039)]l_bij: 2.0205e+01 l_orth: 4.2949e+01 l_diff: 1.4262e+01 l_align: 4.6219e+01 l_total: 1.2364e+02 
2026-05-22 04:18:27,992 INFO: [scape..][epoch: 19, iter:  48,100, lr:(4.109e-04,)][eta: 3:42:27, time (data): 0.306 (0.039)]l_bij: 1.7452e+01 l_orth: 4.0720e+01 l_diff: 1.2946e+01 l_align: 4.4093e+01 l_total: 1.1521e+02 
2026-05-22 04:18:35,636 INFO: [scape..][epoch: 19, iter:  48,120, lr:(4.109e-04,)][eta: 3:42:18, time (data): 0.325 (0.039)]l_bij: 2.5929e+01 l_orth: 4.2766e+01 l_diff: 1.3774e+01 l_align: 4.1572e+01 l_total: 1.2404e+02 
2026-05-22 04:18:41,662 INFO: [scape..][epoch: 19, iter:  48,140, lr:(4.109e-04,)][eta: 3:42:07, time (data): 0.320 (0.039)]l_bij: 2.9285e+01 l_orth: 4.7174e+01 l_diff: 1.1991e+01 l_align: 4.5820e+01 l_total: 1.3427e+02 
2026-05-22 04:18:48,130 INFO: [scape..][epoch: 19, iter:  48,160, lr:(4.109e-04,)][eta: 3:41:57, time (data): 0.321 (0.039)]l_bij: 2.0114e+01 l_orth: 4.0896e+01 l_diff: 1.4489e+01 l_align: 4.2031e+01 l_total: 1.1753e+02 
2026-05-22 04:18:53,325 INFO: [scape..][epoch: 19, iter:  48,180, lr:(4.109e-04,)][eta: 3:41:45, time (data): 0.312 (0.039)]l_bij: 2.6603e+01 l_orth: 4.6621e+01 l_diff: 1.5264e+01 l_align: 4.7495e+01 l_total: 1.3598e+02 
2026-05-22 04:18:59,424 INFO: [scape..][epoch: 19, iter:  48,200, lr:(4.109e-04,)][eta: 3:41:35, time (data): 0.311 (0.039)]l_bij: 3.2783e+01 l_orth: 5.1394e+01 l_diff: 1.4806e+01 l_align: 4.8083e+01 l_total: 1.4707e+02 
2026-05-22 04:19:06,698 INFO: [scape..][epoch: 19, iter:  48,220, lr:(4.109e-04,)][eta: 3:41:25, time (data): 0.317 (0.039)]l_bij: 2.3770e+01 l_orth: 4.5493e+01 l_diff: 1.5658e+01 l_align: 4.7668e+01 l_total: 1.3259e+02 
2026-05-22 04:19:12,815 INFO: [scape..][epoch: 19, iter:  48,240, lr:(4.109e-04,)][eta: 3:41:14, time (data): 0.316 (0.039)]l_bij: 2.6015e+01 l_orth: 4.5831e+01 l_diff: 1.1349e+01 l_align: 4.5408e+01 l_total: 1.2860e+02 
2026-05-22 04:19:19,081 INFO: [scape..][epoch: 19, iter:  48,260, lr:(4.109e-04,)][eta: 3:41:04, time (data): 0.313 (0.041)]l_bij: 2.9282e+01 l_orth: 4.8052e+01 l_diff: 1.2783e+01 l_align: 4.7738e+01 l_total: 1.3786e+02 
2026-05-22 04:19:26,484 INFO: [scape..][epoch: 19, iter:  48,280, lr:(4.109e-04,)][eta: 3:40:54, time (data): 0.342 (0.039)]l_bij: 2.4516e+01 l_orth: 4.3269e+01 l_diff: 1.3157e+01 l_align: 4.3897e+01 l_total: 1.2484e+02 
2026-05-22 04:19:32,705 INFO: [scape..][epoch: 19, iter:  48,300, lr:(4.109e-04,)][eta: 3:40:43, time (data): 0.331 (0.038)]l_bij: 5.1512e+01 l_orth: 6.6984e+01 l_diff: 1.7317e+01 l_align: 5.6610e+01 l_total: 1.9242e+02 
2026-05-22 04:19:38,558 INFO: [scape..][epoch: 19, iter:  48,320, lr:(4.109e-04,)][eta: 3:40:32, time (data): 0.322 (0.037)]l_bij: 3.4132e+01 l_orth: 5.1616e+01 l_diff: 1.4239e+01 l_align: 4.5387e+01 l_total: 1.4537e+02 
2026-05-22 04:19:45,339 INFO: [scape..][epoch: 19, iter:  48,340, lr:(4.109e-04,)][eta: 3:40:22, time (data): 0.325 (0.037)]l_bij: 1.7895e+01 l_orth: 3.8253e+01 l_diff: 1.2785e+01 l_align: 4.3528e+01 l_total: 1.1246e+02 
2026-05-22 04:19:52,278 INFO: [scape..][epoch: 19, iter:  48,360, lr:(4.109e-04,)][eta: 3:40:12, time (data): 0.329 (0.038)]l_bij: 3.1760e+01 l_orth: 4.9276e+01 l_diff: 1.4393e+01 l_align: 4.8755e+01 l_total: 1.4418e+02 
2026-05-22 04:19:59,091 INFO: [scape..][epoch: 19, iter:  48,380, lr:(4.109e-04,)][eta: 3:40:02, time (data): 0.330 (0.038)]l_bij: 3.7296e+01 l_orth: 5.1825e+01 l_diff: 1.4055e+01 l_align: 4.6335e+01 l_total: 1.4951e+02 
2026-05-22 04:20:06,118 INFO: [scape..][epoch: 19, iter:  48,400, lr:(4.109e-04,)][eta: 3:39:52, time (data): 0.333 (0.037)]l_bij: 3.6921e+01 l_orth: 5.3788e+01 l_diff: 1.5309e+01 l_align: 4.7983e+01 l_total: 1.5400e+02 
2026-05-22 04:20:12,121 INFO: [scape..][epoch: 19, iter:  48,420, lr:(4.109e-04,)][eta: 3:39:41, time (data): 0.329 (0.037)]l_bij: 1.7325e+01 l_orth: 4.1045e+01 l_diff: 1.4352e+01 l_align: 4.3713e+01 l_total: 1.1643e+02 
2026-05-22 04:20:18,926 INFO: [scape..][epoch: 19, iter:  48,440, lr:(4.109e-04,)][eta: 3:39:31, time (data): 0.330 (0.037)]l_bij: 3.4147e+01 l_orth: 4.9857e+01 l_diff: 1.1271e+01 l_align: 4.5153e+01 l_total: 1.4043e+02 
2026-05-22 04:20:24,351 INFO: [scape..][epoch: 19, iter:  48,460, lr:(4.109e-04,)][eta: 3:39:20, time (data): 0.271 (0.036)]l_bij: 3.7070e+01 l_orth: 5.4100e+01 l_diff: 1.3274e+01 l_align: 4.5822e+01 l_total: 1.5027e+02 
2026-05-22 04:20:30,231 INFO: [scape..][epoch: 19, iter:  48,480, lr:(4.109e-04,)][eta: 3:39:09, time (data): 0.283 (0.036)]l_bij: 3.3061e+01 l_orth: 5.2377e+01 l_diff: 1.5540e+01 l_align: 4.8676e+01 l_total: 1.4965e+02 
2026-05-22 04:20:36,933 INFO: [scape..][epoch: 19, iter:  48,500, lr:(4.109e-04,)][eta: 3:38:59, time (data): 0.301 (0.037)]l_bij: 3.2901e+01 l_orth: 5.1999e+01 l_diff: 1.2383e+01 l_align: 4.7253e+01 l_total: 1.4454e+02 
2026-05-22 04:20:44,172 INFO: [scape..][epoch: 19, iter:  48,520, lr:(4.109e-04,)][eta: 3:38:49, time (data): 0.316 (0.038)]l_bij: 3.2840e+01 l_orth: 5.1048e+01 l_diff: 1.2518e+01 l_align: 4.7975e+01 l_total: 1.4438e+02 
2026-05-22 04:20:51,132 INFO: [scape..][epoch: 19, iter:  48,540, lr:(4.109e-04,)][eta: 3:38:39, time (data): 0.322 (0.039)]l_bij: 2.5798e+01 l_orth: 4.7760e+01 l_diff: 1.5182e+01 l_align: 4.9053e+01 l_total: 1.3779e+02 
2026-05-22 04:20:56,961 INFO: [scape..][epoch: 19, iter:  48,560, lr:(4.109e-04,)][eta: 3:38:28, time (data): 0.317 (0.038)]l_bij: 9.8822e-01 l_orth: 2.8944e+01 l_diff: 1.1390e+01 l_align: 4.1392e+01 l_total: 8.2714e+01 
2026-05-22 04:21:02,723 INFO: [scape..][epoch: 19, iter:  48,580, lr:(4.109e-04,)][eta: 3:38:17, time (data): 0.313 (0.039)]l_bij: 2.1764e+01 l_orth: 4.0730e+01 l_diff: 1.6350e+01 l_align: 4.3109e+01 l_total: 1.2195e+02 
2026-05-22 04:21:09,608 INFO: [scape..][epoch: 19, iter:  48,600, lr:(4.109e-04,)][eta: 3:38:07, time (data): 0.317 (0.039)]l_bij: 4.1828e+01 l_orth: 5.5890e+01 l_diff: 1.6488e+01 l_align: 4.6330e+01 l_total: 1.6054e+02 
2026-05-22 04:21:15,766 INFO: [scape..][epoch: 19, iter:  48,620, lr:(4.109e-04,)][eta: 3:37:57, time (data): 0.316 (0.039)]l_bij: 2.7618e+01 l_orth: 4.6300e+01 l_diff: 1.4079e+01 l_align: 4.5532e+01 l_total: 1.3353e+02 
2026-05-22 04:21:20,897 INFO: [scape..][epoch: 19, iter:  48,640, lr:(4.109e-04,)][eta: 3:37:46, time (data): 0.310 (0.039)]l_bij: 4.0511e+01 l_orth: 5.4622e+01 l_diff: 1.7067e+01 l_align: 4.6697e+01 l_total: 1.5890e+02 
2026-05-22 04:21:28,016 INFO: [scape..][epoch: 19, iter:  48,660, lr:(4.109e-04,)][eta: 3:37:36, time (data): 0.360 (0.039)]l_bij: 3.3442e+01 l_orth: 5.1047e+01 l_diff: 1.2559e+01 l_align: 4.4659e+01 l_total: 1.4171e+02 
2026-05-22 04:21:34,936 INFO: [scape..][epoch: 19, iter:  48,680, lr:(4.109e-04,)][eta: 3:37:26, time (data): 0.353 (0.041)]l_bij: 3.4125e+01 l_orth: 5.2126e+01 l_diff: 1.2145e+01 l_align: 4.6790e+01 l_total: 1.4519e+02 
2026-05-22 04:21:41,839 INFO: [scape..][epoch: 19, iter:  48,700, lr:(4.109e-04,)][eta: 3:37:15, time (data): 0.350 (0.041)]l_bij: 2.3409e+01 l_orth: 4.6030e+01 l_diff: 1.4999e+01 l_align: 4.6573e+01 l_total: 1.3101e+02 
2026-05-22 04:21:48,036 INFO: [scape..][epoch: 19, iter:  48,720, lr:(4.109e-04,)][eta: 3:37:05, time (data): 0.340 (0.040)]l_bij: 1.2845e+00 l_orth: 3.1659e+01 l_diff: 1.5966e+01 l_align: 4.5247e+01 l_total: 9.4156e+01 
2026-05-22 04:21:55,573 INFO: [scape..][epoch: 19, iter:  48,740, lr:(4.109e-04,)][eta: 3:36:55, time (data): 0.347 (0.040)]l_bij: 3.4208e+01 l_orth: 5.3121e+01 l_diff: 1.3648e+01 l_align: 5.1794e+01 l_total: 1.5277e+02 
2026-05-22 04:22:01,336 INFO: [scape..][epoch: 19, iter:  48,760, lr:(4.109e-04,)][eta: 3:36:44, time (data): 0.337 (0.039)]l_bij: 3.4032e+01 l_orth: 5.1799e+01 l_diff: 1.3834e+01 l_align: 4.8164e+01 l_total: 1.4783e+02 
2026-05-22 04:22:07,766 INFO: [scape..][epoch: 19, iter:  48,780, lr:(4.109e-04,)][eta: 3:36:34, time (data): 0.335 (0.038)]l_bij: 2.2276e+01 l_orth: 4.1724e+01 l_diff: 1.1279e+01 l_align: 4.2093e+01 l_total: 1.1737e+02 
2026-05-22 04:22:14,156 INFO: [scape..][epoch: 19, iter:  48,800, lr:(4.109e-04,)][eta: 3:36:24, time (data): 0.333 (0.038)]l_bij: 2.9055e+01 l_orth: 5.0331e+01 l_diff: 1.5477e+01 l_align: 4.5640e+01 l_total: 1.4050e+02 
2026-05-22 04:22:19,978 INFO: [scape..][epoch: 19, iter:  48,820, lr:(4.109e-04,)][eta: 3:36:13, time (data): 0.328 (0.037)]l_bij: 2.4619e+01 l_orth: 4.5231e+01 l_diff: 1.4139e+01 l_align: 4.5523e+01 l_total: 1.2951e+02 
2026-05-22 04:22:25,420 INFO: [scape..][epoch: 19, iter:  48,840, lr:(4.109e-04,)][eta: 3:36:02, time (data): 0.323 (0.037)]l_bij: 2.9077e+01 l_orth: 4.8467e+01 l_diff: 1.3440e+01 l_align: 4.4157e+01 l_total: 1.3514e+02 
2026-05-22 04:22:31,085 INFO: [scape..][epoch: 19, iter:  48,860, lr:(4.109e-04,)][eta: 3:35:51, time (data): 0.293 (0.034)]l_bij: 2.4799e+01 l_orth: 4.3410e+01 l_diff: 1.3986e+01 l_align: 4.4820e+01 l_total: 1.2702e+02 
2026-05-22 04:22:38,362 INFO: [scape..][epoch: 19, iter:  48,880, lr:(4.109e-04,)][eta: 3:35:41, time (data): 0.331 (0.034)]l_bij: 3.7325e+01 l_orth: 5.2442e+01 l_diff: 1.2711e+01 l_align: 4.7866e+01 l_total: 1.5034e+02 
2026-05-22 04:22:44,735 INFO: [scape..][epoch: 19, iter:  48,900, lr:(4.109e-04,)][eta: 3:35:31, time (data): 0.327 (0.033)]l_bij: 2.7453e+01 l_orth: 4.5683e+01 l_diff: 1.4881e+01 l_align: 4.6614e+01 l_total: 1.3463e+02 
2026-05-22 04:22:50,766 INFO: [scape..][epoch: 19, iter:  48,920, lr:(4.109e-04,)][eta: 3:35:20, time (data): 0.320 (0.035)]l_bij: 3.6024e+01 l_orth: 5.3856e+01 l_diff: 1.7432e+01 l_align: 4.9583e+01 l_total: 1.5690e+02 
2026-05-22 04:22:56,629 INFO: [scape..][epoch: 19, iter:  48,940, lr:(4.109e-04,)][eta: 3:35:10, time (data): 0.315 (0.035)]l_bij: 1.1873e+01 l_orth: 3.6098e+01 l_diff: 1.3071e+01 l_align: 4.2135e+01 l_total: 1.0318e+02 
2026-05-22 04:23:02,930 INFO: [scape..][epoch: 19, iter:  48,960, lr:(4.109e-04,)][eta: 3:34:59, time (data): 0.315 (0.034)]l_bij: 2.9366e+01 l_orth: 4.7789e+01 l_diff: 1.2953e+01 l_align: 4.6263e+01 l_total: 1.3637e+02 
2026-05-22 04:23:08,985 INFO: [scape..][epoch: 19, iter:  48,980, lr:(4.109e-04,)][eta: 3:34:49, time (data): 0.313 (0.035)]l_bij: 4.1977e+01 l_orth: 5.6592e+01 l_diff: 1.6487e+01 l_align: 4.6209e+01 l_total: 1.6126e+02 
2026-05-22 04:23:15,109 INFO: [scape..][epoch: 19, iter:  49,000, lr:(4.109e-04,)][eta: 3:34:38, time (data): 0.312 (0.035)]l_bij: 2.5053e+01 l_orth: 4.4736e+01 l_diff: 1.4050e+01 l_align: 4.5581e+01 l_total: 1.2942e+02 
2026-05-22 04:23:22,719 INFO: [scape..][epoch: 19, iter:  49,020, lr:(4.109e-04,)][eta: 3:34:29, time (data): 0.320 (0.035)]l_bij: 4.2780e+01 l_orth: 5.6565e+01 l_diff: 1.4364e+01 l_align: 4.8193e+01 l_total: 1.6190e+02 
2026-05-22 04:23:27,758 INFO: [scape..][epoch: 19, iter:  49,040, lr:(4.109e-04,)][eta: 3:34:18, time (data): 0.313 (0.035)]l_bij: 2.7370e+01 l_orth: 4.7210e+01 l_diff: 1.3434e+01 l_align: 4.6903e+01 l_total: 1.3492e+02 
2026-05-22 04:23:34,954 INFO: [scape..][epoch: 19, iter:  49,060, lr:(4.109e-04,)][eta: 3:34:08, time (data): 0.380 (0.034)]l_bij: 3.2238e+01 l_orth: 4.7271e+01 l_diff: 1.3716e+01 l_align: 4.3705e+01 l_total: 1.3693e+02 
2026-05-22 04:23:40,407 INFO: [scape..][epoch: 19, iter:  49,080, lr:(4.109e-04,)][eta: 3:33:57, time (data): 0.320 (0.035)]l_bij: 2.6660e+01 l_orth: 4.4064e+01 l_diff: 1.2371e+01 l_align: 4.2554e+01 l_total: 1.2565e+02 
2026-05-22 04:23:47,105 INFO: [scape..][epoch: 19, iter:  49,100, lr:(4.109e-04,)][eta: 3:33:47, time (data): 0.325 (0.034)]l_bij: 2.8183e+01 l_orth: 4.6235e+01 l_diff: 1.0516e+01 l_align: 4.3805e+01 l_total: 1.2874e+02 
2026-05-22 04:23:52,854 INFO: [scape..][epoch: 19, iter:  49,120, lr:(4.109e-04,)][eta: 3:33:36, time (data): 0.315 (0.034)]l_bij: 2.8140e+01 l_orth: 4.8291e+01 l_diff: 1.4694e+01 l_align: 4.7418e+01 l_total: 1.3854e+02 
2026-05-22 04:23:57,751 INFO: [scape..][epoch: 19, iter:  49,140, lr:(4.109e-04,)][eta: 3:33:25, time (data): 0.301 (0.034)]l_bij: 1.1174e+00 l_orth: 3.0896e+01 l_diff: 1.2414e+01 l_align: 4.1616e+01 l_total: 8.6043e+01 
2026-05-22 04:24:04,860 INFO: [scape..][epoch: 19, iter:  49,160, lr:(4.109e-04,)][eta: 3:33:15, time (data): 0.310 (0.034)]l_bij: 2.1783e+01 l_orth: 4.0497e+01 l_diff: 1.6596e+01 l_align: 4.2487e+01 l_total: 1.2136e+02 
2026-05-22 04:24:10,646 INFO: [scape..][epoch: 19, iter:  49,180, lr:(4.109e-04,)][eta: 3:33:04, time (data): 0.307 (0.034)]l_bij: 5.0826e+01 l_orth: 6.3216e+01 l_diff: 1.8065e+01 l_align: 5.3759e+01 l_total: 1.8587e+02 
2026-05-22 04:24:16,761 INFO: [scape..][epoch: 19, iter:  49,200, lr:(4.109e-04,)][eta: 3:32:54, time (data): 0.307 (0.034)]l_bij: 2.6714e+01 l_orth: 4.6429e+01 l_diff: 1.4566e+01 l_align: 4.4597e+01 l_total: 1.3231e+02 
2026-05-22 04:24:23,951 INFO: [scape..][epoch: 19, iter:  49,220, lr:(4.109e-04,)][eta: 3:32:44, time (data): 0.313 (0.034)]l_bij: 2.1114e+01 l_orth: 4.3870e+01 l_diff: 1.2632e+01 l_align: 4.6036e+01 l_total: 1.2365e+02 
2026-05-22 04:24:30,059 INFO: [scape..][epoch: 19, iter:  49,240, lr:(4.109e-04,)][eta: 3:32:33, time (data): 0.312 (0.034)]l_bij: 1.9337e+01 l_orth: 4.1232e+01 l_diff: 1.0087e+01 l_align: 4.1978e+01 l_total: 1.1263e+02 
2026-05-22 04:24:35,150 INFO: [scape..][epoch: 19, iter:  49,260, lr:(4.109e-04,)][eta: 3:32:22, time (data): 0.261 (0.036)]l_bij: 2.0524e+01 l_orth: 4.2039e+01 l_diff: 1.4659e+01 l_align: 4.4310e+01 l_total: 1.2153e+02 
2026-05-22 04:24:39,760 INFO: [scape..][epoch: 19, iter:  49,280, lr:(4.109e-04,)][eta: 3:32:11, time (data): 0.244 (0.037)]l_bij: 4.2594e+01 l_orth: 6.1428e+01 l_diff: 2.1644e+01 l_align: 5.4316e+01 l_total: 1.7998e+02 
2026-05-22 04:24:46,586 INFO: [scape..][epoch: 19, iter:  49,300, lr:(4.109e-04,)][eta: 3:32:01, time (data): 0.279 (0.036)]l_bij: 2.4804e+01 l_orth: 4.4987e+01 l_diff: 1.4426e+01 l_align: 4.7292e+01 l_total: 1.3151e+02 
2026-05-22 04:24:52,723 INFO: [scape..][epoch: 19, iter:  49,320, lr:(4.109e-04,)][eta: 3:31:51, time (data): 0.287 (0.037)]l_bij: 1.4831e+01 l_orth: 3.7960e+01 l_diff: 1.4299e+01 l_align: 4.3430e+01 l_total: 1.1052e+02 
2026-05-22 04:24:58,607 INFO: [scape..][epoch: 19, iter:  49,340, lr:(4.109e-04,)][eta: 3:31:40, time (data): 0.288 (0.037)]l_bij: 4.3901e+01 l_orth: 5.7156e+01 l_diff: 1.4669e+01 l_align: 4.8367e+01 l_total: 1.6409e+02 
2026-05-22 04:25:05,890 INFO: [scape..][epoch: 19, iter:  49,360, lr:(4.109e-04,)][eta: 3:31:30, time (data): 0.301 (0.036)]l_bij: 6.2374e+01 l_orth: 7.4393e+01 l_diff: 1.8199e+01 l_align: 6.1776e+01 l_total: 2.1674e+02 
2026-05-22 04:25:12,163 INFO: [scape..][epoch: 19, iter:  49,380, lr:(4.109e-04,)][eta: 3:31:20, time (data): 0.303 (0.036)]l_bij: 1.4098e+01 l_orth: 3.8882e+01 l_diff: 1.1708e+01 l_align: 4.3818e+01 l_total: 1.0851e+02 
2026-05-22 04:25:17,720 INFO: [scape..][epoch: 19, iter:  49,400, lr:(4.109e-04,)][eta: 3:31:09, time (data): 0.300 (0.036)]l_bij: 2.0273e+01 l_orth: 4.4240e+01 l_diff: 1.1481e+01 l_align: 4.4830e+01 l_total: 1.2082e+02 
2026-05-22 04:25:23,735 INFO: [scape..][epoch: 20, iter:  49,420, lr:(3.670e-04,)][eta: 3:30:59, time (data): 0.300 (0.041)]l_bij: 2.2040e+01 l_orth: 4.8673e+01 l_diff: 1.4110e+01 l_align: 4.8786e+01 l_total: 1.3361e+02 
2026-05-22 04:25:31,260 INFO: [scape..][epoch: 20, iter:  49,440, lr:(3.670e-04,)][eta: 3:30:49, time (data): 0.308 (0.040)]l_bij: 3.0920e+01 l_orth: 4.8924e+01 l_diff: 1.4529e+01 l_align: 4.6199e+01 l_total: 1.4057e+02 
2026-05-22 04:25:36,982 INFO: [scape..][epoch: 20, iter:  49,460, lr:(3.670e-04,)][eta: 3:30:38, time (data): 0.303 (0.032)]l_bij: 1.0769e+00 l_orth: 2.9806e+01 l_diff: 1.3387e+01 l_align: 4.1056e+01 l_total: 8.5327e+01 
2026-05-22 04:25:43,819 INFO: [scape..][epoch: 20, iter:  49,480, lr:(3.670e-04,)][eta: 3:30:28, time (data): 0.326 (0.034)]l_bij: 3.3223e+01 l_orth: 4.9698e+01 l_diff: 1.3350e+01 l_align: 4.7558e+01 l_total: 1.4383e+02 
2026-05-22 04:25:49,056 INFO: [scape..][epoch: 20, iter:  49,500, lr:(3.670e-04,)][eta: 3:30:17, time (data): 0.302 (0.034)]l_bij: 3.0774e+01 l_orth: 4.6419e+01 l_diff: 1.3543e+01 l_align: 4.3400e+01 l_total: 1.3414e+02 
2026-05-22 04:25:55,423 INFO: [scape..][epoch: 20, iter:  49,520, lr:(3.670e-04,)][eta: 3:30:07, time (data): 0.306 (0.034)]l_bij: 2.0989e+01 l_orth: 4.1779e+01 l_diff: 1.6063e+01 l_align: 4.3576e+01 l_total: 1.2241e+02 
2026-05-22 04:26:00,275 INFO: [scape..][epoch: 20, iter:  49,540, lr:(3.670e-04,)][eta: 3:29:56, time (data): 0.293 (0.035)]l_bij: 2.4446e+01 l_orth: 4.4323e+01 l_diff: 1.3112e+01 l_align: 4.4868e+01 l_total: 1.2675e+02 
2026-05-22 04:26:07,744 INFO: [scape..][epoch: 20, iter:  49,560, lr:(3.670e-04,)][eta: 3:29:46, time (data): 0.307 (0.035)]l_bij: 4.5370e+01 l_orth: 5.8896e+01 l_diff: 1.8021e+01 l_align: 5.4775e+01 l_total: 1.7706e+02 
2026-05-22 04:26:13,893 INFO: [scape..][epoch: 20, iter:  49,580, lr:(3.670e-04,)][eta: 3:29:36, time (data): 0.307 (0.035)]l_bij: 2.4324e+01 l_orth: 4.5564e+01 l_diff: 1.5633e+01 l_align: 4.4976e+01 l_total: 1.3050e+02 
2026-05-22 04:26:20,118 INFO: [scape..][epoch: 20, iter:  49,600, lr:(3.670e-04,)][eta: 3:29:26, time (data): 0.308 (0.036)]l_bij: 2.5793e+01 l_orth: 4.5113e+01 l_diff: 1.4176e+01 l_align: 4.3384e+01 l_total: 1.2847e+02 
2026-05-22 04:26:27,132 INFO: [scape..][epoch: 20, iter:  49,620, lr:(3.670e-04,)][eta: 3:29:16, time (data): 0.313 (0.036)]l_bij: 2.7048e+01 l_orth: 4.7167e+01 l_diff: 1.3840e+01 l_align: 4.7532e+01 l_total: 1.3559e+02 
2026-05-22 04:26:33,399 INFO: [scape..][epoch: 20, iter:  49,640, lr:(3.670e-04,)][eta: 3:29:05, time (data): 0.313 (0.036)]l_bij: 3.6517e+01 l_orth: 5.3818e+01 l_diff: 1.6391e+01 l_align: 4.9650e+01 l_total: 1.5638e+02 
2026-05-22 04:26:38,918 INFO: [scape..][epoch: 20, iter:  49,660, lr:(3.670e-04,)][eta: 3:28:55, time (data): 0.282 (0.043)]l_bij: 6.4927e+00 l_orth: 3.1049e+01 l_diff: 1.2649e+01 l_align: 4.0911e+01 l_total: 9.1101e+01 
2026-05-22 04:26:45,293 INFO: [scape..][epoch: 20, iter:  49,680, lr:(3.670e-04,)][eta: 3:28:44, time (data): 0.304 (0.042)]l_bij: 2.5295e+01 l_orth: 4.4296e+01 l_diff: 1.3655e+01 l_align: 4.3560e+01 l_total: 1.2681e+02 
2026-05-22 04:26:52,142 INFO: [scape..][epoch: 20, iter:  49,700, lr:(3.670e-04,)][eta: 3:28:34, time (data): 0.319 (0.042)]l_bij: 2.2244e+01 l_orth: 4.0009e+01 l_diff: 1.5526e+01 l_align: 4.1197e+01 l_total: 1.1898e+02 
2026-05-22 04:26:57,608 INFO: [scape..][epoch: 20, iter:  49,720, lr:(3.670e-04,)][eta: 3:28:24, time (data): 0.306 (0.041)]l_bij: 3.8109e+01 l_orth: 6.1052e+01 l_diff: 1.4394e+01 l_align: 5.4361e+01 l_total: 1.6792e+02 
2026-05-22 04:27:05,434 INFO: [scape..][epoch: 20, iter:  49,740, lr:(3.670e-04,)][eta: 3:28:14, time (data): 0.324 (0.041)]l_bij: 3.7648e+01 l_orth: 5.3380e+01 l_diff: 1.6146e+01 l_align: 4.8113e+01 l_total: 1.5529e+02 
2026-05-22 04:27:11,479 INFO: [scape..][epoch: 20, iter:  49,760, lr:(3.670e-04,)][eta: 3:28:04, time (data): 0.321 (0.041)]l_bij: 2.6605e+01 l_orth: 4.9216e+01 l_diff: 1.2905e+01 l_align: 4.6784e+01 l_total: 1.3551e+02 
2026-05-22 04:27:18,782 INFO: [scape..][epoch: 20, iter:  49,780, lr:(3.670e-04,)][eta: 3:27:54, time (data): 0.327 (0.041)]l_bij: 2.0124e+01 l_orth: 4.0463e+01 l_diff: 9.9875e+00 l_align: 4.3390e+01 l_total: 1.1396e+02 
2026-05-22 04:27:25,944 INFO: [scape..][epoch: 20, iter:  49,800, lr:(3.670e-04,)][eta: 3:27:44, time (data): 0.331 (0.041)]l_bij: 2.6488e+01 l_orth: 4.9466e+01 l_diff: 1.5921e+01 l_align: 4.5969e+01 l_total: 1.3784e+02 
2026-05-22 04:27:34,035 INFO: [scape..][epoch: 20, iter:  49,820, lr:(3.670e-04,)][eta: 3:27:35, time (data): 0.340 (0.040)]l_bij: 3.8550e+01 l_orth: 5.6054e+01 l_diff: 1.7954e+01 l_align: 4.7743e+01 l_total: 1.6030e+02 
2026-05-22 04:27:39,307 INFO: [scape..][epoch: 20, iter:  49,840, lr:(3.670e-04,)][eta: 3:27:24, time (data): 0.332 (0.040)]l_bij: 3.3396e+01 l_orth: 5.0811e+01 l_diff: 1.3328e+01 l_align: 4.4802e+01 l_total: 1.4234e+02 
2026-05-22 04:27:45,257 INFO: [scape..][epoch: 20, iter:  49,860, lr:(3.670e-04,)][eta: 3:27:14, time (data): 0.327 (0.032)]l_bij: 2.0006e+01 l_orth: 4.1685e+01 l_diff: 1.2847e+01 l_align: 4.4838e+01 l_total: 1.1938e+02 
2026-05-22 04:27:50,807 INFO: [scape..][epoch: 20, iter:  49,880, lr:(3.670e-04,)][eta: 3:27:03, time (data): 0.296 (0.033)]l_bij: 1.6423e+01 l_orth: 3.9826e+01 l_diff: 1.2846e+01 l_align: 4.4242e+01 l_total: 1.1334e+02 
2026-05-22 04:27:57,273 INFO: [scape..][epoch: 20, iter:  49,900, lr:(3.670e-04,)][eta: 3:26:53, time (data): 0.307 (0.034)]l_bij: 2.4105e+01 l_orth: 4.7074e+01 l_diff: 1.4644e+01 l_align: 4.6910e+01 l_total: 1.3273e+02 
2026-05-22 04:28:03,666 INFO: [scape..][epoch: 20, iter:  49,920, lr:(3.670e-04,)][eta: 3:26:43, time (data): 0.310 (0.034)]l_bij: 3.2350e+01 l_orth: 5.0245e+01 l_diff: 1.4598e+01 l_align: 4.6936e+01 l_total: 1.4413e+02 
2026-05-22 04:28:09,913 INFO: [scape..][epoch: 20, iter:  49,940, lr:(3.670e-04,)][eta: 3:26:33, time (data): 0.311 (0.034)]l_bij: 2.8976e+01 l_orth: 4.9575e+01 l_diff: 1.4201e+01 l_align: 4.7760e+01 l_total: 1.4051e+02 
2026-05-22 04:28:15,536 INFO: [scape..][epoch: 20, iter:  49,960, lr:(3.670e-04,)][eta: 3:26:22, time (data): 0.305 (0.034)]l_bij: 1.6527e+01 l_orth: 3.9144e+01 l_diff: 1.1635e+01 l_align: 4.2396e+01 l_total: 1.0970e+02 
2026-05-22 04:28:22,162 INFO: [scape..][epoch: 20, iter:  49,980, lr:(3.670e-04,)][eta: 3:26:12, time (data): 0.309 (0.035)]l_bij: 2.0394e+01 l_orth: 3.9677e+01 l_diff: 1.2908e+01 l_align: 4.3980e+01 l_total: 1.1696e+02 
2026-05-22 04:28:29,123 INFO: [scape..][epoch: 20, iter:  50,000, lr:(3.670e-04,)][eta: 3:26:02, time (data): 0.314 (0.035)]l_bij: 1.6512e+01 l_orth: 3.9391e+01 l_diff: 1.1996e+01 l_align: 4.3227e+01 l_total: 1.1113e+02 
2026-05-22 04:28:35,472 INFO: [scape..][epoch: 20, iter:  50,020, lr:(3.670e-04,)][eta: 3:25:52, time (data): 0.315 (0.035)]l_bij: 3.5854e+01 l_orth: 5.2753e+01 l_diff: 1.3267e+01 l_align: 4.8024e+01 l_total: 1.4990e+02 
2026-05-22 04:28:42,021 INFO: [scape..][epoch: 20, iter:  50,040, lr:(3.670e-04,)][eta: 3:25:42, time (data): 0.316 (0.035)]l_bij: 3.7224e+01 l_orth: 5.3188e+01 l_diff: 1.6306e+01 l_align: 4.7573e+01 l_total: 1.5429e+02 
2026-05-22 04:28:49,901 INFO: [scape..][epoch: 20, iter:  50,060, lr:(3.670e-04,)][eta: 3:25:32, time (data): 0.363 (0.034)]l_bij: 3.5559e+01 l_orth: 5.2980e+01 l_diff: 1.3949e+01 l_align: 4.4472e+01 l_total: 1.4696e+02 
2026-05-22 04:28:56,164 INFO: [scape..][epoch: 20, iter:  50,080, lr:(3.670e-04,)][eta: 3:25:22, time (data): 0.331 (0.034)]l_bij: 2.8143e+01 l_orth: 4.7241e+01 l_diff: 1.3501e+01 l_align: 4.5341e+01 l_total: 1.3423e+02 
2026-05-22 04:29:02,861 INFO: [scape..][epoch: 20, iter:  50,100, lr:(3.670e-04,)][eta: 3:25:12, time (data): 0.332 (0.033)]l_bij: 2.2567e+01 l_orth: 4.2786e+01 l_diff: 1.2395e+01 l_align: 4.2389e+01 l_total: 1.2014e+02 
2026-05-22 04:29:08,083 INFO: [scape..][epoch: 20, iter:  50,120, lr:(3.670e-04,)][eta: 3:25:01, time (data): 0.312 (0.034)]l_bij: 4.2306e+01 l_orth: 5.8935e+01 l_diff: 1.2873e+01 l_align: 4.9696e+01 l_total: 1.6381e+02 
2026-05-22 04:29:14,876 INFO: [scape..][epoch: 20, iter:  50,140, lr:(3.670e-04,)][eta: 3:24:51, time (data): 0.318 (0.034)]l_bij: 2.5587e+01 l_orth: 4.4522e+01 l_diff: 1.2326e+01 l_align: 4.4736e+01 l_total: 1.2717e+02 
2026-05-22 04:29:20,001 INFO: [scape..][epoch: 20, iter:  50,160, lr:(3.670e-04,)][eta: 3:24:41, time (data): 0.307 (0.034)]l_bij: 3.9888e+01 l_orth: 5.5866e+01 l_diff: 1.5539e+01 l_align: 5.3769e+01 l_total: 1.6506e+02 
2026-05-22 04:29:26,957 INFO: [scape..][epoch: 20, iter:  50,180, lr:(3.670e-04,)][eta: 3:24:31, time (data): 0.313 (0.035)]l_bij: 4.1628e+01 l_orth: 5.6061e+01 l_diff: 1.4072e+01 l_align: 5.5975e+01 l_total: 1.6774e+02 
2026-05-22 04:29:34,366 INFO: [scape..][epoch: 20, iter:  50,200, lr:(3.670e-04,)][eta: 3:24:21, time (data): 0.321 (0.035)]l_bij: 3.6755e+01 l_orth: 5.3391e+01 l_diff: 1.3311e+01 l_align: 4.5416e+01 l_total: 1.4887e+02 
2026-05-22 04:29:40,898 INFO: [scape..][epoch: 20, iter:  50,220, lr:(3.670e-04,)][eta: 3:24:11, time (data): 0.322 (0.035)]l_bij: 1.6520e+01 l_orth: 3.7681e+01 l_diff: 1.2510e+01 l_align: 4.2788e+01 l_total: 1.0950e+02 
2026-05-22 04:29:46,481 INFO: [scape..][epoch: 20, iter:  50,240, lr:(3.670e-04,)][eta: 3:24:00, time (data): 0.317 (0.035)]l_bij: 3.2124e+01 l_orth: 5.1671e+01 l_diff: 1.1652e+01 l_align: 5.2005e+01 l_total: 1.4745e+02 
2026-05-22 04:29:53,430 INFO: [scape..][epoch: 20, iter:  50,260, lr:(3.670e-04,)][eta: 3:23:51, time (data): 0.356 (0.029)]l_bij: 2.9802e+01 l_orth: 4.6936e+01 l_diff: 1.2027e+01 l_align: 4.2233e+01 l_total: 1.3100e+02 
2026-05-22 04:30:00,335 INFO: [scape..][epoch: 20, iter:  50,280, lr:(3.670e-04,)][eta: 3:23:41, time (data): 0.349 (0.033)]l_bij: 3.0366e+01 l_orth: 4.9468e+01 l_diff: 1.5263e+01 l_align: 4.6177e+01 l_total: 1.4128e+02 
2026-05-22 04:30:06,034 INFO: [scape..][epoch: 20, iter:  50,300, lr:(3.670e-04,)][eta: 3:23:30, time (data): 0.323 (0.035)]l_bij: 1.2409e+01 l_orth: 3.4545e+01 l_diff: 1.1055e+01 l_align: 4.1511e+01 l_total: 9.9520e+01 
2026-05-22 04:30:11,209 INFO: [scape..][epoch: 20, iter:  50,320, lr:(3.670e-04,)][eta: 3:23:19, time (data): 0.305 (0.035)]l_bij: 2.2965e+01 l_orth: 4.2505e+01 l_diff: 1.4298e+01 l_align: 4.2729e+01 l_total: 1.2250e+02 
2026-05-22 04:30:16,851 INFO: [scape..][epoch: 20, iter:  50,340, lr:(3.670e-04,)][eta: 3:23:09, time (data): 0.300 (0.037)]l_bij: 3.0460e+01 l_orth: 4.9958e+01 l_diff: 1.3539e+01 l_align: 4.8642e+01 l_total: 1.4260e+02 
2026-05-22 04:30:22,144 INFO: [scape..][epoch: 20, iter:  50,360, lr:(3.670e-04,)][eta: 3:22:58, time (data): 0.293 (0.037)]l_bij: 3.9800e+01 l_orth: 5.7453e+01 l_diff: 1.4742e+01 l_align: 5.3032e+01 l_total: 1.6503e+02 
2026-05-22 04:30:28,044 INFO: [scape..][epoch: 20, iter:  50,380, lr:(3.670e-04,)][eta: 3:22:48, time (data): 0.294 (0.037)]l_bij: 1.4644e+01 l_orth: 3.8573e+01 l_diff: 1.3176e+01 l_align: 4.3433e+01 l_total: 1.0983e+02 
2026-05-22 04:30:33,775 INFO: [scape..][epoch: 20, iter:  50,400, lr:(3.670e-04,)][eta: 3:22:37, time (data): 0.293 (0.038)]l_bij: 5.6317e+01 l_orth: 7.4026e+01 l_diff: 2.1516e+01 l_align: 6.3053e+01 l_total: 2.1491e+02 
2026-05-22 04:30:38,607 INFO: [scape..][epoch: 20, iter:  50,420, lr:(3.670e-04,)][eta: 3:22:26, time (data): 0.287 (0.038)]l_bij: 3.2757e+01 l_orth: 4.9563e+01 l_diff: 1.0547e+01 l_align: 4.5713e+01 l_total: 1.3858e+02 
2026-05-22 04:30:45,794 INFO: [scape..][epoch: 20, iter:  50,440, lr:(3.670e-04,)][eta: 3:22:17, time (data): 0.294 (0.038)]l_bij: 2.0713e+01 l_orth: 4.3665e+01 l_diff: 1.1642e+01 l_align: 4.5844e+01 l_total: 1.2186e+02 
2026-05-22 04:30:51,857 INFO: [scape..][epoch: 20, iter:  50,460, lr:(3.670e-04,)][eta: 3:22:06, time (data): 0.343 (0.041)]l_bij: 2.8939e+01 l_orth: 4.5678e+01 l_diff: 1.4063e+01 l_align: 4.4256e+01 l_total: 1.3294e+02 
2026-05-22 04:30:58,163 INFO: [scape..][epoch: 20, iter:  50,480, lr:(3.670e-04,)][eta: 3:21:56, time (data): 0.324 (0.037)]l_bij: 4.5379e+01 l_orth: 5.8497e+01 l_diff: 1.6454e+01 l_align: 5.0819e+01 l_total: 1.7115e+02 
2026-05-22 04:31:04,775 INFO: [scape..][epoch: 20, iter:  50,500, lr:(3.670e-04,)][eta: 3:21:46, time (data): 0.327 (0.038)]l_bij: 2.6451e+01 l_orth: 4.6592e+01 l_diff: 1.8143e+01 l_align: 4.6744e+01 l_total: 1.3793e+02 
2026-05-22 04:31:10,131 INFO: [scape..][epoch: 20, iter:  50,520, lr:(3.670e-04,)][eta: 3:21:35, time (data): 0.310 (0.036)]l_bij: 3.2134e+01 l_orth: 5.0794e+01 l_diff: 1.4320e+01 l_align: 4.6916e+01 l_total: 1.4416e+02 
2026-05-22 04:31:15,593 INFO: [scape..][epoch: 20, iter:  50,540, lr:(3.670e-04,)][eta: 3:21:25, time (data): 0.301 (0.036)]l_bij: 3.6098e+01 l_orth: 5.1601e+01 l_diff: 1.3297e+01 l_align: 4.4138e+01 l_total: 1.4513e+02 
2026-05-22 04:31:20,367 INFO: [scape..][epoch: 20, iter:  50,560, lr:(3.670e-04,)][eta: 3:21:14, time (data): 0.290 (0.037)]l_bij: 2.5678e+01 l_orth: 4.3498e+01 l_diff: 1.2531e+01 l_align: 4.4174e+01 l_total: 1.2588e+02 
2026-05-22 04:31:25,591 INFO: [scape..][epoch: 20, iter:  50,580, lr:(3.670e-04,)][eta: 3:21:03, time (data): 0.285 (0.037)]l_bij: 5.4571e+01 l_orth: 6.8760e+01 l_diff: 1.6805e+01 l_align: 5.8758e+01 l_total: 1.9889e+02 
2026-05-22 04:31:32,918 INFO: [scape..][epoch: 20, iter:  50,600, lr:(3.670e-04,)][eta: 3:20:54, time (data): 0.296 (0.038)]l_bij: 1.5552e+01 l_orth: 3.7404e+01 l_diff: 1.1672e+01 l_align: 4.1985e+01 l_total: 1.0661e+02 
2026-05-22 04:31:38,859 INFO: [scape..][epoch: 20, iter:  50,620, lr:(3.670e-04,)][eta: 3:20:43, time (data): 0.296 (0.037)]l_bij: 4.0099e+01 l_orth: 5.6729e+01 l_diff: 1.2814e+01 l_align: 4.8203e+01 l_total: 1.5785e+02 
2026-05-22 04:31:44,680 INFO: [scape..][epoch: 20, iter:  50,640, lr:(3.670e-04,)][eta: 3:20:33, time (data): 0.296 (0.038)]l_bij: 1.6926e+01 l_orth: 3.7867e+01 l_diff: 1.1515e+01 l_align: 4.3108e+01 l_total: 1.0942e+02 
2026-05-22 04:31:50,975 INFO: [scape..][epoch: 20, iter:  50,660, lr:(3.670e-04,)][eta: 3:20:23, time (data): 0.360 (0.036)]l_bij: 1.9331e+01 l_orth: 4.2580e+01 l_diff: 1.3113e+01 l_align: 4.4308e+01 l_total: 1.1933e+02 
2026-05-22 04:31:55,928 INFO: [scape..][epoch: 20, iter:  50,680, lr:(3.670e-04,)][eta: 3:20:12, time (data): 0.280 (0.040)]l_bij: 3.1059e+01 l_orth: 5.0993e+01 l_diff: 1.2955e+01 l_align: 4.5859e+01 l_total: 1.4087e+02 
2026-05-22 04:32:00,863 INFO: [scape..][epoch: 20, iter:  50,700, lr:(3.670e-04,)][eta: 3:20:01, time (data): 0.266 (0.040)]l_bij: 4.4967e+01 l_orth: 6.0127e+01 l_diff: 1.5224e+01 l_align: 5.3204e+01 l_total: 1.7352e+02 
2026-05-22 04:32:06,175 INFO: [scape..][epoch: 20, iter:  50,720, lr:(3.670e-04,)][eta: 3:19:50, time (data): 0.266 (0.040)]l_bij: 2.9227e+01 l_orth: 4.8914e+01 l_diff: 1.1045e+01 l_align: 4.5521e+01 l_total: 1.3471e+02 
2026-05-22 04:32:11,885 INFO: [scape..][epoch: 20, iter:  50,740, lr:(3.670e-04,)][eta: 3:19:40, time (data): 0.270 (0.040)]l_bij: 1.4568e+01 l_orth: 3.8780e+01 l_diff: 1.0964e+01 l_align: 4.3243e+01 l_total: 1.0755e+02 
2026-05-22 04:32:17,856 INFO: [scape..][epoch: 20, iter:  50,760, lr:(3.670e-04,)][eta: 3:19:30, time (data): 0.276 (0.040)]l_bij: 4.9052e+01 l_orth: 6.2547e+01 l_diff: 2.0244e+01 l_align: 5.3271e+01 l_total: 1.8511e+02 
2026-05-22 04:32:23,607 INFO: [scape..][epoch: 20, iter:  50,780, lr:(3.670e-04,)][eta: 3:19:19, time (data): 0.277 (0.039)]l_bij: 2.2426e+01 l_orth: 4.2651e+01 l_diff: 1.5476e+01 l_align: 4.2490e+01 l_total: 1.2304e+02 
2026-05-22 04:32:29,412 INFO: [scape..][epoch: 20, iter:  50,800, lr:(3.670e-04,)][eta: 3:19:09, time (data): 0.279 (0.040)]l_bij: 2.2736e+01 l_orth: 4.7892e+01 l_diff: 1.8065e+01 l_align: 4.4321e+01 l_total: 1.3301e+02 
2026-05-22 04:32:35,436 INFO: [scape..][epoch: 20, iter:  50,820, lr:(3.670e-04,)][eta: 3:18:59, time (data): 0.282 (0.040)]l_bij: 2.1981e+01 l_orth: 4.4082e+01 l_diff: 1.5382e+01 l_align: 4.4058e+01 l_total: 1.2550e+02 
2026-05-22 04:32:40,905 INFO: [scape..][epoch: 20, iter:  50,840, lr:(3.670e-04,)][eta: 3:18:48, time (data): 0.281 (0.040)]l_bij: 2.9091e+01 l_orth: 4.7538e+01 l_diff: 1.3659e+01 l_align: 4.6603e+01 l_total: 1.3689e+02 
2026-05-22 04:32:46,093 INFO: [scape..][epoch: 20, iter:  50,860, lr:(3.670e-04,)][eta: 3:18:37, time (data): 0.246 (0.037)]l_bij: 4.2567e+01 l_orth: 5.4792e+01 l_diff: 1.2793e+01 l_align: 4.7232e+01 l_total: 1.5738e+02 
2026-05-22 04:32:52,402 INFO: [scape..][epoch: 20, iter:  50,880, lr:(3.670e-04,)][eta: 3:18:27, time (data): 0.297 (0.039)]l_bij: 3.5214e+01 l_orth: 5.1942e+01 l_diff: 1.2786e+01 l_align: 4.5891e+01 l_total: 1.4583e+02 
2026-05-22 04:32:58,059 INFO: [scape..][epoch: 20, iter:  50,900, lr:(3.670e-04,)][eta: 3:18:17, time (data): 0.291 (0.040)]l_bij: 3.9407e+01 l_orth: 5.6301e+01 l_diff: 1.4025e+01 l_align: 4.5759e+01 l_total: 1.5549e+02 
2026-05-22 04:33:03,471 INFO: [scape..][epoch: 20, iter:  50,920, lr:(3.670e-04,)][eta: 3:18:06, time (data): 0.285 (0.039)]l_bij: 2.2648e+01 l_orth: 4.2350e+01 l_diff: 1.4089e+01 l_align: 4.2512e+01 l_total: 1.2160e+02 
2026-05-22 04:33:09,026 INFO: [scape..][epoch: 20, iter:  50,940, lr:(3.670e-04,)][eta: 3:17:56, time (data): 0.283 (0.039)]l_bij: 3.2087e+01 l_orth: 5.1132e+01 l_diff: 1.2712e+01 l_align: 4.5768e+01 l_total: 1.4170e+02 
2026-05-22 04:33:14,712 INFO: [scape..][epoch: 20, iter:  50,960, lr:(3.670e-04,)][eta: 3:17:45, time (data): 0.283 (0.039)]l_bij: 3.7878e+01 l_orth: 5.2185e+01 l_diff: 1.3110e+01 l_align: 4.4205e+01 l_total: 1.4738e+02 
2026-05-22 04:33:20,858 INFO: [scape..][epoch: 20, iter:  50,980, lr:(3.670e-04,)][eta: 3:17:35, time (data): 0.287 (0.039)]l_bij: 4.2935e+01 l_orth: 5.8096e+01 l_diff: 1.3428e+01 l_align: 4.9308e+01 l_total: 1.6377e+02 
2026-05-22 04:33:26,575 INFO: [scape..][epoch: 20, iter:  51,000, lr:(3.670e-04,)][eta: 3:17:25, time (data): 0.287 (0.040)]l_bij: 3.5169e+01 l_orth: 5.3789e+01 l_diff: 1.4057e+01 l_align: 5.1372e+01 l_total: 1.5439e+02 
2026-05-22 04:33:32,341 INFO: [scape..][epoch: 20, iter:  51,020, lr:(3.670e-04,)][eta: 3:17:15, time (data): 0.287 (0.040)]l_bij: 2.8757e+01 l_orth: 4.5523e+01 l_diff: 1.7530e+01 l_align: 4.3340e+01 l_total: 1.3515e+02 
2026-05-22 04:33:38,147 INFO: [scape..][epoch: 20, iter:  51,040, lr:(3.670e-04,)][eta: 3:17:04, time (data): 0.287 (0.040)]l_bij: 3.0532e+01 l_orth: 5.1247e+01 l_diff: 1.5666e+01 l_align: 4.6390e+01 l_total: 1.4383e+02 
2026-05-22 04:33:43,993 INFO: [scape..][epoch: 20, iter:  51,060, lr:(3.670e-04,)][eta: 3:16:54, time (data): 0.274 (0.042)]l_bij: 2.9675e+01 l_orth: 4.6667e+01 l_diff: 1.6164e+01 l_align: 4.4368e+01 l_total: 1.3687e+02 
2026-05-22 04:33:50,904 INFO: [scape..][epoch: 20, iter:  51,080, lr:(3.670e-04,)][eta: 3:16:44, time (data): 0.329 (0.038)]l_bij: 2.0877e+01 l_orth: 4.2992e+01 l_diff: 1.2200e+01 l_align: 4.4385e+01 l_total: 1.2045e+02 
2026-05-22 04:33:56,741 INFO: [scape..][epoch: 20, iter:  51,100, lr:(3.670e-04,)][eta: 3:16:34, time (data): 0.313 (0.037)]l_bij: 2.8157e+01 l_orth: 4.8259e+01 l_diff: 1.7303e+01 l_align: 4.7082e+01 l_total: 1.4080e+02 
2026-05-22 04:34:02,632 INFO: [scape..][epoch: 20, iter:  51,120, lr:(3.670e-04,)][eta: 3:16:24, time (data): 0.307 (0.038)]l_bij: 3.7233e+01 l_orth: 5.1515e+01 l_diff: 1.0468e+01 l_align: 4.6116e+01 l_total: 1.4533e+02 
2026-05-22 04:34:08,821 INFO: [scape..][epoch: 20, iter:  51,140, lr:(3.670e-04,)][eta: 3:16:13, time (data): 0.308 (0.039)]l_bij: 5.0720e+01 l_orth: 6.4470e+01 l_diff: 1.6382e+01 l_align: 5.4660e+01 l_total: 1.8623e+02 
2026-05-22 04:34:14,260 INFO: [scape..][epoch: 20, iter:  51,160, lr:(3.670e-04,)][eta: 3:16:03, time (data): 0.301 (0.039)]l_bij: 2.4099e+01 l_orth: 4.3761e+01 l_diff: 1.4059e+01 l_align: 4.5198e+01 l_total: 1.2712e+02 
2026-05-22 04:34:20,699 INFO: [scape..][epoch: 20, iter:  51,180, lr:(3.670e-04,)][eta: 3:15:53, time (data): 0.304 (0.039)]l_bij: 2.2095e+01 l_orth: 4.2826e+01 l_diff: 1.3514e+01 l_align: 4.3642e+01 l_total: 1.2208e+02 
2026-05-22 04:34:26,025 INFO: [scape..][epoch: 20, iter:  51,200, lr:(3.670e-04,)][eta: 3:15:42, time (data): 0.299 (0.039)]l_bij: 2.7657e+01 l_orth: 4.7455e+01 l_diff: 1.1582e+01 l_align: 4.3556e+01 l_total: 1.3025e+02 
2026-05-22 04:34:32,202 INFO: [scape..][epoch: 20, iter:  51,220, lr:(3.670e-04,)][eta: 3:15:32, time (data): 0.300 (0.040)]l_bij: 2.6831e+01 l_orth: 4.5608e+01 l_diff: 1.4199e+01 l_align: 4.7236e+01 l_total: 1.3387e+02 
2026-05-22 04:34:37,060 INFO: [scape..][epoch: 20, iter:  51,240, lr:(3.670e-04,)][eta: 3:15:22, time (data): 0.294 (0.039)]l_bij: 2.1185e+01 l_orth: 4.2428e+01 l_diff: 1.0539e+01 l_align: 4.3598e+01 l_total: 1.1775e+02 
2026-05-22 04:34:42,911 INFO: [scape..][epoch: 20, iter:  51,260, lr:(3.670e-04,)][eta: 3:15:11, time (data): 0.239 (0.042)]l_bij: 1.0993e+00 l_orth: 3.1413e+01 l_diff: 1.2689e+01 l_align: 4.1381e+01 l_total: 8.6583e+01 
2026-05-22 04:34:48,657 INFO: [scape..][epoch: 20, iter:  51,280, lr:(3.670e-04,)][eta: 3:15:01, time (data): 0.277 (0.040)]l_bij: 1.7347e+01 l_orth: 3.8597e+01 l_diff: 1.1904e+01 l_align: 4.1637e+01 l_total: 1.0949e+02 
2026-05-22 04:34:55,138 INFO: [scape..][epoch: 20, iter:  51,300, lr:(3.670e-04,)][eta: 3:14:51, time (data): 0.298 (0.040)]l_bij: 2.0239e+01 l_orth: 3.9583e+01 l_diff: 1.3776e+01 l_align: 4.1792e+01 l_total: 1.1539e+02 
2026-05-22 04:35:01,310 INFO: [scape..][epoch: 20, iter:  51,320, lr:(3.670e-04,)][eta: 3:14:41, time (data): 0.301 (0.039)]l_bij: 3.5390e+01 l_orth: 5.3598e+01 l_diff: 1.6161e+01 l_align: 4.7692e+01 l_total: 1.5284e+02 
2026-05-22 04:35:07,174 INFO: [scape..][epoch: 20, iter:  51,340, lr:(3.670e-04,)][eta: 3:14:31, time (data): 0.299 (0.038)]l_bij: 2.0493e+01 l_orth: 4.1958e+01 l_diff: 1.3371e+01 l_align: 4.3503e+01 l_total: 1.1932e+02 
2026-05-22 04:35:12,911 INFO: [scape..][epoch: 20, iter:  51,360, lr:(3.670e-04,)][eta: 3:14:20, time (data): 0.297 (0.038)]l_bij: 2.3936e+01 l_orth: 4.3063e+01 l_diff: 1.2972e+01 l_align: 4.3320e+01 l_total: 1.2329e+02 
2026-05-22 04:35:19,763 INFO: [scape..][epoch: 20, iter:  51,380, lr:(3.670e-04,)][eta: 3:14:11, time (data): 0.304 (0.038)]l_bij: 2.6490e+01 l_orth: 5.1252e+01 l_diff: 1.5385e+01 l_align: 5.2071e+01 l_total: 1.4520e+02 
2026-05-22 04:35:25,583 INFO: [scape..][epoch: 20, iter:  51,400, lr:(3.670e-04,)][eta: 3:14:00, time (data): 0.302 (0.038)]l_bij: 2.9175e+01 l_orth: 4.5458e+01 l_diff: 1.0310e+01 l_align: 4.3170e+01 l_total: 1.2811e+02 
2026-05-22 04:35:31,400 INFO: [scape..][epoch: 20, iter:  51,420, lr:(3.670e-04,)][eta: 3:13:50, time (data): 0.301 (0.038)]l_bij: 2.8402e+01 l_orth: 4.5405e+01 l_diff: 1.1673e+01 l_align: 4.1651e+01 l_total: 1.2713e+02 
2026-05-22 04:35:37,100 INFO: [scape..][epoch: 20, iter:  51,440, lr:(3.670e-04,)][eta: 3:13:40, time (data): 0.299 (0.038)]l_bij: 3.9203e+01 l_orth: 5.5592e+01 l_diff: 1.7140e+01 l_align: 4.9609e+01 l_total: 1.6154e+02 
2026-05-22 04:35:43,241 INFO: [scape..][epoch: 20, iter:  51,460, lr:(3.670e-04,)][eta: 3:13:30, time (data): 0.371 (0.034)]l_bij: 1.1103e+01 l_orth: 3.7126e+01 l_diff: 1.1215e+01 l_align: 4.3467e+01 l_total: 1.0291e+02 
2026-05-22 04:35:48,305 INFO: [scape..][epoch: 20, iter:  51,480, lr:(3.670e-04,)][eta: 3:13:19, time (data): 0.273 (0.036)]l_bij: 2.9602e+01 l_orth: 4.7420e+01 l_diff: 1.1026e+01 l_align: 4.3688e+01 l_total: 1.3174e+02 
2026-05-22 04:35:54,502 INFO: [scape..][epoch: 20, iter:  51,500, lr:(3.670e-04,)][eta: 3:13:09, time (data): 0.290 (0.037)]l_bij: 2.5784e+01 l_orth: 4.3623e+01 l_diff: 1.4272e+01 l_align: 4.2297e+01 l_total: 1.2598e+02 
2026-05-22 04:35:58,919 INFO: [scape..][epoch: 20, iter:  51,520, lr:(3.670e-04,)][eta: 3:12:58, time (data): 0.268 (0.037)]l_bij: 1.5565e+01 l_orth: 3.8481e+01 l_diff: 1.2801e+01 l_align: 4.2072e+01 l_total: 1.0892e+02 
2026-05-22 04:36:03,638 INFO: [scape..][epoch: 20, iter:  51,540, lr:(3.670e-04,)][eta: 3:12:47, time (data): 0.260 (0.037)]l_bij: 1.5502e+01 l_orth: 3.8231e+01 l_diff: 1.5377e+01 l_align: 4.2576e+01 l_total: 1.1169e+02 
2026-05-22 04:36:08,589 INFO: [scape..][epoch: 20, iter:  51,560, lr:(3.670e-04,)][eta: 3:12:37, time (data): 0.258 (0.037)]l_bij: 1.8027e+01 l_orth: 4.2326e+01 l_diff: 1.4998e+01 l_align: 4.4774e+01 l_total: 1.2013e+02 
2026-05-22 04:36:13,984 INFO: [scape..][epoch: 20, iter:  51,580, lr:(3.670e-04,)][eta: 3:12:26, time (data): 0.260 (0.037)]l_bij: 2.8053e+01 l_orth: 4.8859e+01 l_diff: 1.2903e+01 l_align: 4.6096e+01 l_total: 1.3591e+02 
2026-05-22 04:36:19,056 INFO: [scape..][epoch: 20, iter:  51,600, lr:(3.670e-04,)][eta: 3:12:16, time (data): 0.259 (0.037)]l_bij: 3.0980e+01 l_orth: 4.8183e+01 l_diff: 1.3469e+01 l_align: 4.7520e+01 l_total: 1.4015e+02 
2026-05-22 04:36:23,687 INFO: [scape..][epoch: 20, iter:  51,620, lr:(3.670e-04,)][eta: 3:12:05, time (data): 0.256 (0.037)]l_bij: 4.4663e+01 l_orth: 5.8112e+01 l_diff: 1.4328e+01 l_align: 5.1327e+01 l_total: 1.6843e+02 
2026-05-22 04:36:28,493 INFO: [scape..][epoch: 20, iter:  51,640, lr:(3.670e-04,)][eta: 3:11:54, time (data): 0.254 (0.037)]l_bij: 3.5233e+01 l_orth: 5.2759e+01 l_diff: 1.8692e+01 l_align: 4.7497e+01 l_total: 1.5418e+02 
2026-05-22 04:36:33,986 INFO: [scape..][epoch: 20, iter:  51,660, lr:(3.670e-04,)][eta: 3:11:44, time (data): 0.224 (0.039)]l_bij: 4.3858e+01 l_orth: 5.7436e+01 l_diff: 1.5326e+01 l_align: 4.9614e+01 l_total: 1.6623e+02 
2026-05-22 04:36:38,860 INFO: [scape..][epoch: 20, iter:  51,680, lr:(3.670e-04,)][eta: 3:11:33, time (data): 0.241 (0.039)]l_bij: 2.5730e+01 l_orth: 4.4890e+01 l_diff: 1.5181e+01 l_align: 4.5606e+01 l_total: 1.3141e+02 
2026-05-22 04:36:43,808 INFO: [scape..][epoch: 20, iter:  51,700, lr:(3.670e-04,)][eta: 3:11:22, time (data): 0.244 (0.038)]l_bij: 2.8780e+01 l_orth: 4.9187e+01 l_diff: 1.4077e+01 l_align: 4.8280e+01 l_total: 1.4032e+02 
2026-05-22 04:36:48,639 INFO: [scape..][epoch: 20, iter:  51,720, lr:(3.670e-04,)][eta: 3:11:12, time (data): 0.243 (0.038)]l_bij: 4.7510e+01 l_orth: 6.0258e+01 l_diff: 1.5323e+01 l_align: 5.1029e+01 l_total: 1.7412e+02 
2026-05-22 04:36:52,770 INFO: [scape..][epoch: 20, iter:  51,740, lr:(3.670e-04,)][eta: 3:11:01, time (data): 0.234 (0.038)]l_bij: 2.7256e+01 l_orth: 4.4728e+01 l_diff: 1.5235e+01 l_align: 4.5019e+01 l_total: 1.3224e+02 
2026-05-22 04:36:58,274 INFO: [scape..][epoch: 20, iter:  51,760, lr:(3.670e-04,)][eta: 3:10:50, time (data): 0.242 (0.038)]l_bij: 2.2089e+01 l_orth: 4.4260e+01 l_diff: 1.1380e+01 l_align: 4.4726e+01 l_total: 1.2245e+02 
2026-05-22 04:37:03,431 INFO: [scape..][epoch: 20, iter:  51,780, lr:(3.670e-04,)][eta: 3:10:40, time (data): 0.245 (0.038)]l_bij: 1.8547e+01 l_orth: 4.1172e+01 l_diff: 1.3547e+01 l_align: 4.4564e+01 l_total: 1.1783e+02 
2026-05-22 04:37:08,880 INFO: [scape..][epoch: 20, iter:  51,800, lr:(3.670e-04,)][eta: 3:10:29, time (data): 0.249 (0.039)]l_bij: 2.7863e+01 l_orth: 4.6426e+01 l_diff: 1.1649e+01 l_align: 4.2955e+01 l_total: 1.2889e+02 
2026-05-22 04:37:14,561 INFO: [scape..][epoch: 20, iter:  51,820, lr:(3.670e-04,)][eta: 3:10:19, time (data): 0.253 (0.038)]l_bij: 1.6785e+01 l_orth: 4.1513e+01 l_diff: 1.2504e+01 l_align: 4.7732e+01 l_total: 1.1853e+02 
2026-05-22 04:37:19,143 INFO: [scape..][epoch: 20, iter:  51,840, lr:(3.670e-04,)][eta: 3:10:08, time (data): 0.250 (0.038)]l_bij: 1.5699e+01 l_orth: 3.8602e+01 l_diff: 1.5925e+01 l_align: 4.3773e+01 l_total: 1.1400e+02 
2026-05-22 04:37:23,613 INFO: [scape..][epoch: 20, iter:  51,860, lr:(3.670e-04,)][eta: 3:09:57, time (data): 0.244 (0.045)]l_bij: 2.4084e+01 l_orth: 4.5144e+01 l_diff: 1.4300e+01 l_align: 4.6354e+01 l_total: 1.2988e+02 
2026-05-22 04:37:28,660 INFO: [scape..][epoch: 20, iter:  51,880, lr:(3.670e-04,)][eta: 3:09:47, time (data): 0.252 (0.038)]l_bij: 1.8881e+01 l_orth: 3.8438e+01 l_diff: 1.4736e+01 l_align: 4.2894e+01 l_total: 1.1495e+02 
2026-05-22 04:37:33,185 INFO: [scape..][epoch: 20, iter:  51,900, lr:(3.670e-04,)][eta: 3:09:36, time (data): 0.239 (0.038)]l_bij: 5.3291e+01 l_orth: 6.6467e+01 l_diff: 1.4471e+01 l_align: 5.8107e+01 l_total: 1.9234e+02 
2026-05-22 04:37:38,256 INFO: [scape..][epoch: 20, iter:  51,920, lr:(3.670e-04,)][eta: 3:09:25, time (data): 0.244 (0.038)]l_bij: 2.7049e+01 l_orth: 4.4956e+01 l_diff: 1.5353e+01 l_align: 4.3889e+01 l_total: 1.3125e+02 
2026-05-22 04:37:42,667 INFO: [scape..][epoch: 20, iter:  51,940, lr:(3.670e-04,)][eta: 3:09:15, time (data): 0.238 (0.038)]l_bij: 2.8883e+01 l_orth: 4.7713e+01 l_diff: 1.2239e+01 l_align: 4.3790e+01 l_total: 1.3262e+02 
2026-05-22 04:37:47,497 INFO: [scape..][epoch: 20, iter:  51,960, lr:(3.670e-04,)][eta: 3:09:04, time (data): 0.239 (0.038)]l_bij: 1.7829e+01 l_orth: 4.3052e+01 l_diff: 1.5091e+01 l_align: 4.7186e+01 l_total: 1.2316e+02 
2026-05-22 04:37:52,873 INFO: [scape..][epoch: 20, iter:  51,980, lr:(3.670e-04,)][eta: 3:08:54, time (data): 0.244 (0.038)]l_bij: 4.9346e+01 l_orth: 6.5159e+01 l_diff: 2.0099e+01 l_align: 5.8117e+01 l_total: 1.9272e+02 
2026-05-22 04:37:57,067 INFO: [scape..][epoch: 20, iter:  52,000, lr:(3.670e-04,)][eta: 3:08:43, time (data): 0.239 (0.038)]l_bij: 2.0863e+01 l_orth: 4.3374e+01 l_diff: 1.2988e+01 l_align: 4.5105e+01 l_total: 1.2233e+02 
2026-05-22 04:37:57,067 INFO: Saving models and training states.
2026-05-22 04:37:57,091 INFO: Start validation.
2026-05-22 04:41:25,737 INFO: Avg time: 0.1843
2026-05-22 04:41:25,898 INFO: Val auc: 0.8115
2026-05-22 04:41:25,898 INFO: Val avg error: 0.0189
2026-05-22 04:41:32,295 INFO: [scape..][epoch: 20, iter:  52,020, lr:(3.670e-04,)][eta: 3:10:17, time (data): 0.248 (0.038)]l_bij: 2.9179e+01 l_orth: 5.0520e+01 l_diff: 1.6557e+01 l_align: 4.8567e+01 l_total: 1.4482e+02 
2026-05-22 04:41:39,683 INFO: [scape..][epoch: 21, iter:  52,040, lr:(3.250e-04,)][eta: 3:10:08, time (data): 0.262 (0.042)]l_bij: 1.3275e+00 l_orth: 3.1815e+01 l_diff: 1.2340e+01 l_align: 4.4227e+01 l_total: 8.9710e+01 
2026-05-22 04:41:46,734 INFO: [scape..][epoch: 21, iter:  52,060, lr:(3.250e-04,)][eta: 3:09:58, time (data): 0.560 (0.037)]l_bij: 1.6488e+01 l_orth: 3.7816e+01 l_diff: 1.2417e+01 l_align: 4.3109e+01 l_total: 1.0983e+02 
2026-05-22 04:41:52,614 INFO: [scape..][epoch: 21, iter:  52,080, lr:(3.250e-04,)][eta: 3:09:48, time (data): 0.307 (0.036)]l_bij: 1.4937e+01 l_orth: 3.8240e+01 l_diff: 1.3711e+01 l_align: 4.3428e+01 l_total: 1.1032e+02 
2026-05-22 04:41:58,788 INFO: [scape..][epoch: 21, iter:  52,100, lr:(3.250e-04,)][eta: 3:09:38, time (data): 0.308 (0.034)]l_bij: 4.1062e+01 l_orth: 6.1577e+01 l_diff: 1.5047e+01 l_align: 5.4105e+01 l_total: 1.7179e+02 
2026-05-22 04:42:04,120 INFO: [scape..][epoch: 21, iter:  52,120, lr:(3.250e-04,)][eta: 3:09:27, time (data): 0.294 (0.034)]l_bij: 2.9404e+01 l_orth: 4.6745e+01 l_diff: 1.1796e+01 l_align: 4.6195e+01 l_total: 1.3414e+02 
2026-05-22 04:42:09,282 INFO: [scape..][epoch: 21, iter:  52,140, lr:(3.250e-04,)][eta: 3:09:17, time (data): 0.285 (0.035)]l_bij: 3.0019e+01 l_orth: 4.8814e+01 l_diff: 1.2426e+01 l_align: 4.5009e+01 l_total: 1.3627e+02 
2026-05-22 04:42:16,495 INFO: [scape..][epoch: 21, iter:  52,160, lr:(3.250e-04,)][eta: 3:09:07, time (data): 0.300 (0.037)]l_bij: 2.7816e+01 l_orth: 4.8768e+01 l_diff: 1.5062e+01 l_align: 4.5704e+01 l_total: 1.3735e+02 
2026-05-22 04:42:23,673 INFO: [scape..][epoch: 21, iter:  52,180, lr:(3.250e-04,)][eta: 3:08:58, time (data): 0.310 (0.036)]l_bij: 2.8022e+01 l_orth: 4.7871e+01 l_diff: 1.4099e+01 l_align: 4.4709e+01 l_total: 1.3470e+02 
2026-05-22 04:42:29,325 INFO: [scape..][epoch: 21, iter:  52,200, lr:(3.250e-04,)][eta: 3:08:47, time (data): 0.306 (0.036)]l_bij: 1.5211e+01 l_orth: 3.7408e+01 l_diff: 1.2705e+01 l_align: 4.2050e+01 l_total: 1.0737e+02 
2026-05-22 04:42:35,848 INFO: [scape..][epoch: 21, iter:  52,220, lr:(3.250e-04,)][eta: 3:08:37, time (data): 0.308 (0.037)]l_bij: 2.6226e+01 l_orth: 4.3757e+01 l_diff: 1.4961e+01 l_align: 4.3990e+01 l_total: 1.2893e+02 
2026-05-22 04:42:41,664 INFO: [scape..][epoch: 21, iter:  52,240, lr:(3.250e-04,)][eta: 3:08:27, time (data): 0.306 (0.037)]l_bij: 2.5523e+01 l_orth: 4.3323e+01 l_diff: 1.5590e+01 l_align: 4.2906e+01 l_total: 1.2734e+02 
2026-05-22 04:42:48,076 INFO: [scape..][epoch: 21, iter:  52,260, lr:(3.250e-04,)][eta: 3:08:17, time (data): 0.308 (0.037)]l_bij: 4.3213e+01 l_orth: 6.0967e+01 l_diff: 1.4172e+01 l_align: 5.3494e+01 l_total: 1.7185e+02 
2026-05-22 04:42:54,686 INFO: [scape..][epoch: 21, iter:  52,280, lr:(3.250e-04,)][eta: 3:08:07, time (data): 0.330 (0.041)]l_bij: 2.6679e+01 l_orth: 4.4437e+01 l_diff: 1.1574e+01 l_align: 4.3451e+01 l_total: 1.2614e+02 
2026-05-22 04:43:01,084 INFO: [scape..][epoch: 21, iter:  52,300, lr:(3.250e-04,)][eta: 3:07:57, time (data): 0.325 (0.041)]l_bij: 3.4705e+01 l_orth: 5.0038e+01 l_diff: 1.6013e+01 l_align: 4.5789e+01 l_total: 1.4654e+02 
2026-05-22 04:43:08,023 INFO: [scape..][epoch: 21, iter:  52,320, lr:(3.250e-04,)][eta: 3:07:48, time (data): 0.332 (0.040)]l_bij: 2.7541e+01 l_orth: 4.6091e+01 l_diff: 1.5471e+01 l_align: 4.5168e+01 l_total: 1.3427e+02 
2026-05-22 04:43:13,839 INFO: [scape..][epoch: 21, iter:  52,340, lr:(3.250e-04,)][eta: 3:07:38, time (data): 0.322 (0.040)]l_bij: 2.4127e+01 l_orth: 4.4037e+01 l_diff: 1.3735e+01 l_align: 4.3077e+01 l_total: 1.2498e+02 
2026-05-22 04:43:19,104 INFO: [scape..][epoch: 21, iter:  52,360, lr:(3.250e-04,)][eta: 3:07:27, time (data): 0.310 (0.041)]l_bij: 2.5729e+01 l_orth: 4.7658e+01 l_diff: 1.2575e+01 l_align: 4.8111e+01 l_total: 1.3407e+02 
2026-05-22 04:43:25,150 INFO: [scape..][epoch: 21, iter:  52,380, lr:(3.250e-04,)][eta: 3:07:17, time (data): 0.309 (0.040)]l_bij: 1.3302e+01 l_orth: 3.5193e+01 l_diff: 1.1003e+01 l_align: 4.0853e+01 l_total: 1.0035e+02 
2026-05-22 04:43:33,172 INFO: [scape..][epoch: 21, iter:  52,400, lr:(3.250e-04,)][eta: 3:07:08, time (data): 0.322 (0.040)]l_bij: 4.1087e+01 l_orth: 5.8168e+01 l_diff: 1.1451e+01 l_align: 4.7752e+01 l_total: 1.5846e+02 
2026-05-22 04:43:39,267 INFO: [scape..][epoch: 21, iter:  52,420, lr:(3.250e-04,)][eta: 3:06:58, time (data): 0.320 (0.040)]l_bij: 2.7609e+01 l_orth: 4.6232e+01 l_diff: 1.3831e+01 l_align: 4.6828e+01 l_total: 1.3450e+02 
2026-05-22 04:43:44,325 INFO: [scape..][epoch: 21, iter:  52,440, lr:(3.250e-04,)][eta: 3:06:47, time (data): 0.312 (0.039)]l_bij: 4.1768e+01 l_orth: 5.6717e+01 l_diff: 1.7357e+01 l_align: 5.0173e+01 l_total: 1.6602e+02 
2026-05-22 04:43:50,612 INFO: [scape..][epoch: 21, iter:  52,460, lr:(3.250e-04,)][eta: 3:06:37, time (data): 0.313 (0.039)]l_bij: 5.3729e+01 l_orth: 7.1219e+01 l_diff: 1.9961e+01 l_align: 6.1692e+01 l_total: 2.0660e+02 
2026-05-22 04:43:55,153 INFO: [scape..][epoch: 21, iter:  52,480, lr:(3.250e-04,)][eta: 3:06:27, time (data): 0.228 (0.038)]l_bij: 2.5679e+01 l_orth: 4.8331e+01 l_diff: 1.6851e+01 l_align: 4.8349e+01 l_total: 1.3921e+02 
2026-05-22 04:44:01,815 INFO: [scape..][epoch: 21, iter:  52,500, lr:(3.250e-04,)][eta: 3:06:17, time (data): 0.282 (0.038)]l_bij: 3.3037e+01 l_orth: 5.1033e+01 l_diff: 1.4925e+01 l_align: 4.8853e+01 l_total: 1.4785e+02 
2026-05-22 04:44:08,206 INFO: [scape..][epoch: 21, iter:  52,520, lr:(3.250e-04,)][eta: 3:06:07, time (data): 0.295 (0.039)]l_bij: 1.6358e+01 l_orth: 3.9236e+01 l_diff: 1.5121e+01 l_align: 4.4257e+01 l_total: 1.1497e+02 
2026-05-22 04:44:15,772 INFO: [scape..][epoch: 21, iter:  52,540, lr:(3.250e-04,)][eta: 3:05:57, time (data): 0.316 (0.039)]l_bij: 1.8921e+01 l_orth: 3.9584e+01 l_diff: 1.0765e+01 l_align: 4.1621e+01 l_total: 1.1089e+02 
2026-05-22 04:44:22,831 INFO: [scape..][epoch: 21, iter:  52,560, lr:(3.250e-04,)][eta: 3:05:48, time (data): 0.323 (0.039)]l_bij: 1.9828e+01 l_orth: 4.0351e+01 l_diff: 1.2456e+01 l_align: 4.2868e+01 l_total: 1.1550e+02 
2026-05-22 04:44:29,477 INFO: [scape..][epoch: 21, iter:  52,580, lr:(3.250e-04,)][eta: 3:05:38, time (data): 0.325 (0.039)]l_bij: 1.2957e+01 l_orth: 3.8490e+01 l_diff: 1.1451e+01 l_align: 4.3649e+01 l_total: 1.0655e+02 
2026-05-22 04:44:35,478 INFO: [scape..][epoch: 21, iter:  52,600, lr:(3.250e-04,)][eta: 3:05:28, time (data): 0.321 (0.039)]l_bij: 1.4063e+01 l_orth: 3.8621e+01 l_diff: 1.2567e+01 l_align: 4.2039e+01 l_total: 1.0729e+02 
2026-05-22 04:44:41,733 INFO: [scape..][epoch: 21, iter:  52,620, lr:(3.250e-04,)][eta: 3:05:18, time (data): 0.320 (0.039)]l_bij: 4.6276e+01 l_orth: 6.0769e+01 l_diff: 1.9363e+01 l_align: 5.4158e+01 l_total: 1.8057e+02 
2026-05-22 04:44:48,284 INFO: [scape..][epoch: 21, iter:  52,640, lr:(3.250e-04,)][eta: 3:05:08, time (data): 0.321 (0.039)]l_bij: 3.1468e+01 l_orth: 4.9881e+01 l_diff: 1.5236e+01 l_align: 4.7439e+01 l_total: 1.4402e+02 
2026-05-22 04:44:54,690 INFO: [scape..][epoch: 21, iter:  52,660, lr:(3.250e-04,)][eta: 3:04:58, time (data): 0.321 (0.039)]l_bij: 2.4920e+01 l_orth: 4.4759e+01 l_diff: 1.6101e+01 l_align: 4.3661e+01 l_total: 1.2944e+02 
2026-05-22 04:45:01,059 INFO: [scape..][epoch: 21, iter:  52,680, lr:(3.250e-04,)][eta: 3:04:49, time (data): 0.322 (0.035)]l_bij: 4.1887e+01 l_orth: 5.7545e+01 l_diff: 1.5267e+01 l_align: 5.4719e+01 l_total: 1.6942e+02 
2026-05-22 04:45:07,608 INFO: [scape..][epoch: 21, iter:  52,700, lr:(3.250e-04,)][eta: 3:04:39, time (data): 0.325 (0.035)]l_bij: 1.9706e+01 l_orth: 4.2600e+01 l_diff: 1.5492e+01 l_align: 4.5499e+01 l_total: 1.2330e+02 
2026-05-22 04:45:14,183 INFO: [scape..][epoch: 21, iter:  52,720, lr:(3.250e-04,)][eta: 3:04:29, time (data): 0.326 (0.034)]l_bij: 2.6825e+01 l_orth: 4.5243e+01 l_diff: 1.3715e+01 l_align: 4.6312e+01 l_total: 1.3209e+02 
2026-05-22 04:45:19,912 INFO: [scape..][epoch: 21, iter:  52,740, lr:(3.250e-04,)][eta: 3:04:19, time (data): 0.316 (0.034)]l_bij: 4.3402e+01 l_orth: 5.7287e+01 l_diff: 1.5000e+01 l_align: 4.9757e+01 l_total: 1.6545e+02 
2026-05-22 04:45:25,690 INFO: [scape..][epoch: 21, iter:  52,760, lr:(3.250e-04,)][eta: 3:04:09, time (data): 0.310 (0.034)]l_bij: 3.0256e+01 l_orth: 4.6733e+01 l_diff: 1.1049e+01 l_align: 4.4148e+01 l_total: 1.3219e+02 
2026-05-22 04:45:31,313 INFO: [scape..][epoch: 21, iter:  52,780, lr:(3.250e-04,)][eta: 3:03:58, time (data): 0.305 (0.034)]l_bij: 2.8432e+01 l_orth: 4.6677e+01 l_diff: 1.3219e+01 l_align: 4.4246e+01 l_total: 1.3257e+02 
2026-05-22 04:45:35,528 INFO: [scape..][epoch: 21, iter:  52,800, lr:(3.250e-04,)][eta: 3:03:47, time (data): 0.292 (0.035)]l_bij: 2.1950e+01 l_orth: 4.2766e+01 l_diff: 1.5391e+01 l_align: 4.5554e+01 l_total: 1.2566e+02 
2026-05-22 04:45:42,398 INFO: [scape..][epoch: 21, iter:  52,820, lr:(3.250e-04,)][eta: 3:03:38, time (data): 0.298 (0.036)]l_bij: 2.2334e+01 l_orth: 4.1559e+01 l_diff: 1.3330e+01 l_align: 4.2998e+01 l_total: 1.2022e+02 
2026-05-22 04:45:49,681 INFO: [scape..][epoch: 21, iter:  52,840, lr:(3.250e-04,)][eta: 3:03:28, time (data): 0.306 (0.036)]l_bij: 6.1238e+01 l_orth: 7.3839e+01 l_diff: 1.8382e+01 l_align: 6.0041e+01 l_total: 2.1350e+02 
2026-05-22 04:45:56,900 INFO: [scape..][epoch: 21, iter:  52,860, lr:(3.250e-04,)][eta: 3:03:19, time (data): 0.311 (0.036)]l_bij: 4.3553e+01 l_orth: 5.8230e+01 l_diff: 1.2329e+01 l_align: 5.3070e+01 l_total: 1.6718e+02 
2026-05-22 04:46:03,577 INFO: [scape..][epoch: 21, iter:  52,880, lr:(3.250e-04,)][eta: 3:03:09, time (data): 0.320 (0.038)]l_bij: 1.3572e+01 l_orth: 3.5085e+01 l_diff: 1.1346e+01 l_align: 4.1720e+01 l_total: 1.0172e+02 
2026-05-22 04:46:09,706 INFO: [scape..][epoch: 21, iter:  52,900, lr:(3.250e-04,)][eta: 3:02:59, time (data): 0.312 (0.036)]l_bij: 1.3138e+01 l_orth: 4.0287e+01 l_diff: 1.4259e+01 l_align: 4.5937e+01 l_total: 1.1362e+02 
2026-05-22 04:46:14,805 INFO: [scape..][epoch: 21, iter:  52,920, lr:(3.250e-04,)][eta: 3:02:49, time (data): 0.292 (0.038)]l_bij: 3.1747e+01 l_orth: 5.1545e+01 l_diff: 1.2790e+01 l_align: 4.7120e+01 l_total: 1.4320e+02 
2026-05-22 04:46:21,375 INFO: [scape..][epoch: 21, iter:  52,940, lr:(3.250e-04,)][eta: 3:02:39, time (data): 0.302 (0.037)]l_bij: 2.7183e+01 l_orth: 4.5519e+01 l_diff: 1.3560e+01 l_align: 4.2356e+01 l_total: 1.2862e+02 
2026-05-22 04:46:28,988 INFO: [scape..][epoch: 21, iter:  52,960, lr:(3.250e-04,)][eta: 3:02:30, time (data): 0.318 (0.037)]l_bij: 3.5584e+01 l_orth: 5.5272e+01 l_diff: 1.3600e+01 l_align: 5.0644e+01 l_total: 1.5510e+02 
2026-05-22 04:46:35,792 INFO: [scape..][epoch: 21, iter:  52,980, lr:(3.250e-04,)][eta: 3:02:20, time (data): 0.322 (0.037)]l_bij: 2.3858e+01 l_orth: 4.3514e+01 l_diff: 1.1337e+01 l_align: 4.2853e+01 l_total: 1.2156e+02 
2026-05-22 04:46:42,148 INFO: [scape..][epoch: 21, iter:  53,000, lr:(3.250e-04,)][eta: 3:02:10, time (data): 0.321 (0.036)]l_bij: 2.9420e+01 l_orth: 4.7765e+01 l_diff: 1.2475e+01 l_align: 4.6014e+01 l_total: 1.3567e+02 
2026-05-22 04:46:48,235 INFO: [scape..][epoch: 21, iter:  53,020, lr:(3.250e-04,)][eta: 3:02:00, time (data): 0.319 (0.036)]l_bij: 2.5412e+01 l_orth: 4.4727e+01 l_diff: 1.6958e+01 l_align: 4.3025e+01 l_total: 1.3012e+02 
2026-05-22 04:46:53,102 INFO: [scape..][epoch: 21, iter:  53,040, lr:(3.250e-04,)][eta: 3:01:50, time (data): 0.310 (0.036)]l_bij: 3.8311e+01 l_orth: 5.3645e+01 l_diff: 1.7099e+01 l_align: 4.6190e+01 l_total: 1.5524e+02 
2026-05-22 04:47:00,053 INFO: [scape..][epoch: 21, iter:  53,060, lr:(3.250e-04,)][eta: 3:01:40, time (data): 0.314 (0.036)]l_bij: 1.1684e+01 l_orth: 3.6389e+01 l_diff: 1.0279e+01 l_align: 4.0717e+01 l_total: 9.9069e+01 
2026-05-22 04:47:07,048 INFO: [scape..][epoch: 21, iter:  53,080, lr:(3.250e-04,)][eta: 3:01:31, time (data): 0.335 (0.038)]l_bij: 3.2389e+01 l_orth: 4.7804e+01 l_diff: 1.3912e+01 l_align: 4.3939e+01 l_total: 1.3804e+02 
2026-05-22 04:47:13,478 INFO: [scape..][epoch: 21, iter:  53,100, lr:(3.250e-04,)][eta: 3:01:21, time (data): 0.327 (0.040)]l_bij: 3.2708e+01 l_orth: 5.2271e+01 l_diff: 1.4645e+01 l_align: 5.2076e+01 l_total: 1.5170e+02 
2026-05-22 04:47:19,690 INFO: [scape..][epoch: 21, iter:  53,120, lr:(3.250e-04,)][eta: 3:01:11, time (data): 0.321 (0.039)]l_bij: 3.6559e+01 l_orth: 5.3392e+01 l_diff: 1.6481e+01 l_align: 4.4720e+01 l_total: 1.5115e+02 
2026-05-22 04:47:25,205 INFO: [scape..][epoch: 21, iter:  53,140, lr:(3.250e-04,)][eta: 3:01:01, time (data): 0.309 (0.038)]l_bij: 2.7807e+01 l_orth: 4.6454e+01 l_diff: 1.1826e+01 l_align: 4.3993e+01 l_total: 1.3008e+02 
2026-05-22 04:47:30,357 INFO: [scape..][epoch: 21, iter:  53,160, lr:(3.250e-04,)][eta: 3:00:50, time (data): 0.299 (0.038)]l_bij: 3.9716e+01 l_orth: 5.3083e+01 l_diff: 1.6095e+01 l_align: 4.6216e+01 l_total: 1.5511e+02 
2026-05-22 04:47:37,423 INFO: [scape..][epoch: 21, iter:  53,180, lr:(3.250e-04,)][eta: 3:00:41, time (data): 0.308 (0.038)]l_bij: 2.8205e+01 l_orth: 4.9813e+01 l_diff: 1.3828e+01 l_align: 4.7736e+01 l_total: 1.3958e+02 
2026-05-22 04:47:43,975 INFO: [scape..][epoch: 21, iter:  53,200, lr:(3.250e-04,)][eta: 3:00:31, time (data): 0.311 (0.038)]l_bij: 4.1471e+01 l_orth: 5.8775e+01 l_diff: 1.3985e+01 l_align: 4.9961e+01 l_total: 1.6419e+02 
2026-05-22 04:47:49,801 INFO: [scape..][epoch: 21, iter:  53,220, lr:(3.250e-04,)][eta: 3:00:21, time (data): 0.308 (0.038)]l_bij: 2.5564e+01 l_orth: 4.7432e+01 l_diff: 1.5362e+01 l_align: 4.7442e+01 l_total: 1.3580e+02 
2026-05-22 04:47:56,293 INFO: [scape..][epoch: 21, iter:  53,240, lr:(3.250e-04,)][eta: 3:00:11, time (data): 0.310 (0.038)]l_bij: 4.1762e+01 l_orth: 5.9019e+01 l_diff: 1.3743e+01 l_align: 5.0553e+01 l_total: 1.6508e+02 
2026-05-22 04:48:03,188 INFO: [scape..][epoch: 21, iter:  53,260, lr:(3.250e-04,)][eta: 3:00:01, time (data): 0.314 (0.038)]l_bij: 2.1482e+01 l_orth: 4.4240e+01 l_diff: 1.1400e+01 l_align: 4.4649e+01 l_total: 1.2177e+02 
2026-05-22 04:48:08,592 INFO: [scape..][epoch: 21, iter:  53,280, lr:(3.250e-04,)][eta: 2:59:51, time (data): 0.264 (0.037)]l_bij: 2.9394e+01 l_orth: 4.7110e+01 l_diff: 1.4981e+01 l_align: 4.5088e+01 l_total: 1.3657e+02 
2026-05-22 04:48:15,921 INFO: [scape..][epoch: 21, iter:  53,300, lr:(3.250e-04,)][eta: 2:59:42, time (data): 0.323 (0.038)]l_bij: 2.4524e+01 l_orth: 4.3150e+01 l_diff: 1.1596e+01 l_align: 4.1746e+01 l_total: 1.2101e+02 
2026-05-22 04:48:22,129 INFO: [scape..][epoch: 21, iter:  53,320, lr:(3.250e-04,)][eta: 2:59:32, time (data): 0.318 (0.038)]l_bij: 2.5999e+01 l_orth: 4.4144e+01 l_diff: 1.2608e+01 l_align: 4.2396e+01 l_total: 1.2515e+02 
2026-05-22 04:48:27,242 INFO: [scape..][epoch: 21, iter:  53,340, lr:(3.250e-04,)][eta: 2:59:22, time (data): 0.301 (0.036)]l_bij: 3.7794e+01 l_orth: 5.2979e+01 l_diff: 1.6844e+01 l_align: 4.5840e+01 l_total: 1.5346e+02 
2026-05-22 04:48:34,726 INFO: [scape..][epoch: 21, iter:  53,360, lr:(3.250e-04,)][eta: 2:59:12, time (data): 0.317 (0.036)]l_bij: 5.1596e+00 l_orth: 2.9313e+01 l_diff: 1.1485e+01 l_align: 4.0522e+01 l_total: 8.6480e+01 
2026-05-22 04:48:40,681 INFO: [scape..][epoch: 21, iter:  53,380, lr:(3.250e-04,)][eta: 2:59:02, time (data): 0.313 (0.035)]l_bij: 2.5825e+01 l_orth: 4.6378e+01 l_diff: 1.3467e+01 l_align: 4.7160e+01 l_total: 1.3283e+02 
2026-05-22 04:48:47,250 INFO: [scape..][epoch: 21, iter:  53,400, lr:(3.250e-04,)][eta: 2:58:53, time (data): 0.316 (0.035)]l_bij: 3.6938e+01 l_orth: 4.9292e+01 l_diff: 1.2482e+01 l_align: 4.4107e+01 l_total: 1.4282e+02 
2026-05-22 04:48:54,842 INFO: [scape..][epoch: 21, iter:  53,420, lr:(3.250e-04,)][eta: 2:58:43, time (data): 0.324 (0.036)]l_bij: 3.8731e+01 l_orth: 5.5630e+01 l_diff: 1.7597e+01 l_align: 5.3575e+01 l_total: 1.6553e+02 
2026-05-22 04:49:00,497 INFO: [scape..][epoch: 21, iter:  53,440, lr:(3.250e-04,)][eta: 2:58:33, time (data): 0.319 (0.036)]l_bij: 2.5469e+01 l_orth: 4.4577e+01 l_diff: 1.3519e+01 l_align: 4.6265e+01 l_total: 1.2983e+02 
2026-05-22 04:49:06,463 INFO: [scape..][epoch: 21, iter:  53,460, lr:(3.250e-04,)][eta: 2:58:23, time (data): 0.317 (0.036)]l_bij: 2.1673e+01 l_orth: 4.2393e+01 l_diff: 1.3409e+01 l_align: 4.4311e+01 l_total: 1.2179e+02 
2026-05-22 04:49:12,885 INFO: [scape..][epoch: 21, iter:  53,480, lr:(3.250e-04,)][eta: 2:58:14, time (data): 0.302 (0.032)]l_bij: 2.4437e+01 l_orth: 4.7137e+01 l_diff: 1.2805e+01 l_align: 4.5848e+01 l_total: 1.3023e+02 
2026-05-22 04:49:19,498 INFO: [scape..][epoch: 21, iter:  53,500, lr:(3.250e-04,)][eta: 2:58:04, time (data): 0.319 (0.034)]l_bij: 1.4482e+01 l_orth: 3.6526e+01 l_diff: 1.1998e+01 l_align: 4.1361e+01 l_total: 1.0437e+02 
2026-05-22 04:49:26,743 INFO: [scape..][epoch: 21, iter:  53,520, lr:(3.250e-04,)][eta: 2:57:54, time (data): 0.335 (0.036)]l_bij: 3.5313e+01 l_orth: 5.1901e+01 l_diff: 1.3033e+01 l_align: 4.4143e+01 l_total: 1.4439e+02 
2026-05-22 04:49:33,207 INFO: [scape..][epoch: 21, iter:  53,540, lr:(3.250e-04,)][eta: 2:57:45, time (data): 0.332 (0.036)]l_bij: 3.5918e+01 l_orth: 5.2659e+01 l_diff: 1.3873e+01 l_align: 5.0677e+01 l_total: 1.5313e+02 
2026-05-22 04:49:38,894 INFO: [scape..][epoch: 21, iter:  53,560, lr:(3.250e-04,)][eta: 2:57:35, time (data): 0.322 (0.035)]l_bij: 3.2998e+01 l_orth: 4.9991e+01 l_diff: 9.1152e+00 l_align: 4.4029e+01 l_total: 1.3613e+02 
2026-05-22 04:49:44,843 INFO: [scape..][epoch: 21, iter:  53,580, lr:(3.250e-04,)][eta: 2:57:25, time (data): 0.317 (0.035)]l_bij: 2.6700e+01 l_orth: 4.4531e+01 l_diff: 1.2162e+01 l_align: 4.0877e+01 l_total: 1.2427e+02 
2026-05-22 04:49:49,544 INFO: [scape..][epoch: 21, iter:  53,600, lr:(3.250e-04,)][eta: 2:57:14, time (data): 0.305 (0.036)]l_bij: 1.4832e+01 l_orth: 3.8933e+01 l_diff: 1.2841e+01 l_align: 4.3878e+01 l_total: 1.1048e+02 
2026-05-22 04:49:55,348 INFO: [scape..][epoch: 21, iter:  53,620, lr:(3.250e-04,)][eta: 2:57:04, time (data): 0.303 (0.036)]l_bij: 6.9002e+00 l_orth: 3.3916e+01 l_diff: 1.0859e+01 l_align: 4.2329e+01 l_total: 9.4005e+01 
2026-05-22 04:50:02,571 INFO: [scape..][epoch: 21, iter:  53,640, lr:(3.250e-04,)][eta: 2:56:55, time (data): 0.310 (0.036)]l_bij: 2.1196e+01 l_orth: 4.2121e+01 l_diff: 1.3994e+01 l_align: 4.2273e+01 l_total: 1.1958e+02 
2026-05-22 04:50:08,435 INFO: [scape..][epoch: 21, iter:  53,660, lr:(3.250e-04,)][eta: 2:56:45, time (data): 0.308 (0.037)]l_bij: 3.0551e+01 l_orth: 4.7635e+01 l_diff: 1.6120e+01 l_align: 4.3918e+01 l_total: 1.3822e+02 
2026-05-22 04:50:14,014 INFO: [scape..][epoch: 21, iter:  53,680, lr:(3.250e-04,)][eta: 2:56:35, time (data): 0.271 (0.039)]l_bij: 3.0177e+01 l_orth: 5.0088e+01 l_diff: 1.5259e+01 l_align: 4.7347e+01 l_total: 1.4287e+02 
2026-05-22 04:50:20,790 INFO: [scape..][epoch: 21, iter:  53,700, lr:(3.250e-04,)][eta: 2:56:25, time (data): 0.312 (0.035)]l_bij: 4.4188e+01 l_orth: 5.9100e+01 l_diff: 1.3076e+01 l_align: 5.5684e+01 l_total: 1.7205e+02 
2026-05-22 04:50:27,314 INFO: [scape..][epoch: 21, iter:  53,720, lr:(3.250e-04,)][eta: 2:56:15, time (data): 0.317 (0.038)]l_bij: 1.7427e+01 l_orth: 3.9173e+01 l_diff: 1.2554e+01 l_align: 4.1628e+01 l_total: 1.1078e+02 
2026-05-22 04:50:34,225 INFO: [scape..][epoch: 21, iter:  53,740, lr:(3.250e-04,)][eta: 2:56:06, time (data): 0.325 (0.038)]l_bij: 4.0944e+01 l_orth: 5.4775e+01 l_diff: 1.4074e+01 l_align: 4.5819e+01 l_total: 1.5561e+02 
2026-05-22 04:50:41,145 INFO: [scape..][epoch: 21, iter:  53,760, lr:(3.250e-04,)][eta: 2:55:56, time (data): 0.330 (0.037)]l_bij: 1.4860e+01 l_orth: 4.1453e+01 l_diff: 1.6509e+01 l_align: 4.6100e+01 l_total: 1.1892e+02 
2026-05-22 04:50:47,171 INFO: [scape..][epoch: 21, iter:  53,780, lr:(3.250e-04,)][eta: 2:55:46, time (data): 0.325 (0.037)]l_bij: 4.0060e+01 l_orth: 5.6636e+01 l_diff: 1.4633e+01 l_align: 5.1684e+01 l_total: 1.6301e+02 
2026-05-22 04:50:53,628 INFO: [scape..][epoch: 21, iter:  53,800, lr:(3.250e-04,)][eta: 2:55:37, time (data): 0.324 (0.037)]l_bij: 2.2565e+01 l_orth: 4.3591e+01 l_diff: 1.2617e+01 l_align: 4.1861e+01 l_total: 1.2063e+02 
2026-05-22 04:50:58,846 INFO: [scape..][epoch: 21, iter:  53,820, lr:(3.250e-04,)][eta: 2:55:26, time (data): 0.316 (0.036)]l_bij: 2.0291e+01 l_orth: 4.1090e+01 l_diff: 1.2113e+01 l_align: 4.2978e+01 l_total: 1.1647e+02 
2026-05-22 04:51:04,590 INFO: [scape..][epoch: 21, iter:  53,840, lr:(3.250e-04,)][eta: 2:55:16, time (data): 0.313 (0.036)]l_bij: 3.2214e+01 l_orth: 5.0799e+01 l_diff: 1.7230e+01 l_align: 4.8893e+01 l_total: 1.4914e+02 
2026-05-22 04:51:09,857 INFO: [scape..][epoch: 21, iter:  53,860, lr:(3.250e-04,)][eta: 2:55:06, time (data): 0.308 (0.036)]l_bij: 2.8811e+01 l_orth: 4.7818e+01 l_diff: 1.3051e+01 l_align: 4.5339e+01 l_total: 1.3502e+02 
2026-05-22 04:51:15,584 INFO: [scape..][epoch: 21, iter:  53,880, lr:(3.250e-04,)][eta: 2:54:56, time (data): 0.281 (0.035)]l_bij: 3.9406e+01 l_orth: 5.3735e+01 l_diff: 1.8019e+01 l_align: 4.6266e+01 l_total: 1.5743e+02 
2026-05-22 04:51:22,334 INFO: [scape..][epoch: 21, iter:  53,900, lr:(3.250e-04,)][eta: 2:54:47, time (data): 0.316 (0.035)]l_bij: 2.5015e+01 l_orth: 4.5275e+01 l_diff: 1.5223e+01 l_align: 4.3266e+01 l_total: 1.2878e+02 
2026-05-22 04:51:27,658 INFO: [scape..][epoch: 21, iter:  53,920, lr:(3.250e-04,)][eta: 2:54:36, time (data): 0.297 (0.035)]l_bij: 2.8161e+01 l_orth: 4.6788e+01 l_diff: 1.3083e+01 l_align: 4.5667e+01 l_total: 1.3370e+02 
2026-05-22 04:51:34,248 INFO: [scape..][epoch: 21, iter:  53,940, lr:(3.250e-04,)][eta: 2:54:27, time (data): 0.306 (0.037)]l_bij: 1.3521e+01 l_orth: 3.6997e+01 l_diff: 1.0748e+01 l_align: 4.2680e+01 l_total: 1.0395e+02 
2026-05-22 04:51:41,425 INFO: [scape..][epoch: 21, iter:  53,960, lr:(3.250e-04,)][eta: 2:54:17, time (data): 0.317 (0.038)]l_bij: 3.2483e+01 l_orth: 4.9791e+01 l_diff: 1.1766e+01 l_align: 4.8640e+01 l_total: 1.4268e+02 
2026-05-22 04:51:47,804 INFO: [scape..][epoch: 21, iter:  53,980, lr:(3.250e-04,)][eta: 2:54:08, time (data): 0.318 (0.038)]l_bij: 4.0134e+01 l_orth: 5.5125e+01 l_diff: 1.2391e+01 l_align: 4.9084e+01 l_total: 1.5673e+02 
2026-05-22 04:51:54,171 INFO: [scape..][epoch: 21, iter:  54,000, lr:(3.250e-04,)][eta: 2:53:58, time (data): 0.318 (0.038)]l_bij: 3.7936e+01 l_orth: 5.3246e+01 l_diff: 1.2003e+01 l_align: 4.8341e+01 l_total: 1.5153e+02 
2026-05-22 04:51:59,890 INFO: [scape..][epoch: 21, iter:  54,020, lr:(3.250e-04,)][eta: 2:53:48, time (data): 0.314 (0.038)]l_bij: 4.6599e+01 l_orth: 6.1542e+01 l_diff: 1.4474e+01 l_align: 5.4175e+01 l_total: 1.7679e+02 
2026-05-22 04:52:05,097 INFO: [scape..][epoch: 21, iter:  54,040, lr:(3.250e-04,)][eta: 2:53:38, time (data): 0.307 (0.038)]l_bij: 2.3147e+01 l_orth: 4.4993e+01 l_diff: 1.4539e+01 l_align: 4.7547e+01 l_total: 1.3022e+02 
2026-05-22 04:52:12,579 INFO: [scape..][epoch: 21, iter:  54,060, lr:(3.250e-04,)][eta: 2:53:28, time (data): 0.314 (0.038)]l_bij: 3.9813e+01 l_orth: 5.3465e+01 l_diff: 1.5431e+01 l_align: 4.9894e+01 l_total: 1.5860e+02 
2026-05-22 04:52:19,495 INFO: [scape..][epoch: 21, iter:  54,080, lr:(3.250e-04,)][eta: 2:53:19, time (data): 0.354 (0.042)]l_bij: 2.4229e+01 l_orth: 4.3081e+01 l_diff: 1.2221e+01 l_align: 4.3146e+01 l_total: 1.2268e+02 
2026-05-22 04:52:27,369 INFO: [scape..][epoch: 21, iter:  54,100, lr:(3.250e-04,)][eta: 2:53:10, time (data): 0.379 (0.038)]l_bij: 2.9416e+01 l_orth: 4.7459e+01 l_diff: 1.4023e+01 l_align: 4.4481e+01 l_total: 1.3538e+02 
2026-05-22 04:52:33,240 INFO: [scape..][epoch: 21, iter:  54,120, lr:(3.250e-04,)][eta: 2:53:00, time (data): 0.346 (0.038)]l_bij: 3.7357e+01 l_orth: 5.3389e+01 l_diff: 1.5869e+01 l_align: 5.1333e+01 l_total: 1.5795e+02 
2026-05-22 04:52:39,822 INFO: [scape..][epoch: 21, iter:  54,140, lr:(3.250e-04,)][eta: 2:52:50, time (data): 0.341 (0.037)]l_bij: 2.1060e+01 l_orth: 4.2919e+01 l_diff: 1.3785e+01 l_align: 4.2096e+01 l_total: 1.1986e+02 
2026-05-22 04:52:47,186 INFO: [scape..][epoch: 21, iter:  54,160, lr:(3.250e-04,)][eta: 2:52:41, time (data): 0.347 (0.037)]l_bij: 3.5997e+01 l_orth: 5.2826e+01 l_diff: 1.2206e+01 l_align: 4.7704e+01 l_total: 1.4873e+02 
2026-05-22 04:52:52,987 INFO: [scape..][epoch: 21, iter:  54,180, lr:(3.250e-04,)][eta: 2:52:31, time (data): 0.337 (0.037)]l_bij: 2.5655e+01 l_orth: 4.5889e+01 l_diff: 1.4164e+01 l_align: 4.4101e+01 l_total: 1.2981e+02 
2026-05-22 04:52:59,154 INFO: [scape..][epoch: 21, iter:  54,200, lr:(3.250e-04,)][eta: 2:52:21, time (data): 0.332 (0.037)]l_bij: 2.0230e+01 l_orth: 3.9998e+01 l_diff: 1.5120e+01 l_align: 4.1713e+01 l_total: 1.1706e+02 
2026-05-22 04:53:05,559 INFO: [scape..][epoch: 21, iter:  54,220, lr:(3.250e-04,)][eta: 2:52:12, time (data): 0.331 (0.036)]l_bij: 7.7135e-01 l_orth: 2.6779e+01 l_diff: 1.2434e+01 l_align: 3.9116e+01 l_total: 7.9100e+01 
2026-05-22 04:53:12,045 INFO: [scape..][epoch: 21, iter:  54,240, lr:(3.250e-04,)][eta: 2:52:02, time (data): 0.330 (0.036)]l_bij: 3.2308e+01 l_orth: 5.3527e+01 l_diff: 1.3241e+01 l_align: 4.6955e+01 l_total: 1.4603e+02 
2026-05-22 04:53:18,930 INFO: [scape..][epoch: 21, iter:  54,260, lr:(3.250e-04,)][eta: 2:51:53, time (data): 0.331 (0.036)]l_bij: 1.7351e+01 l_orth: 3.8924e+01 l_diff: 1.0642e+01 l_align: 4.1458e+01 l_total: 1.0837e+02 
2026-05-22 04:53:26,542 INFO: [scape..][epoch: 21, iter:  54,280, lr:(3.250e-04,)][eta: 2:51:44, time (data): 0.425 (0.034)]l_bij: 1.6050e+01 l_orth: 3.9916e+01 l_diff: 1.0923e+01 l_align: 4.4397e+01 l_total: 1.1129e+02 
2026-05-22 04:53:32,295 INFO: [scape..][epoch: 21, iter:  54,300, lr:(3.250e-04,)][eta: 2:51:34, time (data): 0.333 (0.033)]l_bij: 3.2384e+01 l_orth: 4.9999e+01 l_diff: 1.1768e+01 l_align: 4.6299e+01 l_total: 1.4045e+02 
2026-05-22 04:53:38,367 INFO: [scape..][epoch: 21, iter:  54,320, lr:(3.250e-04,)][eta: 2:51:24, time (data): 0.321 (0.034)]l_bij: 3.7498e+01 l_orth: 5.4487e+01 l_diff: 1.7055e+01 l_align: 5.0431e+01 l_total: 1.5947e+02 
2026-05-22 04:53:44,029 INFO: [scape..][epoch: 21, iter:  54,340, lr:(3.250e-04,)][eta: 2:51:14, time (data): 0.310 (0.035)]l_bij: 3.2330e+01 l_orth: 4.8691e+01 l_diff: 1.2825e+01 l_align: 4.4975e+01 l_total: 1.3882e+02 
2026-05-22 04:53:50,200 INFO: [scape..][epoch: 21, iter:  54,360, lr:(3.250e-04,)][eta: 2:51:04, time (data): 0.310 (0.035)]l_bij: 3.9460e+01 l_orth: 5.3767e+01 l_diff: 1.2230e+01 l_align: 4.4800e+01 l_total: 1.5026e+02 
2026-05-22 04:53:56,245 INFO: [scape..][epoch: 21, iter:  54,380, lr:(3.250e-04,)][eta: 2:50:54, time (data): 0.309 (0.036)]l_bij: 3.0480e+01 l_orth: 4.9505e+01 l_diff: 1.5796e+01 l_align: 4.9046e+01 l_total: 1.4483e+02 
2026-05-22 04:54:02,008 INFO: [scape..][epoch: 21, iter:  54,400, lr:(3.250e-04,)][eta: 2:50:44, time (data): 0.305 (0.036)]l_bij: 2.3420e+01 l_orth: 4.0754e+01 l_diff: 1.2605e+01 l_align: 4.0932e+01 l_total: 1.1771e+02 
2026-05-22 04:54:08,030 INFO: [scape..][epoch: 21, iter:  54,420, lr:(3.250e-04,)][eta: 2:50:34, time (data): 0.305 (0.036)]l_bij: 2.3675e+01 l_orth: 4.4880e+01 l_diff: 1.5635e+01 l_align: 4.6704e+01 l_total: 1.3089e+02 
2026-05-22 04:54:13,526 INFO: [scape..][epoch: 21, iter:  54,440, lr:(3.250e-04,)][eta: 2:50:24, time (data): 0.301 (0.037)]l_bij: 3.8549e+01 l_orth: 5.2512e+01 l_diff: 1.5166e+01 l_align: 4.8180e+01 l_total: 1.5441e+02 
2026-05-22 04:54:19,717 INFO: [scape..][epoch: 21, iter:  54,460, lr:(3.250e-04,)][eta: 2:50:15, time (data): 0.302 (0.037)]l_bij: 3.3812e+01 l_orth: 5.1008e+01 l_diff: 1.3915e+01 l_align: 4.5100e+01 l_total: 1.4383e+02 
2026-05-22 04:54:26,367 INFO: [scape..][epoch: 21, iter:  54,480, lr:(3.250e-04,)][eta: 2:50:05, time (data): 0.348 (0.035)]l_bij: 2.8349e+01 l_orth: 4.5010e+01 l_diff: 1.3998e+01 l_align: 4.3824e+01 l_total: 1.3118e+02 
2026-05-22 04:54:32,430 INFO: [scape..][epoch: 21, iter:  54,500, lr:(3.250e-04,)][eta: 2:49:55, time (data): 0.317 (0.037)]l_bij: 1.7496e+01 l_orth: 3.8166e+01 l_diff: 1.1869e+01 l_align: 4.0932e+01 l_total: 1.0846e+02 
2026-05-22 04:54:38,921 INFO: [scape..][epoch: 21, iter:  54,520, lr:(3.250e-04,)][eta: 2:49:46, time (data): 0.320 (0.038)]l_bij: 1.3747e+01 l_orth: 3.7771e+01 l_diff: 1.9012e+01 l_align: 4.5081e+01 l_total: 1.1561e+02 
2026-05-22 04:54:44,845 INFO: [scape..][epoch: 21, iter:  54,540, lr:(3.250e-04,)][eta: 2:49:36, time (data): 0.313 (0.037)]l_bij: 3.8563e+01 l_orth: 5.5230e+01 l_diff: 1.1558e+01 l_align: 4.7886e+01 l_total: 1.5324e+02 
2026-05-22 04:54:52,167 INFO: [scape..][epoch: 21, iter:  54,560, lr:(3.250e-04,)][eta: 2:49:27, time (data): 0.325 (0.036)]l_bij: 2.7574e+01 l_orth: 4.5614e+01 l_diff: 1.0524e+01 l_align: 4.4701e+01 l_total: 1.2841e+02 
2026-05-22 04:54:57,986 INFO: [scape..][epoch: 21, iter:  54,580, lr:(3.250e-04,)][eta: 2:49:17, time (data): 0.319 (0.035)]l_bij: 1.3229e+01 l_orth: 3.6680e+01 l_diff: 1.2972e+01 l_align: 4.2149e+01 l_total: 1.0503e+02 
2026-05-22 04:55:03,771 INFO: [scape..][epoch: 21, iter:  54,600, lr:(3.250e-04,)][eta: 2:49:07, time (data): 0.314 (0.035)]l_bij: 1.6612e+01 l_orth: 3.9604e+01 l_diff: 1.1934e+01 l_align: 4.3116e+01 l_total: 1.1127e+02 
2026-05-22 04:55:10,005 INFO: [scape..][epoch: 21, iter:  54,620, lr:(3.250e-04,)][eta: 2:48:57, time (data): 0.314 (0.035)]l_bij: 4.0292e+01 l_orth: 5.4472e+01 l_diff: 1.3569e+01 l_align: 4.6015e+01 l_total: 1.5435e+02 
2026-05-22 04:55:16,515 INFO: [scape..][epoch: 22, iter:  54,640, lr:(2.855e-04,)][eta: 2:48:48, time (data): 0.315 (0.040)]l_bij: 3.6068e+01 l_orth: 5.2304e+01 l_diff: 1.2367e+01 l_align: 4.7454e+01 l_total: 1.4819e+02 
2026-05-22 04:55:22,295 INFO: [scape..][epoch: 22, iter:  54,660, lr:(2.855e-04,)][eta: 2:48:38, time (data): 0.312 (0.039)]l_bij: 1.9921e+01 l_orth: 3.7918e+01 l_diff: 1.2281e+01 l_align: 4.0953e+01 l_total: 1.1107e+02 
2026-05-22 04:55:30,186 INFO: [scape..][epoch: 22, iter:  54,680, lr:(2.855e-04,)][eta: 2:48:29, time (data): 0.401 (0.029)]l_bij: 1.5853e+01 l_orth: 3.8967e+01 l_diff: 1.1406e+01 l_align: 4.3233e+01 l_total: 1.0946e+02 
2026-05-22 04:55:35,910 INFO: [scape..][epoch: 22, iter:  54,700, lr:(2.855e-04,)][eta: 2:48:19, time (data): 0.319 (0.037)]l_bij: 2.6742e+01 l_orth: 4.6434e+01 l_diff: 1.1133e+01 l_align: 4.7260e+01 l_total: 1.3157e+02 
2026-05-22 04:55:42,193 INFO: [scape..][epoch: 22, iter:  54,720, lr:(2.855e-04,)][eta: 2:48:09, time (data): 0.317 (0.036)]l_bij: 3.2168e+01 l_orth: 4.9052e+01 l_diff: 1.6735e+01 l_align: 4.5800e+01 l_total: 1.4375e+02 
2026-05-22 04:55:47,742 INFO: [scape..][epoch: 22, iter:  54,740, lr:(2.855e-04,)][eta: 2:47:59, time (data): 0.305 (0.037)]l_bij: 4.6317e+01 l_orth: 6.0050e+01 l_diff: 1.4860e+01 l_align: 5.1101e+01 l_total: 1.7233e+02 
2026-05-22 04:55:54,766 INFO: [scape..][epoch: 22, iter:  54,760, lr:(2.855e-04,)][eta: 2:47:50, time (data): 0.316 (0.037)]l_bij: 2.4984e+01 l_orth: 4.3202e+01 l_diff: 1.2891e+01 l_align: 4.3551e+01 l_total: 1.2463e+02 
2026-05-22 04:56:00,236 INFO: [scape..][epoch: 22, iter:  54,780, lr:(2.855e-04,)][eta: 2:47:40, time (data): 0.308 (0.037)]l_bij: 2.5343e+01 l_orth: 4.5566e+01 l_diff: 1.4280e+01 l_align: 4.4498e+01 l_total: 1.2969e+02 
2026-05-22 04:56:05,087 INFO: [scape..][epoch: 22, iter:  54,800, lr:(2.855e-04,)][eta: 2:47:29, time (data): 0.298 (0.037)]l_bij: 2.1106e+01 l_orth: 4.0909e+01 l_diff: 1.1653e+01 l_align: 4.3344e+01 l_total: 1.1701e+02 
2026-05-22 04:56:11,590 INFO: [scape..][epoch: 22, iter:  54,820, lr:(2.855e-04,)][eta: 2:47:20, time (data): 0.301 (0.037)]l_bij: 2.7284e+01 l_orth: 4.5280e+01 l_diff: 1.2450e+01 l_align: 4.4565e+01 l_total: 1.2958e+02 
2026-05-22 04:56:18,650 INFO: [scape..][epoch: 22, iter:  54,840, lr:(2.855e-04,)][eta: 2:47:11, time (data): 0.308 (0.037)]l_bij: 3.1886e+01 l_orth: 4.8186e+01 l_diff: 1.4463e+01 l_align: 4.3189e+01 l_total: 1.3772e+02 
2026-05-22 04:56:24,772 INFO: [scape..][epoch: 22, iter:  54,860, lr:(2.855e-04,)][eta: 2:47:01, time (data): 0.307 (0.037)]l_bij: 1.1553e+01 l_orth: 3.6993e+01 l_diff: 1.2431e+01 l_align: 4.4347e+01 l_total: 1.0532e+02 
2026-05-22 04:56:31,146 INFO: [scape..][epoch: 22, iter:  54,880, lr:(2.855e-04,)][eta: 2:46:51, time (data): 0.342 (0.035)]l_bij: 1.6428e+01 l_orth: 3.8293e+01 l_diff: 1.3040e+01 l_align: 4.1322e+01 l_total: 1.0908e+02 
2026-05-22 04:56:37,849 INFO: [scape..][epoch: 22, iter:  54,900, lr:(2.855e-04,)][eta: 2:46:42, time (data): 0.337 (0.033)]l_bij: 3.2775e+01 l_orth: 5.0771e+01 l_diff: 1.6642e+01 l_align: 4.5802e+01 l_total: 1.4599e+02 
2026-05-22 04:56:43,856 INFO: [scape..][epoch: 22, iter:  54,920, lr:(2.855e-04,)][eta: 2:46:32, time (data): 0.321 (0.035)]l_bij: 3.3081e+01 l_orth: 5.2895e+01 l_diff: 1.4581e+01 l_align: 5.0545e+01 l_total: 1.5110e+02 
2026-05-22 04:56:50,379 INFO: [scape..][epoch: 22, iter:  54,940, lr:(2.855e-04,)][eta: 2:46:22, time (data): 0.323 (0.035)]l_bij: 3.4390e+01 l_orth: 5.3246e+01 l_diff: 1.5857e+01 l_align: 4.7135e+01 l_total: 1.5063e+02 
2026-05-22 04:56:55,573 INFO: [scape..][epoch: 22, iter:  54,960, lr:(2.855e-04,)][eta: 2:46:12, time (data): 0.308 (0.036)]l_bij: 1.7728e+01 l_orth: 3.8935e+01 l_diff: 1.1772e+01 l_align: 4.2605e+01 l_total: 1.1104e+02 
2026-05-22 04:57:01,421 INFO: [scape..][epoch: 22, iter:  54,980, lr:(2.855e-04,)][eta: 2:46:03, time (data): 0.305 (0.036)]l_bij: 4.2375e+01 l_orth: 5.5525e+01 l_diff: 1.4172e+01 l_align: 4.6153e+01 l_total: 1.5823e+02 
2026-05-22 04:57:08,215 INFO: [scape..][epoch: 22, iter:  55,000, lr:(2.855e-04,)][eta: 2:45:53, time (data): 0.311 (0.036)]l_bij: 2.0207e+01 l_orth: 4.2198e+01 l_diff: 1.4396e+01 l_align: 4.5575e+01 l_total: 1.2238e+02 
2026-05-22 04:57:15,635 INFO: [scape..][epoch: 22, iter:  55,020, lr:(2.855e-04,)][eta: 2:45:44, time (data): 0.319 (0.037)]l_bij: 2.5749e+01 l_orth: 4.9812e+01 l_diff: 1.2261e+01 l_align: 4.7817e+01 l_total: 1.3564e+02 
2026-05-22 04:57:21,185 INFO: [scape..][epoch: 22, iter:  55,040, lr:(2.855e-04,)][eta: 2:45:34, time (data): 0.314 (0.037)]l_bij: 2.0054e+01 l_orth: 4.1692e+01 l_diff: 1.4432e+01 l_align: 4.3060e+01 l_total: 1.1924e+02 
2026-05-22 04:57:27,365 INFO: [scape..][epoch: 22, iter:  55,060, lr:(2.855e-04,)][eta: 2:45:24, time (data): 0.313 (0.037)]l_bij: 1.1210e+00 l_orth: 3.1520e+01 l_diff: 1.1287e+01 l_align: 4.1662e+01 l_total: 8.5590e+01 
2026-05-22 04:57:32,954 INFO: [scape..][epoch: 22, iter:  55,080, lr:(2.855e-04,)][eta: 2:45:14, time (data): 0.293 (0.044)]l_bij: 3.2170e+01 l_orth: 5.2966e+01 l_diff: 1.5589e+01 l_align: 4.8716e+01 l_total: 1.4944e+02 
2026-05-22 04:57:39,139 INFO: [scape..][epoch: 22, iter:  55,100, lr:(2.855e-04,)][eta: 2:45:05, time (data): 0.305 (0.038)]l_bij: 3.9359e+01 l_orth: 5.4906e+01 l_diff: 1.4354e+01 l_align: 4.8102e+01 l_total: 1.5672e+02 
2026-05-22 04:57:45,942 INFO: [scape..][epoch: 22, iter:  55,120, lr:(2.855e-04,)][eta: 2:44:55, time (data): 0.320 (0.039)]l_bij: 3.9559e+01 l_orth: 5.8409e+01 l_diff: 1.8304e+01 l_align: 5.2561e+01 l_total: 1.6883e+02 
2026-05-22 04:57:52,293 INFO: [scape..][epoch: 22, iter:  55,140, lr:(2.855e-04,)][eta: 2:44:46, time (data): 0.320 (0.039)]l_bij: 2.9080e+01 l_orth: 5.0289e+01 l_diff: 1.1099e+01 l_align: 4.4563e+01 l_total: 1.3503e+02 
2026-05-22 04:57:57,863 INFO: [scape..][epoch: 22, iter:  55,160, lr:(2.855e-04,)][eta: 2:44:36, time (data): 0.310 (0.038)]l_bij: 3.3783e+01 l_orth: 5.2195e+01 l_diff: 1.5137e+01 l_align: 4.9867e+01 l_total: 1.5098e+02 
2026-05-22 04:58:04,063 INFO: [scape..][epoch: 22, iter:  55,180, lr:(2.855e-04,)][eta: 2:44:26, time (data): 0.310 (0.038)]l_bij: 3.4783e+01 l_orth: 4.9852e+01 l_diff: 1.3962e+01 l_align: 4.3293e+01 l_total: 1.4189e+02 
2026-05-22 04:58:10,969 INFO: [scape..][epoch: 22, iter:  55,200, lr:(2.855e-04,)][eta: 2:44:17, time (data): 0.316 (0.037)]l_bij: 1.2414e+01 l_orth: 3.9257e+01 l_diff: 1.2615e+01 l_align: 4.3708e+01 l_total: 1.0799e+02 
2026-05-22 04:58:17,918 INFO: [scape..][epoch: 22, iter:  55,220, lr:(2.855e-04,)][eta: 2:44:08, time (data): 0.320 (0.037)]l_bij: 3.9786e+01 l_orth: 5.4036e+01 l_diff: 1.2947e+01 l_align: 4.8928e+01 l_total: 1.5570e+02 
2026-05-22 04:58:22,957 INFO: [scape..][epoch: 22, iter:  55,240, lr:(2.855e-04,)][eta: 2:43:57, time (data): 0.312 (0.037)]l_bij: 3.1096e+01 l_orth: 4.8946e+01 l_diff: 1.6579e+01 l_align: 4.4574e+01 l_total: 1.4119e+02 
2026-05-22 04:58:28,312 INFO: [scape..][epoch: 22, iter:  55,260, lr:(2.855e-04,)][eta: 2:43:47, time (data): 0.307 (0.037)]l_bij: 2.6278e+01 l_orth: 4.4308e+01 l_diff: 1.3157e+01 l_align: 4.1961e+01 l_total: 1.2570e+02 
2026-05-22 04:58:34,360 INFO: [scape..][epoch: 22, iter:  55,280, lr:(2.855e-04,)][eta: 2:43:38, time (data): 0.264 (0.036)]l_bij: 2.0602e+01 l_orth: 4.0473e+01 l_diff: 1.3148e+01 l_align: 4.3606e+01 l_total: 1.1783e+02 
2026-05-22 04:58:39,594 INFO: [scape..][epoch: 22, iter:  55,300, lr:(2.855e-04,)][eta: 2:43:28, time (data): 0.262 (0.038)]l_bij: 2.2492e+01 l_orth: 4.3486e+01 l_diff: 1.4377e+01 l_align: 4.3447e+01 l_total: 1.2380e+02 
2026-05-22 04:58:45,826 INFO: [scape..][epoch: 22, iter:  55,320, lr:(2.855e-04,)][eta: 2:43:18, time (data): 0.284 (0.039)]l_bij: 3.6010e+01 l_orth: 5.4550e+01 l_diff: 1.3161e+01 l_align: 5.0317e+01 l_total: 1.5404e+02 
2026-05-22 04:58:52,258 INFO: [scape..][epoch: 22, iter:  55,340, lr:(2.855e-04,)][eta: 2:43:09, time (data): 0.296 (0.039)]l_bij: 2.1528e+01 l_orth: 4.1462e+01 l_diff: 1.3038e+01 l_align: 4.3715e+01 l_total: 1.1974e+02 
2026-05-22 04:58:59,815 INFO: [scape..][epoch: 22, iter:  55,360, lr:(2.855e-04,)][eta: 2:43:00, time (data): 0.315 (0.040)]l_bij: 1.2143e+01 l_orth: 3.6252e+01 l_diff: 1.1179e+01 l_align: 4.1611e+01 l_total: 1.0119e+02 
2026-05-22 04:59:06,786 INFO: [scape..][epoch: 22, iter:  55,380, lr:(2.855e-04,)][eta: 2:42:50, time (data): 0.321 (0.040)]l_bij: 4.2712e+01 l_orth: 5.6588e+01 l_diff: 1.3927e+01 l_align: 4.8602e+01 l_total: 1.6183e+02 
2026-05-22 04:59:11,850 INFO: [scape..][epoch: 22, iter:  55,400, lr:(2.855e-04,)][eta: 2:42:40, time (data): 0.310 (0.040)]l_bij: 3.4804e+01 l_orth: 5.1780e+01 l_diff: 1.3250e+01 l_align: 4.7236e+01 l_total: 1.4707e+02 
2026-05-22 04:59:17,331 INFO: [scape..][epoch: 22, iter:  55,420, lr:(2.855e-04,)][eta: 2:42:30, time (data): 0.305 (0.040)]l_bij: 3.0505e+01 l_orth: 4.7554e+01 l_diff: 1.0274e+01 l_align: 4.4688e+01 l_total: 1.3302e+02 
2026-05-22 04:59:23,188 INFO: [scape..][epoch: 22, iter:  55,440, lr:(2.855e-04,)][eta: 2:42:20, time (data): 0.304 (0.039)]l_bij: 4.1596e+01 l_orth: 5.8692e+01 l_diff: 1.7524e+01 l_align: 5.3592e+01 l_total: 1.7140e+02 
2026-05-22 04:59:29,023 INFO: [scape..][epoch: 22, iter:  55,460, lr:(2.855e-04,)][eta: 2:42:11, time (data): 0.302 (0.039)]l_bij: 1.7529e+01 l_orth: 4.0210e+01 l_diff: 1.3984e+01 l_align: 4.2366e+01 l_total: 1.1409e+02 
2026-05-22 04:59:34,716 INFO: [scape..][epoch: 22, iter:  55,480, lr:(2.855e-04,)][eta: 2:42:01, time (data): 0.423 (0.042)]l_bij: 1.5555e+01 l_orth: 3.6973e+01 l_diff: 1.3232e+01 l_align: 4.1597e+01 l_total: 1.0736e+02 
2026-05-22 04:59:42,445 INFO: [scape..][epoch: 22, iter:  55,500, lr:(2.855e-04,)][eta: 2:41:52, time (data): 0.393 (0.040)]l_bij: 2.6868e+01 l_orth: 4.5645e+01 l_diff: 1.5658e+01 l_align: 4.5466e+01 l_total: 1.3364e+02 
2026-05-22 04:59:48,003 INFO: [scape..][epoch: 22, iter:  55,520, lr:(2.855e-04,)][eta: 2:41:42, time (data): 0.340 (0.039)]l_bij: 4.3195e+01 l_orth: 5.6616e+01 l_diff: 1.5696e+01 l_align: 5.1888e+01 l_total: 1.6740e+02 
2026-05-22 04:59:52,877 INFO: [scape..][epoch: 22, iter:  55,540, lr:(2.855e-04,)][eta: 2:41:32, time (data): 0.310 (0.038)]l_bij: 2.2876e+01 l_orth: 4.2467e+01 l_diff: 1.1951e+01 l_align: 4.2309e+01 l_total: 1.1960e+02 
2026-05-22 04:59:57,805 INFO: [scape..][epoch: 22, iter:  55,560, lr:(2.855e-04,)][eta: 2:41:22, time (data): 0.295 (0.038)]l_bij: 1.8859e+01 l_orth: 4.1364e+01 l_diff: 1.1899e+01 l_align: 4.4713e+01 l_total: 1.1683e+02 
2026-05-22 05:00:03,137 INFO: [scape..][epoch: 22, iter:  55,580, lr:(2.855e-04,)][eta: 2:41:12, time (data): 0.289 (0.038)]l_bij: 2.6862e+01 l_orth: 4.8753e+01 l_diff: 1.2343e+01 l_align: 4.6114e+01 l_total: 1.3407e+02 
2026-05-22 05:00:09,226 INFO: [scape..][epoch: 22, iter:  55,600, lr:(2.855e-04,)][eta: 2:41:02, time (data): 0.292 (0.038)]l_bij: 2.0034e+01 l_orth: 4.1274e+01 l_diff: 1.1464e+01 l_align: 4.3298e+01 l_total: 1.1607e+02 
2026-05-22 05:00:13,637 INFO: [scape..][epoch: 22, iter:  55,620, lr:(2.855e-04,)][eta: 2:40:52, time (data): 0.282 (0.038)]l_bij: 3.9123e+01 l_orth: 5.2982e+01 l_diff: 1.4821e+01 l_align: 4.6607e+01 l_total: 1.5353e+02 
2026-05-22 05:00:17,699 INFO: [scape..][epoch: 22, iter:  55,640, lr:(2.855e-04,)][eta: 2:40:41, time (data): 0.272 (0.037)]l_bij: 1.3296e+01 l_orth: 3.5756e+01 l_diff: 1.1841e+01 l_align: 4.1080e+01 l_total: 1.0197e+02 
2026-05-22 05:00:22,183 INFO: [scape..][epoch: 22, iter:  55,660, lr:(2.855e-04,)][eta: 2:40:31, time (data): 0.267 (0.037)]l_bij: 3.1547e+01 l_orth: 4.7900e+01 l_diff: 1.4569e+01 l_align: 4.8133e+01 l_total: 1.4215e+02 
2026-05-22 05:00:27,587 INFO: [scape..][epoch: 22, iter:  55,680, lr:(2.855e-04,)][eta: 2:40:21, time (data): 0.206 (0.039)]l_bij: 3.6124e+01 l_orth: 5.2502e+01 l_diff: 1.8193e+01 l_align: 4.8812e+01 l_total: 1.5563e+02 
2026-05-22 05:00:32,699 INFO: [scape..][epoch: 22, iter:  55,700, lr:(2.855e-04,)][eta: 2:40:11, time (data): 0.249 (0.040)]l_bij: 3.2749e+01 l_orth: 5.0028e+01 l_diff: 1.0943e+01 l_align: 4.5375e+01 l_total: 1.3910e+02 
2026-05-22 05:00:37,113 INFO: [scape..][epoch: 22, iter:  55,720, lr:(2.855e-04,)][eta: 2:40:01, time (data): 0.236 (0.039)]l_bij: 2.9568e+01 l_orth: 5.0535e+01 l_diff: 1.4305e+01 l_align: 4.6573e+01 l_total: 1.4098e+02 
2026-05-22 05:00:41,825 INFO: [scape..][epoch: 22, iter:  55,740, lr:(2.855e-04,)][eta: 2:39:51, time (data): 0.236 (0.039)]l_bij: 1.8710e+01 l_orth: 4.0570e+01 l_diff: 1.2645e+01 l_align: 4.2906e+01 l_total: 1.1483e+02 
2026-05-22 05:00:47,043 INFO: [scape..][epoch: 22, iter:  55,760, lr:(2.855e-04,)][eta: 2:39:41, time (data): 0.242 (0.039)]l_bij: 2.6432e+01 l_orth: 4.3568e+01 l_diff: 1.1167e+01 l_align: 4.3685e+01 l_total: 1.2485e+02 
2026-05-22 05:00:51,647 INFO: [scape..][epoch: 22, iter:  55,780, lr:(2.855e-04,)][eta: 2:39:31, time (data): 0.239 (0.039)]l_bij: 3.3234e+01 l_orth: 5.0714e+01 l_diff: 1.5982e+01 l_align: 4.8625e+01 l_total: 1.4856e+02 
2026-05-22 05:00:56,428 INFO: [scape..][epoch: 22, iter:  55,800, lr:(2.855e-04,)][eta: 2:39:21, time (data): 0.239 (0.039)]l_bij: 5.7948e+01 l_orth: 7.3167e+01 l_diff: 1.4886e+01 l_align: 6.1593e+01 l_total: 2.0759e+02 
2026-05-22 05:01:02,204 INFO: [scape..][epoch: 22, iter:  55,820, lr:(2.855e-04,)][eta: 2:39:11, time (data): 0.246 (0.039)]l_bij: 2.1448e+01 l_orth: 3.9674e+01 l_diff: 1.2135e+01 l_align: 4.1059e+01 l_total: 1.1432e+02 
2026-05-22 05:01:07,171 INFO: [scape..][epoch: 22, iter:  55,840, lr:(2.855e-04,)][eta: 2:39:01, time (data): 0.247 (0.039)]l_bij: 3.5739e+01 l_orth: 5.2894e+01 l_diff: 1.6425e+01 l_align: 5.0745e+01 l_total: 1.5580e+02 
2026-05-22 05:01:11,813 INFO: [scape..][epoch: 22, iter:  55,860, lr:(2.855e-04,)][eta: 2:38:51, time (data): 0.245 (0.039)]l_bij: 2.0783e+01 l_orth: 4.2658e+01 l_diff: 1.3341e+01 l_align: 4.2511e+01 l_total: 1.1929e+02 
2026-05-22 05:01:16,779 INFO: [scape..][epoch: 22, iter:  55,880, lr:(2.855e-04,)][eta: 2:38:41, time (data): 0.214 (0.037)]l_bij: 3.1800e+01 l_orth: 5.0870e+01 l_diff: 1.3418e+01 l_align: 4.6964e+01 l_total: 1.4305e+02 
2026-05-22 05:01:21,706 INFO: [scape..][epoch: 22, iter:  55,900, lr:(2.855e-04,)][eta: 2:38:31, time (data): 0.243 (0.041)]l_bij: 3.8945e+01 l_orth: 5.4125e+01 l_diff: 1.3068e+01 l_align: 4.9179e+01 l_total: 1.5532e+02 
2026-05-22 05:01:26,681 INFO: [scape..][epoch: 22, iter:  55,920, lr:(2.855e-04,)][eta: 2:38:20, time (data): 0.246 (0.040)]l_bij: 3.9559e+01 l_orth: 5.5374e+01 l_diff: 1.1885e+01 l_align: 4.6419e+01 l_total: 1.5324e+02 
2026-05-22 05:01:31,840 INFO: [scape..][epoch: 22, iter:  55,940, lr:(2.855e-04,)][eta: 2:38:11, time (data): 0.250 (0.039)]l_bij: 2.2019e+01 l_orth: 4.1593e+01 l_diff: 1.2299e+01 l_align: 4.3713e+01 l_total: 1.1962e+02 
2026-05-22 05:01:36,863 INFO: [scape..][epoch: 22, iter:  55,960, lr:(2.855e-04,)][eta: 2:38:01, time (data): 0.250 (0.038)]l_bij: 2.9609e+01 l_orth: 4.7278e+01 l_diff: 1.2290e+01 l_align: 4.4246e+01 l_total: 1.3342e+02 
2026-05-22 05:01:42,128 INFO: [scape..][epoch: 22, iter:  55,980, lr:(2.855e-04,)][eta: 2:37:51, time (data): 0.253 (0.038)]l_bij: 2.6788e+01 l_orth: 4.6821e+01 l_diff: 1.5447e+01 l_align: 4.3595e+01 l_total: 1.3265e+02 
2026-05-22 05:01:47,244 INFO: [scape..][epoch: 22, iter:  56,000, lr:(2.855e-04,)][eta: 2:37:41, time (data): 0.253 (0.038)]l_bij: 2.7475e+01 l_orth: 4.6368e+01 l_diff: 1.5024e+01 l_align: 4.3205e+01 l_total: 1.3207e+02 
2026-05-22 05:01:47,244 INFO: Saving models and training states.
2026-05-22 05:01:47,262 INFO: Start validation.
2026-05-22 05:05:16,175 INFO: Avg time: 0.1712
2026-05-22 05:05:16,409 INFO: Val auc: 0.8126
2026-05-22 05:05:16,410 INFO: Val avg error: 0.0187
2026-05-22 05:05:16,413 INFO: Best model is updated, average geodesic error: 0.0187
2026-05-22 05:05:22,543 INFO: [scape..][epoch: 22, iter:  56,020, lr:(2.855e-04,)][eta: 2:38:53, time (data): 0.260 (0.038)]l_bij: 3.1552e+01 l_orth: 5.0046e+01 l_diff: 1.3014e+01 l_align: 4.6812e+01 l_total: 1.4142e+02 
2026-05-22 05:05:29,804 INFO: [scape..][epoch: 22, iter:  56,040, lr:(2.855e-04,)][eta: 2:38:44, time (data): 0.273 (0.038)]l_bij: 2.6246e+01 l_orth: 4.7204e+01 l_diff: 1.3788e+01 l_align: 4.4511e+01 l_total: 1.3175e+02 
2026-05-22 05:05:35,382 INFO: [scape..][epoch: 22, iter:  56,060, lr:(2.855e-04,)][eta: 2:38:34, time (data): 0.274 (0.038)]l_bij: 2.2533e+01 l_orth: 4.5936e+01 l_diff: 1.5172e+01 l_align: 4.6200e+01 l_total: 1.2984e+02 
2026-05-22 05:05:41,172 INFO: [scape..][epoch: 22, iter:  56,080, lr:(2.855e-04,)][eta: 2:38:24, time (data): 0.249 (0.037)]l_bij: 3.5343e+01 l_orth: 5.0102e+01 l_diff: 1.1866e+01 l_align: 4.4352e+01 l_total: 1.4166e+02 
2026-05-22 05:05:46,705 INFO: [scape..][epoch: 22, iter:  56,100, lr:(2.855e-04,)][eta: 2:38:15, time (data): 0.275 (0.039)]l_bij: 2.6086e+01 l_orth: 4.5354e+01 l_diff: 1.2089e+01 l_align: 4.6386e+01 l_total: 1.2992e+02 
2026-05-22 05:05:51,827 INFO: [scape..][epoch: 22, iter:  56,120, lr:(2.855e-04,)][eta: 2:38:04, time (data): 0.266 (0.039)]l_bij: 2.4352e+01 l_orth: 4.5331e+01 l_diff: 1.4917e+01 l_align: 4.4780e+01 l_total: 1.2938e+02 
2026-05-22 05:05:56,952 INFO: [scape..][epoch: 22, iter:  56,140, lr:(2.855e-04,)][eta: 2:37:54, time (data): 0.263 (0.038)]l_bij: 7.0580e+01 l_orth: 8.1655e+01 l_diff: 2.0046e+01 l_align: 6.4621e+01 l_total: 2.3690e+02 
2026-05-22 05:06:03,351 INFO: [scape..][epoch: 22, iter:  56,160, lr:(2.855e-04,)][eta: 2:37:45, time (data): 0.277 (0.039)]l_bij: 2.9862e+01 l_orth: 4.8213e+01 l_diff: 1.4661e+01 l_align: 4.7673e+01 l_total: 1.4041e+02 
2026-05-22 05:06:09,128 INFO: [scape..][epoch: 22, iter:  56,180, lr:(2.855e-04,)][eta: 2:37:35, time (data): 0.279 (0.039)]l_bij: 1.1953e+01 l_orth: 3.5380e+01 l_diff: 1.3102e+01 l_align: 4.1780e+01 l_total: 1.0221e+02 
2026-05-22 05:06:14,164 INFO: [scape..][epoch: 22, iter:  56,200, lr:(2.855e-04,)][eta: 2:37:25, time (data): 0.275 (0.038)]l_bij: 3.5684e+01 l_orth: 5.0486e+01 l_diff: 1.3568e+01 l_align: 4.7112e+01 l_total: 1.4685e+02 
2026-05-22 05:06:20,526 INFO: [scape..][epoch: 22, iter:  56,220, lr:(2.855e-04,)][eta: 2:37:16, time (data): 0.281 (0.039)]l_bij: 2.5783e+01 l_orth: 4.3248e+01 l_diff: 1.6402e+01 l_align: 4.2216e+01 l_total: 1.2765e+02 
2026-05-22 05:06:26,976 INFO: [scape..][epoch: 22, iter:  56,240, lr:(2.855e-04,)][eta: 2:37:06, time (data): 0.286 (0.039)]l_bij: 1.0301e+01 l_orth: 3.7070e+01 l_diff: 1.0489e+01 l_align: 4.2123e+01 l_total: 9.9984e+01 
2026-05-22 05:06:33,290 INFO: [scape..][epoch: 22, iter:  56,260, lr:(2.855e-04,)][eta: 2:36:56, time (data): 0.289 (0.038)]l_bij: 2.0199e+01 l_orth: 3.9665e+01 l_diff: 1.2217e+01 l_align: 4.2358e+01 l_total: 1.1444e+02 
2026-05-22 05:06:38,370 INFO: [scape..][epoch: 22, iter:  56,280, lr:(2.855e-04,)][eta: 2:36:46, time (data): 0.286 (0.038)]l_bij: 2.5260e+01 l_orth: 4.2231e+01 l_diff: 1.1420e+01 l_align: 4.0832e+01 l_total: 1.1974e+02 
2026-05-22 05:06:43,491 INFO: [scape..][epoch: 22, iter:  56,300, lr:(2.855e-04,)][eta: 2:36:36, time (data): 0.256 (0.036)]l_bij: 4.3460e+01 l_orth: 5.6861e+01 l_diff: 1.2870e+01 l_align: 4.9287e+01 l_total: 1.6248e+02 
2026-05-22 05:06:49,276 INFO: [scape..][epoch: 22, iter:  56,320, lr:(2.855e-04,)][eta: 2:36:27, time (data): 0.273 (0.039)]l_bij: 2.5032e+01 l_orth: 4.1762e+01 l_diff: 1.4198e+01 l_align: 4.2050e+01 l_total: 1.2304e+02 
2026-05-22 05:06:55,472 INFO: [scape..][epoch: 22, iter:  56,340, lr:(2.855e-04,)][eta: 2:36:17, time (data): 0.285 (0.039)]l_bij: 3.7731e+01 l_orth: 5.0501e+01 l_diff: 1.2543e+01 l_align: 4.4563e+01 l_total: 1.4534e+02 
2026-05-22 05:06:59,959 INFO: [scape..][epoch: 22, iter:  56,360, lr:(2.855e-04,)][eta: 2:36:07, time (data): 0.270 (0.040)]l_bij: 2.5699e+01 l_orth: 4.6187e+01 l_diff: 1.1635e+01 l_align: 4.4064e+01 l_total: 1.2759e+02 
2026-05-22 05:07:05,271 INFO: [scape..][epoch: 22, iter:  56,380, lr:(2.855e-04,)][eta: 2:35:57, time (data): 0.269 (0.040)]l_bij: 2.3247e+01 l_orth: 4.1568e+01 l_diff: 1.3297e+01 l_align: 4.1533e+01 l_total: 1.1965e+02 
2026-05-22 05:07:10,752 INFO: [scape..][epoch: 22, iter:  56,400, lr:(2.855e-04,)][eta: 2:35:47, time (data): 0.270 (0.040)]l_bij: 2.6438e+01 l_orth: 4.6239e+01 l_diff: 1.2918e+01 l_align: 4.3386e+01 l_total: 1.2898e+02 
2026-05-22 05:07:15,537 INFO: [scape..][epoch: 22, iter:  56,420, lr:(2.855e-04,)][eta: 2:35:37, time (data): 0.265 (0.040)]l_bij: 2.2261e+01 l_orth: 4.5303e+01 l_diff: 1.6335e+01 l_align: 4.8425e+01 l_total: 1.3232e+02 
2026-05-22 05:07:21,391 INFO: [scape..][epoch: 22, iter:  56,440, lr:(2.855e-04,)][eta: 2:35:27, time (data): 0.269 (0.040)]l_bij: 3.1748e+01 l_orth: 4.8382e+01 l_diff: 1.4537e+01 l_align: 4.3198e+01 l_total: 1.3787e+02 
2026-05-22 05:07:28,215 INFO: [scape..][epoch: 22, iter:  56,460, lr:(2.855e-04,)][eta: 2:35:18, time (data): 0.277 (0.040)]l_bij: 2.9317e+01 l_orth: 4.9713e+01 l_diff: 1.4061e+01 l_align: 4.7047e+01 l_total: 1.4014e+02 
2026-05-22 05:07:34,138 INFO: [scape..][epoch: 22, iter:  56,480, lr:(2.855e-04,)][eta: 2:35:08, time (data): 0.279 (0.040)]l_bij: 3.3343e+01 l_orth: 4.8371e+01 l_diff: 1.5878e+01 l_align: 4.4390e+01 l_total: 1.4198e+02 
2026-05-22 05:07:39,948 INFO: [scape..][epoch: 22, iter:  56,500, lr:(2.855e-04,)][eta: 2:34:58, time (data): 0.295 (0.039)]l_bij: 5.0860e+01 l_orth: 6.5892e+01 l_diff: 1.7049e+01 l_align: 5.4948e+01 l_total: 1.8875e+02 
2026-05-22 05:07:46,383 INFO: [scape..][epoch: 22, iter:  56,520, lr:(2.855e-04,)][eta: 2:34:49, time (data): 0.309 (0.039)]l_bij: 3.8935e+01 l_orth: 5.3683e+01 l_diff: 1.5644e+01 l_align: 4.7516e+01 l_total: 1.5578e+02 
2026-05-22 05:07:51,608 INFO: [scape..][epoch: 22, iter:  56,540, lr:(2.855e-04,)][eta: 2:34:39, time (data): 0.292 (0.039)]l_bij: 2.3572e+01 l_orth: 4.2352e+01 l_diff: 1.2947e+01 l_align: 4.1957e+01 l_total: 1.2083e+02 
2026-05-22 05:07:57,456 INFO: [scape..][epoch: 22, iter:  56,560, lr:(2.855e-04,)][eta: 2:34:29, time (data): 0.292 (0.039)]l_bij: 2.0038e+01 l_orth: 4.4567e+01 l_diff: 1.5073e+01 l_align: 4.8165e+01 l_total: 1.2784e+02 
2026-05-22 05:08:03,072 INFO: [scape..][epoch: 22, iter:  56,580, lr:(2.855e-04,)][eta: 2:34:20, time (data): 0.290 (0.038)]l_bij: 2.6959e+01 l_orth: 4.5750e+01 l_diff: 1.8067e+01 l_align: 4.5531e+01 l_total: 1.3631e+02 
2026-05-22 05:08:08,943 INFO: [scape..][epoch: 22, iter:  56,600, lr:(2.855e-04,)][eta: 2:34:10, time (data): 0.291 (0.038)]l_bij: 1.3620e+01 l_orth: 3.6176e+01 l_diff: 1.1613e+01 l_align: 4.1518e+01 l_total: 1.0293e+02 
2026-05-22 05:08:14,351 INFO: [scape..][epoch: 22, iter:  56,620, lr:(2.855e-04,)][eta: 2:34:00, time (data): 0.288 (0.038)]l_bij: 2.5080e+01 l_orth: 4.5522e+01 l_diff: 1.4488e+01 l_align: 4.6348e+01 l_total: 1.3144e+02 
2026-05-22 05:08:20,597 INFO: [scape..][epoch: 22, iter:  56,640, lr:(2.855e-04,)][eta: 2:33:51, time (data): 0.291 (0.039)]l_bij: 2.0354e+01 l_orth: 3.9495e+01 l_diff: 1.2461e+01 l_align: 4.1326e+01 l_total: 1.1364e+02 
2026-05-22 05:08:26,246 INFO: [scape..][epoch: 22, iter:  56,660, lr:(2.855e-04,)][eta: 2:33:41, time (data): 0.290 (0.039)]l_bij: 3.9629e+01 l_orth: 5.6234e+01 l_diff: 1.2388e+01 l_align: 4.9015e+01 l_total: 1.5727e+02 
2026-05-22 05:08:31,711 INFO: [scape..][epoch: 22, iter:  56,680, lr:(2.855e-04,)][eta: 2:33:31, time (data): 0.288 (0.039)]l_bij: 3.9020e+01 l_orth: 5.5833e+01 l_diff: 1.2215e+01 l_align: 4.8096e+01 l_total: 1.5516e+02 
2026-05-22 05:08:36,560 INFO: [scape..][epoch: 22, iter:  56,700, lr:(2.855e-04,)][eta: 2:33:21, time (data): 0.246 (0.039)]l_bij: 1.8461e+01 l_orth: 3.9906e+01 l_diff: 1.2112e+01 l_align: 4.1793e+01 l_total: 1.1227e+02 
2026-05-22 05:08:43,468 INFO: [scape..][epoch: 22, iter:  56,720, lr:(2.855e-04,)][eta: 2:33:12, time (data): 0.298 (0.040)]l_bij: 2.4609e+01 l_orth: 4.6589e+01 l_diff: 1.5784e+01 l_align: 4.6572e+01 l_total: 1.3355e+02 
2026-05-22 05:08:49,606 INFO: [scape..][epoch: 22, iter:  56,740, lr:(2.855e-04,)][eta: 2:33:02, time (data): 0.301 (0.041)]l_bij: 2.7855e+01 l_orth: 4.5265e+01 l_diff: 1.2189e+01 l_align: 4.2657e+01 l_total: 1.2796e+02 
2026-05-22 05:08:55,739 INFO: [scape..][epoch: 22, iter:  56,760, lr:(2.855e-04,)][eta: 2:32:53, time (data): 0.303 (0.041)]l_bij: 1.9345e+01 l_orth: 4.1690e+01 l_diff: 1.3945e+01 l_align: 4.6587e+01 l_total: 1.2157e+02 
2026-05-22 05:09:02,171 INFO: [scape..][epoch: 22, iter:  56,780, lr:(2.855e-04,)][eta: 2:32:43, time (data): 0.306 (0.040)]l_bij: 2.5208e+01 l_orth: 4.3318e+01 l_diff: 1.4831e+01 l_align: 4.3353e+01 l_total: 1.2671e+02 
2026-05-22 05:09:08,584 INFO: [scape..][epoch: 22, iter:  56,800, lr:(2.855e-04,)][eta: 2:32:34, time (data): 0.309 (0.039)]l_bij: 3.5738e+01 l_orth: 5.1599e+01 l_diff: 1.6946e+01 l_align: 4.5763e+01 l_total: 1.5005e+02 
2026-05-22 05:09:14,883 INFO: [scape..][epoch: 22, iter:  56,820, lr:(2.855e-04,)][eta: 2:32:24, time (data): 0.310 (0.039)]l_bij: 1.9386e+01 l_orth: 4.0118e+01 l_diff: 1.2532e+01 l_align: 4.3503e+01 l_total: 1.1554e+02 
2026-05-22 05:09:20,972 INFO: [scape..][epoch: 22, iter:  56,840, lr:(2.855e-04,)][eta: 2:32:15, time (data): 0.309 (0.039)]l_bij: 2.5548e+01 l_orth: 4.5128e+01 l_diff: 1.4600e+01 l_align: 4.3061e+01 l_total: 1.2834e+02 
2026-05-22 05:09:26,211 INFO: [scape..][epoch: 22, iter:  56,860, lr:(2.855e-04,)][eta: 2:32:05, time (data): 0.304 (0.040)]l_bij: 2.5203e+01 l_orth: 4.5601e+01 l_diff: 1.3860e+01 l_align: 4.6762e+01 l_total: 1.3143e+02 
2026-05-22 05:09:33,470 INFO: [scape..][epoch: 22, iter:  56,880, lr:(2.855e-04,)][eta: 2:31:56, time (data): 0.310 (0.040)]l_bij: 2.4235e+01 l_orth: 4.2670e+01 l_diff: 1.1857e+01 l_align: 4.3527e+01 l_total: 1.2229e+02 
2026-05-22 05:09:38,971 INFO: [scape..][epoch: 22, iter:  56,900, lr:(2.855e-04,)][eta: 2:31:46, time (data): 0.271 (0.038)]l_bij: 2.2703e+01 l_orth: 4.0796e+01 l_diff: 1.0893e+01 l_align: 4.2320e+01 l_total: 1.1671e+02 
2026-05-22 05:09:43,818 INFO: [scape..][epoch: 22, iter:  56,920, lr:(2.855e-04,)][eta: 2:31:36, time (data): 0.256 (0.038)]l_bij: 3.4250e+01 l_orth: 5.1987e+01 l_diff: 1.4454e+01 l_align: 4.5373e+01 l_total: 1.4606e+02 
2026-05-22 05:09:49,522 INFO: [scape..][epoch: 22, iter:  56,940, lr:(2.855e-04,)][eta: 2:31:26, time (data): 0.266 (0.038)]l_bij: 2.3559e+01 l_orth: 4.5488e+01 l_diff: 1.3901e+01 l_align: 4.6353e+01 l_total: 1.2930e+02 
2026-05-22 05:09:54,838 INFO: [scape..][epoch: 22, iter:  56,960, lr:(2.855e-04,)][eta: 2:31:16, time (data): 0.266 (0.038)]l_bij: 3.3994e+01 l_orth: 5.1440e+01 l_diff: 1.3144e+01 l_align: 4.5953e+01 l_total: 1.4453e+02 
2026-05-22 05:09:59,787 INFO: [scape..][epoch: 22, iter:  56,980, lr:(2.855e-04,)][eta: 2:31:06, time (data): 0.262 (0.039)]l_bij: 2.5309e+01 l_orth: 4.4975e+01 l_diff: 1.7614e+01 l_align: 4.3780e+01 l_total: 1.3168e+02 
2026-05-22 05:10:05,516 INFO: [scape..][epoch: 22, iter:  57,000, lr:(2.855e-04,)][eta: 2:30:57, time (data): 0.266 (0.040)]l_bij: 2.4077e+01 l_orth: 4.4911e+01 l_diff: 1.6003e+01 l_align: 4.5810e+01 l_total: 1.3080e+02 
2026-05-22 05:10:11,740 INFO: [scape..][epoch: 22, iter:  57,020, lr:(2.855e-04,)][eta: 2:30:47, time (data): 0.273 (0.040)]l_bij: 2.1274e+01 l_orth: 4.1566e+01 l_diff: 1.2694e+01 l_align: 4.1753e+01 l_total: 1.1729e+02 
2026-05-22 05:10:18,753 INFO: [scape..][epoch: 22, iter:  57,040, lr:(2.855e-04,)][eta: 2:30:38, time (data): 0.283 (0.040)]l_bij: 4.4731e+01 l_orth: 5.7067e+01 l_diff: 1.6025e+01 l_align: 5.2622e+01 l_total: 1.7045e+02 
2026-05-22 05:10:24,440 INFO: [scape..][epoch: 22, iter:  57,060, lr:(2.855e-04,)][eta: 2:30:28, time (data): 0.283 (0.040)]l_bij: 1.9443e+01 l_orth: 3.8679e+01 l_diff: 1.2526e+01 l_align: 4.1638e+01 l_total: 1.1229e+02 
2026-05-22 05:10:30,964 INFO: [scape..][epoch: 22, iter:  57,080, lr:(2.855e-04,)][eta: 2:30:19, time (data): 0.287 (0.040)]l_bij: 5.1392e+01 l_orth: 6.2923e+01 l_diff: 1.3242e+01 l_align: 5.5553e+01 l_total: 1.8311e+02 
2026-05-22 05:10:37,336 INFO: [scape..][epoch: 22, iter:  57,100, lr:(2.855e-04,)][eta: 2:30:09, time (data): 0.341 (0.038)]l_bij: 2.1489e+01 l_orth: 4.1032e+01 l_diff: 1.2848e+01 l_align: 4.2572e+01 l_total: 1.1794e+02 
2026-05-22 05:10:43,383 INFO: [scape..][epoch: 22, iter:  57,120, lr:(2.855e-04,)][eta: 2:30:00, time (data): 0.320 (0.038)]l_bij: 1.8938e+01 l_orth: 4.1750e+01 l_diff: 1.2461e+01 l_align: 4.6897e+01 l_total: 1.2005e+02 
2026-05-22 05:10:50,690 INFO: [scape..][epoch: 22, iter:  57,140, lr:(2.855e-04,)][eta: 2:29:51, time (data): 0.336 (0.040)]l_bij: 2.3990e+01 l_orth: 4.3265e+01 l_diff: 1.3548e+01 l_align: 4.3821e+01 l_total: 1.2462e+02 
2026-05-22 05:10:57,857 INFO: [scape..][epoch: 22, iter:  57,160, lr:(2.855e-04,)][eta: 2:29:42, time (data): 0.342 (0.040)]l_bij: 3.1194e+01 l_orth: 4.8841e+01 l_diff: 1.5527e+01 l_align: 4.6515e+01 l_total: 1.4208e+02 
2026-05-22 05:11:04,104 INFO: [scape..][epoch: 22, iter:  57,180, lr:(2.855e-04,)][eta: 2:29:32, time (data): 0.336 (0.040)]l_bij: 3.5408e+01 l_orth: 5.2257e+01 l_diff: 1.5525e+01 l_align: 4.9070e+01 l_total: 1.5226e+02 
2026-05-22 05:11:09,481 INFO: [scape..][epoch: 22, iter:  57,200, lr:(2.855e-04,)][eta: 2:29:22, time (data): 0.324 (0.039)]l_bij: 2.0302e+01 l_orth: 4.0983e+01 l_diff: 1.4225e+01 l_align: 4.4384e+01 l_total: 1.1989e+02 
2026-05-22 05:11:15,183 INFO: [scape..][epoch: 22, iter:  57,220, lr:(2.855e-04,)][eta: 2:29:13, time (data): 0.318 (0.039)]l_bij: 2.2855e+01 l_orth: 4.4086e+01 l_diff: 1.3043e+01 l_align: 4.3224e+01 l_total: 1.2321e+02 
2026-05-22 05:11:22,499 INFO: [scape..][epoch: 23, iter:  57,240, lr:(2.489e-04,)][eta: 2:29:04, time (data): 0.324 (0.045)]l_bij: 2.5440e+01 l_orth: 4.5339e+01 l_diff: 1.4373e+01 l_align: 4.4686e+01 l_total: 1.2984e+02 
2026-05-22 05:11:29,211 INFO: [scape..][epoch: 23, iter:  57,260, lr:(2.489e-04,)][eta: 2:28:54, time (data): 0.326 (0.043)]l_bij: 3.1687e+01 l_orth: 4.8532e+01 l_diff: 1.3880e+01 l_align: 4.5691e+01 l_total: 1.3979e+02 
2026-05-22 05:11:34,723 INFO: [scape..][epoch: 23, iter:  57,280, lr:(2.489e-04,)][eta: 2:28:45, time (data): 0.321 (0.043)]l_bij: 2.4583e+01 l_orth: 4.3506e+01 l_diff: 1.4355e+01 l_align: 4.4343e+01 l_total: 1.2679e+02 
2026-05-22 05:11:42,426 INFO: [scape..][epoch: 23, iter:  57,300, lr:(2.489e-04,)][eta: 2:28:36, time (data): 0.419 (0.035)]l_bij: 2.9819e+01 l_orth: 4.8232e+01 l_diff: 1.2304e+01 l_align: 4.4739e+01 l_total: 1.3509e+02 
2026-05-22 05:11:48,160 INFO: [scape..][epoch: 23, iter:  57,320, lr:(2.489e-04,)][eta: 2:28:26, time (data): 0.343 (0.037)]l_bij: 2.4034e+01 l_orth: 4.3180e+01 l_diff: 1.3090e+01 l_align: 4.1802e+01 l_total: 1.2211e+02 
2026-05-22 05:11:54,238 INFO: [scape..][epoch: 23, iter:  57,340, lr:(2.489e-04,)][eta: 2:28:17, time (data): 0.329 (0.038)]l_bij: 4.2610e+01 l_orth: 5.5801e+01 l_diff: 1.5440e+01 l_align: 4.7440e+01 l_total: 1.6129e+02 
2026-05-22 05:12:01,003 INFO: [scape..][epoch: 23, iter:  57,360, lr:(2.489e-04,)][eta: 2:28:07, time (data): 0.331 (0.038)]l_bij: 1.7779e+01 l_orth: 3.8626e+01 l_diff: 9.1179e+00 l_align: 4.1857e+01 l_total: 1.0738e+02 
2026-05-22 05:12:07,701 INFO: [scape..][epoch: 23, iter:  57,380, lr:(2.489e-04,)][eta: 2:27:58, time (data): 0.332 (0.038)]l_bij: 2.9028e+01 l_orth: 4.5584e+01 l_diff: 1.4793e+01 l_align: 4.3329e+01 l_total: 1.3273e+02 
2026-05-22 05:12:14,650 INFO: [scape..][epoch: 23, iter:  57,400, lr:(2.489e-04,)][eta: 2:27:49, time (data): 0.335 (0.038)]l_bij: 3.2406e+01 l_orth: 4.7661e+01 l_diff: 1.5196e+01 l_align: 4.4989e+01 l_total: 1.4025e+02 
2026-05-22 05:12:20,825 INFO: [scape..][epoch: 23, iter:  57,420, lr:(2.489e-04,)][eta: 2:27:39, time (data): 0.331 (0.037)]l_bij: 2.5776e+01 l_orth: 4.2984e+01 l_diff: 1.4494e+01 l_align: 4.0764e+01 l_total: 1.2402e+02 
2026-05-22 05:12:27,435 INFO: [scape..][epoch: 23, iter:  57,440, lr:(2.489e-04,)][eta: 2:27:30, time (data): 0.331 (0.037)]l_bij: 1.7509e+01 l_orth: 4.0509e+01 l_diff: 1.3000e+01 l_align: 4.2909e+01 l_total: 1.1393e+02 
2026-05-22 05:12:34,786 INFO: [scape..][epoch: 23, iter:  57,460, lr:(2.489e-04,)][eta: 2:27:21, time (data): 0.335 (0.037)]l_bij: 4.0370e+01 l_orth: 5.5141e+01 l_diff: 1.7553e+01 l_align: 4.9124e+01 l_total: 1.6219e+02 
2026-05-22 05:12:40,186 INFO: [scape..][epoch: 23, iter:  57,480, lr:(2.489e-04,)][eta: 2:27:11, time (data): 0.328 (0.036)]l_bij: 2.8205e+01 l_orth: 4.5528e+01 l_diff: 1.5416e+01 l_align: 4.1374e+01 l_total: 1.3052e+02 
2026-05-22 05:12:45,391 INFO: [scape..][epoch: 23, iter:  57,500, lr:(2.489e-04,)][eta: 2:27:01, time (data): 0.253 (0.035)]l_bij: 3.4952e+01 l_orth: 5.2184e+01 l_diff: 1.5153e+01 l_align: 4.8886e+01 l_total: 1.5117e+02 
2026-05-22 05:12:51,345 INFO: [scape..][epoch: 23, iter:  57,520, lr:(2.489e-04,)][eta: 2:26:52, time (data): 0.279 (0.035)]l_bij: 1.8388e+01 l_orth: 4.0081e+01 l_diff: 1.2005e+01 l_align: 4.4338e+01 l_total: 1.1481e+02 
2026-05-22 05:12:57,598 INFO: [scape..][epoch: 23, iter:  57,540, lr:(2.489e-04,)][eta: 2:26:42, time (data): 0.291 (0.035)]l_bij: 2.8341e+01 l_orth: 4.7901e+01 l_diff: 1.2019e+01 l_align: 4.5747e+01 l_total: 1.3401e+02 
2026-05-22 05:13:03,447 INFO: [scape..][epoch: 23, iter:  57,560, lr:(2.489e-04,)][eta: 2:26:33, time (data): 0.292 (0.035)]l_bij: 2.8142e+01 l_orth: 4.8160e+01 l_diff: 1.6221e+01 l_align: 4.4568e+01 l_total: 1.3709e+02 
2026-05-22 05:13:08,521 INFO: [scape..][epoch: 23, iter:  57,580, lr:(2.489e-04,)][eta: 2:26:23, time (data): 0.284 (0.035)]l_bij: 3.9603e+01 l_orth: 5.2181e+01 l_diff: 1.1836e+01 l_align: 4.6047e+01 l_total: 1.4967e+02 
2026-05-22 05:13:13,931 INFO: [scape..][epoch: 23, iter:  57,600, lr:(2.489e-04,)][eta: 2:26:13, time (data): 0.281 (0.036)]l_bij: 2.9214e+01 l_orth: 4.8911e+01 l_diff: 1.4277e+01 l_align: 4.5242e+01 l_total: 1.3764e+02 
2026-05-22 05:13:19,479 INFO: [scape..][epoch: 23, iter:  57,620, lr:(2.489e-04,)][eta: 2:26:04, time (data): 0.281 (0.036)]l_bij: 1.4959e+01 l_orth: 3.7339e+01 l_diff: 1.3661e+01 l_align: 4.1641e+01 l_total: 1.0760e+02 
2026-05-22 05:13:24,218 INFO: [scape..][epoch: 23, iter:  57,640, lr:(2.489e-04,)][eta: 2:25:54, time (data): 0.275 (0.036)]l_bij: 3.7202e+01 l_orth: 5.4059e+01 l_diff: 1.5815e+01 l_align: 5.1975e+01 l_total: 1.5905e+02 
2026-05-22 05:13:30,881 INFO: [scape..][epoch: 23, iter:  57,660, lr:(2.489e-04,)][eta: 2:25:44, time (data): 0.282 (0.037)]l_bij: 2.5759e+01 l_orth: 4.5166e+01 l_diff: 1.1409e+01 l_align: 4.5420e+01 l_total: 1.2775e+02 
2026-05-22 05:13:36,505 INFO: [scape..][epoch: 23, iter:  57,680, lr:(2.489e-04,)][eta: 2:25:35, time (data): 0.282 (0.037)]l_bij: 1.8709e+01 l_orth: 4.0753e+01 l_diff: 1.3967e+01 l_align: 4.3099e+01 l_total: 1.1653e+02 
2026-05-22 05:13:43,376 INFO: [scape..][epoch: 23, iter:  57,700, lr:(2.489e-04,)][eta: 2:25:26, time (data): 0.357 (0.039)]l_bij: 2.1418e+01 l_orth: 4.0713e+01 l_diff: 1.3217e+01 l_align: 4.1725e+01 l_total: 1.1707e+02 
2026-05-22 05:13:49,260 INFO: [scape..][epoch: 23, iter:  57,720, lr:(2.489e-04,)][eta: 2:25:16, time (data): 0.319 (0.040)]l_bij: 4.2944e+01 l_orth: 5.8722e+01 l_diff: 1.4969e+01 l_align: 5.4067e+01 l_total: 1.7070e+02 
2026-05-22 05:13:56,430 INFO: [scape..][epoch: 23, iter:  57,740, lr:(2.489e-04,)][eta: 2:25:07, time (data): 0.334 (0.040)]l_bij: 4.8773e+01 l_orth: 6.1708e+01 l_diff: 1.4640e+01 l_align: 5.2789e+01 l_total: 1.7791e+02 
2026-05-22 05:14:03,139 INFO: [scape..][epoch: 23, iter:  57,760, lr:(2.489e-04,)][eta: 2:24:58, time (data): 0.334 (0.039)]l_bij: 2.7929e+01 l_orth: 4.4606e+01 l_diff: 1.5210e+01 l_align: 4.2695e+01 l_total: 1.3044e+02 
2026-05-22 05:14:10,206 INFO: [scape..][epoch: 23, iter:  57,780, lr:(2.489e-04,)][eta: 2:24:49, time (data): 0.338 (0.039)]l_bij: 3.5742e+01 l_orth: 5.0891e+01 l_diff: 1.3089e+01 l_align: 4.4778e+01 l_total: 1.4450e+02 
2026-05-22 05:14:16,579 INFO: [scape..][epoch: 23, iter:  57,800, lr:(2.489e-04,)][eta: 2:24:39, time (data): 0.335 (0.038)]l_bij: 2.9705e+01 l_orth: 4.7033e+01 l_diff: 1.3685e+01 l_align: 4.4170e+01 l_total: 1.3459e+02 
2026-05-22 05:14:23,372 INFO: [scape..][epoch: 23, iter:  57,820, lr:(2.489e-04,)][eta: 2:24:30, time (data): 0.336 (0.038)]l_bij: 2.4818e+01 l_orth: 4.3402e+01 l_diff: 1.3038e+01 l_align: 4.4167e+01 l_total: 1.2542e+02 
2026-05-22 05:14:30,385 INFO: [scape..][epoch: 23, iter:  57,840, lr:(2.489e-04,)][eta: 2:24:21, time (data): 0.338 (0.037)]l_bij: 2.3981e+01 l_orth: 4.1635e+01 l_diff: 1.3516e+01 l_align: 4.1555e+01 l_total: 1.2069e+02 
2026-05-22 05:14:36,710 INFO: [scape..][epoch: 23, iter:  57,860, lr:(2.489e-04,)][eta: 2:24:12, time (data): 0.335 (0.037)]l_bij: 3.5927e+01 l_orth: 5.2133e+01 l_diff: 1.6345e+01 l_align: 4.8782e+01 l_total: 1.5319e+02 
2026-05-22 05:14:43,215 INFO: [scape..][epoch: 23, iter:  57,880, lr:(2.489e-04,)][eta: 2:24:02, time (data): 0.334 (0.037)]l_bij: 2.4893e+01 l_orth: 4.5773e+01 l_diff: 1.3972e+01 l_align: 4.2929e+01 l_total: 1.2757e+02 
2026-05-22 05:14:49,393 INFO: [scape..][epoch: 23, iter:  57,900, lr:(2.489e-04,)][eta: 2:23:53, time (data): 0.291 (0.033)]l_bij: 2.4553e+01 l_orth: 4.3254e+01 l_diff: 1.3716e+01 l_align: 4.3695e+01 l_total: 1.2522e+02 
2026-05-22 05:14:57,634 INFO: [scape..][epoch: 23, iter:  57,920, lr:(2.489e-04,)][eta: 2:23:44, time (data): 0.367 (0.033)]l_bij: 2.8727e+01 l_orth: 4.5587e+01 l_diff: 1.4316e+01 l_align: 4.3449e+01 l_total: 1.3208e+02 
2026-05-22 05:15:03,653 INFO: [scape..][epoch: 23, iter:  57,940, lr:(2.489e-04,)][eta: 2:23:35, time (data): 0.341 (0.033)]l_bij: 2.3380e+01 l_orth: 4.5419e+01 l_diff: 1.1470e+01 l_align: 4.4533e+01 l_total: 1.2480e+02 
2026-05-22 05:15:10,123 INFO: [scape..][epoch: 23, iter:  57,960, lr:(2.489e-04,)][eta: 2:23:25, time (data): 0.336 (0.033)]l_bij: 1.7309e+01 l_orth: 3.6897e+01 l_diff: 1.0992e+01 l_align: 4.1693e+01 l_total: 1.0689e+02 
2026-05-22 05:15:17,013 INFO: [scape..][epoch: 23, iter:  57,980, lr:(2.489e-04,)][eta: 2:23:16, time (data): 0.338 (0.033)]l_bij: 1.6643e+01 l_orth: 3.9812e+01 l_diff: 1.0906e+01 l_align: 4.2966e+01 l_total: 1.1033e+02 
2026-05-22 05:15:23,256 INFO: [scape..][epoch: 23, iter:  58,000, lr:(2.489e-04,)][eta: 2:23:07, time (data): 0.333 (0.033)]l_bij: 2.5278e+01 l_orth: 4.3923e+01 l_diff: 1.2477e+01 l_align: 4.2418e+01 l_total: 1.2410e+02 
2026-05-22 05:15:28,737 INFO: [scape..][epoch: 23, iter:  58,020, lr:(2.489e-04,)][eta: 2:22:57, time (data): 0.324 (0.033)]l_bij: 2.1551e+01 l_orth: 4.2061e+01 l_diff: 1.2497e+01 l_align: 4.3664e+01 l_total: 1.1977e+02 
2026-05-22 05:15:34,994 INFO: [scape..][epoch: 23, iter:  58,040, lr:(2.489e-04,)][eta: 2:22:48, time (data): 0.323 (0.034)]l_bij: 2.9677e+01 l_orth: 4.9697e+01 l_diff: 1.4083e+01 l_align: 4.6717e+01 l_total: 1.4017e+02 
2026-05-22 05:15:40,441 INFO: [scape..][epoch: 23, iter:  58,060, lr:(2.489e-04,)][eta: 2:22:38, time (data): 0.317 (0.034)]l_bij: 1.6119e+01 l_orth: 4.2482e+01 l_diff: 1.4425e+01 l_align: 4.4888e+01 l_total: 1.1792e+02 
2026-05-22 05:15:46,046 INFO: [scape..][epoch: 23, iter:  58,080, lr:(2.489e-04,)][eta: 2:22:29, time (data): 0.313 (0.035)]l_bij: 1.8039e+01 l_orth: 3.9366e+01 l_diff: 1.2456e+01 l_align: 4.3600e+01 l_total: 1.1346e+02 
2026-05-22 05:15:52,441 INFO: [scape..][epoch: 23, iter:  58,100, lr:(2.489e-04,)][eta: 2:22:19, time (data): 0.294 (0.038)]l_bij: 2.2266e+01 l_orth: 4.1485e+01 l_diff: 1.1910e+01 l_align: 4.1854e+01 l_total: 1.1751e+02 
2026-05-22 05:15:59,053 INFO: [scape..][epoch: 23, iter:  58,120, lr:(2.489e-04,)][eta: 2:22:10, time (data): 0.318 (0.037)]l_bij: 3.6300e+01 l_orth: 5.2739e+01 l_diff: 1.1480e+01 l_align: 4.6036e+01 l_total: 1.4655e+02 
2026-05-22 05:16:04,721 INFO: [scape..][epoch: 23, iter:  58,140, lr:(2.489e-04,)][eta: 2:22:00, time (data): 0.304 (0.038)]l_bij: 2.9321e+01 l_orth: 4.6388e+01 l_diff: 1.1384e+01 l_align: 4.3795e+01 l_total: 1.3089e+02 
2026-05-22 05:16:11,574 INFO: [scape..][epoch: 23, iter:  58,160, lr:(2.489e-04,)][eta: 2:21:51, time (data): 0.315 (0.038)]l_bij: 3.7838e+01 l_orth: 5.5302e+01 l_diff: 1.5806e+01 l_align: 5.1152e+01 l_total: 1.6010e+02 
2026-05-22 05:16:18,336 INFO: [scape..][epoch: 23, iter:  58,180, lr:(2.489e-04,)][eta: 2:21:42, time (data): 0.320 (0.037)]l_bij: 3.7073e+01 l_orth: 5.3320e+01 l_diff: 1.2186e+01 l_align: 4.8493e+01 l_total: 1.5107e+02 
2026-05-22 05:16:24,257 INFO: [scape..][epoch: 23, iter:  58,200, lr:(2.489e-04,)][eta: 2:21:33, time (data): 0.316 (0.037)]l_bij: 2.6634e+01 l_orth: 5.2465e+01 l_diff: 1.4709e+01 l_align: 5.5703e+01 l_total: 1.4951e+02 
2026-05-22 05:16:30,706 INFO: [scape..][epoch: 23, iter:  58,220, lr:(2.489e-04,)][eta: 2:21:23, time (data): 0.317 (0.037)]l_bij: 1.1849e+01 l_orth: 3.5182e+01 l_diff: 1.1485e+01 l_align: 4.1406e+01 l_total: 9.9922e+01 
2026-05-22 05:16:36,298 INFO: [scape..][epoch: 23, iter:  58,240, lr:(2.489e-04,)][eta: 2:21:14, time (data): 0.312 (0.037)]l_bij: 3.4761e+01 l_orth: 5.4741e+01 l_diff: 1.4984e+01 l_align: 5.0366e+01 l_total: 1.5485e+02 
2026-05-22 05:16:42,132 INFO: [scape..][epoch: 23, iter:  58,260, lr:(2.489e-04,)][eta: 2:21:04, time (data): 0.309 (0.037)]l_bij: 3.2304e+01 l_orth: 5.0407e+01 l_diff: 1.8202e+01 l_align: 4.7815e+01 l_total: 1.4873e+02 
2026-05-22 05:16:48,329 INFO: [scape..][epoch: 23, iter:  58,280, lr:(2.489e-04,)][eta: 2:20:55, time (data): 0.309 (0.037)]l_bij: 1.9980e+01 l_orth: 4.0349e+01 l_diff: 1.3428e+01 l_align: 4.1299e+01 l_total: 1.1505e+02 
2026-05-22 05:16:54,617 INFO: [scape..][epoch: 23, iter:  58,300, lr:(2.489e-04,)][eta: 2:20:46, time (data): 0.287 (0.041)]l_bij: 1.8789e+01 l_orth: 3.9042e+01 l_diff: 1.2223e+01 l_align: 4.3207e+01 l_total: 1.1326e+02 
2026-05-22 05:16:59,657 INFO: [scape..][epoch: 23, iter:  58,320, lr:(2.489e-04,)][eta: 2:20:36, time (data): 0.264 (0.039)]l_bij: 2.2128e+01 l_orth: 4.4171e+01 l_diff: 1.1522e+01 l_align: 4.7719e+01 l_total: 1.2554e+02 
2026-05-22 05:17:05,702 INFO: [scape..][epoch: 23, iter:  58,340, lr:(2.489e-04,)][eta: 2:20:26, time (data): 0.279 (0.039)]l_bij: 1.4543e+01 l_orth: 3.8653e+01 l_diff: 1.4396e+01 l_align: 4.4076e+01 l_total: 1.1167e+02 
2026-05-22 05:17:12,368 INFO: [scape..][epoch: 23, iter:  58,360, lr:(2.489e-04,)][eta: 2:20:17, time (data): 0.294 (0.038)]l_bij: 3.1310e+01 l_orth: 4.7490e+01 l_diff: 1.5227e+01 l_align: 4.3567e+01 l_total: 1.3759e+02 
2026-05-22 05:17:19,445 INFO: [scape..][epoch: 23, iter:  58,380, lr:(2.489e-04,)][eta: 2:20:08, time (data): 0.308 (0.038)]l_bij: 2.6463e+01 l_orth: 4.8012e+01 l_diff: 1.5453e+01 l_align: 4.6545e+01 l_total: 1.3647e+02 
2026-05-22 05:17:25,768 INFO: [scape..][epoch: 23, iter:  58,400, lr:(2.489e-04,)][eta: 2:19:59, time (data): 0.309 (0.038)]l_bij: 3.3468e+01 l_orth: 5.1233e+01 l_diff: 1.3469e+01 l_align: 5.1667e+01 l_total: 1.4984e+02 
2026-05-22 05:17:31,208 INFO: [scape..][epoch: 23, iter:  58,420, lr:(2.489e-04,)][eta: 2:19:49, time (data): 0.303 (0.038)]l_bij: 1.9893e+01 l_orth: 3.9940e+01 l_diff: 1.3178e+01 l_align: 4.3491e+01 l_total: 1.1650e+02 
2026-05-22 05:17:36,433 INFO: [scape..][epoch: 23, iter:  58,440, lr:(2.489e-04,)][eta: 2:19:40, time (data): 0.298 (0.038)]l_bij: 2.9673e+01 l_orth: 4.4784e+01 l_diff: 1.2462e+01 l_align: 4.2820e+01 l_total: 1.2974e+02 
2026-05-22 05:17:44,021 INFO: [scape..][epoch: 23, iter:  58,460, lr:(2.489e-04,)][eta: 2:19:31, time (data): 0.307 (0.038)]l_bij: 2.1138e+01 l_orth: 4.3115e+01 l_diff: 1.3416e+01 l_align: 4.3701e+01 l_total: 1.2137e+02 
2026-05-22 05:17:49,641 INFO: [scape..][epoch: 23, iter:  58,480, lr:(2.489e-04,)][eta: 2:19:21, time (data): 0.305 (0.038)]l_bij: 1.4974e+01 l_orth: 3.7015e+01 l_diff: 1.3070e+01 l_align: 4.0753e+01 l_total: 1.0581e+02 
2026-05-22 05:17:55,227 INFO: [scape..][epoch: 23, iter:  58,500, lr:(2.489e-04,)][eta: 2:19:12, time (data): 0.299 (0.035)]l_bij: 3.4031e+01 l_orth: 5.0102e+01 l_diff: 1.4193e+01 l_align: 4.4206e+01 l_total: 1.4253e+02 
2026-05-22 05:18:00,746 INFO: [scape..][epoch: 23, iter:  58,520, lr:(2.489e-04,)][eta: 2:19:02, time (data): 0.283 (0.039)]l_bij: 2.8314e+01 l_orth: 4.5469e+01 l_diff: 1.3519e+01 l_align: 4.3478e+01 l_total: 1.3078e+02 
2026-05-22 05:18:07,774 INFO: [scape..][epoch: 23, iter:  58,540, lr:(2.489e-04,)][eta: 2:18:53, time (data): 0.311 (0.038)]l_bij: 1.7212e+01 l_orth: 3.6895e+01 l_diff: 1.3389e+01 l_align: 4.1097e+01 l_total: 1.0859e+02 
2026-05-22 05:18:12,974 INFO: [scape..][epoch: 23, iter:  58,560, lr:(2.489e-04,)][eta: 2:18:43, time (data): 0.296 (0.038)]l_bij: 2.8595e+01 l_orth: 4.7156e+01 l_diff: 1.5394e+01 l_align: 4.4691e+01 l_total: 1.3584e+02 
2026-05-22 05:18:18,564 INFO: [scape..][epoch: 23, iter:  58,580, lr:(2.489e-04,)][eta: 2:18:34, time (data): 0.292 (0.038)]l_bij: 8.4371e+00 l_orth: 3.3160e+01 l_diff: 1.3355e+01 l_align: 4.0971e+01 l_total: 9.5922e+01 
2026-05-22 05:18:25,237 INFO: [scape..][epoch: 23, iter:  58,600, lr:(2.489e-04,)][eta: 2:18:25, time (data): 0.300 (0.037)]l_bij: 1.6551e+01 l_orth: 3.8117e+01 l_diff: 1.1093e+01 l_align: 4.2845e+01 l_total: 1.0861e+02 
2026-05-22 05:18:31,656 INFO: [scape..][epoch: 23, iter:  58,620, lr:(2.489e-04,)][eta: 2:18:15, time (data): 0.303 (0.037)]l_bij: 2.5522e+01 l_orth: 4.5090e+01 l_diff: 1.3703e+01 l_align: 4.3740e+01 l_total: 1.2806e+02 
2026-05-22 05:18:38,326 INFO: [scape..][epoch: 23, iter:  58,640, lr:(2.489e-04,)][eta: 2:18:06, time (data): 0.307 (0.037)]l_bij: 2.4285e+01 l_orth: 4.2718e+01 l_diff: 1.5410e+01 l_align: 4.5228e+01 l_total: 1.2764e+02 
2026-05-22 05:18:44,799 INFO: [scape..][epoch: 23, iter:  58,660, lr:(2.489e-04,)][eta: 2:17:57, time (data): 0.309 (0.037)]l_bij: 2.6615e+01 l_orth: 4.3548e+01 l_diff: 1.5189e+01 l_align: 4.3858e+01 l_total: 1.2921e+02 
2026-05-22 05:18:50,699 INFO: [scape..][epoch: 23, iter:  58,680, lr:(2.489e-04,)][eta: 2:17:48, time (data): 0.308 (0.038)]l_bij: 4.2640e+01 l_orth: 5.5387e+01 l_diff: 1.2992e+01 l_align: 4.8864e+01 l_total: 1.5988e+02 
2026-05-22 05:18:57,122 INFO: [scape..][epoch: 23, iter:  58,700, lr:(2.489e-04,)][eta: 2:17:38, time (data): 0.284 (0.034)]l_bij: 2.7849e+01 l_orth: 4.5871e+01 l_diff: 1.1959e+01 l_align: 4.3058e+01 l_total: 1.2874e+02 
2026-05-22 05:19:03,117 INFO: [scape..][epoch: 23, iter:  58,720, lr:(2.489e-04,)][eta: 2:17:29, time (data): 0.295 (0.036)]l_bij: 4.3712e+01 l_orth: 5.9064e+01 l_diff: 1.4555e+01 l_align: 5.2276e+01 l_total: 1.6961e+02 
2026-05-22 05:19:09,669 INFO: [scape..][epoch: 23, iter:  58,740, lr:(2.489e-04,)][eta: 2:17:20, time (data): 0.309 (0.036)]l_bij: 4.9416e+01 l_orth: 6.2287e+01 l_diff: 1.8004e+01 l_align: 5.2970e+01 l_total: 1.8268e+02 
2026-05-22 05:19:16,179 INFO: [scape..][epoch: 23, iter:  58,760, lr:(2.489e-04,)][eta: 2:17:11, time (data): 0.314 (0.037)]l_bij: 3.5248e+01 l_orth: 5.1656e+01 l_diff: 1.6428e+01 l_align: 4.5203e+01 l_total: 1.4854e+02 
2026-05-22 05:19:21,725 INFO: [scape..][epoch: 23, iter:  58,780, lr:(2.489e-04,)][eta: 2:17:01, time (data): 0.305 (0.038)]l_bij: 2.5871e+01 l_orth: 4.3703e+01 l_diff: 1.6815e+01 l_align: 4.2981e+01 l_total: 1.2937e+02 
2026-05-22 05:19:29,219 INFO: [scape..][epoch: 23, iter:  58,800, lr:(2.489e-04,)][eta: 2:16:52, time (data): 0.318 (0.038)]l_bij: 2.1512e+01 l_orth: 4.2213e+01 l_diff: 1.2558e+01 l_align: 4.3440e+01 l_total: 1.1972e+02 
2026-05-22 05:19:35,684 INFO: [scape..][epoch: 23, iter:  58,820, lr:(2.489e-04,)][eta: 2:16:43, time (data): 0.319 (0.038)]l_bij: 1.9107e+01 l_orth: 4.0758e+01 l_diff: 1.4701e+01 l_align: 4.3046e+01 l_total: 1.1761e+02 
2026-05-22 05:19:42,734 INFO: [scape..][epoch: 23, iter:  58,840, lr:(2.489e-04,)][eta: 2:16:34, time (data): 0.323 (0.038)]l_bij: 4.1415e+01 l_orth: 5.3635e+01 l_diff: 1.3557e+01 l_align: 4.4926e+01 l_total: 1.5353e+02 
2026-05-22 05:19:49,412 INFO: [scape..][epoch: 23, iter:  58,860, lr:(2.489e-04,)][eta: 2:16:25, time (data): 0.325 (0.038)]l_bij: 3.5024e+01 l_orth: 5.1846e+01 l_diff: 1.1708e+01 l_align: 5.0944e+01 l_total: 1.4952e+02 
2026-05-22 05:19:55,176 INFO: [scape..][epoch: 23, iter:  58,880, lr:(2.489e-04,)][eta: 2:16:15, time (data): 0.321 (0.038)]l_bij: 3.0705e+01 l_orth: 4.8079e+01 l_diff: 1.6828e+01 l_align: 4.5290e+01 l_total: 1.4090e+02 
2026-05-22 05:20:00,518 INFO: [scape..][epoch: 23, iter:  58,900, lr:(2.489e-04,)][eta: 2:16:06, time (data): 0.266 (0.037)]l_bij: 4.4809e+01 l_orth: 5.7863e+01 l_diff: 1.6434e+01 l_align: 4.9961e+01 l_total: 1.6907e+02 
2026-05-22 05:20:07,486 INFO: [scape..][epoch: 23, iter:  58,920, lr:(2.489e-04,)][eta: 2:15:57, time (data): 0.327 (0.035)]l_bij: 4.4601e+01 l_orth: 5.7978e+01 l_diff: 1.6620e+01 l_align: 5.0444e+01 l_total: 1.6964e+02 
2026-05-22 05:20:12,996 INFO: [scape..][epoch: 23, iter:  58,940, lr:(2.489e-04,)][eta: 2:15:47, time (data): 0.305 (0.035)]l_bij: 2.9425e+01 l_orth: 4.8366e+01 l_diff: 1.3565e+01 l_align: 4.4948e+01 l_total: 1.3630e+02 
2026-05-22 05:20:19,491 INFO: [scape..][epoch: 23, iter:  58,960, lr:(2.489e-04,)][eta: 2:15:38, time (data): 0.311 (0.035)]l_bij: 2.1038e+01 l_orth: 4.0012e+01 l_diff: 1.1665e+01 l_align: 4.1600e+01 l_total: 1.1431e+02 
2026-05-22 05:20:25,302 INFO: [scape..][epoch: 23, iter:  58,980, lr:(2.489e-04,)][eta: 2:15:29, time (data): 0.306 (0.035)]l_bij: 3.7329e+01 l_orth: 5.2118e+01 l_diff: 1.2601e+01 l_align: 4.9188e+01 l_total: 1.5124e+02 
2026-05-22 05:20:32,327 INFO: [scape..][epoch: 23, iter:  59,000, lr:(2.489e-04,)][eta: 2:15:20, time (data): 0.315 (0.035)]l_bij: 2.2190e+01 l_orth: 4.2675e+01 l_diff: 1.4087e+01 l_align: 4.1764e+01 l_total: 1.2072e+02 
2026-05-22 05:20:38,783 INFO: [scape..][epoch: 23, iter:  59,020, lr:(2.489e-04,)][eta: 2:15:10, time (data): 0.316 (0.035)]l_bij: 3.8141e+01 l_orth: 5.5128e+01 l_diff: 1.7832e+01 l_align: 5.2067e+01 l_total: 1.6317e+02 
2026-05-22 05:20:45,925 INFO: [scape..][epoch: 23, iter:  59,040, lr:(2.489e-04,)][eta: 2:15:01, time (data): 0.322 (0.035)]l_bij: 2.2790e+01 l_orth: 4.3224e+01 l_diff: 1.3422e+01 l_align: 4.3259e+01 l_total: 1.2270e+02 
2026-05-22 05:20:51,848 INFO: [scape..][epoch: 23, iter:  59,060, lr:(2.489e-04,)][eta: 2:14:52, time (data): 0.318 (0.035)]l_bij: 3.4117e+01 l_orth: 4.9899e+01 l_diff: 1.2049e+01 l_align: 4.6762e+01 l_total: 1.4283e+02 
2026-05-22 05:20:57,007 INFO: [scape..][epoch: 23, iter:  59,080, lr:(2.489e-04,)][eta: 2:14:42, time (data): 0.312 (0.035)]l_bij: 3.7137e+01 l_orth: 5.0625e+01 l_diff: 1.5632e+01 l_align: 4.6651e+01 l_total: 1.5005e+02 
2026-05-22 05:21:02,370 INFO: [scape..][epoch: 23, iter:  59,100, lr:(2.489e-04,)][eta: 2:14:33, time (data): 0.234 (0.039)]l_bij: 2.5121e+01 l_orth: 4.3871e+01 l_diff: 1.0656e+01 l_align: 4.1974e+01 l_total: 1.2162e+02 
2026-05-22 05:21:07,610 INFO: [scape..][epoch: 23, iter:  59,120, lr:(2.489e-04,)][eta: 2:14:23, time (data): 0.256 (0.036)]l_bij: 2.5490e+01 l_orth: 4.6106e+01 l_diff: 1.0787e+01 l_align: 4.6479e+01 l_total: 1.2886e+02 
2026-05-22 05:21:15,369 INFO: [scape..][epoch: 23, iter:  59,140, lr:(2.489e-04,)][eta: 2:14:14, time (data): 0.313 (0.037)]l_bij: 2.4049e+01 l_orth: 4.2951e+01 l_diff: 1.6149e+01 l_align: 4.6115e+01 l_total: 1.2926e+02 
2026-05-22 05:21:22,045 INFO: [scape..][epoch: 23, iter:  59,160, lr:(2.489e-04,)][eta: 2:14:05, time (data): 0.319 (0.036)]l_bij: 3.7432e+01 l_orth: 5.1527e+01 l_diff: 1.4228e+01 l_align: 4.6278e+01 l_total: 1.4946e+02 
2026-05-22 05:21:28,498 INFO: [scape..][epoch: 23, iter:  59,180, lr:(2.489e-04,)][eta: 2:13:56, time (data): 0.320 (0.036)]l_bij: 2.1073e+01 l_orth: 4.0441e+01 l_diff: 1.0910e+01 l_align: 4.1859e+01 l_total: 1.1428e+02 
2026-05-22 05:21:34,602 INFO: [scape..][epoch: 23, iter:  59,200, lr:(2.489e-04,)][eta: 2:13:47, time (data): 0.317 (0.036)]l_bij: 3.7488e+01 l_orth: 5.1781e+01 l_diff: 1.2229e+01 l_align: 4.8910e+01 l_total: 1.5041e+02 
2026-05-22 05:21:39,790 INFO: [scape..][epoch: 23, iter:  59,220, lr:(2.489e-04,)][eta: 2:13:37, time (data): 0.308 (0.036)]l_bij: 3.9407e+01 l_orth: 5.3827e+01 l_diff: 1.7216e+01 l_align: 4.8632e+01 l_total: 1.5908e+02 
2026-05-22 05:21:46,026 INFO: [scape..][epoch: 23, iter:  59,240, lr:(2.489e-04,)][eta: 2:13:28, time (data): 0.309 (0.036)]l_bij: 2.2064e+01 l_orth: 4.3343e+01 l_diff: 1.3818e+01 l_align: 4.3057e+01 l_total: 1.2228e+02 
2026-05-22 05:21:52,463 INFO: [scape..][epoch: 23, iter:  59,260, lr:(2.489e-04,)][eta: 2:13:19, time (data): 0.310 (0.036)]l_bij: 2.1383e+01 l_orth: 4.2839e+01 l_diff: 1.1323e+01 l_align: 4.1792e+01 l_total: 1.1734e+02 
2026-05-22 05:21:58,186 INFO: [scape..][epoch: 23, iter:  59,280, lr:(2.489e-04,)][eta: 2:13:09, time (data): 0.308 (0.036)]l_bij: 2.1600e+01 l_orth: 4.2597e+01 l_diff: 1.0550e+01 l_align: 4.2452e+01 l_total: 1.1720e+02 
2026-05-22 05:22:05,668 INFO: [scape..][epoch: 23, iter:  59,300, lr:(2.489e-04,)][eta: 2:13:01, time (data): 0.432 (0.037)]l_bij: 2.3777e+01 l_orth: 4.3826e+01 l_diff: 1.1813e+01 l_align: 4.5125e+01 l_total: 1.2454e+02 
2026-05-22 05:22:11,957 INFO: [scape..][epoch: 23, iter:  59,320, lr:(2.489e-04,)][eta: 2:12:51, time (data): 0.338 (0.038)]l_bij: 2.4076e+01 l_orth: 4.3207e+01 l_diff: 1.5211e+01 l_align: 4.2509e+01 l_total: 1.2500e+02 
2026-05-22 05:22:18,145 INFO: [scape..][epoch: 23, iter:  59,340, lr:(2.489e-04,)][eta: 2:12:42, time (data): 0.325 (0.038)]l_bij: 1.9640e+01 l_orth: 4.0231e+01 l_diff: 1.2854e+01 l_align: 4.1010e+01 l_total: 1.1374e+02 
2026-05-22 05:22:24,854 INFO: [scape..][epoch: 23, iter:  59,360, lr:(2.489e-04,)][eta: 2:12:33, time (data): 0.328 (0.037)]l_bij: 3.3568e+01 l_orth: 5.1473e+01 l_diff: 1.4700e+01 l_align: 5.0293e+01 l_total: 1.5003e+02 
2026-05-22 05:22:32,658 INFO: [scape..][epoch: 23, iter:  59,380, lr:(2.489e-04,)][eta: 2:12:24, time (data): 0.343 (0.037)]l_bij: 3.2048e+01 l_orth: 4.7808e+01 l_diff: 1.4961e+01 l_align: 4.5651e+01 l_total: 1.4047e+02 
2026-05-22 05:22:38,762 INFO: [scape..][epoch: 23, iter:  59,400, lr:(2.489e-04,)][eta: 2:12:15, time (data): 0.336 (0.037)]l_bij: 2.5139e+01 l_orth: 4.3324e+01 l_diff: 1.2371e+01 l_align: 4.2818e+01 l_total: 1.2365e+02 
2026-05-22 05:22:45,236 INFO: [scape..][epoch: 23, iter:  59,420, lr:(2.489e-04,)][eta: 2:12:06, time (data): 0.334 (0.037)]l_bij: 2.3782e+01 l_orth: 4.4947e+01 l_diff: 1.3260e+01 l_align: 4.6268e+01 l_total: 1.2826e+02 
2026-05-22 05:22:51,074 INFO: [scape..][epoch: 23, iter:  59,440, lr:(2.489e-04,)][eta: 2:11:56, time (data): 0.328 (0.037)]l_bij: 2.1005e+01 l_orth: 4.0634e+01 l_diff: 1.4270e+01 l_align: 4.2719e+01 l_total: 1.1863e+02 
2026-05-22 05:22:57,421 INFO: [scape..][epoch: 23, iter:  59,460, lr:(2.489e-04,)][eta: 2:11:47, time (data): 0.327 (0.037)]l_bij: 3.1141e+01 l_orth: 4.6692e+01 l_diff: 1.6633e+01 l_align: 4.4888e+01 l_total: 1.3935e+02 
2026-05-22 05:23:03,017 INFO: [scape..][epoch: 23, iter:  59,480, lr:(2.489e-04,)][eta: 2:11:38, time (data): 0.322 (0.037)]l_bij: 4.0300e+01 l_orth: 5.9216e+01 l_diff: 1.8076e+01 l_align: 5.2985e+01 l_total: 1.7058e+02 
2026-05-22 05:23:09,439 INFO: [scape..][epoch: 23, iter:  59,500, lr:(2.489e-04,)][eta: 2:11:29, time (data): 0.430 (0.037)]l_bij: 3.4657e+01 l_orth: 4.7658e+01 l_diff: 1.2824e+01 l_align: 4.2822e+01 l_total: 1.3796e+02 
2026-05-22 05:23:15,094 INFO: [scape..][epoch: 23, iter:  59,520, lr:(2.489e-04,)][eta: 2:11:19, time (data): 0.307 (0.034)]l_bij: 1.9985e+01 l_orth: 4.0289e+01 l_diff: 1.0256e+01 l_align: 4.0774e+01 l_total: 1.1130e+02 
2026-05-22 05:23:20,036 INFO: [scape..][epoch: 23, iter:  59,540, lr:(2.489e-04,)][eta: 2:11:10, time (data): 0.280 (0.036)]l_bij: 1.8175e+01 l_orth: 4.0289e+01 l_diff: 1.4995e+01 l_align: 4.3814e+01 l_total: 1.1727e+02 
2026-05-22 05:23:24,886 INFO: [scape..][epoch: 23, iter:  59,560, lr:(2.489e-04,)][eta: 2:11:00, time (data): 0.268 (0.037)]l_bij: 3.1304e+01 l_orth: 5.1151e+01 l_diff: 1.4528e+01 l_align: 4.9771e+01 l_total: 1.4675e+02 
2026-05-22 05:23:30,083 INFO: [scape..][epoch: 23, iter:  59,580, lr:(2.489e-04,)][eta: 2:10:50, time (data): 0.266 (0.037)]l_bij: 2.9022e+01 l_orth: 4.6186e+01 l_diff: 1.4764e+01 l_align: 4.4117e+01 l_total: 1.3409e+02 
2026-05-22 05:23:35,589 INFO: [scape..][epoch: 23, iter:  59,600, lr:(2.489e-04,)][eta: 2:10:41, time (data): 0.268 (0.037)]l_bij: 3.0359e+01 l_orth: 4.9934e+01 l_diff: 1.1590e+01 l_align: 4.5977e+01 l_total: 1.3786e+02 
2026-05-22 05:23:40,809 INFO: [scape..][epoch: 23, iter:  59,620, lr:(2.489e-04,)][eta: 2:10:31, time (data): 0.267 (0.038)]l_bij: 4.7353e+01 l_orth: 5.9476e+01 l_diff: 1.2855e+01 l_align: 4.5150e+01 l_total: 1.6483e+02 
2026-05-22 05:23:46,783 INFO: [scape..][epoch: 23, iter:  59,640, lr:(2.489e-04,)][eta: 2:10:22, time (data): 0.271 (0.038)]l_bij: 3.3371e+01 l_orth: 4.9615e+01 l_diff: 1.4463e+01 l_align: 4.5837e+01 l_total: 1.4329e+02 
2026-05-22 05:23:52,112 INFO: [scape..][epoch: 23, iter:  59,660, lr:(2.489e-04,)][eta: 2:10:13, time (data): 0.271 (0.038)]l_bij: 2.6060e+01 l_orth: 4.8433e+01 l_diff: 1.0307e+01 l_align: 4.5961e+01 l_total: 1.3076e+02 
2026-05-22 05:23:56,592 INFO: [scape..][epoch: 23, iter:  59,680, lr:(2.489e-04,)][eta: 2:10:03, time (data): 0.266 (0.038)]l_bij: 2.2895e+01 l_orth: 4.2236e+01 l_diff: 1.3173e+01 l_align: 4.2070e+01 l_total: 1.2037e+02 
2026-05-22 05:24:02,311 INFO: [scape..][epoch: 23, iter:  59,700, lr:(2.489e-04,)][eta: 2:09:54, time (data): 0.332 (0.032)]l_bij: 2.4828e+01 l_orth: 4.5234e+01 l_diff: 1.2892e+01 l_align: 4.4331e+01 l_total: 1.2729e+02 
2026-05-22 05:24:07,847 INFO: [scape..][epoch: 23, iter:  59,720, lr:(2.489e-04,)][eta: 2:09:44, time (data): 0.284 (0.036)]l_bij: 3.7578e+01 l_orth: 5.3157e+01 l_diff: 1.0374e+01 l_align: 4.8903e+01 l_total: 1.5001e+02 
2026-05-22 05:24:12,538 INFO: [scape..][epoch: 23, iter:  59,740, lr:(2.489e-04,)][eta: 2:09:34, time (data): 0.261 (0.036)]l_bij: 7.0922e+01 l_orth: 8.0653e+01 l_diff: 1.6932e+01 l_align: 6.7768e+01 l_total: 2.3627e+02 
2026-05-22 05:24:17,454 INFO: [scape..][epoch: 23, iter:  59,760, lr:(2.489e-04,)][eta: 2:09:25, time (data): 0.256 (0.037)]l_bij: 3.2275e+01 l_orth: 5.1529e+01 l_diff: 1.4320e+01 l_align: 5.0053e+01 l_total: 1.4818e+02 
2026-05-22 05:24:22,571 INFO: [scape..][epoch: 23, iter:  59,780, lr:(2.489e-04,)][eta: 2:09:15, time (data): 0.256 (0.037)]l_bij: 2.5372e+01 l_orth: 4.5778e+01 l_diff: 1.4895e+01 l_align: 4.5442e+01 l_total: 1.3149e+02 
2026-05-22 05:24:28,200 INFO: [scape..][epoch: 23, iter:  59,800, lr:(2.489e-04,)][eta: 2:09:06, time (data): 0.261 (0.038)]l_bij: 4.1348e+01 l_orth: 5.6858e+01 l_diff: 1.9544e+01 l_align: 5.2163e+01 l_total: 1.6991e+02 
2026-05-22 05:24:33,521 INFO: [scape..][epoch: 23, iter:  59,820, lr:(2.489e-04,)][eta: 2:08:57, time (data): 0.262 (0.037)]l_bij: 1.6863e+01 l_orth: 3.9145e+01 l_diff: 1.2773e+01 l_align: 4.2342e+01 l_total: 1.1112e+02 
2026-05-22 05:24:39,542 INFO: [scape..][epoch: 24, iter:  59,840, lr:(2.156e-04,)][eta: 2:08:47, time (data): 0.267 (0.045)]l_bij: 2.9436e+01 l_orth: 4.9802e+01 l_diff: 1.1629e+01 l_align: 4.5724e+01 l_total: 1.3659e+02 
2026-05-22 05:24:45,638 INFO: [scape..][epoch: 24, iter:  59,860, lr:(2.156e-04,)][eta: 2:08:38, time (data): 0.272 (0.044)]l_bij: 2.4719e+01 l_orth: 4.3872e+01 l_diff: 1.0863e+01 l_align: 4.2894e+01 l_total: 1.2235e+02 
2026-05-22 05:24:50,650 INFO: [scape..][epoch: 24, iter:  59,880, lr:(2.156e-04,)][eta: 2:08:28, time (data): 0.270 (0.043)]l_bij: 3.8032e+01 l_orth: 5.4306e+01 l_diff: 1.4184e+01 l_align: 5.0796e+01 l_total: 1.5732e+02 
2026-05-22 05:24:56,232 INFO: [scape..][epoch: 24, iter:  59,900, lr:(2.156e-04,)][eta: 2:08:19, time (data): 0.374 (0.041)]l_bij: 3.2231e+01 l_orth: 4.6738e+01 l_diff: 1.1169e+01 l_align: 4.3685e+01 l_total: 1.3382e+02 
2026-05-22 05:25:01,477 INFO: [scape..][epoch: 24, iter:  59,920, lr:(2.156e-04,)][eta: 2:08:10, time (data): 0.272 (0.041)]l_bij: 3.1766e+01 l_orth: 4.9692e+01 l_diff: 1.3248e+01 l_align: 4.7281e+01 l_total: 1.4199e+02 
2026-05-22 05:25:07,872 INFO: [scape..][epoch: 24, iter:  59,940, lr:(2.156e-04,)][eta: 2:08:00, time (data): 0.295 (0.039)]l_bij: 2.5250e+01 l_orth: 4.3295e+01 l_diff: 1.3081e+01 l_align: 4.3365e+01 l_total: 1.2499e+02 
2026-05-22 05:25:13,490 INFO: [scape..][epoch: 24, iter:  59,960, lr:(2.156e-04,)][eta: 2:07:51, time (data): 0.290 (0.038)]l_bij: 3.7912e+01 l_orth: 5.2784e+01 l_diff: 1.3926e+01 l_align: 4.9627e+01 l_total: 1.5425e+02 
2026-05-22 05:25:18,841 INFO: [scape..][epoch: 24, iter:  59,980, lr:(2.156e-04,)][eta: 2:07:42, time (data): 0.285 (0.038)]l_bij: 4.4553e+01 l_orth: 5.9960e+01 l_diff: 1.5380e+01 l_align: 5.1696e+01 l_total: 1.7159e+02 
2026-05-22 05:25:23,975 INFO: [scape..][epoch: 24, iter:  60,000, lr:(2.156e-04,)][eta: 2:07:32, time (data): 0.279 (0.038)]l_bij: 3.3647e+01 l_orth: 5.2458e+01 l_diff: 1.2271e+01 l_align: 4.7048e+01 l_total: 1.4542e+02 
2026-05-22 05:25:23,976 INFO: Saving models and training states.
2026-05-22 05:25:23,995 INFO: Start validation.
2026-05-22 05:28:54,284 INFO: Avg time: 0.1703
2026-05-22 05:28:54,490 INFO: Val auc: 0.8121
2026-05-22 05:28:54,496 INFO: Val avg error: 0.0188
2026-05-22 05:29:00,311 INFO: [scape..][epoch: 24, iter:  60,020, lr:(2.156e-04,)][eta: 2:08:26, time (data): 0.280 (0.038)]l_bij: 3.4129e+01 l_orth: 5.1808e+01 l_diff: 1.1162e+01 l_align: 4.7354e+01 l_total: 1.4445e+02 
2026-05-22 05:29:07,008 INFO: [scape..][epoch: 24, iter:  60,040, lr:(2.156e-04,)][eta: 2:08:17, time (data): 0.288 (0.039)]l_bij: 2.2299e+01 l_orth: 4.2016e+01 l_diff: 1.2386e+01 l_align: 4.0622e+01 l_total: 1.1732e+02 
2026-05-22 05:29:12,956 INFO: [scape..][epoch: 24, iter:  60,060, lr:(2.156e-04,)][eta: 2:08:08, time (data): 0.289 (0.038)]l_bij: 4.3447e+01 l_orth: 5.8837e+01 l_diff: 1.4336e+01 l_align: 5.3316e+01 l_total: 1.6994e+02 
2026-05-22 05:29:18,507 INFO: [scape..][epoch: 24, iter:  60,080, lr:(2.156e-04,)][eta: 2:07:58, time (data): 0.288 (0.038)]l_bij: 1.9952e+01 l_orth: 4.0899e+01 l_diff: 1.4432e+01 l_align: 4.2235e+01 l_total: 1.1752e+02 
2026-05-22 05:29:26,264 INFO: [scape..][epoch: 24, iter:  60,100, lr:(2.156e-04,)][eta: 2:07:49, time (data): 0.207 (0.041)]l_bij: 2.2213e+01 l_orth: 4.3134e+01 l_diff: 1.3772e+01 l_align: 4.4780e+01 l_total: 1.2390e+02 
2026-05-22 05:29:31,051 INFO: [scape..][epoch: 24, iter:  60,120, lr:(2.156e-04,)][eta: 2:07:40, time (data): 0.238 (0.038)]l_bij: 3.0036e+01 l_orth: 4.7992e+01 l_diff: 1.2684e+01 l_align: 4.6501e+01 l_total: 1.3721e+02 
2026-05-22 05:29:36,172 INFO: [scape..][epoch: 24, iter:  60,140, lr:(2.156e-04,)][eta: 2:07:30, time (data): 0.247 (0.038)]l_bij: 3.1531e+01 l_orth: 5.0489e+01 l_diff: 1.7484e+01 l_align: 4.7681e+01 l_total: 1.4719e+02 
2026-05-22 05:29:43,209 INFO: [scape..][epoch: 24, iter:  60,160, lr:(2.156e-04,)][eta: 2:07:21, time (data): 0.281 (0.039)]l_bij: 4.4785e+01 l_orth: 5.8113e+01 l_diff: 1.2233e+01 l_align: 4.7473e+01 l_total: 1.6260e+02 
2026-05-22 05:29:48,628 INFO: [scape..][epoch: 24, iter:  60,180, lr:(2.156e-04,)][eta: 2:07:12, time (data): 0.279 (0.038)]l_bij: 2.9249e+01 l_orth: 4.8673e+01 l_diff: 1.6006e+01 l_align: 4.8604e+01 l_total: 1.4253e+02 
2026-05-22 05:29:54,375 INFO: [scape..][epoch: 24, iter:  60,200, lr:(2.156e-04,)][eta: 2:07:02, time (data): 0.280 (0.038)]l_bij: 3.2798e+01 l_orth: 4.9191e+01 l_diff: 1.4832e+01 l_align: 4.5718e+01 l_total: 1.4254e+02 
2026-05-22 05:29:59,714 INFO: [scape..][epoch: 24, iter:  60,220, lr:(2.156e-04,)][eta: 2:06:53, time (data): 0.278 (0.038)]l_bij: 2.8192e+01 l_orth: 4.6233e+01 l_diff: 1.0590e+01 l_align: 4.2749e+01 l_total: 1.2776e+02 
2026-05-22 05:30:06,726 INFO: [scape..][epoch: 24, iter:  60,240, lr:(2.156e-04,)][eta: 2:06:44, time (data): 0.288 (0.039)]l_bij: 2.1867e+01 l_orth: 4.6497e+01 l_diff: 1.4197e+01 l_align: 4.6802e+01 l_total: 1.2936e+02 
2026-05-22 05:30:11,607 INFO: [scape..][epoch: 24, iter:  60,260, lr:(2.156e-04,)][eta: 2:06:34, time (data): 0.283 (0.039)]l_bij: 3.7032e+01 l_orth: 5.4262e+01 l_diff: 1.4995e+01 l_align: 5.0791e+01 l_total: 1.5708e+02 
2026-05-22 05:30:17,578 INFO: [scape..][epoch: 24, iter:  60,280, lr:(2.156e-04,)][eta: 2:06:25, time (data): 0.285 (0.039)]l_bij: 3.2730e+01 l_orth: 5.1353e+01 l_diff: 1.2015e+01 l_align: 4.8531e+01 l_total: 1.4463e+02 
2026-05-22 05:30:24,011 INFO: [scape..][epoch: 24, iter:  60,300, lr:(2.156e-04,)][eta: 2:06:16, time (data): 0.288 (0.039)]l_bij: 4.1077e+01 l_orth: 5.5769e+01 l_diff: 1.4252e+01 l_align: 4.6813e+01 l_total: 1.5791e+02 
2026-05-22 05:30:29,274 INFO: [scape..][epoch: 24, iter:  60,320, lr:(2.156e-04,)][eta: 2:06:06, time (data): 0.263 (0.039)]l_bij: 2.8058e+01 l_orth: 4.7263e+01 l_diff: 1.3675e+01 l_align: 4.4694e+01 l_total: 1.3369e+02 
2026-05-22 05:30:35,221 INFO: [scape..][epoch: 24, iter:  60,340, lr:(2.156e-04,)][eta: 2:05:57, time (data): 0.280 (0.039)]l_bij: 2.9820e+01 l_orth: 4.9035e+01 l_diff: 1.3333e+01 l_align: 4.5826e+01 l_total: 1.3801e+02 
2026-05-22 05:30:40,788 INFO: [scape..][epoch: 24, iter:  60,360, lr:(2.156e-04,)][eta: 2:05:47, time (data): 0.280 (0.039)]l_bij: 1.2474e+01 l_orth: 3.5352e+01 l_diff: 1.2794e+01 l_align: 4.0619e+01 l_total: 1.0124e+02 
2026-05-22 05:30:47,126 INFO: [scape..][epoch: 24, iter:  60,380, lr:(2.156e-04,)][eta: 2:05:38, time (data): 0.289 (0.039)]l_bij: 1.6079e+01 l_orth: 3.9706e+01 l_diff: 1.4230e+01 l_align: 4.4058e+01 l_total: 1.1407e+02 
2026-05-22 05:30:53,511 INFO: [scape..][epoch: 24, iter:  60,400, lr:(2.156e-04,)][eta: 2:05:29, time (data): 0.295 (0.039)]l_bij: 4.1385e+01 l_orth: 5.5399e+01 l_diff: 1.1390e+01 l_align: 4.9662e+01 l_total: 1.5784e+02 
2026-05-22 05:31:00,936 INFO: [scape..][epoch: 24, iter:  60,420, lr:(2.156e-04,)][eta: 2:05:20, time (data): 0.308 (0.039)]l_bij: 5.5313e+01 l_orth: 7.1015e+01 l_diff: 1.9984e+01 l_align: 6.2557e+01 l_total: 2.0887e+02 
2026-05-22 05:31:06,569 INFO: [scape..][epoch: 24, iter:  60,440, lr:(2.156e-04,)][eta: 2:05:11, time (data): 0.304 (0.039)]l_bij: 5.1472e+01 l_orth: 6.4549e+01 l_diff: 1.5402e+01 l_align: 5.6855e+01 l_total: 1.8828e+02 
2026-05-22 05:31:11,940 INFO: [scape..][epoch: 24, iter:  60,460, lr:(2.156e-04,)][eta: 2:05:01, time (data): 0.299 (0.039)]l_bij: 2.1273e+01 l_orth: 4.0439e+01 l_diff: 1.4174e+01 l_align: 4.0947e+01 l_total: 1.1683e+02 
2026-05-22 05:31:17,708 INFO: [scape..][epoch: 24, iter:  60,480, lr:(2.156e-04,)][eta: 2:04:52, time (data): 0.298 (0.039)]l_bij: 1.4348e+01 l_orth: 3.8658e+01 l_diff: 1.4726e+01 l_align: 4.3823e+01 l_total: 1.1155e+02 
2026-05-22 05:31:23,238 INFO: [scape..][epoch: 24, iter:  60,500, lr:(2.156e-04,)][eta: 2:04:43, time (data): 0.296 (0.039)]l_bij: 3.9017e+01 l_orth: 5.3248e+01 l_diff: 1.6083e+01 l_align: 4.7059e+01 l_total: 1.5541e+02 
2026-05-22 05:31:29,260 INFO: [scape..][epoch: 24, iter:  60,520, lr:(2.156e-04,)][eta: 2:04:33, time (data): 0.305 (0.038)]l_bij: 1.6870e+01 l_orth: 3.9586e+01 l_diff: 1.0430e+01 l_align: 4.4174e+01 l_total: 1.1106e+02 
2026-05-22 05:31:34,651 INFO: [scape..][epoch: 24, iter:  60,540, lr:(2.156e-04,)][eta: 2:04:24, time (data): 0.287 (0.040)]l_bij: 3.2181e+01 l_orth: 4.9001e+01 l_diff: 1.3996e+01 l_align: 4.8155e+01 l_total: 1.4333e+02 
2026-05-22 05:31:41,123 INFO: [scape..][epoch: 24, iter:  60,560, lr:(2.156e-04,)][eta: 2:04:15, time (data): 0.299 (0.040)]l_bij: 3.2395e+01 l_orth: 4.9666e+01 l_diff: 1.2408e+01 l_align: 4.4840e+01 l_total: 1.3931e+02 
2026-05-22 05:31:47,186 INFO: [scape..][epoch: 24, iter:  60,580, lr:(2.156e-04,)][eta: 2:04:05, time (data): 0.300 (0.040)]l_bij: 3.5136e+01 l_orth: 4.9112e+01 l_diff: 1.7541e+01 l_align: 4.5443e+01 l_total: 1.4723e+02 
2026-05-22 05:31:52,480 INFO: [scape..][epoch: 24, iter:  60,600, lr:(2.156e-04,)][eta: 2:03:56, time (data): 0.293 (0.039)]l_bij: 2.8147e+01 l_orth: 4.7944e+01 l_diff: 1.0067e+01 l_align: 4.4183e+01 l_total: 1.3034e+02 
2026-05-22 05:31:58,121 INFO: [scape..][epoch: 24, iter:  60,620, lr:(2.156e-04,)][eta: 2:03:47, time (data): 0.291 (0.039)]l_bij: 2.4478e+01 l_orth: 4.3338e+01 l_diff: 1.4420e+01 l_align: 4.4226e+01 l_total: 1.2646e+02 
2026-05-22 05:32:03,810 INFO: [scape..][epoch: 24, iter:  60,640, lr:(2.156e-04,)][eta: 2:03:37, time (data): 0.290 (0.039)]l_bij: 1.6050e+01 l_orth: 3.8338e+01 l_diff: 1.1614e+01 l_align: 4.2897e+01 l_total: 1.0890e+02 
2026-05-22 05:32:09,730 INFO: [scape..][epoch: 24, iter:  60,660, lr:(2.156e-04,)][eta: 2:03:28, time (data): 0.291 (0.039)]l_bij: 1.2326e+01 l_orth: 3.4617e+01 l_diff: 1.2279e+01 l_align: 3.8963e+01 l_total: 9.8185e+01 
2026-05-22 05:32:15,412 INFO: [scape..][epoch: 24, iter:  60,680, lr:(2.156e-04,)][eta: 2:03:19, time (data): 0.290 (0.039)]l_bij: 4.1192e+01 l_orth: 5.8684e+01 l_diff: 1.4167e+01 l_align: 5.0998e+01 l_total: 1.6504e+02 
2026-05-22 05:32:20,471 INFO: [scape..][epoch: 24, iter:  60,700, lr:(2.156e-04,)][eta: 2:03:09, time (data): 0.286 (0.039)]l_bij: 3.3115e+01 l_orth: 4.9963e+01 l_diff: 1.4449e+01 l_align: 4.8509e+01 l_total: 1.4604e+02 
2026-05-22 05:32:25,910 INFO: [scape..][epoch: 24, iter:  60,720, lr:(2.156e-04,)][eta: 2:03:00, time (data): 0.257 (0.040)]l_bij: 2.4990e+01 l_orth: 4.3264e+01 l_diff: 1.5246e+01 l_align: 4.1289e+01 l_total: 1.2479e+02 
2026-05-22 05:32:31,183 INFO: [scape..][epoch: 24, iter:  60,740, lr:(2.156e-04,)][eta: 2:02:50, time (data): 0.260 (0.037)]l_bij: 3.5094e+01 l_orth: 5.1924e+01 l_diff: 1.5101e+01 l_align: 4.6496e+01 l_total: 1.4862e+02 
2026-05-22 05:32:36,926 INFO: [scape..][epoch: 24, iter:  60,760, lr:(2.156e-04,)][eta: 2:02:41, time (data): 0.270 (0.038)]l_bij: 1.8205e+01 l_orth: 3.8786e+01 l_diff: 1.0225e+01 l_align: 4.1556e+01 l_total: 1.0877e+02 
2026-05-22 05:32:43,050 INFO: [scape..][epoch: 24, iter:  60,780, lr:(2.156e-04,)][eta: 2:02:32, time (data): 0.279 (0.039)]l_bij: 2.7856e+01 l_orth: 4.3464e+01 l_diff: 1.1264e+01 l_align: 4.1453e+01 l_total: 1.2404e+02 
2026-05-22 05:32:48,491 INFO: [scape..][epoch: 24, iter:  60,800, lr:(2.156e-04,)][eta: 2:02:22, time (data): 0.278 (0.039)]l_bij: 2.3228e+01 l_orth: 4.2694e+01 l_diff: 1.4675e+01 l_align: 4.5860e+01 l_total: 1.2646e+02 
2026-05-22 05:32:55,135 INFO: [scape..][epoch: 24, iter:  60,820, lr:(2.156e-04,)][eta: 2:02:13, time (data): 0.287 (0.039)]l_bij: 3.0827e+01 l_orth: 4.7270e+01 l_diff: 1.1949e+01 l_align: 4.5115e+01 l_total: 1.3516e+02 
2026-05-22 05:32:59,644 INFO: [scape..][epoch: 24, iter:  60,840, lr:(2.156e-04,)][eta: 2:02:04, time (data): 0.278 (0.039)]l_bij: 3.1734e+01 l_orth: 4.9394e+01 l_diff: 1.6031e+01 l_align: 4.5364e+01 l_total: 1.4252e+02 
2026-05-22 05:33:04,336 INFO: [scape..][epoch: 24, iter:  60,860, lr:(2.156e-04,)][eta: 2:01:54, time (data): 0.272 (0.039)]l_bij: 1.8497e+01 l_orth: 4.0286e+01 l_diff: 1.1508e+01 l_align: 4.2072e+01 l_total: 1.1236e+02 
2026-05-22 05:33:09,969 INFO: [scape..][epoch: 24, iter:  60,880, lr:(2.156e-04,)][eta: 2:01:45, time (data): 0.273 (0.040)]l_bij: 3.4942e+01 l_orth: 5.0872e+01 l_diff: 1.6835e+01 l_align: 4.3094e+01 l_total: 1.4574e+02 
2026-05-22 05:33:16,365 INFO: [scape..][epoch: 24, iter:  60,900, lr:(2.156e-04,)][eta: 2:01:36, time (data): 0.278 (0.040)]l_bij: 2.6940e+01 l_orth: 4.7229e+01 l_diff: 1.6075e+01 l_align: 4.7296e+01 l_total: 1.3754e+02 
2026-05-22 05:33:22,231 INFO: [scape..][epoch: 24, iter:  60,920, lr:(2.156e-04,)][eta: 2:01:26, time (data): 0.299 (0.039)]l_bij: 7.7973e-01 l_orth: 2.4868e+01 l_diff: 1.0716e+01 l_align: 3.8347e+01 l_total: 7.4711e+01 
2026-05-22 05:33:28,243 INFO: [scape..][epoch: 24, iter:  60,940, lr:(2.156e-04,)][eta: 2:01:17, time (data): 0.300 (0.038)]l_bij: 3.5468e+01 l_orth: 5.0927e+01 l_diff: 1.4388e+01 l_align: 4.5353e+01 l_total: 1.4614e+02 
2026-05-22 05:33:34,367 INFO: [scape..][epoch: 24, iter:  60,960, lr:(2.156e-04,)][eta: 2:01:08, time (data): 0.302 (0.037)]l_bij: 3.5051e+01 l_orth: 5.1125e+01 l_diff: 1.6748e+01 l_align: 4.8729e+01 l_total: 1.5165e+02 
2026-05-22 05:33:40,462 INFO: [scape..][epoch: 24, iter:  60,980, lr:(2.156e-04,)][eta: 2:00:59, time (data): 0.303 (0.039)]l_bij: 3.8337e+01 l_orth: 5.3501e+01 l_diff: 1.4072e+01 l_align: 4.9343e+01 l_total: 1.5525e+02 
2026-05-22 05:33:46,562 INFO: [scape..][epoch: 24, iter:  61,000, lr:(2.156e-04,)][eta: 2:00:50, time (data): 0.303 (0.039)]l_bij: 3.7558e+01 l_orth: 5.3136e+01 l_diff: 1.6159e+01 l_align: 4.8490e+01 l_total: 1.5534e+02 
2026-05-22 05:33:53,373 INFO: [scape..][epoch: 24, iter:  61,020, lr:(2.156e-04,)][eta: 2:00:41, time (data): 0.310 (0.038)]l_bij: 2.8935e+01 l_orth: 4.7232e+01 l_diff: 1.4241e+01 l_align: 4.9259e+01 l_total: 1.3967e+02 
2026-05-22 05:33:58,386 INFO: [scape..][epoch: 24, iter:  61,040, lr:(2.156e-04,)][eta: 2:00:31, time (data): 0.301 (0.038)]l_bij: 1.6431e+01 l_orth: 3.7127e+01 l_diff: 1.4836e+01 l_align: 4.0557e+01 l_total: 1.0895e+02 
2026-05-22 05:34:04,666 INFO: [scape..][epoch: 24, iter:  61,060, lr:(2.156e-04,)][eta: 2:00:22, time (data): 0.303 (0.038)]l_bij: 3.2952e+01 l_orth: 4.9353e+01 l_diff: 1.4289e+01 l_align: 4.3670e+01 l_total: 1.4026e+02 
2026-05-22 05:34:11,334 INFO: [scape..][epoch: 24, iter:  61,080, lr:(2.156e-04,)][eta: 2:00:13, time (data): 0.306 (0.038)]l_bij: 3.5372e+01 l_orth: 4.9449e+01 l_diff: 1.3175e+01 l_align: 4.4265e+01 l_total: 1.4226e+02 
2026-05-22 05:34:17,397 INFO: [scape..][epoch: 24, iter:  61,100, lr:(2.156e-04,)][eta: 2:00:04, time (data): 0.306 (0.038)]l_bij: 1.1657e+01 l_orth: 3.4197e+01 l_diff: 1.2794e+01 l_align: 4.1514e+01 l_total: 1.0016e+02 
2026-05-22 05:34:23,433 INFO: [scape..][epoch: 24, iter:  61,120, lr:(2.156e-04,)][eta: 1:59:55, time (data): 0.315 (0.042)]l_bij: 3.9827e+01 l_orth: 5.3607e+01 l_diff: 1.4133e+01 l_align: 4.8313e+01 l_total: 1.5588e+02 
2026-05-22 05:34:29,220 INFO: [scape..][epoch: 24, iter:  61,140, lr:(2.156e-04,)][eta: 1:59:45, time (data): 0.301 (0.040)]l_bij: 1.5353e+01 l_orth: 3.5854e+01 l_diff: 1.3141e+01 l_align: 4.0278e+01 l_total: 1.0463e+02 
2026-05-22 05:34:35,393 INFO: [scape..][epoch: 24, iter:  61,160, lr:(2.156e-04,)][eta: 1:59:36, time (data): 0.304 (0.040)]l_bij: 2.6730e+01 l_orth: 4.7338e+01 l_diff: 1.1095e+01 l_align: 4.7223e+01 l_total: 1.3239e+02 
2026-05-22 05:34:41,443 INFO: [scape..][epoch: 24, iter:  61,180, lr:(2.156e-04,)][eta: 1:59:27, time (data): 0.303 (0.039)]l_bij: 1.7629e+01 l_orth: 4.0538e+01 l_diff: 1.4449e+01 l_align: 4.2304e+01 l_total: 1.1492e+02 
2026-05-22 05:34:47,436 INFO: [scape..][epoch: 24, iter:  61,200, lr:(2.156e-04,)][eta: 1:59:18, time (data): 0.303 (0.038)]l_bij: 2.9578e+01 l_orth: 4.7287e+01 l_diff: 1.6230e+01 l_align: 4.4792e+01 l_total: 1.3789e+02 
2026-05-22 05:34:53,138 INFO: [scape..][epoch: 24, iter:  61,220, lr:(2.156e-04,)][eta: 1:59:08, time (data): 0.300 (0.039)]l_bij: 2.8452e+01 l_orth: 4.7168e+01 l_diff: 1.2846e+01 l_align: 4.4628e+01 l_total: 1.3309e+02 
2026-05-22 05:34:58,298 INFO: [scape..][epoch: 24, iter:  61,240, lr:(2.156e-04,)][eta: 1:58:59, time (data): 0.293 (0.039)]l_bij: 2.8057e+01 l_orth: 4.8178e+01 l_diff: 1.1718e+01 l_align: 4.5805e+01 l_total: 1.3376e+02 
2026-05-22 05:35:04,880 INFO: [scape..][epoch: 24, iter:  61,260, lr:(2.156e-04,)][eta: 1:58:50, time (data): 0.298 (0.039)]l_bij: 2.3941e+01 l_orth: 4.1127e+01 l_diff: 1.2941e+01 l_align: 4.3346e+01 l_total: 1.2135e+02 
2026-05-22 05:35:10,640 INFO: [scape..][epoch: 24, iter:  61,280, lr:(2.156e-04,)][eta: 1:58:41, time (data): 0.297 (0.039)]l_bij: 4.1772e+01 l_orth: 5.5030e+01 l_diff: 1.3478e+01 l_align: 4.6459e+01 l_total: 1.5674e+02 
2026-05-22 05:35:17,437 INFO: [scape..][epoch: 24, iter:  61,300, lr:(2.156e-04,)][eta: 1:58:32, time (data): 0.301 (0.039)]l_bij: 2.6131e+01 l_orth: 4.3288e+01 l_diff: 1.2918e+01 l_align: 4.2492e+01 l_total: 1.2483e+02 
2026-05-22 05:35:22,267 INFO: [scape..][epoch: 24, iter:  61,320, lr:(2.156e-04,)][eta: 1:58:22, time (data): 0.230 (0.041)]l_bij: 1.7439e+01 l_orth: 3.9251e+01 l_diff: 1.1169e+01 l_align: 3.9090e+01 l_total: 1.0695e+02 
2026-05-22 05:35:27,430 INFO: [scape..][epoch: 24, iter:  61,340, lr:(2.156e-04,)][eta: 1:58:13, time (data): 0.246 (0.041)]l_bij: 2.1138e+01 l_orth: 4.1456e+01 l_diff: 1.2239e+01 l_align: 4.4234e+01 l_total: 1.1907e+02 
2026-05-22 05:35:33,652 INFO: [scape..][epoch: 24, iter:  61,360, lr:(2.156e-04,)][eta: 1:58:04, time (data): 0.270 (0.042)]l_bij: 2.4844e+01 l_orth: 4.3810e+01 l_diff: 1.8726e+01 l_align: 4.5441e+01 l_total: 1.3282e+02 
2026-05-22 05:35:39,358 INFO: [scape..][epoch: 24, iter:  61,380, lr:(2.156e-04,)][eta: 1:57:54, time (data): 0.274 (0.041)]l_bij: 1.8101e+01 l_orth: 4.1119e+01 l_diff: 1.0093e+01 l_align: 4.3301e+01 l_total: 1.1261e+02 
2026-05-22 05:35:45,379 INFO: [scape..][epoch: 24, iter:  61,400, lr:(2.156e-04,)][eta: 1:57:45, time (data): 0.280 (0.040)]l_bij: 2.8999e+01 l_orth: 4.5385e+01 l_diff: 1.2760e+01 l_align: 4.5195e+01 l_total: 1.3234e+02 
2026-05-22 05:35:49,646 INFO: [scape..][epoch: 24, iter:  61,420, lr:(2.156e-04,)][eta: 1:57:36, time (data): 0.268 (0.041)]l_bij: 2.5189e+01 l_orth: 4.7157e+01 l_diff: 1.3929e+01 l_align: 4.8049e+01 l_total: 1.3432e+02 
2026-05-22 05:35:55,702 INFO: [scape..][epoch: 24, iter:  61,440, lr:(2.156e-04,)][eta: 1:57:27, time (data): 0.273 (0.041)]l_bij: 1.9541e+01 l_orth: 4.1748e+01 l_diff: 1.5630e+01 l_align: 4.3887e+01 l_total: 1.2081e+02 
2026-05-22 05:36:02,103 INFO: [scape..][epoch: 24, iter:  61,460, lr:(2.156e-04,)][eta: 1:57:17, time (data): 0.279 (0.041)]l_bij: 2.5043e+01 l_orth: 4.4695e+01 l_diff: 1.2914e+01 l_align: 4.5327e+01 l_total: 1.2798e+02 
2026-05-22 05:36:08,109 INFO: [scape..][epoch: 24, iter:  61,480, lr:(2.156e-04,)][eta: 1:57:08, time (data): 0.282 (0.040)]l_bij: 1.7781e+01 l_orth: 4.1695e+01 l_diff: 1.4101e+01 l_align: 4.5341e+01 l_total: 1.1892e+02 
2026-05-22 05:36:14,083 INFO: [scape..][epoch: 24, iter:  61,500, lr:(2.156e-04,)][eta: 1:56:59, time (data): 0.283 (0.040)]l_bij: 2.3459e+01 l_orth: 4.2172e+01 l_diff: 1.4739e+01 l_align: 4.4846e+01 l_total: 1.2522e+02 
2026-05-22 05:36:19,958 INFO: [scape..][epoch: 24, iter:  61,520, lr:(2.156e-04,)][eta: 1:56:50, time (data): 0.295 (0.041)]l_bij: 2.6077e+01 l_orth: 4.6699e+01 l_diff: 1.4596e+01 l_align: 4.6541e+01 l_total: 1.3391e+02 
2026-05-22 05:36:25,381 INFO: [scape..][epoch: 24, iter:  61,540, lr:(2.156e-04,)][eta: 1:56:41, time (data): 0.281 (0.041)]l_bij: 1.2577e+01 l_orth: 3.6066e+01 l_diff: 1.3174e+01 l_align: 3.9445e+01 l_total: 1.0126e+02 
2026-05-22 05:36:30,798 INFO: [scape..][epoch: 24, iter:  61,560, lr:(2.156e-04,)][eta: 1:56:31, time (data): 0.277 (0.040)]l_bij: 2.3801e+01 l_orth: 4.5755e+01 l_diff: 1.5525e+01 l_align: 4.6373e+01 l_total: 1.3145e+02 
2026-05-22 05:36:37,720 INFO: [scape..][epoch: 24, iter:  61,580, lr:(2.156e-04,)][eta: 1:56:22, time (data): 0.296 (0.040)]l_bij: 2.1269e+01 l_orth: 4.1759e+01 l_diff: 1.4021e+01 l_align: 4.2372e+01 l_total: 1.1942e+02 
2026-05-22 05:36:44,046 INFO: [scape..][epoch: 24, iter:  61,600, lr:(2.156e-04,)][eta: 1:56:13, time (data): 0.300 (0.040)]l_bij: 1.2626e+01 l_orth: 3.4370e+01 l_diff: 1.0657e+01 l_align: 4.0954e+01 l_total: 9.8608e+01 
2026-05-22 05:36:50,373 INFO: [scape..][epoch: 24, iter:  61,620, lr:(2.156e-04,)][eta: 1:56:04, time (data): 0.303 (0.040)]l_bij: 2.7588e+01 l_orth: 4.5278e+01 l_diff: 1.6552e+01 l_align: 4.2717e+01 l_total: 1.3213e+02 
2026-05-22 05:36:56,172 INFO: [scape..][epoch: 24, iter:  61,640, lr:(2.156e-04,)][eta: 1:55:55, time (data): 0.301 (0.039)]l_bij: 4.5004e+01 l_orth: 5.7024e+01 l_diff: 1.4311e+01 l_align: 4.9719e+01 l_total: 1.6606e+02 
2026-05-22 05:37:01,776 INFO: [scape..][epoch: 24, iter:  61,660, lr:(2.156e-04,)][eta: 1:55:46, time (data): 0.298 (0.040)]l_bij: 3.4128e+01 l_orth: 5.1313e+01 l_diff: 1.4678e+01 l_align: 4.8121e+01 l_total: 1.4824e+02 
2026-05-22 05:37:07,912 INFO: [scape..][epoch: 24, iter:  61,680, lr:(2.156e-04,)][eta: 1:55:37, time (data): 0.299 (0.040)]l_bij: 1.8377e+01 l_orth: 4.1306e+01 l_diff: 1.3825e+01 l_align: 4.3742e+01 l_total: 1.1725e+02 
2026-05-22 05:37:13,175 INFO: [scape..][epoch: 24, iter:  61,700, lr:(2.156e-04,)][eta: 1:55:27, time (data): 0.296 (0.040)]l_bij: 4.4605e+01 l_orth: 5.8153e+01 l_diff: 1.5237e+01 l_align: 5.3285e+01 l_total: 1.7128e+02 
2026-05-22 05:37:19,521 INFO: [scape..][epoch: 24, iter:  61,720, lr:(2.156e-04,)][eta: 1:55:18, time (data): 0.302 (0.039)]l_bij: 9.2394e+00 l_orth: 3.3960e+01 l_diff: 1.0450e+01 l_align: 4.0382e+01 l_total: 9.4032e+01 
2026-05-22 05:37:25,214 INFO: [scape..][epoch: 24, iter:  61,740, lr:(2.156e-04,)][eta: 1:55:09, time (data): 0.291 (0.036)]l_bij: 3.6908e+01 l_orth: 5.3409e+01 l_diff: 1.4184e+01 l_align: 4.8570e+01 l_total: 1.5307e+02 
2026-05-22 05:37:31,171 INFO: [scape..][epoch: 24, iter:  61,760, lr:(2.156e-04,)][eta: 1:55:00, time (data): 0.294 (0.039)]l_bij: 2.0757e+01 l_orth: 4.4733e+01 l_diff: 1.5670e+01 l_align: 4.7255e+01 l_total: 1.2842e+02 
2026-05-22 05:37:37,101 INFO: [scape..][epoch: 24, iter:  61,780, lr:(2.156e-04,)][eta: 1:54:51, time (data): 0.294 (0.039)]l_bij: 2.6579e+01 l_orth: 4.4518e+01 l_diff: 1.2731e+01 l_align: 4.3923e+01 l_total: 1.2775e+02 
2026-05-22 05:37:43,141 INFO: [scape..][epoch: 24, iter:  61,800, lr:(2.156e-04,)][eta: 1:54:42, time (data): 0.296 (0.040)]l_bij: 3.8994e+01 l_orth: 5.5889e+01 l_diff: 1.4017e+01 l_align: 5.0583e+01 l_total: 1.5948e+02 
2026-05-22 05:37:48,517 INFO: [scape..][epoch: 24, iter:  61,820, lr:(2.156e-04,)][eta: 1:54:32, time (data): 0.291 (0.040)]l_bij: 1.7987e+01 l_orth: 4.0885e+01 l_diff: 1.2780e+01 l_align: 4.3521e+01 l_total: 1.1517e+02 
2026-05-22 05:37:54,058 INFO: [scape..][epoch: 24, iter:  61,840, lr:(2.156e-04,)][eta: 1:54:23, time (data): 0.289 (0.040)]l_bij: 2.2441e+01 l_orth: 4.5226e+01 l_diff: 1.3115e+01 l_align: 4.5949e+01 l_total: 1.2673e+02 
2026-05-22 05:38:00,217 INFO: [scape..][epoch: 24, iter:  61,860, lr:(2.156e-04,)][eta: 1:54:14, time (data): 0.292 (0.040)]l_bij: 1.7889e+01 l_orth: 3.9856e+01 l_diff: 1.3627e+01 l_align: 4.3854e+01 l_total: 1.1523e+02 
2026-05-22 05:38:05,740 INFO: [scape..][epoch: 24, iter:  61,880, lr:(2.156e-04,)][eta: 1:54:05, time (data): 0.290 (0.040)]l_bij: 6.0096e+01 l_orth: 7.2220e+01 l_diff: 1.5005e+01 l_align: 5.9184e+01 l_total: 2.0650e+02 
2026-05-22 05:38:11,032 INFO: [scape..][epoch: 24, iter:  61,900, lr:(2.156e-04,)][eta: 1:53:55, time (data): 0.287 (0.040)]l_bij: 2.3596e+01 l_orth: 4.6111e+01 l_diff: 1.6554e+01 l_align: 4.5966e+01 l_total: 1.3223e+02 
2026-05-22 05:38:16,125 INFO: [scape..][epoch: 24, iter:  61,920, lr:(2.156e-04,)][eta: 1:53:46, time (data): 0.275 (0.040)]l_bij: 2.7796e+01 l_orth: 4.6817e+01 l_diff: 1.1425e+01 l_align: 4.8071e+01 l_total: 1.3411e+02 
2026-05-22 05:38:22,985 INFO: [scape..][epoch: 24, iter:  61,940, lr:(2.156e-04,)][eta: 1:53:37, time (data): 0.318 (0.037)]l_bij: 2.3758e+01 l_orth: 4.1780e+01 l_diff: 1.2070e+01 l_align: 4.2152e+01 l_total: 1.1976e+02 
2026-05-22 05:38:28,484 INFO: [scape..][epoch: 24, iter:  61,960, lr:(2.156e-04,)][eta: 1:53:28, time (data): 0.301 (0.038)]l_bij: 2.9406e+01 l_orth: 4.7541e+01 l_diff: 1.3843e+01 l_align: 4.6828e+01 l_total: 1.3762e+02 
2026-05-22 05:38:35,092 INFO: [scape..][epoch: 24, iter:  61,980, lr:(2.156e-04,)][eta: 1:53:19, time (data): 0.309 (0.039)]l_bij: 1.2747e+01 l_orth: 3.4739e+01 l_diff: 1.2620e+01 l_align: 4.0098e+01 l_total: 1.0020e+02 
2026-05-22 05:38:40,514 INFO: [scape..][epoch: 24, iter:  62,000, lr:(2.156e-04,)][eta: 1:53:10, time (data): 0.301 (0.040)]l_bij: 3.4448e+01 l_orth: 5.2265e+01 l_diff: 1.6015e+01 l_align: 4.7242e+01 l_total: 1.4997e+02 
2026-05-22 05:38:47,390 INFO: [scape..][epoch: 24, iter:  62,020, lr:(2.156e-04,)][eta: 1:53:01, time (data): 0.309 (0.040)]l_bij: 1.9712e+01 l_orth: 3.9713e+01 l_diff: 1.4173e+01 l_align: 4.3776e+01 l_total: 1.1737e+02 
2026-05-22 05:38:54,548 INFO: [scape..][epoch: 24, iter:  62,040, lr:(2.156e-04,)][eta: 1:52:52, time (data): 0.316 (0.039)]l_bij: 2.1473e+01 l_orth: 4.4538e+01 l_diff: 1.2177e+01 l_align: 4.5031e+01 l_total: 1.2322e+02 
2026-05-22 05:38:59,976 INFO: [scape..][epoch: 24, iter:  62,060, lr:(2.156e-04,)][eta: 1:52:43, time (data): 0.310 (0.039)]l_bij: 2.3813e+01 l_orth: 4.2070e+01 l_diff: 1.3987e+01 l_align: 4.4110e+01 l_total: 1.2398e+02 
2026-05-22 05:39:07,248 INFO: [scape..][epoch: 24, iter:  62,080, lr:(2.156e-04,)][eta: 1:52:34, time (data): 0.316 (0.039)]l_bij: 3.2492e+01 l_orth: 4.9597e+01 l_diff: 1.4007e+01 l_align: 4.4850e+01 l_total: 1.4095e+02 
2026-05-22 05:39:13,506 INFO: [scape..][epoch: 24, iter:  62,100, lr:(2.156e-04,)][eta: 1:52:25, time (data): 0.316 (0.039)]l_bij: 2.2339e+01 l_orth: 4.3329e+01 l_diff: 1.5726e+01 l_align: 4.5632e+01 l_total: 1.2703e+02 
2026-05-22 05:39:20,101 INFO: [scape..][epoch: 24, iter:  62,120, lr:(2.156e-04,)][eta: 1:52:16, time (data): 0.357 (0.039)]l_bij: 2.6868e+01 l_orth: 4.5476e+01 l_diff: 1.2120e+01 l_align: 4.2818e+01 l_total: 1.2728e+02 
2026-05-22 05:39:28,265 INFO: [scape..][epoch: 24, iter:  62,140, lr:(2.156e-04,)][eta: 1:52:07, time (data): 0.390 (0.036)]l_bij: 2.8476e+01 l_orth: 4.5464e+01 l_diff: 1.2009e+01 l_align: 4.1249e+01 l_total: 1.2720e+02 
2026-05-22 05:39:32,737 INFO: [scape..][epoch: 24, iter:  62,160, lr:(2.156e-04,)][eta: 1:51:58, time (data): 0.325 (0.037)]l_bij: 1.7506e+01 l_orth: 3.8711e+01 l_diff: 1.2325e+01 l_align: 4.2968e+01 l_total: 1.1151e+02 
2026-05-22 05:39:39,976 INFO: [scape..][epoch: 24, iter:  62,180, lr:(2.156e-04,)][eta: 1:51:49, time (data): 0.335 (0.038)]l_bij: 3.6956e+01 l_orth: 5.2150e+01 l_diff: 1.4229e+01 l_align: 4.7454e+01 l_total: 1.5079e+02 
2026-05-22 05:39:46,578 INFO: [scape..][epoch: 24, iter:  62,200, lr:(2.156e-04,)][eta: 1:51:40, time (data): 0.334 (0.038)]l_bij: 2.1987e+01 l_orth: 4.2343e+01 l_diff: 1.2946e+01 l_align: 4.5970e+01 l_total: 1.2325e+02 
2026-05-22 05:39:53,335 INFO: [scape..][epoch: 24, iter:  62,220, lr:(2.156e-04,)][eta: 1:51:31, time (data): 0.335 (0.039)]l_bij: 2.7560e+01 l_orth: 4.4506e+01 l_diff: 1.1081e+01 l_align: 4.3912e+01 l_total: 1.2706e+02 
2026-05-22 05:40:00,786 INFO: [scape..][epoch: 24, iter:  62,240, lr:(2.156e-04,)][eta: 1:51:23, time (data): 0.341 (0.039)]l_bij: 1.7073e+01 l_orth: 4.0559e+01 l_diff: 1.4790e+01 l_align: 4.3562e+01 l_total: 1.1598e+02 
2026-05-22 05:40:07,712 INFO: [scape..][epoch: 24, iter:  62,260, lr:(2.156e-04,)][eta: 1:51:14, time (data): 0.341 (0.039)]l_bij: 3.0506e+01 l_orth: 4.7021e+01 l_diff: 1.5119e+01 l_align: 4.7770e+01 l_total: 1.4042e+02 
2026-05-22 05:40:14,433 INFO: [scape..][epoch: 24, iter:  62,280, lr:(2.156e-04,)][eta: 1:51:05, time (data): 0.341 (0.038)]l_bij: 3.8948e+01 l_orth: 5.4714e+01 l_diff: 1.2650e+01 l_align: 4.7926e+01 l_total: 1.5424e+02 
2026-05-22 05:40:20,377 INFO: [scape..][epoch: 24, iter:  62,300, lr:(2.156e-04,)][eta: 1:50:56, time (data): 0.336 (0.038)]l_bij: 2.5475e+01 l_orth: 4.5011e+01 l_diff: 1.2839e+01 l_align: 4.2534e+01 l_total: 1.2586e+02 
2026-05-22 05:40:25,783 INFO: [scape..][epoch: 24, iter:  62,320, lr:(2.156e-04,)][eta: 1:50:47, time (data): 0.271 (0.039)]l_bij: 3.6865e+01 l_orth: 5.3143e+01 l_diff: 1.5864e+01 l_align: 4.8297e+01 l_total: 1.5417e+02 
2026-05-22 05:40:31,619 INFO: [scape..][epoch: 24, iter:  62,340, lr:(2.156e-04,)][eta: 1:50:37, time (data): 0.285 (0.040)]l_bij: 2.7920e+01 l_orth: 4.7222e+01 l_diff: 1.4532e+01 l_align: 4.5446e+01 l_total: 1.3512e+02 
2026-05-22 05:40:38,339 INFO: [scape..][epoch: 24, iter:  62,360, lr:(2.156e-04,)][eta: 1:50:29, time (data): 0.305 (0.037)]l_bij: 2.6885e+01 l_orth: 4.4966e+01 l_diff: 1.2303e+01 l_align: 4.2992e+01 l_total: 1.2715e+02 
2026-05-22 05:40:43,911 INFO: [scape..][epoch: 24, iter:  62,380, lr:(2.156e-04,)][eta: 1:50:19, time (data): 0.298 (0.036)]l_bij: 2.8333e+01 l_orth: 4.7173e+01 l_diff: 1.2611e+01 l_align: 4.8718e+01 l_total: 1.3684e+02 
2026-05-22 05:40:49,682 INFO: [scape..][epoch: 24, iter:  62,400, lr:(2.156e-04,)][eta: 1:50:10, time (data): 0.296 (0.036)]l_bij: 3.0049e+01 l_orth: 4.9132e+01 l_diff: 1.3315e+01 l_align: 4.6615e+01 l_total: 1.3911e+02 
2026-05-22 05:40:55,380 INFO: [scape..][epoch: 24, iter:  62,420, lr:(2.156e-04,)][eta: 1:50:01, time (data): 0.294 (0.036)]l_bij: 2.3856e+01 l_orth: 4.3906e+01 l_diff: 1.1528e+01 l_align: 4.2328e+01 l_total: 1.2162e+02 
2026-05-22 05:41:02,869 INFO: [scape..][epoch: 25, iter:  62,440, lr:(1.859e-04,)][eta: 1:49:52, time (data): 0.306 (0.042)]l_bij: 1.4024e+01 l_orth: 3.5397e+01 l_diff: 1.1506e+01 l_align: 4.0975e+01 l_total: 1.0190e+02 
2026-05-22 05:41:09,083 INFO: [scape..][epoch: 25, iter:  62,460, lr:(1.859e-04,)][eta: 1:49:43, time (data): 0.307 (0.041)]l_bij: 3.1641e+01 l_orth: 5.0352e+01 l_diff: 1.2426e+01 l_align: 4.6156e+01 l_total: 1.4058e+02 
2026-05-22 05:41:15,358 INFO: [scape..][epoch: 25, iter:  62,480, lr:(1.859e-04,)][eta: 1:49:34, time (data): 0.307 (0.041)]l_bij: 2.7443e+01 l_orth: 4.3234e+01 l_diff: 1.3350e+01 l_align: 4.3728e+01 l_total: 1.2776e+02 
2026-05-22 05:41:21,926 INFO: [scape..][epoch: 25, iter:  62,500, lr:(1.859e-04,)][eta: 1:49:25, time (data): 0.310 (0.041)]l_bij: 3.5551e+01 l_orth: 5.7142e+01 l_diff: 1.8629e+01 l_align: 5.2332e+01 l_total: 1.6365e+02 
2026-05-22 05:41:28,224 INFO: [scape..][epoch: 25, iter:  62,520, lr:(1.859e-04,)][eta: 1:49:16, time (data): 0.358 (0.036)]l_bij: 3.1013e+01 l_orth: 4.7066e+01 l_diff: 1.3416e+01 l_align: 4.2823e+01 l_total: 1.3432e+02 
2026-05-22 05:41:33,245 INFO: [scape..][epoch: 25, iter:  62,540, lr:(1.859e-04,)][eta: 1:49:07, time (data): 0.284 (0.039)]l_bij: 5.5737e+01 l_orth: 6.9014e+01 l_diff: 1.4394e+01 l_align: 5.6936e+01 l_total: 1.9608e+02 
2026-05-22 05:41:38,674 INFO: [scape..][epoch: 25, iter:  62,560, lr:(1.859e-04,)][eta: 1:48:58, time (data): 0.279 (0.039)]l_bij: 3.9339e+01 l_orth: 5.3730e+01 l_diff: 1.6595e+01 l_align: 4.6469e+01 l_total: 1.5613e+02 
2026-05-22 05:41:44,817 INFO: [scape..][epoch: 25, iter:  62,580, lr:(1.859e-04,)][eta: 1:48:49, time (data): 0.287 (0.038)]l_bij: 2.2602e+01 l_orth: 4.2972e+01 l_diff: 1.3313e+01 l_align: 4.2597e+01 l_total: 1.2148e+02 
2026-05-22 05:41:50,454 INFO: [scape..][epoch: 25, iter:  62,600, lr:(1.859e-04,)][eta: 1:48:40, time (data): 0.286 (0.038)]l_bij: 2.8358e+01 l_orth: 4.5561e+01 l_diff: 1.0577e+01 l_align: 4.2662e+01 l_total: 1.2716e+02 
2026-05-22 05:41:57,044 INFO: [scape..][epoch: 25, iter:  62,620, lr:(1.859e-04,)][eta: 1:48:31, time (data): 0.294 (0.039)]l_bij: 5.1108e+01 l_orth: 6.3192e+01 l_diff: 1.5486e+01 l_align: 5.3890e+01 l_total: 1.8368e+02 
2026-05-22 05:42:04,000 INFO: [scape..][epoch: 25, iter:  62,640, lr:(1.859e-04,)][eta: 1:48:22, time (data): 0.302 (0.039)]l_bij: 3.6090e+01 l_orth: 5.1661e+01 l_diff: 1.5201e+01 l_align: 4.4346e+01 l_total: 1.4730e+02 
2026-05-22 05:42:11,592 INFO: [scape..][epoch: 25, iter:  62,660, lr:(1.859e-04,)][eta: 1:48:13, time (data): 0.313 (0.038)]l_bij: 2.9331e+01 l_orth: 4.8366e+01 l_diff: 1.6872e+01 l_align: 4.6870e+01 l_total: 1.4144e+02 
2026-05-22 05:42:17,206 INFO: [scape..][epoch: 25, iter:  62,680, lr:(1.859e-04,)][eta: 1:48:04, time (data): 0.309 (0.038)]l_bij: 2.4634e+01 l_orth: 4.4382e+01 l_diff: 1.5104e+01 l_align: 4.3046e+01 l_total: 1.2717e+02 
2026-05-22 05:42:23,160 INFO: [scape..][epoch: 25, iter:  62,700, lr:(1.859e-04,)][eta: 1:47:55, time (data): 0.308 (0.037)]l_bij: 3.8458e+01 l_orth: 5.2718e+01 l_diff: 1.2931e+01 l_align: 4.7850e+01 l_total: 1.5196e+02 
2026-05-22 05:42:29,485 INFO: [scape..][epoch: 25, iter:  62,720, lr:(1.859e-04,)][eta: 1:47:46, time (data): 0.345 (0.031)]l_bij: 2.6999e+01 l_orth: 4.7171e+01 l_diff: 1.4947e+01 l_align: 4.4231e+01 l_total: 1.3335e+02 
2026-05-22 05:42:36,657 INFO: [scape..][epoch: 25, iter:  62,740, lr:(1.859e-04,)][eta: 1:47:37, time (data): 0.355 (0.034)]l_bij: 2.2379e+01 l_orth: 4.1360e+01 l_diff: 1.4619e+01 l_align: 4.1370e+01 l_total: 1.1973e+02 
2026-05-22 05:42:42,978 INFO: [scape..][epoch: 25, iter:  62,760, lr:(1.859e-04,)][eta: 1:47:28, time (data): 0.339 (0.036)]l_bij: 2.7781e+01 l_orth: 4.6359e+01 l_diff: 1.5644e+01 l_align: 4.4747e+01 l_total: 1.3453e+02 
2026-05-22 05:42:49,100 INFO: [scape..][epoch: 25, iter:  62,780, lr:(1.859e-04,)][eta: 1:47:19, time (data): 0.329 (0.036)]l_bij: 3.0068e+01 l_orth: 4.9037e+01 l_diff: 1.4448e+01 l_align: 4.6084e+01 l_total: 1.3964e+02 
2026-05-22 05:42:54,509 INFO: [scape..][epoch: 25, iter:  62,800, lr:(1.859e-04,)][eta: 1:47:10, time (data): 0.316 (0.037)]l_bij: 4.4117e+01 l_orth: 5.7619e+01 l_diff: 1.2833e+01 l_align: 5.2073e+01 l_total: 1.6664e+02 
2026-05-22 05:42:59,677 INFO: [scape..][epoch: 25, iter:  62,820, lr:(1.859e-04,)][eta: 1:47:01, time (data): 0.305 (0.037)]l_bij: 2.1569e+01 l_orth: 4.1905e+01 l_diff: 1.2160e+01 l_align: 4.3006e+01 l_total: 1.1864e+02 
2026-05-22 05:43:06,603 INFO: [scape..][epoch: 25, iter:  62,840, lr:(1.859e-04,)][eta: 1:46:52, time (data): 0.311 (0.036)]l_bij: 1.9915e+01 l_orth: 3.8993e+01 l_diff: 1.2064e+01 l_align: 4.0872e+01 l_total: 1.1184e+02 
2026-05-22 05:43:13,427 INFO: [scape..][epoch: 25, iter:  62,860, lr:(1.859e-04,)][eta: 1:46:43, time (data): 0.315 (0.036)]l_bij: 2.3185e+01 l_orth: 4.3124e+01 l_diff: 1.1429e+01 l_align: 4.4101e+01 l_total: 1.2184e+02 
2026-05-22 05:43:18,931 INFO: [scape..][epoch: 25, iter:  62,880, lr:(1.859e-04,)][eta: 1:46:34, time (data): 0.311 (0.036)]l_bij: 3.1408e+01 l_orth: 4.8479e+01 l_diff: 1.4394e+01 l_align: 4.8503e+01 l_total: 1.4278e+02 
2026-05-22 05:43:25,002 INFO: [scape..][epoch: 25, iter:  62,900, lr:(1.859e-04,)][eta: 1:46:25, time (data): 0.310 (0.036)]l_bij: 2.3483e+01 l_orth: 4.3368e+01 l_diff: 1.2675e+01 l_align: 4.4042e+01 l_total: 1.2357e+02 
2026-05-22 05:43:31,403 INFO: [scape..][epoch: 25, iter:  62,920, lr:(1.859e-04,)][eta: 1:46:16, time (data): 0.346 (0.037)]l_bij: 1.7913e+01 l_orth: 4.1591e+01 l_diff: 1.2676e+01 l_align: 4.4489e+01 l_total: 1.1667e+02 
2026-05-22 05:43:37,660 INFO: [scape..][epoch: 25, iter:  62,940, lr:(1.859e-04,)][eta: 1:46:07, time (data): 0.321 (0.037)]l_bij: 1.3446e+01 l_orth: 3.6348e+01 l_diff: 1.4212e+01 l_align: 4.0327e+01 l_total: 1.0433e+02 
2026-05-22 05:43:43,675 INFO: [scape..][epoch: 25, iter:  62,960, lr:(1.859e-04,)][eta: 1:45:58, time (data): 0.313 (0.035)]l_bij: 2.6900e+01 l_orth: 4.5124e+01 l_diff: 1.1652e+01 l_align: 4.3347e+01 l_total: 1.2702e+02 
2026-05-22 05:43:48,966 INFO: [scape..][epoch: 25, iter:  62,980, lr:(1.859e-04,)][eta: 1:45:49, time (data): 0.298 (0.035)]l_bij: 1.7924e+01 l_orth: 3.8053e+01 l_diff: 1.2788e+01 l_align: 4.0999e+01 l_total: 1.0976e+02 
2026-05-22 05:43:55,588 INFO: [scape..][epoch: 25, iter:  63,000, lr:(1.859e-04,)][eta: 1:45:40, time (data): 0.306 (0.036)]l_bij: 3.3046e+01 l_orth: 4.8743e+01 l_diff: 1.8315e+01 l_align: 4.4779e+01 l_total: 1.4488e+02 
2026-05-22 05:44:01,733 INFO: [scape..][epoch: 25, iter:  63,020, lr:(1.859e-04,)][eta: 1:45:31, time (data): 0.306 (0.036)]l_bij: 1.0529e+00 l_orth: 3.1767e+01 l_diff: 9.3117e+00 l_align: 4.0715e+01 l_total: 8.2847e+01 
2026-05-22 05:44:09,010 INFO: [scape..][epoch: 25, iter:  63,040, lr:(1.859e-04,)][eta: 1:45:23, time (data): 0.315 (0.037)]l_bij: 2.0401e+01 l_orth: 3.9254e+01 l_diff: 1.3536e+01 l_align: 4.3186e+01 l_total: 1.1638e+02 
2026-05-22 05:44:14,927 INFO: [scape..][epoch: 25, iter:  63,060, lr:(1.859e-04,)][eta: 1:45:13, time (data): 0.312 (0.037)]l_bij: 2.2563e+01 l_orth: 4.1807e+01 l_diff: 1.1813e+01 l_align: 4.3038e+01 l_total: 1.1922e+02 
2026-05-22 05:44:20,851 INFO: [scape..][epoch: 25, iter:  63,080, lr:(1.859e-04,)][eta: 1:45:04, time (data): 0.311 (0.037)]l_bij: 2.5163e+01 l_orth: 4.4960e+01 l_diff: 1.4797e+01 l_align: 4.6236e+01 l_total: 1.3116e+02 
2026-05-22 05:44:28,693 INFO: [scape..][epoch: 25, iter:  63,100, lr:(1.859e-04,)][eta: 1:44:56, time (data): 0.319 (0.037)]l_bij: 2.5032e+01 l_orth: 4.3186e+01 l_diff: 1.1805e+01 l_align: 4.0356e+01 l_total: 1.2038e+02 
2026-05-22 05:44:34,814 INFO: [scape..][epoch: 25, iter:  63,120, lr:(1.859e-04,)][eta: 1:44:47, time (data): 0.363 (0.035)]l_bij: 1.6883e+01 l_orth: 3.7530e+01 l_diff: 1.2569e+01 l_align: 4.2370e+01 l_total: 1.0935e+02 
2026-05-22 05:44:41,822 INFO: [scape..][epoch: 25, iter:  63,140, lr:(1.859e-04,)][eta: 1:44:38, time (data): 0.353 (0.039)]l_bij: 1.8235e+01 l_orth: 3.9754e+01 l_diff: 1.2721e+01 l_align: 4.3262e+01 l_total: 1.1397e+02 
2026-05-22 05:44:47,802 INFO: [scape..][epoch: 25, iter:  63,160, lr:(1.859e-04,)][eta: 1:44:29, time (data): 0.330 (0.041)]l_bij: 4.0019e+01 l_orth: 5.3821e+01 l_diff: 1.3587e+01 l_align: 4.7649e+01 l_total: 1.5508e+02 
2026-05-22 05:44:53,296 INFO: [scape..][epoch: 25, iter:  63,180, lr:(1.859e-04,)][eta: 1:44:20, time (data): 0.313 (0.041)]l_bij: 1.2996e+01 l_orth: 3.4113e+01 l_diff: 1.1879e+01 l_align: 3.9500e+01 l_total: 9.8488e+01 
2026-05-22 05:44:59,615 INFO: [scape..][epoch: 25, iter:  63,200, lr:(1.859e-04,)][eta: 1:44:11, time (data): 0.314 (0.040)]l_bij: 2.5066e+01 l_orth: 4.4404e+01 l_diff: 1.3085e+01 l_align: 4.3330e+01 l_total: 1.2589e+02 
2026-05-22 05:45:06,661 INFO: [scape..][epoch: 25, iter:  63,220, lr:(1.859e-04,)][eta: 1:44:02, time (data): 0.321 (0.039)]l_bij: 1.6358e+01 l_orth: 4.0131e+01 l_diff: 1.1187e+01 l_align: 4.2833e+01 l_total: 1.1051e+02 
2026-05-22 05:45:13,836 INFO: [scape..][epoch: 25, iter:  63,240, lr:(1.859e-04,)][eta: 1:43:54, time (data): 0.327 (0.038)]l_bij: 2.3634e+01 l_orth: 4.3535e+01 l_diff: 1.3185e+01 l_align: 4.4728e+01 l_total: 1.2508e+02 
2026-05-22 05:45:19,657 INFO: [scape..][epoch: 25, iter:  63,260, lr:(1.859e-04,)][eta: 1:43:45, time (data): 0.322 (0.037)]l_bij: 2.3597e+01 l_orth: 4.6205e+01 l_diff: 1.4732e+01 l_align: 4.8086e+01 l_total: 1.3262e+02 
2026-05-22 05:45:24,836 INFO: [scape..][epoch: 25, iter:  63,280, lr:(1.859e-04,)][eta: 1:43:35, time (data): 0.314 (0.037)]l_bij: 2.7332e+01 l_orth: 4.5476e+01 l_diff: 1.2667e+01 l_align: 4.3717e+01 l_total: 1.2919e+02 
2026-05-22 05:45:30,934 INFO: [scape..][epoch: 25, iter:  63,300, lr:(1.859e-04,)][eta: 1:43:26, time (data): 0.313 (0.037)]l_bij: 3.6736e+01 l_orth: 5.2996e+01 l_diff: 1.5369e+01 l_align: 4.4946e+01 l_total: 1.5005e+02 
2026-05-22 05:45:37,679 INFO: [scape..][epoch: 25, iter:  63,320, lr:(1.859e-04,)][eta: 1:43:18, time (data): 0.430 (0.042)]l_bij: 3.0322e+01 l_orth: 4.9178e+01 l_diff: 1.2512e+01 l_align: 4.4508e+01 l_total: 1.3652e+02 
2026-05-22 05:45:43,306 INFO: [scape..][epoch: 25, iter:  63,340, lr:(1.859e-04,)][eta: 1:43:08, time (data): 0.311 (0.038)]l_bij: 3.8457e+01 l_orth: 5.2033e+01 l_diff: 1.8730e+01 l_align: 4.6891e+01 l_total: 1.5611e+02 
2026-05-22 05:45:49,156 INFO: [scape..][epoch: 25, iter:  63,360, lr:(1.859e-04,)][eta: 1:42:59, time (data): 0.303 (0.036)]l_bij: 2.7540e+01 l_orth: 4.7664e+01 l_diff: 1.5443e+01 l_align: 4.7615e+01 l_total: 1.3826e+02 
2026-05-22 05:45:56,304 INFO: [scape..][epoch: 25, iter:  63,380, lr:(1.859e-04,)][eta: 1:42:51, time (data): 0.320 (0.037)]l_bij: 1.4954e+01 l_orth: 3.8181e+01 l_diff: 1.1016e+01 l_align: 4.3177e+01 l_total: 1.0733e+02 
2026-05-22 05:46:01,564 INFO: [scape..][epoch: 25, iter:  63,400, lr:(1.859e-04,)][eta: 1:42:42, time (data): 0.306 (0.037)]l_bij: 2.9062e+01 l_orth: 4.6688e+01 l_diff: 1.3493e+01 l_align: 4.4953e+01 l_total: 1.3420e+02 
2026-05-22 05:46:07,092 INFO: [scape..][epoch: 25, iter:  63,420, lr:(1.859e-04,)][eta: 1:42:32, time (data): 0.301 (0.037)]l_bij: 3.6913e+01 l_orth: 5.3517e+01 l_diff: 1.7230e+01 l_align: 5.1554e+01 l_total: 1.5921e+02 
2026-05-22 05:46:13,960 INFO: [scape..][epoch: 25, iter:  63,440, lr:(1.859e-04,)][eta: 1:42:24, time (data): 0.307 (0.037)]l_bij: 3.7765e+01 l_orth: 5.1164e+01 l_diff: 1.9488e+01 l_align: 4.5943e+01 l_total: 1.5436e+02 
2026-05-22 05:46:19,524 INFO: [scape..][epoch: 25, iter:  63,460, lr:(1.859e-04,)][eta: 1:42:15, time (data): 0.303 (0.037)]l_bij: 6.0217e+01 l_orth: 7.2210e+01 l_diff: 2.0080e+01 l_align: 5.9262e+01 l_total: 2.1177e+02 
2026-05-22 05:46:24,834 INFO: [scape..][epoch: 25, iter:  63,480, lr:(1.859e-04,)][eta: 1:42:05, time (data): 0.299 (0.037)]l_bij: 2.6736e+01 l_orth: 4.5811e+01 l_diff: 1.6362e+01 l_align: 4.5113e+01 l_total: 1.3402e+02 
2026-05-22 05:46:29,636 INFO: [scape..][epoch: 25, iter:  63,500, lr:(1.859e-04,)][eta: 1:41:56, time (data): 0.292 (0.037)]l_bij: 3.0149e+01 l_orth: 4.6310e+01 l_diff: 1.1692e+01 l_align: 4.3952e+01 l_total: 1.3210e+02 
2026-05-22 05:46:34,924 INFO: [scape..][epoch: 25, iter:  63,520, lr:(1.859e-04,)][eta: 1:41:47, time (data): 0.231 (0.045)]l_bij: 1.8885e+01 l_orth: 3.8328e+01 l_diff: 1.1977e+01 l_align: 4.2051e+01 l_total: 1.1124e+02 
2026-05-22 05:46:40,017 INFO: [scape..][epoch: 25, iter:  63,540, lr:(1.859e-04,)][eta: 1:41:38, time (data): 0.251 (0.039)]l_bij: 3.2058e+01 l_orth: 4.7822e+01 l_diff: 8.6457e+00 l_align: 4.2538e+01 l_total: 1.3106e+02 
2026-05-22 05:46:46,029 INFO: [scape..][epoch: 25, iter:  63,560, lr:(1.859e-04,)][eta: 1:41:29, time (data): 0.273 (0.039)]l_bij: 3.6460e+01 l_orth: 4.9951e+01 l_diff: 1.6841e+01 l_align: 4.5370e+01 l_total: 1.4862e+02 
2026-05-22 05:46:52,000 INFO: [scape..][epoch: 25, iter:  63,580, lr:(1.859e-04,)][eta: 1:41:20, time (data): 0.281 (0.038)]l_bij: 1.1126e+00 l_orth: 2.9187e+01 l_diff: 1.2740e+01 l_align: 4.1314e+01 l_total: 8.4355e+01 
2026-05-22 05:46:56,872 INFO: [scape..][epoch: 25, iter:  63,600, lr:(1.859e-04,)][eta: 1:41:11, time (data): 0.272 (0.038)]l_bij: 3.7224e+01 l_orth: 5.3393e+01 l_diff: 1.2092e+01 l_align: 5.0154e+01 l_total: 1.5286e+02 
2026-05-22 05:47:02,476 INFO: [scape..][epoch: 25, iter:  63,620, lr:(1.859e-04,)][eta: 1:41:02, time (data): 0.274 (0.039)]l_bij: 2.0023e+01 l_orth: 4.0264e+01 l_diff: 1.0531e+01 l_align: 4.2985e+01 l_total: 1.1380e+02 
2026-05-22 05:47:07,805 INFO: [scape..][epoch: 25, iter:  63,640, lr:(1.859e-04,)][eta: 1:40:53, time (data): 0.273 (0.038)]l_bij: 4.9876e+01 l_orth: 6.1730e+01 l_diff: 1.4475e+01 l_align: 5.1889e+01 l_total: 1.7797e+02 
2026-05-22 05:47:12,674 INFO: [scape..][epoch: 25, iter:  63,660, lr:(1.859e-04,)][eta: 1:40:43, time (data): 0.268 (0.038)]l_bij: 2.0282e+01 l_orth: 4.0655e+01 l_diff: 1.3945e+01 l_align: 4.3908e+01 l_total: 1.1879e+02 
2026-05-22 05:47:17,919 INFO: [scape..][epoch: 25, iter:  63,680, lr:(1.859e-04,)][eta: 1:40:34, time (data): 0.268 (0.038)]l_bij: 2.2798e+01 l_orth: 4.3260e+01 l_diff: 1.1674e+01 l_align: 4.1891e+01 l_total: 1.1962e+02 
2026-05-22 05:47:22,500 INFO: [scape..][epoch: 25, iter:  63,700, lr:(1.859e-04,)][eta: 1:40:25, time (data): 0.263 (0.038)]l_bij: 1.6355e+01 l_orth: 3.5604e+01 l_diff: 8.9528e+00 l_align: 4.0821e+01 l_total: 1.0173e+02 
2026-05-22 05:47:27,734 INFO: [scape..][epoch: 25, iter:  63,720, lr:(1.859e-04,)][eta: 1:40:16, time (data): 0.204 (0.045)]l_bij: 2.6994e+01 l_orth: 4.3207e+01 l_diff: 1.1291e+01 l_align: 4.2229e+01 l_total: 1.2372e+02 
2026-05-22 05:47:33,310 INFO: [scape..][epoch: 25, iter:  63,740, lr:(1.859e-04,)][eta: 1:40:07, time (data): 0.269 (0.044)]l_bij: 4.4198e+01 l_orth: 5.6325e+01 l_diff: 1.4161e+01 l_align: 4.8857e+01 l_total: 1.6354e+02 
2026-05-22 05:47:39,402 INFO: [scape..][epoch: 25, iter:  63,760, lr:(1.859e-04,)][eta: 1:39:58, time (data): 0.285 (0.042)]l_bij: 4.2395e+01 l_orth: 5.6298e+01 l_diff: 1.5881e+01 l_align: 5.3735e+01 l_total: 1.6831e+02 
2026-05-22 05:47:44,602 INFO: [scape..][epoch: 25, iter:  63,780, lr:(1.859e-04,)][eta: 1:39:49, time (data): 0.277 (0.042)]l_bij: 3.0683e+01 l_orth: 4.9072e+01 l_diff: 1.4568e+01 l_align: 4.7932e+01 l_total: 1.4225e+02 
2026-05-22 05:47:49,544 INFO: [scape..][epoch: 25, iter:  63,800, lr:(1.859e-04,)][eta: 1:39:40, time (data): 0.270 (0.042)]l_bij: 2.4588e+01 l_orth: 4.3017e+01 l_diff: 1.7252e+01 l_align: 4.4494e+01 l_total: 1.2935e+02 
2026-05-22 05:47:54,731 INFO: [scape..][epoch: 25, iter:  63,820, lr:(1.859e-04,)][eta: 1:39:30, time (data): 0.268 (0.041)]l_bij: 3.1991e+01 l_orth: 4.9378e+01 l_diff: 1.3608e+01 l_align: 4.8672e+01 l_total: 1.4365e+02 
2026-05-22 05:48:00,082 INFO: [scape..][epoch: 25, iter:  63,840, lr:(1.859e-04,)][eta: 1:39:21, time (data): 0.268 (0.042)]l_bij: 3.6191e+01 l_orth: 5.1836e+01 l_diff: 1.2768e+01 l_align: 4.5329e+01 l_total: 1.4612e+02 
2026-05-22 05:48:06,748 INFO: [scape..][epoch: 25, iter:  63,860, lr:(1.859e-04,)][eta: 1:39:13, time (data): 0.277 (0.042)]l_bij: 3.5107e+01 l_orth: 5.2157e+01 l_diff: 1.2992e+01 l_align: 4.8712e+01 l_total: 1.4897e+02 
2026-05-22 05:48:11,248 INFO: [scape..][epoch: 25, iter:  63,880, lr:(1.859e-04,)][eta: 1:39:03, time (data): 0.271 (0.041)]l_bij: 2.4190e+01 l_orth: 4.4173e+01 l_diff: 1.5341e+01 l_align: 4.4184e+01 l_total: 1.2789e+02 
2026-05-22 05:48:16,844 INFO: [scape..][epoch: 25, iter:  63,900, lr:(1.859e-04,)][eta: 1:38:54, time (data): 0.272 (0.041)]l_bij: 2.1751e+01 l_orth: 4.3630e+01 l_diff: 1.2519e+01 l_align: 4.3070e+01 l_total: 1.2097e+02 
2026-05-22 05:48:21,729 INFO: [scape..][epoch: 25, iter:  63,920, lr:(1.859e-04,)][eta: 1:38:45, time (data): 0.284 (0.037)]l_bij: 3.5288e+01 l_orth: 5.2948e+01 l_diff: 1.5407e+01 l_align: 4.9772e+01 l_total: 1.5342e+02 
2026-05-22 05:48:27,738 INFO: [scape..][epoch: 25, iter:  63,940, lr:(1.859e-04,)][eta: 1:38:36, time (data): 0.299 (0.036)]l_bij: 3.3208e+01 l_orth: 4.8865e+01 l_diff: 1.1199e+01 l_align: 4.6102e+01 l_total: 1.3937e+02 
2026-05-22 05:48:33,004 INFO: [scape..][epoch: 25, iter:  63,960, lr:(1.859e-04,)][eta: 1:38:27, time (data): 0.282 (0.035)]l_bij: 3.1077e+01 l_orth: 4.8864e+01 l_diff: 1.5663e+01 l_align: 4.5531e+01 l_total: 1.4114e+02 
2026-05-22 05:48:37,755 INFO: [scape..][epoch: 25, iter:  63,980, lr:(1.859e-04,)][eta: 1:38:18, time (data): 0.268 (0.036)]l_bij: 2.8231e+01 l_orth: 4.8336e+01 l_diff: 1.3122e+01 l_align: 4.3219e+01 l_total: 1.3291e+02 
2026-05-22 05:48:43,893 INFO: [scape..][epoch: 25, iter:  64,000, lr:(1.859e-04,)][eta: 1:38:09, time (data): 0.277 (0.037)]l_bij: 1.9618e+01 l_orth: 3.8682e+01 l_diff: 1.3224e+01 l_align: 4.1518e+01 l_total: 1.1304e+02 
2026-05-22 05:48:43,893 INFO: Saving models and training states.
2026-05-22 05:48:43,911 INFO: Start validation.
2026-05-22 05:52:20,634 INFO: Avg time: 0.2231
2026-05-22 05:52:20,870 INFO: Val auc: 0.8126
2026-05-22 05:52:20,872 INFO: Val avg error: 0.0187
2026-05-22 05:52:26,220 INFO: [scape..][epoch: 25, iter:  64,020, lr:(1.859e-04,)][eta: 1:38:47, time (data): 0.275 (0.037)]l_bij: 2.5735e+01 l_orth: 4.3780e+01 l_diff: 1.3640e+01 l_align: 4.6463e+01 l_total: 1.2962e+02 
2026-05-22 05:52:31,971 INFO: [scape..][epoch: 25, iter:  64,040, lr:(1.859e-04,)][eta: 1:38:38, time (data): 0.277 (0.037)]l_bij: 2.2734e+01 l_orth: 4.2870e+01 l_diff: 1.3256e+01 l_align: 4.1938e+01 l_total: 1.2080e+02 
2026-05-22 05:52:37,270 INFO: [scape..][epoch: 25, iter:  64,060, lr:(1.859e-04,)][eta: 1:38:29, time (data): 0.275 (0.038)]l_bij: 1.2953e+01 l_orth: 3.6567e+01 l_diff: 1.1189e+01 l_align: 4.0836e+01 l_total: 1.0154e+02 
2026-05-22 05:52:44,882 INFO: [scape..][epoch: 25, iter:  64,080, lr:(1.859e-04,)][eta: 1:38:21, time (data): 0.288 (0.038)]l_bij: 2.0812e+01 l_orth: 4.2704e+01 l_diff: 1.2263e+01 l_align: 4.4528e+01 l_total: 1.2031e+02 
2026-05-22 05:52:52,105 INFO: [scape..][epoch: 25, iter:  64,100, lr:(1.859e-04,)][eta: 1:38:12, time (data): 0.296 (0.038)]l_bij: 2.1786e+01 l_orth: 4.2858e+01 l_diff: 1.5998e+01 l_align: 4.5291e+01 l_total: 1.2593e+02 
2026-05-22 05:52:59,043 INFO: [scape..][epoch: 25, iter:  64,120, lr:(1.859e-04,)][eta: 1:38:03, time (data): 0.283 (0.035)]l_bij: 2.3427e+01 l_orth: 4.0399e+01 l_diff: 1.3206e+01 l_align: 4.2114e+01 l_total: 1.1915e+02 
2026-05-22 05:53:05,200 INFO: [scape..][epoch: 25, iter:  64,140, lr:(1.859e-04,)][eta: 1:37:54, time (data): 0.307 (0.039)]l_bij: 2.9682e+01 l_orth: 5.0553e+01 l_diff: 1.3964e+01 l_align: 4.6230e+01 l_total: 1.4043e+02 
2026-05-22 05:53:11,595 INFO: [scape..][epoch: 25, iter:  64,160, lr:(1.859e-04,)][eta: 1:37:45, time (data): 0.313 (0.040)]l_bij: 2.9498e+01 l_orth: 5.0081e+01 l_diff: 1.4896e+01 l_align: 4.6076e+01 l_total: 1.4055e+02 
2026-05-22 05:53:17,800 INFO: [scape..][epoch: 25, iter:  64,180, lr:(1.859e-04,)][eta: 1:37:36, time (data): 0.312 (0.039)]l_bij: 1.5971e+01 l_orth: 3.7778e+01 l_diff: 1.2282e+01 l_align: 4.1096e+01 l_total: 1.0713e+02 
2026-05-22 05:53:24,030 INFO: [scape..][epoch: 25, iter:  64,200, lr:(1.859e-04,)][eta: 1:37:27, time (data): 0.312 (0.038)]l_bij: 2.4209e+01 l_orth: 4.4344e+01 l_diff: 1.3481e+01 l_align: 4.3311e+01 l_total: 1.2535e+02 
2026-05-22 05:53:30,831 INFO: [scape..][epoch: 25, iter:  64,220, lr:(1.859e-04,)][eta: 1:37:19, time (data): 0.317 (0.038)]l_bij: 2.3828e+01 l_orth: 4.2671e+01 l_diff: 1.5840e+01 l_align: 4.5295e+01 l_total: 1.2763e+02 
2026-05-22 05:53:36,346 INFO: [scape..][epoch: 25, iter:  64,240, lr:(1.859e-04,)][eta: 1:37:09, time (data): 0.311 (0.038)]l_bij: 3.0990e+01 l_orth: 4.5594e+01 l_diff: 1.1983e+01 l_align: 4.4870e+01 l_total: 1.3344e+02 
2026-05-22 05:53:42,052 INFO: [scape..][epoch: 25, iter:  64,260, lr:(1.859e-04,)][eta: 1:37:00, time (data): 0.307 (0.037)]l_bij: 2.8269e+01 l_orth: 4.7959e+01 l_diff: 1.3534e+01 l_align: 4.4082e+01 l_total: 1.3385e+02 
2026-05-22 05:53:48,252 INFO: [scape..][epoch: 25, iter:  64,280, lr:(1.859e-04,)][eta: 1:36:51, time (data): 0.307 (0.037)]l_bij: 1.4623e+01 l_orth: 3.6415e+01 l_diff: 1.3030e+01 l_align: 4.1179e+01 l_total: 1.0525e+02 
2026-05-22 05:53:56,008 INFO: [scape..][epoch: 25, iter:  64,300, lr:(1.859e-04,)][eta: 1:36:43, time (data): 0.316 (0.037)]l_bij: 2.5073e+01 l_orth: 4.2394e+01 l_diff: 1.1056e+01 l_align: 4.1490e+01 l_total: 1.2001e+02 
2026-05-22 05:54:02,166 INFO: [scape..][epoch: 25, iter:  64,320, lr:(1.859e-04,)][eta: 1:36:34, time (data): 0.315 (0.036)]l_bij: 2.5228e+01 l_orth: 4.2405e+01 l_diff: 1.1517e+01 l_align: 4.0745e+01 l_total: 1.1990e+02 
2026-05-22 05:54:07,501 INFO: [scape..][epoch: 25, iter:  64,340, lr:(1.859e-04,)][eta: 1:36:25, time (data): 0.267 (0.035)]l_bij: 2.9161e+01 l_orth: 4.7625e+01 l_diff: 1.3438e+01 l_align: 4.6501e+01 l_total: 1.3673e+02 
2026-05-22 05:54:13,532 INFO: [scape..][epoch: 25, iter:  64,360, lr:(1.859e-04,)][eta: 1:36:16, time (data): 0.284 (0.036)]l_bij: 2.1328e+01 l_orth: 4.0548e+01 l_diff: 1.2498e+01 l_align: 4.1987e+01 l_total: 1.1636e+02 
2026-05-22 05:54:18,703 INFO: [scape..][epoch: 25, iter:  64,380, lr:(1.859e-04,)][eta: 1:36:07, time (data): 0.276 (0.035)]l_bij: 2.6268e+01 l_orth: 4.1622e+01 l_diff: 1.3002e+01 l_align: 3.9894e+01 l_total: 1.2079e+02 
2026-05-22 05:54:24,383 INFO: [scape..][epoch: 25, iter:  64,400, lr:(1.859e-04,)][eta: 1:35:58, time (data): 0.278 (0.035)]l_bij: 2.3804e+01 l_orth: 4.3195e+01 l_diff: 1.2693e+01 l_align: 4.1329e+01 l_total: 1.2102e+02 
2026-05-22 05:54:30,021 INFO: [scape..][epoch: 25, iter:  64,420, lr:(1.859e-04,)][eta: 1:35:49, time (data): 0.278 (0.035)]l_bij: 1.6004e+01 l_orth: 3.9343e+01 l_diff: 1.2273e+01 l_align: 4.3101e+01 l_total: 1.1072e+02 
2026-05-22 05:54:35,340 INFO: [scape..][epoch: 25, iter:  64,440, lr:(1.859e-04,)][eta: 1:35:39, time (data): 0.276 (0.034)]l_bij: 3.4576e+01 l_orth: 4.9440e+01 l_diff: 1.6146e+01 l_align: 4.7774e+01 l_total: 1.4794e+02 
2026-05-22 05:54:41,176 INFO: [scape..][epoch: 25, iter:  64,460, lr:(1.859e-04,)][eta: 1:35:30, time (data): 0.279 (0.034)]l_bij: 3.4199e+01 l_orth: 5.1861e+01 l_diff: 1.5493e+01 l_align: 5.0939e+01 l_total: 1.5249e+02 
2026-05-22 05:54:47,450 INFO: [scape..][epoch: 25, iter:  64,480, lr:(1.859e-04,)][eta: 1:35:22, time (data): 0.283 (0.034)]l_bij: 1.9273e+01 l_orth: 4.1212e+01 l_diff: 1.4453e+01 l_align: 4.4922e+01 l_total: 1.1986e+02 
2026-05-22 05:54:53,898 INFO: [scape..][epoch: 25, iter:  64,500, lr:(1.859e-04,)][eta: 1:35:13, time (data): 0.287 (0.034)]l_bij: 2.5839e+01 l_orth: 4.3996e+01 l_diff: 1.1765e+01 l_align: 4.2521e+01 l_total: 1.2412e+02 
2026-05-22 05:55:00,540 INFO: [scape..][epoch: 25, iter:  64,520, lr:(1.859e-04,)][eta: 1:35:04, time (data): 0.292 (0.034)]l_bij: 2.0237e+01 l_orth: 4.2421e+01 l_diff: 1.2463e+01 l_align: 4.3533e+01 l_total: 1.1865e+02 
2026-05-22 05:55:06,476 INFO: [scape..][epoch: 25, iter:  64,540, lr:(1.859e-04,)][eta: 1:34:55, time (data): 0.292 (0.036)]l_bij: 2.5087e+01 l_orth: 4.3054e+01 l_diff: 1.0785e+01 l_align: 4.3278e+01 l_total: 1.2220e+02 
2026-05-22 05:55:14,004 INFO: [scape..][epoch: 25, iter:  64,560, lr:(1.859e-04,)][eta: 1:34:46, time (data): 0.335 (0.036)]l_bij: 2.0512e+01 l_orth: 4.0503e+01 l_diff: 1.3455e+01 l_align: 4.2059e+01 l_total: 1.1653e+02 
2026-05-22 05:55:20,221 INFO: [scape..][epoch: 25, iter:  64,580, lr:(1.859e-04,)][eta: 1:34:37, time (data): 0.327 (0.037)]l_bij: 3.3460e+01 l_orth: 4.7780e+01 l_diff: 1.6577e+01 l_align: 4.3997e+01 l_total: 1.4181e+02 
2026-05-22 05:55:26,720 INFO: [scape..][epoch: 25, iter:  64,600, lr:(1.859e-04,)][eta: 1:34:29, time (data): 0.326 (0.037)]l_bij: 4.2144e+01 l_orth: 5.6036e+01 l_diff: 1.2694e+01 l_align: 5.1649e+01 l_total: 1.6252e+02 
2026-05-22 05:55:33,233 INFO: [scape..][epoch: 25, iter:  64,620, lr:(1.859e-04,)][eta: 1:34:20, time (data): 0.326 (0.036)]l_bij: 3.4338e+01 l_orth: 5.1737e+01 l_diff: 1.6576e+01 l_align: 4.6574e+01 l_total: 1.4923e+02 
2026-05-22 05:55:39,108 INFO: [scape..][epoch: 25, iter:  64,640, lr:(1.859e-04,)][eta: 1:34:11, time (data): 0.321 (0.036)]l_bij: 1.8714e+01 l_orth: 3.9972e+01 l_diff: 1.3949e+01 l_align: 4.3520e+01 l_total: 1.1616e+02 
2026-05-22 05:55:45,030 INFO: [scape..][epoch: 25, iter:  64,660, lr:(1.859e-04,)][eta: 1:34:02, time (data): 0.317 (0.036)]l_bij: 1.5966e+01 l_orth: 3.6055e+01 l_diff: 1.1630e+01 l_align: 4.0809e+01 l_total: 1.0446e+02 
2026-05-22 05:55:51,351 INFO: [scape..][epoch: 25, iter:  64,680, lr:(1.859e-04,)][eta: 1:33:53, time (data): 0.317 (0.036)]l_bij: 3.1462e+01 l_orth: 4.7407e+01 l_diff: 1.3921e+01 l_align: 4.3749e+01 l_total: 1.3654e+02 
2026-05-22 05:55:57,728 INFO: [scape..][epoch: 25, iter:  64,700, lr:(1.859e-04,)][eta: 1:33:44, time (data): 0.317 (0.035)]l_bij: 3.0538e+01 l_orth: 4.9344e+01 l_diff: 1.3664e+01 l_align: 4.5423e+01 l_total: 1.3897e+02 
2026-05-22 05:56:02,965 INFO: [scape..][epoch: 25, iter:  64,720, lr:(1.859e-04,)][eta: 1:33:35, time (data): 0.312 (0.035)]l_bij: 4.5943e+01 l_orth: 5.8361e+01 l_diff: 1.4950e+01 l_align: 4.8696e+01 l_total: 1.6795e+02 
2026-05-22 05:56:08,407 INFO: [scape..][epoch: 25, iter:  64,740, lr:(1.859e-04,)][eta: 1:33:26, time (data): 0.276 (0.035)]l_bij: 2.8524e+01 l_orth: 4.5626e+01 l_diff: 1.5003e+01 l_align: 4.3362e+01 l_total: 1.3251e+02 
2026-05-22 05:56:15,087 INFO: [scape..][epoch: 25, iter:  64,760, lr:(1.859e-04,)][eta: 1:33:17, time (data): 0.307 (0.035)]l_bij: 1.4794e+01 l_orth: 3.9623e+01 l_diff: 1.2292e+01 l_align: 4.4793e+01 l_total: 1.1150e+02 
2026-05-22 05:56:21,567 INFO: [scape..][epoch: 25, iter:  64,780, lr:(1.859e-04,)][eta: 1:33:08, time (data): 0.313 (0.035)]l_bij: 1.5854e+01 l_orth: 3.7823e+01 l_diff: 1.3635e+01 l_align: 4.1581e+01 l_total: 1.0889e+02 
2026-05-22 05:56:27,854 INFO: [scape..][epoch: 25, iter:  64,800, lr:(1.859e-04,)][eta: 1:32:59, time (data): 0.313 (0.035)]l_bij: 1.4130e+01 l_orth: 3.7937e+01 l_diff: 1.1175e+01 l_align: 4.1001e+01 l_total: 1.0424e+02 
2026-05-22 05:56:33,035 INFO: [scape..][epoch: 25, iter:  64,820, lr:(1.859e-04,)][eta: 1:32:50, time (data): 0.302 (0.035)]l_bij: 3.4139e+01 l_orth: 4.8015e+01 l_diff: 1.2232e+01 l_align: 4.4937e+01 l_total: 1.3932e+02 
2026-05-22 05:56:37,902 INFO: [scape..][epoch: 25, iter:  64,840, lr:(1.859e-04,)][eta: 1:32:41, time (data): 0.292 (0.035)]l_bij: 2.0147e+01 l_orth: 3.9712e+01 l_diff: 1.0758e+01 l_align: 4.1754e+01 l_total: 1.1237e+02 
2026-05-22 05:56:43,785 INFO: [scape..][epoch: 25, iter:  64,860, lr:(1.859e-04,)][eta: 1:32:32, time (data): 0.292 (0.035)]l_bij: 1.7653e+01 l_orth: 4.1612e+01 l_diff: 1.3313e+01 l_align: 4.2639e+01 l_total: 1.1522e+02 
2026-05-22 05:56:49,060 INFO: [scape..][epoch: 25, iter:  64,880, lr:(1.859e-04,)][eta: 1:32:23, time (data): 0.289 (0.036)]l_bij: 2.6881e+01 l_orth: 4.3808e+01 l_diff: 1.0131e+01 l_align: 4.4965e+01 l_total: 1.2578e+02 
2026-05-22 05:56:54,839 INFO: [scape..][epoch: 25, iter:  64,900, lr:(1.859e-04,)][eta: 1:32:14, time (data): 0.289 (0.036)]l_bij: 2.0928e+01 l_orth: 4.2413e+01 l_diff: 1.1912e+01 l_align: 4.2621e+01 l_total: 1.1787e+02 
2026-05-22 05:57:00,323 INFO: [scape..][epoch: 25, iter:  64,920, lr:(1.859e-04,)][eta: 1:32:05, time (data): 0.287 (0.036)]l_bij: 3.1503e+01 l_orth: 4.9022e+01 l_diff: 1.4361e+01 l_align: 4.6102e+01 l_total: 1.4099e+02 
2026-05-22 05:57:05,602 INFO: [scape..][epoch: 25, iter:  64,940, lr:(1.859e-04,)][eta: 1:31:56, time (data): 0.273 (0.037)]l_bij: 1.9905e+01 l_orth: 4.0056e+01 l_diff: 9.6839e+00 l_align: 4.0888e+01 l_total: 1.1053e+02 
2026-05-22 05:57:10,744 INFO: [scape..][epoch: 25, iter:  64,960, lr:(1.859e-04,)][eta: 1:31:47, time (data): 0.264 (0.039)]l_bij: 2.6314e+01 l_orth: 4.8698e+01 l_diff: 1.4653e+01 l_align: 4.7894e+01 l_total: 1.3756e+02 
2026-05-22 05:57:17,731 INFO: [scape..][epoch: 25, iter:  64,980, lr:(1.859e-04,)][eta: 1:31:38, time (data): 0.294 (0.039)]l_bij: 3.8140e+01 l_orth: 5.3225e+01 l_diff: 1.3075e+01 l_align: 4.6230e+01 l_total: 1.5067e+02 
2026-05-22 05:57:23,411 INFO: [scape..][epoch: 25, iter:  65,000, lr:(1.859e-04,)][eta: 1:31:29, time (data): 0.292 (0.039)]l_bij: 4.4570e+01 l_orth: 5.7931e+01 l_diff: 1.7790e+01 l_align: 5.1559e+01 l_total: 1.7185e+02 
2026-05-22 05:57:29,254 INFO: [scape..][epoch: 25, iter:  65,020, lr:(1.859e-04,)][eta: 1:31:20, time (data): 0.292 (0.039)]l_bij: 2.6580e+01 l_orth: 4.5272e+01 l_diff: 1.3731e+01 l_align: 4.3308e+01 l_total: 1.2889e+02 
2026-05-22 05:57:36,046 INFO: [scape..][epoch: 26, iter:  65,040, lr:(1.603e-04,)][eta: 1:31:12, time (data): 0.300 (0.046)]l_bij: 2.3160e+01 l_orth: 4.2443e+01 l_diff: 1.2498e+01 l_align: 4.3857e+01 l_total: 1.2196e+02 
2026-05-22 05:57:42,255 INFO: [scape..][epoch: 26, iter:  65,060, lr:(1.603e-04,)][eta: 1:31:03, time (data): 0.301 (0.045)]l_bij: 1.6901e+01 l_orth: 3.8644e+01 l_diff: 1.4531e+01 l_align: 4.2543e+01 l_total: 1.1262e+02 
2026-05-22 05:57:48,192 INFO: [scape..][epoch: 26, iter:  65,080, lr:(1.603e-04,)][eta: 1:30:54, time (data): 0.301 (0.044)]l_bij: 2.6168e+01 l_orth: 4.4957e+01 l_diff: 1.3948e+01 l_align: 4.6214e+01 l_total: 1.3129e+02 
2026-05-22 05:57:52,822 INFO: [scape..][epoch: 26, iter:  65,100, lr:(1.603e-04,)][eta: 1:30:45, time (data): 0.293 (0.044)]l_bij: 3.1106e+01 l_orth: 4.5775e+01 l_diff: 1.3481e+01 l_align: 4.2187e+01 l_total: 1.3255e+02 
2026-05-22 05:57:58,539 INFO: [scape..][epoch: 26, iter:  65,120, lr:(1.603e-04,)][eta: 1:30:36, time (data): 0.292 (0.043)]l_bij: 2.8965e+01 l_orth: 4.9650e+01 l_diff: 1.2005e+01 l_align: 4.4876e+01 l_total: 1.3550e+02 
2026-05-22 05:58:04,633 INFO: [scape..][epoch: 26, iter:  65,140, lr:(1.603e-04,)][eta: 1:30:27, time (data): 0.297 (0.039)]l_bij: 1.9934e+01 l_orth: 4.0081e+01 l_diff: 1.2793e+01 l_align: 4.1469e+01 l_total: 1.1428e+02 
2026-05-22 05:58:09,744 INFO: [scape..][epoch: 26, iter:  65,160, lr:(1.603e-04,)][eta: 1:30:18, time (data): 0.274 (0.038)]l_bij: 3.4002e+01 l_orth: 4.9097e+01 l_diff: 1.3429e+01 l_align: 4.5078e+01 l_total: 1.4161e+02 
2026-05-22 05:58:16,975 INFO: [scape..][epoch: 26, iter:  65,180, lr:(1.603e-04,)][eta: 1:30:09, time (data): 0.305 (0.037)]l_bij: 2.7965e+01 l_orth: 4.6109e+01 l_diff: 1.1337e+01 l_align: 4.3340e+01 l_total: 1.2875e+02 
2026-05-22 05:58:22,565 INFO: [scape..][epoch: 26, iter:  65,200, lr:(1.603e-04,)][eta: 1:30:00, time (data): 0.298 (0.036)]l_bij: 2.2375e+01 l_orth: 4.0318e+01 l_diff: 1.4252e+01 l_align: 4.2829e+01 l_total: 1.1977e+02 
2026-05-22 05:58:28,149 INFO: [scape..][epoch: 26, iter:  65,220, lr:(1.603e-04,)][eta: 1:29:51, time (data): 0.294 (0.037)]l_bij: 3.5538e+01 l_orth: 5.1593e+01 l_diff: 1.4469e+01 l_align: 4.5452e+01 l_total: 1.4705e+02 
2026-05-22 05:58:33,192 INFO: [scape..][epoch: 26, iter:  65,240, lr:(1.603e-04,)][eta: 1:29:42, time (data): 0.287 (0.037)]l_bij: 2.7066e+01 l_orth: 4.5670e+01 l_diff: 1.2234e+01 l_align: 4.6141e+01 l_total: 1.3111e+02 
2026-05-22 05:58:40,467 INFO: [scape..][epoch: 26, iter:  65,260, lr:(1.603e-04,)][eta: 1:29:33, time (data): 0.298 (0.037)]l_bij: 3.0301e+01 l_orth: 4.7064e+01 l_diff: 1.0999e+01 l_align: 4.5221e+01 l_total: 1.3358e+02 
2026-05-22 05:58:45,360 INFO: [scape..][epoch: 26, iter:  65,280, lr:(1.603e-04,)][eta: 1:29:24, time (data): 0.291 (0.037)]l_bij: 1.6045e+01 l_orth: 3.7146e+01 l_diff: 1.3790e+01 l_align: 4.2218e+01 l_total: 1.0920e+02 
2026-05-22 05:58:51,505 INFO: [scape..][epoch: 26, iter:  65,300, lr:(1.603e-04,)][eta: 1:29:15, time (data): 0.293 (0.038)]l_bij: 5.0434e+01 l_orth: 6.2470e+01 l_diff: 1.7315e+01 l_align: 5.5528e+01 l_total: 1.8575e+02 
2026-05-22 05:58:57,362 INFO: [scape..][epoch: 26, iter:  65,320, lr:(1.603e-04,)][eta: 1:29:06, time (data): 0.293 (0.038)]l_bij: 2.9393e+01 l_orth: 4.6041e+01 l_diff: 1.3411e+01 l_align: 4.2213e+01 l_total: 1.3106e+02 
2026-05-22 05:59:02,777 INFO: [scape..][epoch: 26, iter:  65,340, lr:(1.603e-04,)][eta: 1:28:57, time (data): 0.261 (0.037)]l_bij: 4.3716e+01 l_orth: 5.7915e+01 l_diff: 1.4058e+01 l_align: 5.1569e+01 l_total: 1.6726e+02 
2026-05-22 05:59:08,293 INFO: [scape..][epoch: 26, iter:  65,360, lr:(1.603e-04,)][eta: 1:28:48, time (data): 0.269 (0.040)]l_bij: 2.5904e+01 l_orth: 4.4412e+01 l_diff: 1.4808e+01 l_align: 4.5473e+01 l_total: 1.3060e+02 
2026-05-22 05:59:13,451 INFO: [scape..][epoch: 26, iter:  65,380, lr:(1.603e-04,)][eta: 1:28:39, time (data): 0.265 (0.041)]l_bij: 2.4659e+01 l_orth: 4.2997e+01 l_diff: 1.3817e+01 l_align: 4.1513e+01 l_total: 1.2299e+02 
2026-05-22 05:59:19,511 INFO: [scape..][epoch: 26, iter:  65,400, lr:(1.603e-04,)][eta: 1:28:31, time (data): 0.275 (0.040)]l_bij: 3.8182e+01 l_orth: 5.2514e+01 l_diff: 1.5621e+01 l_align: 4.4348e+01 l_total: 1.5066e+02 
2026-05-22 05:59:24,845 INFO: [scape..][epoch: 26, iter:  65,420, lr:(1.603e-04,)][eta: 1:28:22, time (data): 0.273 (0.040)]l_bij: 3.7895e+01 l_orth: 5.2278e+01 l_diff: 1.5813e+01 l_align: 4.5472e+01 l_total: 1.5146e+02 
2026-05-22 05:59:29,845 INFO: [scape..][epoch: 26, iter:  65,440, lr:(1.603e-04,)][eta: 1:28:12, time (data): 0.269 (0.039)]l_bij: 3.3808e+01 l_orth: 5.0613e+01 l_diff: 1.2230e+01 l_align: 4.5172e+01 l_total: 1.4182e+02 
2026-05-22 05:59:35,413 INFO: [scape..][epoch: 26, iter:  65,460, lr:(1.603e-04,)][eta: 1:28:04, time (data): 0.271 (0.039)]l_bij: 3.8312e+01 l_orth: 5.8242e+01 l_diff: 1.5931e+01 l_align: 5.3135e+01 l_total: 1.6562e+02 
2026-05-22 05:59:41,637 INFO: [scape..][epoch: 26, iter:  65,480, lr:(1.603e-04,)][eta: 1:27:55, time (data): 0.276 (0.039)]l_bij: 2.3042e+01 l_orth: 4.2123e+01 l_diff: 1.2461e+01 l_align: 4.4722e+01 l_total: 1.2235e+02 
2026-05-22 05:59:47,076 INFO: [scape..][epoch: 26, iter:  65,500, lr:(1.603e-04,)][eta: 1:27:46, time (data): 0.275 (0.039)]l_bij: 3.4045e+01 l_orth: 4.9619e+01 l_diff: 1.3215e+01 l_align: 4.5824e+01 l_total: 1.4270e+02 
2026-05-22 05:59:54,450 INFO: [scape..][epoch: 26, iter:  65,520, lr:(1.603e-04,)][eta: 1:27:37, time (data): 0.285 (0.039)]l_bij: 2.8525e+01 l_orth: 4.3624e+01 l_diff: 1.3569e+01 l_align: 4.3343e+01 l_total: 1.2906e+02 
2026-05-22 06:00:00,262 INFO: [scape..][epoch: 26, iter:  65,540, lr:(1.603e-04,)][eta: 1:27:28, time (data): 0.253 (0.036)]l_bij: 2.9037e+01 l_orth: 4.6325e+01 l_diff: 1.1961e+01 l_align: 4.6183e+01 l_total: 1.3350e+02 
2026-05-22 06:00:06,354 INFO: [scape..][epoch: 26, iter:  65,560, lr:(1.603e-04,)][eta: 1:27:19, time (data): 0.283 (0.037)]l_bij: 2.7701e+01 l_orth: 4.5794e+01 l_diff: 1.6598e+01 l_align: 4.3659e+01 l_total: 1.3375e+02 
2026-05-22 06:00:12,402 INFO: [scape..][epoch: 26, iter:  65,580, lr:(1.603e-04,)][eta: 1:27:11, time (data): 0.290 (0.038)]l_bij: 2.6304e+01 l_orth: 4.5419e+01 l_diff: 1.2393e+01 l_align: 4.3769e+01 l_total: 1.2788e+02 
2026-05-22 06:00:18,143 INFO: [scape..][epoch: 26, iter:  65,600, lr:(1.603e-04,)][eta: 1:27:02, time (data): 0.289 (0.039)]l_bij: 1.8710e+01 l_orth: 3.9555e+01 l_diff: 1.4254e+01 l_align: 4.1332e+01 l_total: 1.1385e+02 
2026-05-22 06:00:24,084 INFO: [scape..][epoch: 26, iter:  65,620, lr:(1.603e-04,)][eta: 1:26:53, time (data): 0.291 (0.039)]l_bij: 3.0350e+01 l_orth: 4.7819e+01 l_diff: 1.3338e+01 l_align: 4.1903e+01 l_total: 1.3341e+02 
2026-05-22 06:00:29,752 INFO: [scape..][epoch: 26, iter:  65,640, lr:(1.603e-04,)][eta: 1:26:44, time (data): 0.290 (0.040)]l_bij: 1.0920e+01 l_orth: 3.4308e+01 l_diff: 1.2921e+01 l_align: 4.0909e+01 l_total: 9.9058e+01 
2026-05-22 06:00:36,556 INFO: [scape..][epoch: 26, iter:  65,660, lr:(1.603e-04,)][eta: 1:26:35, time (data): 0.297 (0.040)]l_bij: 4.1372e+01 l_orth: 5.3635e+01 l_diff: 1.3950e+01 l_align: 4.6816e+01 l_total: 1.5577e+02 
2026-05-22 06:00:42,214 INFO: [scape..][epoch: 26, iter:  65,680, lr:(1.603e-04,)][eta: 1:26:26, time (data): 0.295 (0.039)]l_bij: 3.8518e+01 l_orth: 5.2888e+01 l_diff: 1.1231e+01 l_align: 4.8492e+01 l_total: 1.5113e+02 
2026-05-22 06:00:47,112 INFO: [scape..][epoch: 26, iter:  65,700, lr:(1.603e-04,)][eta: 1:26:17, time (data): 0.290 (0.040)]l_bij: 1.3255e+01 l_orth: 3.5350e+01 l_diff: 1.2358e+01 l_align: 4.1995e+01 l_total: 1.0296e+02 
2026-05-22 06:00:53,779 INFO: [scape..][epoch: 26, iter:  65,720, lr:(1.603e-04,)][eta: 1:26:08, time (data): 0.294 (0.040)]l_bij: 2.5239e+01 l_orth: 4.4993e+01 l_diff: 1.3849e+01 l_align: 4.4284e+01 l_total: 1.2836e+02 
2026-05-22 06:00:58,554 INFO: [scape..][epoch: 26, iter:  65,740, lr:(1.603e-04,)][eta: 1:25:59, time (data): 0.223 (0.039)]l_bij: 3.3840e+01 l_orth: 5.0846e+01 l_diff: 1.0837e+01 l_align: 4.4798e+01 l_total: 1.4032e+02 
2026-05-22 06:01:04,143 INFO: [scape..][epoch: 26, iter:  65,760, lr:(1.603e-04,)][eta: 1:25:50, time (data): 0.257 (0.039)]l_bij: 2.4477e+01 l_orth: 4.3426e+01 l_diff: 1.5001e+01 l_align: 4.4294e+01 l_total: 1.2720e+02 
2026-05-22 06:01:09,634 INFO: [scape..][epoch: 26, iter:  65,780, lr:(1.603e-04,)][eta: 1:25:41, time (data): 0.264 (0.040)]l_bij: 1.8906e+01 l_orth: 4.1293e+01 l_diff: 1.4808e+01 l_align: 4.4514e+01 l_total: 1.1952e+02 
2026-05-22 06:01:15,260 INFO: [scape..][epoch: 26, iter:  65,800, lr:(1.603e-04,)][eta: 1:25:33, time (data): 0.268 (0.040)]l_bij: 4.2502e+01 l_orth: 5.5685e+01 l_diff: 1.5752e+01 l_align: 4.7789e+01 l_total: 1.6173e+02 
2026-05-22 06:01:20,955 INFO: [scape..][epoch: 26, iter:  65,820, lr:(1.603e-04,)][eta: 1:25:24, time (data): 0.272 (0.040)]l_bij: 3.1769e+01 l_orth: 4.9916e+01 l_diff: 1.4490e+01 l_align: 4.7339e+01 l_total: 1.4351e+02 
2026-05-22 06:01:26,770 INFO: [scape..][epoch: 26, iter:  65,840, lr:(1.603e-04,)][eta: 1:25:15, time (data): 0.275 (0.040)]l_bij: 2.3665e+01 l_orth: 4.2291e+01 l_diff: 1.1310e+01 l_align: 4.0025e+01 l_total: 1.1729e+02 
2026-05-22 06:01:32,298 INFO: [scape..][epoch: 26, iter:  65,860, lr:(1.603e-04,)][eta: 1:25:06, time (data): 0.275 (0.040)]l_bij: 2.8769e+01 l_orth: 4.6896e+01 l_diff: 1.3244e+01 l_align: 4.4783e+01 l_total: 1.3369e+02 
2026-05-22 06:01:38,259 INFO: [scape..][epoch: 26, iter:  65,880, lr:(1.603e-04,)][eta: 1:24:57, time (data): 0.278 (0.040)]l_bij: 2.3269e+01 l_orth: 4.1507e+01 l_diff: 1.5381e+01 l_align: 4.2982e+01 l_total: 1.2314e+02 
2026-05-22 06:01:44,199 INFO: [scape..][epoch: 26, iter:  65,900, lr:(1.603e-04,)][eta: 1:24:48, time (data): 0.281 (0.039)]l_bij: 3.3951e+01 l_orth: 4.9902e+01 l_diff: 1.4327e+01 l_align: 4.3028e+01 l_total: 1.4121e+02 
2026-05-22 06:01:49,271 INFO: [scape..][epoch: 26, iter:  65,920, lr:(1.603e-04,)][eta: 1:24:39, time (data): 0.278 (0.039)]l_bij: 4.8992e+01 l_orth: 6.0788e+01 l_diff: 1.8880e+01 l_align: 5.3185e+01 l_total: 1.8184e+02 
2026-05-22 06:01:55,039 INFO: [scape..][epoch: 26, iter:  65,940, lr:(1.603e-04,)][eta: 1:24:30, time (data): 0.241 (0.042)]l_bij: 3.2897e+01 l_orth: 5.1891e+01 l_diff: 1.7310e+01 l_align: 4.8326e+01 l_total: 1.5042e+02 
2026-05-22 06:02:01,145 INFO: [scape..][epoch: 26, iter:  65,960, lr:(1.603e-04,)][eta: 1:24:22, time (data): 0.281 (0.041)]l_bij: 1.6460e+01 l_orth: 3.7000e+01 l_diff: 1.0348e+01 l_align: 4.0849e+01 l_total: 1.0466e+02 
2026-05-22 06:02:08,365 INFO: [scape..][epoch: 26, iter:  65,980, lr:(1.603e-04,)][eta: 1:24:13, time (data): 0.312 (0.041)]l_bij: 3.2407e+01 l_orth: 4.7992e+01 l_diff: 1.2492e+01 l_align: 4.3367e+01 l_total: 1.3626e+02 
2026-05-22 06:02:13,551 INFO: [scape..][epoch: 26, iter:  66,000, lr:(1.603e-04,)][eta: 1:24:04, time (data): 0.297 (0.041)]l_bij: 2.8625e+01 l_orth: 4.8026e+01 l_diff: 1.0374e+01 l_align: 4.4186e+01 l_total: 1.3121e+02 
2026-05-22 06:02:19,323 INFO: [scape..][epoch: 26, iter:  66,020, lr:(1.603e-04,)][eta: 1:23:55, time (data): 0.295 (0.041)]l_bij: 3.2784e+01 l_orth: 4.8357e+01 l_diff: 1.3562e+01 l_align: 4.2321e+01 l_total: 1.3702e+02 
2026-05-22 06:02:25,101 INFO: [scape..][epoch: 26, iter:  66,040, lr:(1.603e-04,)][eta: 1:23:46, time (data): 0.294 (0.041)]l_bij: 2.6761e+01 l_orth: 4.5037e+01 l_diff: 1.4440e+01 l_align: 4.2817e+01 l_total: 1.2905e+02 
2026-05-22 06:02:31,056 INFO: [scape..][epoch: 26, iter:  66,060, lr:(1.603e-04,)][eta: 1:23:37, time (data): 0.295 (0.040)]l_bij: 1.3770e+01 l_orth: 3.5625e+01 l_diff: 9.8673e+00 l_align: 4.0277e+01 l_total: 9.9539e+01 
2026-05-22 06:02:37,962 INFO: [scape..][epoch: 26, iter:  66,080, lr:(1.603e-04,)][eta: 1:23:29, time (data): 0.301 (0.040)]l_bij: 2.9189e+01 l_orth: 4.6285e+01 l_diff: 1.5966e+01 l_align: 4.4500e+01 l_total: 1.3594e+02 
2026-05-22 06:02:44,333 INFO: [scape..][epoch: 26, iter:  66,100, lr:(1.603e-04,)][eta: 1:23:20, time (data): 0.303 (0.040)]l_bij: 3.2068e+01 l_orth: 4.6958e+01 l_diff: 1.2105e+01 l_align: 4.5235e+01 l_total: 1.3637e+02 
2026-05-22 06:02:49,889 INFO: [scape..][epoch: 26, iter:  66,120, lr:(1.603e-04,)][eta: 1:23:11, time (data): 0.301 (0.040)]l_bij: 3.5191e+01 l_orth: 5.0368e+01 l_diff: 1.5401e+01 l_align: 4.5604e+01 l_total: 1.4656e+02 
2026-05-22 06:02:56,399 INFO: [scape..][epoch: 26, iter:  66,140, lr:(1.603e-04,)][eta: 1:23:02, time (data): 0.328 (0.042)]l_bij: 1.7075e+01 l_orth: 3.6888e+01 l_diff: 1.0673e+01 l_align: 4.1714e+01 l_total: 1.0635e+02 
2026-05-22 06:03:03,266 INFO: [scape..][epoch: 26, iter:  66,160, lr:(1.603e-04,)][eta: 1:22:54, time (data): 0.338 (0.042)]l_bij: 3.3792e+01 l_orth: 5.1940e+01 l_diff: 1.3326e+01 l_align: 4.6806e+01 l_total: 1.4587e+02 
2026-05-22 06:03:08,360 INFO: [scape..][epoch: 26, iter:  66,180, lr:(1.603e-04,)][eta: 1:22:45, time (data): 0.305 (0.041)]l_bij: 2.5028e+01 l_orth: 4.4595e+01 l_diff: 1.4679e+01 l_align: 4.5514e+01 l_total: 1.2982e+02 
2026-05-22 06:03:15,049 INFO: [scape..][epoch: 26, iter:  66,200, lr:(1.603e-04,)][eta: 1:22:36, time (data): 0.313 (0.040)]l_bij: 2.3339e+01 l_orth: 4.3165e+01 l_diff: 1.5679e+01 l_align: 4.2810e+01 l_total: 1.2499e+02 
2026-05-22 06:03:19,984 INFO: [scape..][epoch: 26, iter:  66,220, lr:(1.603e-04,)][eta: 1:22:27, time (data): 0.299 (0.041)]l_bij: 3.0847e+01 l_orth: 4.8887e+01 l_diff: 1.5083e+01 l_align: 4.6358e+01 l_total: 1.4117e+02 
2026-05-22 06:03:25,028 INFO: [scape..][epoch: 26, iter:  66,240, lr:(1.603e-04,)][eta: 1:22:18, time (data): 0.290 (0.040)]l_bij: 1.1391e+01 l_orth: 3.5163e+01 l_diff: 1.1588e+01 l_align: 4.1058e+01 l_total: 9.9200e+01 
2026-05-22 06:03:30,252 INFO: [scape..][epoch: 26, iter:  66,260, lr:(1.603e-04,)][eta: 1:22:09, time (data): 0.286 (0.040)]l_bij: 4.2461e+01 l_orth: 5.4598e+01 l_diff: 1.6294e+01 l_align: 4.8244e+01 l_total: 1.6160e+02 
2026-05-22 06:03:35,545 INFO: [scape..][epoch: 26, iter:  66,280, lr:(1.603e-04,)][eta: 1:22:00, time (data): 0.283 (0.040)]l_bij: 6.7547e+00 l_orth: 3.1537e+01 l_diff: 1.2197e+01 l_align: 3.9818e+01 l_total: 9.0307e+01 
2026-05-22 06:03:41,650 INFO: [scape..][epoch: 26, iter:  66,300, lr:(1.603e-04,)][eta: 1:21:51, time (data): 0.286 (0.040)]l_bij: 3.0228e+01 l_orth: 4.5057e+01 l_diff: 1.2140e+01 l_align: 4.1484e+01 l_total: 1.2891e+02 
2026-05-22 06:03:47,887 INFO: [scape..][epoch: 26, iter:  66,320, lr:(1.603e-04,)][eta: 1:21:43, time (data): 0.288 (0.040)]l_bij: 2.6611e+01 l_orth: 4.7292e+01 l_diff: 1.4065e+01 l_align: 4.6892e+01 l_total: 1.3486e+02 
2026-05-22 06:03:52,867 INFO: [scape..][epoch: 26, iter:  66,340, lr:(1.603e-04,)][eta: 1:21:34, time (data): 0.282 (0.039)]l_bij: 5.4134e+01 l_orth: 7.2879e+01 l_diff: 2.1215e+01 l_align: 6.2711e+01 l_total: 2.1094e+02 
2026-05-22 06:03:57,400 INFO: [scape..][epoch: 26, iter:  66,360, lr:(1.603e-04,)][eta: 1:21:25, time (data): 0.245 (0.040)]l_bij: 2.3676e+01 l_orth: 4.4002e+01 l_diff: 1.0987e+01 l_align: 4.2769e+01 l_total: 1.2143e+02 
2026-05-22 06:04:03,184 INFO: [scape..][epoch: 26, iter:  66,380, lr:(1.603e-04,)][eta: 1:21:16, time (data): 0.263 (0.040)]l_bij: 1.3414e+01 l_orth: 3.8800e+01 l_diff: 1.3390e+01 l_align: 4.3697e+01 l_total: 1.0930e+02 
2026-05-22 06:04:09,284 INFO: [scape..][epoch: 26, iter:  66,400, lr:(1.603e-04,)][eta: 1:21:07, time (data): 0.275 (0.041)]l_bij: 2.3955e+01 l_orth: 4.2093e+01 l_diff: 1.4023e+01 l_align: 4.2183e+01 l_total: 1.2226e+02 
2026-05-22 06:04:16,037 INFO: [scape..][epoch: 26, iter:  66,420, lr:(1.603e-04,)][eta: 1:20:58, time (data): 0.289 (0.040)]l_bij: 2.2950e+01 l_orth: 4.1625e+01 l_diff: 1.1388e+01 l_align: 4.3642e+01 l_total: 1.1961e+02 
2026-05-22 06:04:21,679 INFO: [scape..][epoch: 26, iter:  66,440, lr:(1.603e-04,)][eta: 1:20:50, time (data): 0.287 (0.039)]l_bij: 2.3997e+01 l_orth: 4.2660e+01 l_diff: 1.2788e+01 l_align: 4.4291e+01 l_total: 1.2374e+02 
2026-05-22 06:04:27,515 INFO: [scape..][epoch: 26, iter:  66,460, lr:(1.603e-04,)][eta: 1:20:41, time (data): 0.288 (0.039)]l_bij: 2.4205e+01 l_orth: 4.0637e+01 l_diff: 1.2965e+01 l_align: 4.0723e+01 l_total: 1.1853e+02 
2026-05-22 06:04:32,346 INFO: [scape..][epoch: 26, iter:  66,480, lr:(1.603e-04,)][eta: 1:20:32, time (data): 0.282 (0.039)]l_bij: 2.2448e+01 l_orth: 3.9938e+01 l_diff: 1.3323e+01 l_align: 4.3246e+01 l_total: 1.1896e+02 
2026-05-22 06:04:37,707 INFO: [scape..][epoch: 26, iter:  66,500, lr:(1.603e-04,)][eta: 1:20:23, time (data): 0.280 (0.039)]l_bij: 2.7017e+01 l_orth: 4.4044e+01 l_diff: 1.3285e+01 l_align: 4.0132e+01 l_total: 1.2448e+02 
2026-05-22 06:04:43,459 INFO: [scape..][epoch: 26, iter:  66,520, lr:(1.603e-04,)][eta: 1:20:14, time (data): 0.281 (0.039)]l_bij: 4.6934e+01 l_orth: 6.0609e+01 l_diff: 1.5689e+01 l_align: 5.2299e+01 l_total: 1.7553e+02 
2026-05-22 06:04:49,434 INFO: [scape..][epoch: 26, iter:  66,540, lr:(1.603e-04,)][eta: 1:20:05, time (data): 0.339 (0.041)]l_bij: 2.3845e+01 l_orth: 4.2600e+01 l_diff: 1.1675e+01 l_align: 4.5215e+01 l_total: 1.2333e+02 
2026-05-22 06:04:56,516 INFO: [scape..][epoch: 26, iter:  66,560, lr:(1.603e-04,)][eta: 1:19:57, time (data): 0.349 (0.037)]l_bij: 2.6337e+01 l_orth: 4.3763e+01 l_diff: 1.2820e+01 l_align: 4.1565e+01 l_total: 1.2449e+02 
2026-05-22 06:05:02,222 INFO: [scape..][epoch: 26, iter:  66,580, lr:(1.603e-04,)][eta: 1:19:48, time (data): 0.323 (0.037)]l_bij: 2.2532e+01 l_orth: 4.2502e+01 l_diff: 1.1534e+01 l_align: 4.3038e+01 l_total: 1.1961e+02 
2026-05-22 06:05:07,160 INFO: [scape..][epoch: 26, iter:  66,600, lr:(1.603e-04,)][eta: 1:19:39, time (data): 0.301 (0.038)]l_bij: 3.6109e+01 l_orth: 5.2517e+01 l_diff: 1.5859e+01 l_align: 4.7508e+01 l_total: 1.5199e+02 
2026-05-22 06:05:13,103 INFO: [scape..][epoch: 26, iter:  66,620, lr:(1.603e-04,)][eta: 1:19:30, time (data): 0.300 (0.038)]l_bij: 2.2514e+01 l_orth: 4.1218e+01 l_diff: 1.4507e+01 l_align: 4.3512e+01 l_total: 1.2175e+02 
2026-05-22 06:05:18,583 INFO: [scape..][epoch: 26, iter:  66,640, lr:(1.603e-04,)][eta: 1:19:21, time (data): 0.295 (0.039)]l_bij: 3.0118e+01 l_orth: 4.6610e+01 l_diff: 1.2235e+01 l_align: 4.3834e+01 l_total: 1.3280e+02 
2026-05-22 06:05:24,912 INFO: [scape..][epoch: 26, iter:  66,660, lr:(1.603e-04,)][eta: 1:19:13, time (data): 0.299 (0.040)]l_bij: 3.9581e+01 l_orth: 5.3401e+01 l_diff: 1.1800e+01 l_align: 4.5785e+01 l_total: 1.5057e+02 
2026-05-22 06:05:30,780 INFO: [scape..][epoch: 26, iter:  66,680, lr:(1.603e-04,)][eta: 1:19:04, time (data): 0.298 (0.040)]l_bij: 1.6897e+01 l_orth: 3.6999e+01 l_diff: 1.3286e+01 l_align: 4.0441e+01 l_total: 1.0762e+02 
2026-05-22 06:05:36,736 INFO: [scape..][epoch: 26, iter:  66,700, lr:(1.603e-04,)][eta: 1:18:55, time (data): 0.298 (0.040)]l_bij: 1.9626e+01 l_orth: 3.8971e+01 l_diff: 1.3987e+01 l_align: 4.1504e+01 l_total: 1.1409e+02 
2026-05-22 06:05:42,259 INFO: [scape..][epoch: 26, iter:  66,720, lr:(1.603e-04,)][eta: 1:18:46, time (data): 0.296 (0.041)]l_bij: 3.0198e+01 l_orth: 4.8050e+01 l_diff: 1.3091e+01 l_align: 4.6062e+01 l_total: 1.3740e+02 
2026-05-22 06:05:48,636 INFO: [scape..][epoch: 26, iter:  66,740, lr:(1.603e-04,)][eta: 1:18:38, time (data): 0.287 (0.044)]l_bij: 3.1063e+01 l_orth: 4.8500e+01 l_diff: 1.4458e+01 l_align: 4.7302e+01 l_total: 1.4132e+02 
2026-05-22 06:05:54,343 INFO: [scape..][epoch: 26, iter:  66,760, lr:(1.603e-04,)][eta: 1:18:29, time (data): 0.286 (0.042)]l_bij: 1.4447e+01 l_orth: 3.5715e+01 l_diff: 1.2216e+01 l_align: 4.2393e+01 l_total: 1.0477e+02 
2026-05-22 06:06:00,152 INFO: [scape..][epoch: 26, iter:  66,780, lr:(1.603e-04,)][eta: 1:18:20, time (data): 0.288 (0.041)]l_bij: 1.7427e+01 l_orth: 3.7909e+01 l_diff: 1.0382e+01 l_align: 4.3135e+01 l_total: 1.0885e+02 
2026-05-22 06:06:05,942 INFO: [scape..][epoch: 26, iter:  66,800, lr:(1.603e-04,)][eta: 1:18:11, time (data): 0.288 (0.041)]l_bij: 2.1634e+01 l_orth: 4.3352e+01 l_diff: 1.2417e+01 l_align: 4.2764e+01 l_total: 1.2017e+02 
2026-05-22 06:06:11,160 INFO: [scape..][epoch: 26, iter:  66,820, lr:(1.603e-04,)][eta: 1:18:02, time (data): 0.282 (0.041)]l_bij: 3.4782e+01 l_orth: 5.1011e+01 l_diff: 1.9079e+01 l_align: 4.6045e+01 l_total: 1.5092e+02 
2026-05-22 06:06:17,390 INFO: [scape..][epoch: 26, iter:  66,840, lr:(1.603e-04,)][eta: 1:17:54, time (data): 0.287 (0.041)]l_bij: 1.5786e+01 l_orth: 3.5986e+01 l_diff: 1.2590e+01 l_align: 4.0870e+01 l_total: 1.0523e+02 
2026-05-22 06:06:23,805 INFO: [scape..][epoch: 26, iter:  66,860, lr:(1.603e-04,)][eta: 1:17:45, time (data): 0.293 (0.041)]l_bij: 3.7741e+01 l_orth: 5.6130e+01 l_diff: 1.2692e+01 l_align: 5.0246e+01 l_total: 1.5681e+02 
2026-05-22 06:06:28,967 INFO: [scape..][epoch: 26, iter:  66,880, lr:(1.603e-04,)][eta: 1:17:36, time (data): 0.288 (0.040)]l_bij: 3.8062e+01 l_orth: 5.2478e+01 l_diff: 1.3401e+01 l_align: 4.6042e+01 l_total: 1.4998e+02 
2026-05-22 06:06:34,584 INFO: [scape..][epoch: 26, iter:  66,900, lr:(1.603e-04,)][eta: 1:17:27, time (data): 0.287 (0.039)]l_bij: 3.6701e+01 l_orth: 5.3797e+01 l_diff: 1.4877e+01 l_align: 4.9099e+01 l_total: 1.5447e+02 
2026-05-22 06:06:40,222 INFO: [scape..][epoch: 26, iter:  66,920, lr:(1.603e-04,)][eta: 1:17:18, time (data): 0.287 (0.040)]l_bij: 1.5785e+01 l_orth: 3.7832e+01 l_diff: 1.2995e+01 l_align: 4.1296e+01 l_total: 1.0791e+02 
2026-05-22 06:06:46,310 INFO: [scape..][epoch: 26, iter:  66,940, lr:(1.603e-04,)][eta: 1:17:10, time (data): 0.335 (0.040)]l_bij: 1.4484e+00 l_orth: 3.4233e+01 l_diff: 1.4389e+01 l_align: 4.4747e+01 l_total: 9.4817e+01 
2026-05-22 06:06:52,584 INFO: [scape..][epoch: 26, iter:  66,960, lr:(1.603e-04,)][eta: 1:17:01, time (data): 0.319 (0.039)]l_bij: 3.6650e+01 l_orth: 5.2754e+01 l_diff: 1.4065e+01 l_align: 4.4369e+01 l_total: 1.4784e+02 
2026-05-22 06:06:57,432 INFO: [scape..][epoch: 26, iter:  66,980, lr:(1.603e-04,)][eta: 1:16:52, time (data): 0.286 (0.038)]l_bij: 1.8090e+01 l_orth: 4.0813e+01 l_diff: 1.5248e+01 l_align: 4.1702e+01 l_total: 1.1585e+02 
2026-05-22 06:07:02,991 INFO: [scape..][epoch: 26, iter:  67,000, lr:(1.603e-04,)][eta: 1:16:43, time (data): 0.284 (0.040)]l_bij: 5.9814e+01 l_orth: 7.1843e+01 l_diff: 1.7200e+01 l_align: 6.0829e+01 l_total: 2.0969e+02 
2026-05-22 06:07:09,136 INFO: [scape..][epoch: 26, iter:  67,020, lr:(1.603e-04,)][eta: 1:16:34, time (data): 0.289 (0.039)]l_bij: 2.0041e+01 l_orth: 3.9577e+01 l_diff: 1.3815e+01 l_align: 4.0142e+01 l_total: 1.1358e+02 
2026-05-22 06:07:14,069 INFO: [scape..][epoch: 26, iter:  67,040, lr:(1.603e-04,)][eta: 1:16:26, time (data): 0.281 (0.040)]l_bij: 2.4071e+01 l_orth: 4.2371e+01 l_diff: 1.3815e+01 l_align: 4.4905e+01 l_total: 1.2516e+02 
2026-05-22 06:07:20,071 INFO: [scape..][epoch: 26, iter:  67,060, lr:(1.603e-04,)][eta: 1:16:17, time (data): 0.284 (0.040)]l_bij: 2.7128e+01 l_orth: 4.3732e+01 l_diff: 1.2582e+01 l_align: 4.2184e+01 l_total: 1.2563e+02 
2026-05-22 06:07:27,054 INFO: [scape..][epoch: 26, iter:  67,080, lr:(1.603e-04,)][eta: 1:16:08, time (data): 0.293 (0.041)]l_bij: 2.5979e+01 l_orth: 4.4641e+01 l_diff: 1.6063e+01 l_align: 4.2688e+01 l_total: 1.2937e+02 
2026-05-22 06:07:33,574 INFO: [scape..][epoch: 26, iter:  67,100, lr:(1.603e-04,)][eta: 1:16:00, time (data): 0.297 (0.041)]l_bij: 2.8131e+01 l_orth: 4.6380e+01 l_diff: 1.5826e+01 l_align: 4.3424e+01 l_total: 1.3376e+02 
2026-05-22 06:07:39,832 INFO: [scape..][epoch: 26, iter:  67,120, lr:(1.603e-04,)][eta: 1:15:51, time (data): 0.299 (0.040)]l_bij: 1.9166e+01 l_orth: 3.9068e+01 l_diff: 1.2795e+01 l_align: 4.2213e+01 l_total: 1.1324e+02 
2026-05-22 06:07:44,960 INFO: [scape..][epoch: 26, iter:  67,140, lr:(1.603e-04,)][eta: 1:15:42, time (data): 0.231 (0.037)]l_bij: 2.9369e+01 l_orth: 4.8142e+01 l_diff: 1.3994e+01 l_align: 4.7677e+01 l_total: 1.3918e+02 
2026-05-22 06:07:50,451 INFO: [scape..][epoch: 26, iter:  67,160, lr:(1.603e-04,)][eta: 1:15:33, time (data): 0.265 (0.036)]l_bij: 2.2621e+01 l_orth: 4.5640e+01 l_diff: 1.1461e+01 l_align: 4.4795e+01 l_total: 1.2452e+02 
2026-05-22 06:07:55,583 INFO: [scape..][epoch: 26, iter:  67,180, lr:(1.603e-04,)][eta: 1:15:24, time (data): 0.261 (0.036)]l_bij: 2.0532e+01 l_orth: 3.9476e+01 l_diff: 1.4157e+01 l_align: 4.0125e+01 l_total: 1.1429e+02 
2026-05-22 06:08:03,221 INFO: [scape..][epoch: 26, iter:  67,200, lr:(1.603e-04,)][eta: 1:15:16, time (data): 0.298 (0.038)]l_bij: 1.9643e+01 l_orth: 4.1198e+01 l_diff: 1.1654e+01 l_align: 4.4084e+01 l_total: 1.1658e+02 
2026-05-22 06:08:10,542 INFO: [scape..][epoch: 26, iter:  67,220, lr:(1.603e-04,)][eta: 1:15:07, time (data): 0.314 (0.037)]l_bij: 2.9789e+01 l_orth: 4.7818e+01 l_diff: 1.7429e+01 l_align: 4.6282e+01 l_total: 1.4132e+02 
2026-05-22 06:08:16,548 INFO: [scape..][epoch: 26, iter:  67,240, lr:(1.603e-04,)][eta: 1:14:59, time (data): 0.311 (0.037)]l_bij: 2.6631e+01 l_orth: 4.7498e+01 l_diff: 1.3254e+01 l_align: 4.4820e+01 l_total: 1.3220e+02 
2026-05-22 06:08:22,521 INFO: [scape..][epoch: 26, iter:  67,260, lr:(1.603e-04,)][eta: 1:14:50, time (data): 0.309 (0.037)]l_bij: 4.9419e+01 l_orth: 6.1210e+01 l_diff: 1.5444e+01 l_align: 4.8031e+01 l_total: 1.7410e+02 
2026-05-22 06:08:28,021 INFO: [scape..][epoch: 26, iter:  67,280, lr:(1.603e-04,)][eta: 1:14:41, time (data): 0.304 (0.037)]l_bij: 3.1081e+01 l_orth: 4.7454e+01 l_diff: 1.1852e+01 l_align: 4.4972e+01 l_total: 1.3536e+02 
2026-05-22 06:08:33,392 INFO: [scape..][epoch: 26, iter:  67,300, lr:(1.603e-04,)][eta: 1:14:32, time (data): 0.300 (0.037)]l_bij: 3.5735e+01 l_orth: 5.0176e+01 l_diff: 1.2993e+01 l_align: 4.5040e+01 l_total: 1.4394e+02 
2026-05-22 06:08:39,410 INFO: [scape..][epoch: 26, iter:  67,320, lr:(1.603e-04,)][eta: 1:14:24, time (data): 0.300 (0.037)]l_bij: 2.3005e+01 l_orth: 4.1629e+01 l_diff: 1.2242e+01 l_align: 4.0755e+01 l_total: 1.1763e+02 
2026-05-22 06:08:44,982 INFO: [scape..][epoch: 26, iter:  67,340, lr:(1.603e-04,)][eta: 1:14:15, time (data): 0.206 (0.042)]l_bij: 3.9393e+01 l_orth: 5.3341e+01 l_diff: 1.3060e+01 l_align: 4.6031e+01 l_total: 1.5182e+02 
2026-05-22 06:08:52,170 INFO: [scape..][epoch: 26, iter:  67,360, lr:(1.603e-04,)][eta: 1:14:06, time (data): 0.329 (0.039)]l_bij: 2.2657e+01 l_orth: 4.1053e+01 l_diff: 1.0555e+01 l_align: 4.1397e+01 l_total: 1.1566e+02 
2026-05-22 06:08:57,130 INFO: [scape..][epoch: 26, iter:  67,380, lr:(1.603e-04,)][eta: 1:13:58, time (data): 0.293 (0.038)]l_bij: 2.4719e+01 l_orth: 4.1810e+01 l_diff: 1.3253e+01 l_align: 4.3034e+01 l_total: 1.2282e+02 
2026-05-22 06:09:03,116 INFO: [scape..][epoch: 26, iter:  67,400, lr:(1.603e-04,)][eta: 1:13:49, time (data): 0.295 (0.038)]l_bij: 2.1050e+01 l_orth: 4.1099e+01 l_diff: 1.5186e+01 l_align: 4.2365e+01 l_total: 1.1970e+02 
2026-05-22 06:09:08,386 INFO: [scape..][epoch: 26, iter:  67,420, lr:(1.603e-04,)][eta: 1:13:40, time (data): 0.287 (0.039)]l_bij: 2.0929e+01 l_orth: 3.8929e+01 l_diff: 1.3798e+01 l_align: 3.9934e+01 l_total: 1.1359e+02 
2026-05-22 06:09:16,063 INFO: [scape..][epoch: 26, iter:  67,440, lr:(1.603e-04,)][eta: 1:13:32, time (data): 0.306 (0.038)]l_bij: 3.4626e+01 l_orth: 5.1158e+01 l_diff: 1.7252e+01 l_align: 4.3213e+01 l_total: 1.4625e+02 
2026-05-22 06:09:21,925 INFO: [scape..][epoch: 26, iter:  67,460, lr:(1.603e-04,)][eta: 1:13:23, time (data): 0.304 (0.037)]l_bij: 1.2010e+01 l_orth: 3.5556e+01 l_diff: 1.1944e+01 l_align: 4.0006e+01 l_total: 9.9516e+01 
2026-05-22 06:09:26,976 INFO: [scape..][epoch: 26, iter:  67,480, lr:(1.603e-04,)][eta: 1:13:14, time (data): 0.297 (0.037)]l_bij: 2.8880e+01 l_orth: 4.5496e+01 l_diff: 1.3661e+01 l_align: 4.2633e+01 l_total: 1.3067e+02 
2026-05-22 06:09:31,775 INFO: [scape..][epoch: 26, iter:  67,500, lr:(1.603e-04,)][eta: 1:13:05, time (data): 0.290 (0.037)]l_bij: 3.0330e+01 l_orth: 4.8190e+01 l_diff: 1.4494e+01 l_align: 4.4090e+01 l_total: 1.3711e+02 
2026-05-22 06:09:37,410 INFO: [scape..][epoch: 26, iter:  67,520, lr:(1.603e-04,)][eta: 1:12:56, time (data): 0.289 (0.037)]l_bij: 3.7122e+01 l_orth: 5.3303e+01 l_diff: 1.2808e+01 l_align: 4.8630e+01 l_total: 1.5186e+02 
2026-05-22 06:09:42,787 INFO: [scape..][epoch: 26, iter:  67,540, lr:(1.603e-04,)][eta: 1:12:48, time (data): 0.306 (0.031)]l_bij: 2.6704e+01 l_orth: 4.5250e+01 l_diff: 1.6206e+01 l_align: 4.3994e+01 l_total: 1.3215e+02 
2026-05-22 06:09:47,884 INFO: [scape..][epoch: 26, iter:  67,560, lr:(1.603e-04,)][eta: 1:12:39, time (data): 0.263 (0.037)]l_bij: 1.4358e+01 l_orth: 3.5659e+01 l_diff: 1.1018e+01 l_align: 4.0039e+01 l_total: 1.0107e+02 
2026-05-22 06:09:52,792 INFO: [scape..][epoch: 26, iter:  67,580, lr:(1.603e-04,)][eta: 1:12:30, time (data): 0.255 (0.039)]l_bij: 2.4085e+01 l_orth: 4.0244e+01 l_diff: 1.4067e+01 l_align: 4.1632e+01 l_total: 1.2003e+02 
2026-05-22 06:09:58,579 INFO: [scape..][epoch: 26, iter:  67,600, lr:(1.603e-04,)][eta: 1:12:21, time (data): 0.266 (0.038)]l_bij: 2.7290e+01 l_orth: 4.4158e+01 l_diff: 1.3451e+01 l_align: 4.3405e+01 l_total: 1.2830e+02 
2026-05-22 06:10:03,588 INFO: [scape..][epoch: 26, iter:  67,620, lr:(1.603e-04,)][eta: 1:12:12, time (data): 0.262 (0.039)]l_bij: 2.6886e+01 l_orth: 4.5518e+01 l_diff: 1.6006e+01 l_align: 4.4354e+01 l_total: 1.3276e+02 
2026-05-22 06:10:09,038 INFO: [scape..][epoch: 27, iter:  67,640, lr:(1.389e-04,)][eta: 1:12:04, time (data): 0.264 (0.046)]l_bij: 2.4110e+01 l_orth: 4.3420e+01 l_diff: 1.8470e+01 l_align: 4.3779e+01 l_total: 1.2978e+02 
2026-05-22 06:10:14,892 INFO: [scape..][epoch: 27, iter:  67,660, lr:(1.389e-04,)][eta: 1:11:55, time (data): 0.269 (0.045)]l_bij: 1.2545e+00 l_orth: 2.9402e+01 l_diff: 1.0252e+01 l_align: 4.2704e+01 l_total: 8.3613e+01 
2026-05-22 06:10:20,928 INFO: [scape..][epoch: 27, iter:  67,680, lr:(1.389e-04,)][eta: 1:11:46, time (data): 0.273 (0.044)]l_bij: 2.0104e+01 l_orth: 4.0642e+01 l_diff: 1.2911e+01 l_align: 4.0720e+01 l_total: 1.1438e+02 
2026-05-22 06:10:25,828 INFO: [scape..][epoch: 27, iter:  67,700, lr:(1.389e-04,)][eta: 1:11:37, time (data): 0.270 (0.043)]l_bij: 2.8155e+01 l_orth: 4.9075e+01 l_diff: 1.7634e+01 l_align: 4.5246e+01 l_total: 1.4011e+02 
2026-05-22 06:10:30,486 INFO: [scape..][epoch: 27, iter:  67,720, lr:(1.389e-04,)][eta: 1:11:28, time (data): 0.266 (0.042)]l_bij: 2.5568e+01 l_orth: 4.3098e+01 l_diff: 1.1733e+01 l_align: 4.1473e+01 l_total: 1.2187e+02 
2026-05-22 06:10:35,354 INFO: [scape..][epoch: 27, iter:  67,740, lr:(1.389e-04,)][eta: 1:11:20, time (data): 0.276 (0.045)]l_bij: 3.3849e+01 l_orth: 4.8396e+01 l_diff: 1.1724e+01 l_align: 4.2498e+01 l_total: 1.3647e+02 
2026-05-22 06:10:40,285 INFO: [scape..][epoch: 27, iter:  67,760, lr:(1.389e-04,)][eta: 1:11:11, time (data): 0.250 (0.039)]l_bij: 2.4855e+01 l_orth: 4.4855e+01 l_diff: 1.4704e+01 l_align: 4.6405e+01 l_total: 1.3082e+02 
2026-05-22 06:10:45,568 INFO: [scape..][epoch: 27, iter:  67,780, lr:(1.389e-04,)][eta: 1:11:02, time (data): 0.257 (0.039)]l_bij: 1.1814e+01 l_orth: 3.5106e+01 l_diff: 1.2274e+01 l_align: 4.0335e+01 l_total: 9.9530e+01 
2026-05-22 06:10:51,702 INFO: [scape..][epoch: 27, iter:  67,800, lr:(1.389e-04,)][eta: 1:10:53, time (data): 0.273 (0.040)]l_bij: 2.0437e+01 l_orth: 4.0105e+01 l_diff: 1.2846e+01 l_align: 4.1662e+01 l_total: 1.1505e+02 
2026-05-22 06:10:57,578 INFO: [scape..][epoch: 27, iter:  67,820, lr:(1.389e-04,)][eta: 1:10:45, time (data): 0.278 (0.040)]l_bij: 2.7782e+01 l_orth: 4.3154e+01 l_diff: 1.1759e+01 l_align: 4.3630e+01 l_total: 1.2633e+02 
2026-05-22 06:11:03,067 INFO: [scape..][epoch: 27, iter:  67,840, lr:(1.389e-04,)][eta: 1:10:36, time (data): 0.277 (0.040)]l_bij: 3.4660e+01 l_orth: 5.1785e+01 l_diff: 1.3564e+01 l_align: 5.0251e+01 l_total: 1.5026e+02 
2026-05-22 06:11:08,120 INFO: [scape..][epoch: 27, iter:  67,860, lr:(1.389e-04,)][eta: 1:10:27, time (data): 0.273 (0.040)]l_bij: 2.7328e+01 l_orth: 4.6747e+01 l_diff: 1.3612e+01 l_align: 4.2930e+01 l_total: 1.3062e+02 
2026-05-22 06:11:13,585 INFO: [scape..][epoch: 27, iter:  67,880, lr:(1.389e-04,)][eta: 1:10:18, time (data): 0.273 (0.040)]l_bij: 4.4780e+01 l_orth: 5.6496e+01 l_diff: 1.4054e+01 l_align: 5.0144e+01 l_total: 1.6547e+02 
2026-05-22 06:11:19,643 INFO: [scape..][epoch: 27, iter:  67,900, lr:(1.389e-04,)][eta: 1:10:10, time (data): 0.277 (0.039)]l_bij: 2.6978e+01 l_orth: 4.7949e+01 l_diff: 1.1838e+01 l_align: 4.4969e+01 l_total: 1.3174e+02 
2026-05-22 06:11:25,389 INFO: [scape..][epoch: 27, iter:  67,920, lr:(1.389e-04,)][eta: 1:10:01, time (data): 0.278 (0.039)]l_bij: 2.4905e+01 l_orth: 4.2571e+01 l_diff: 1.2373e+01 l_align: 4.0410e+01 l_total: 1.2026e+02 
2026-05-22 06:11:30,531 INFO: [scape..][epoch: 27, iter:  67,940, lr:(1.389e-04,)][eta: 1:09:52, time (data): 0.232 (0.041)]l_bij: 1.7321e+01 l_orth: 3.9343e+01 l_diff: 1.0360e+01 l_align: 4.1890e+01 l_total: 1.0891e+02 
2026-05-22 06:11:35,077 INFO: [scape..][epoch: 27, iter:  67,960, lr:(1.389e-04,)][eta: 1:09:43, time (data): 0.228 (0.042)]l_bij: 2.4219e+01 l_orth: 4.2096e+01 l_diff: 1.5001e+01 l_align: 4.2938e+01 l_total: 1.2425e+02 
2026-05-22 06:11:40,420 INFO: [scape..][epoch: 27, iter:  67,980, lr:(1.389e-04,)][eta: 1:09:35, time (data): 0.246 (0.041)]l_bij: 1.8946e+01 l_orth: 3.8230e+01 l_diff: 1.3113e+01 l_align: 4.0572e+01 l_total: 1.1086e+02 
2026-05-22 06:11:46,435 INFO: [scape..][epoch: 27, iter:  68,000, lr:(1.389e-04,)][eta: 1:09:26, time (data): 0.264 (0.040)]l_bij: 2.0257e+01 l_orth: 3.9593e+01 l_diff: 1.2797e+01 l_align: 4.0458e+01 l_total: 1.1311e+02 
2026-05-22 06:11:46,435 INFO: Saving models and training states.
2026-05-22 06:11:46,453 INFO: Start validation.
2026-05-22 06:15:21,666 INFO: Avg time: 0.2203
2026-05-22 06:15:21,840 INFO: Val auc: 0.8134
2026-05-22 06:15:21,847 INFO: Val avg error: 0.0187
2026-05-22 06:15:21,851 INFO: Best model is updated, average geodesic error: 0.0187
2026-05-22 06:15:28,316 INFO: [scape..][epoch: 27, iter:  68,020, lr:(1.389e-04,)][eta: 1:09:49, time (data): 0.277 (0.039)]l_bij: 2.8610e+01 l_orth: 4.6948e+01 l_diff: 1.2814e+01 l_align: 4.4776e+01 l_total: 1.3315e+02 
2026-05-22 06:15:32,987 INFO: [scape..][epoch: 27, iter:  68,040, lr:(1.389e-04,)][eta: 1:09:40, time (data): 0.269 (0.040)]l_bij: 1.6422e+01 l_orth: 3.7238e+01 l_diff: 1.1424e+01 l_align: 4.0319e+01 l_total: 1.0540e+02 
2026-05-22 06:15:40,524 INFO: [scape..][epoch: 27, iter:  68,060, lr:(1.389e-04,)][eta: 1:09:32, time (data): 0.286 (0.039)]l_bij: 1.5116e+01 l_orth: 3.5226e+01 l_diff: 1.4371e+01 l_align: 4.0206e+01 l_total: 1.0492e+02 
2026-05-22 06:15:46,383 INFO: [scape..][epoch: 27, iter:  68,080, lr:(1.389e-04,)][eta: 1:09:23, time (data): 0.287 (0.040)]l_bij: 2.1402e+01 l_orth: 4.1711e+01 l_diff: 1.2046e+01 l_align: 4.3287e+01 l_total: 1.1845e+02 
2026-05-22 06:15:52,952 INFO: [scape..][epoch: 27, iter:  68,100, lr:(1.389e-04,)][eta: 1:09:14, time (data): 0.292 (0.040)]l_bij: 1.1354e+01 l_orth: 3.6094e+01 l_diff: 1.0360e+01 l_align: 4.1142e+01 l_total: 9.8950e+01 
2026-05-22 06:16:00,290 INFO: [scape..][epoch: 27, iter:  68,120, lr:(1.389e-04,)][eta: 1:09:06, time (data): 0.301 (0.039)]l_bij: 4.1543e+01 l_orth: 5.5986e+01 l_diff: 1.1926e+01 l_align: 4.6113e+01 l_total: 1.5557e+02 
2026-05-22 06:16:05,919 INFO: [scape..][epoch: 27, iter:  68,140, lr:(1.389e-04,)][eta: 1:08:57, time (data): 0.187 (0.042)]l_bij: 1.7218e+01 l_orth: 3.8532e+01 l_diff: 1.2266e+01 l_align: 4.2257e+01 l_total: 1.1027e+02 
2026-05-22 06:16:12,205 INFO: [scape..][epoch: 27, iter:  68,160, lr:(1.389e-04,)][eta: 1:08:48, time (data): 0.308 (0.037)]l_bij: 4.8648e+01 l_orth: 6.4396e+01 l_diff: 1.6523e+01 l_align: 5.2887e+01 l_total: 1.8245e+02 
2026-05-22 06:16:18,432 INFO: [scape..][epoch: 27, iter:  68,180, lr:(1.389e-04,)][eta: 1:08:40, time (data): 0.310 (0.039)]l_bij: 1.4874e+01 l_orth: 3.6113e+01 l_diff: 1.2943e+01 l_align: 4.0116e+01 l_total: 1.0405e+02 
2026-05-22 06:16:24,989 INFO: [scape..][epoch: 27, iter:  68,200, lr:(1.389e-04,)][eta: 1:08:31, time (data): 0.316 (0.039)]l_bij: 1.4816e+01 l_orth: 3.7605e+01 l_diff: 1.1258e+01 l_align: 4.4023e+01 l_total: 1.0770e+02 
2026-05-22 06:16:31,545 INFO: [scape..][epoch: 27, iter:  68,220, lr:(1.389e-04,)][eta: 1:08:22, time (data): 0.319 (0.038)]l_bij: 3.3637e+01 l_orth: 4.7656e+01 l_diff: 1.3898e+01 l_align: 4.2414e+01 l_total: 1.3761e+02 
2026-05-22 06:16:38,015 INFO: [scape..][epoch: 27, iter:  68,240, lr:(1.389e-04,)][eta: 1:08:14, time (data): 0.320 (0.039)]l_bij: 4.7281e+01 l_orth: 5.8567e+01 l_diff: 1.3442e+01 l_align: 4.8770e+01 l_total: 1.6806e+02 
2026-05-22 06:16:43,415 INFO: [scape..][epoch: 27, iter:  68,260, lr:(1.389e-04,)][eta: 1:08:05, time (data): 0.311 (0.038)]l_bij: 2.0294e+01 l_orth: 4.0245e+01 l_diff: 1.2814e+01 l_align: 4.1674e+01 l_total: 1.1503e+02 
2026-05-22 06:16:49,339 INFO: [scape..][epoch: 27, iter:  68,280, lr:(1.389e-04,)][eta: 1:07:56, time (data): 0.309 (0.038)]l_bij: 1.8390e+01 l_orth: 3.9967e+01 l_diff: 1.1102e+01 l_align: 4.0852e+01 l_total: 1.1031e+02 
2026-05-22 06:16:56,868 INFO: [scape..][epoch: 27, iter:  68,300, lr:(1.389e-04,)][eta: 1:07:48, time (data): 0.318 (0.037)]l_bij: 3.6561e+01 l_orth: 5.1588e+01 l_diff: 1.0900e+01 l_align: 4.4877e+01 l_total: 1.4393e+02 
2026-05-22 06:17:02,436 INFO: [scape..][epoch: 27, iter:  68,320, lr:(1.389e-04,)][eta: 1:07:39, time (data): 0.313 (0.037)]l_bij: 2.3234e+01 l_orth: 4.4008e+01 l_diff: 1.5171e+01 l_align: 4.6671e+01 l_total: 1.2908e+02 
2026-05-22 06:17:07,596 INFO: [scape..][epoch: 27, iter:  68,340, lr:(1.389e-04,)][eta: 1:07:30, time (data): 0.308 (0.038)]l_bij: 1.9256e+01 l_orth: 3.9828e+01 l_diff: 1.3450e+01 l_align: 4.1514e+01 l_total: 1.1405e+02 
2026-05-22 06:17:13,610 INFO: [scape..][epoch: 27, iter:  68,360, lr:(1.389e-04,)][eta: 1:07:22, time (data): 0.301 (0.039)]l_bij: 3.0746e+01 l_orth: 5.0320e+01 l_diff: 1.4267e+01 l_align: 4.6662e+01 l_total: 1.4199e+02 
2026-05-22 06:17:21,110 INFO: [scape..][epoch: 27, iter:  68,380, lr:(1.389e-04,)][eta: 1:07:13, time (data): 0.338 (0.041)]l_bij: 5.4582e+01 l_orth: 7.0856e+01 l_diff: 1.7329e+01 l_align: 6.1022e+01 l_total: 2.0379e+02 
2026-05-22 06:17:28,156 INFO: [scape..][epoch: 27, iter:  68,400, lr:(1.389e-04,)][eta: 1:07:05, time (data): 0.343 (0.042)]l_bij: 1.7732e+01 l_orth: 3.7651e+01 l_diff: 1.0418e+01 l_align: 4.1258e+01 l_total: 1.0706e+02 
2026-05-22 06:17:32,768 INFO: [scape..][epoch: 27, iter:  68,420, lr:(1.389e-04,)][eta: 1:06:56, time (data): 0.315 (0.040)]l_bij: 1.8293e+01 l_orth: 3.6914e+01 l_diff: 1.1330e+01 l_align: 3.8979e+01 l_total: 1.0552e+02 
2026-05-22 06:17:40,716 INFO: [scape..][epoch: 27, iter:  68,440, lr:(1.389e-04,)][eta: 1:06:47, time (data): 0.331 (0.040)]l_bij: 7.7734e-01 l_orth: 2.5838e+01 l_diff: 1.3948e+01 l_align: 3.8841e+01 l_total: 7.9405e+01 
2026-05-22 06:17:46,913 INFO: [scape..][epoch: 27, iter:  68,460, lr:(1.389e-04,)][eta: 1:06:39, time (data): 0.328 (0.040)]l_bij: 3.8543e+01 l_orth: 5.1528e+01 l_diff: 9.6451e+00 l_align: 4.5007e+01 l_total: 1.4472e+02 
2026-05-22 06:17:53,833 INFO: [scape..][epoch: 27, iter:  68,480, lr:(1.389e-04,)][eta: 1:06:30, time (data): 0.330 (0.039)]l_bij: 4.3457e+01 l_orth: 5.8132e+01 l_diff: 1.4051e+01 l_align: 5.3047e+01 l_total: 1.6869e+02 
2026-05-22 06:18:00,379 INFO: [scape..][epoch: 27, iter:  68,500, lr:(1.389e-04,)][eta: 1:06:21, time (data): 0.330 (0.039)]l_bij: 2.7202e+01 l_orth: 4.4606e+01 l_diff: 1.2726e+01 l_align: 4.4025e+01 l_total: 1.2856e+02 
2026-05-22 06:18:05,526 INFO: [scape..][epoch: 27, iter:  68,520, lr:(1.389e-04,)][eta: 1:06:13, time (data): 0.322 (0.039)]l_bij: 1.8257e+01 l_orth: 4.2762e+01 l_diff: 1.5037e+01 l_align: 4.4534e+01 l_total: 1.2059e+02 
2026-05-22 06:18:11,229 INFO: [scape..][epoch: 27, iter:  68,540, lr:(1.389e-04,)][eta: 1:06:04, time (data): 0.318 (0.039)]l_bij: 3.0320e+01 l_orth: 4.7441e+01 l_diff: 1.3508e+01 l_align: 4.6436e+01 l_total: 1.3771e+02 
2026-05-22 06:18:19,222 INFO: [scape..][epoch: 27, iter:  68,560, lr:(1.389e-04,)][eta: 1:05:55, time (data): 0.400 (0.034)]l_bij: 3.1476e+01 l_orth: 4.8904e+01 l_diff: 1.1913e+01 l_align: 4.5358e+01 l_total: 1.3765e+02 
2026-05-22 06:18:24,077 INFO: [scape..][epoch: 27, iter:  68,580, lr:(1.389e-04,)][eta: 1:05:47, time (data): 0.319 (0.035)]l_bij: 2.3872e+01 l_orth: 4.1091e+01 l_diff: 1.6252e+01 l_align: 4.2135e+01 l_total: 1.2335e+02 
2026-05-22 06:18:31,531 INFO: [scape..][epoch: 27, iter:  68,600, lr:(1.389e-04,)][eta: 1:05:38, time (data): 0.337 (0.035)]l_bij: 1.6062e+01 l_orth: 3.8886e+01 l_diff: 1.2234e+01 l_align: 4.0894e+01 l_total: 1.0808e+02 
2026-05-22 06:18:38,325 INFO: [scape..][epoch: 27, iter:  68,620, lr:(1.389e-04,)][eta: 1:05:30, time (data): 0.338 (0.036)]l_bij: 1.4218e+01 l_orth: 3.6227e+01 l_diff: 1.2711e+01 l_align: 4.0694e+01 l_total: 1.0385e+02 
2026-05-22 06:18:44,638 INFO: [scape..][epoch: 27, iter:  68,640, lr:(1.389e-04,)][eta: 1:05:21, time (data): 0.333 (0.035)]l_bij: 5.4629e+01 l_orth: 6.6554e+01 l_diff: 1.8516e+01 l_align: 5.9151e+01 l_total: 1.9885e+02 
2026-05-22 06:18:51,410 INFO: [scape..][epoch: 27, iter:  68,660, lr:(1.389e-04,)][eta: 1:05:12, time (data): 0.334 (0.036)]l_bij: 2.5503e+01 l_orth: 4.2341e+01 l_diff: 1.6201e+01 l_align: 4.3056e+01 l_total: 1.2710e+02 
2026-05-22 06:18:58,364 INFO: [scape..][epoch: 27, iter:  68,680, lr:(1.389e-04,)][eta: 1:05:04, time (data): 0.336 (0.035)]l_bij: 1.2280e+01 l_orth: 3.6518e+01 l_diff: 1.2900e+01 l_align: 4.1102e+01 l_total: 1.0280e+02 
2026-05-22 06:19:03,618 INFO: [scape..][epoch: 27, iter:  68,700, lr:(1.389e-04,)][eta: 1:04:55, time (data): 0.327 (0.035)]l_bij: 2.2691e+01 l_orth: 4.5549e+01 l_diff: 1.3141e+01 l_align: 4.7395e+01 l_total: 1.2878e+02 
2026-05-22 06:19:09,691 INFO: [scape..][epoch: 27, iter:  68,720, lr:(1.389e-04,)][eta: 1:04:46, time (data): 0.324 (0.036)]l_bij: 1.9427e+01 l_orth: 4.2955e+01 l_diff: 1.2884e+01 l_align: 4.2981e+01 l_total: 1.1825e+02 
2026-05-22 06:19:15,082 INFO: [scape..][epoch: 27, iter:  68,740, lr:(1.389e-04,)][eta: 1:04:38, time (data): 0.319 (0.036)]l_bij: 1.1112e+01 l_orth: 3.3459e+01 l_diff: 1.0548e+01 l_align: 4.0252e+01 l_total: 9.5370e+01 
2026-05-22 06:19:21,132 INFO: [scape..][epoch: 27, iter:  68,760, lr:(1.389e-04,)][eta: 1:04:29, time (data): 0.316 (0.037)]l_bij: 3.6732e+01 l_orth: 5.1556e+01 l_diff: 1.4209e+01 l_align: 4.4688e+01 l_total: 1.4719e+02 
2026-05-22 06:19:28,170 INFO: [scape..][epoch: 27, iter:  68,780, lr:(1.389e-04,)][eta: 1:04:20, time (data): 0.335 (0.037)]l_bij: 2.6111e+01 l_orth: 4.3420e+01 l_diff: 1.2779e+01 l_align: 4.2114e+01 l_total: 1.2442e+02 
2026-05-22 06:19:34,224 INFO: [scape..][epoch: 27, iter:  68,800, lr:(1.389e-04,)][eta: 1:04:12, time (data): 0.324 (0.037)]l_bij: 1.5038e+01 l_orth: 3.7179e+01 l_diff: 1.3640e+01 l_align: 4.1120e+01 l_total: 1.0698e+02 
2026-05-22 06:19:40,823 INFO: [scape..][epoch: 27, iter:  68,820, lr:(1.389e-04,)][eta: 1:04:03, time (data): 0.325 (0.037)]l_bij: 2.7337e+01 l_orth: 4.6088e+01 l_diff: 1.5200e+01 l_align: 4.4246e+01 l_total: 1.3287e+02 
2026-05-22 06:19:47,273 INFO: [scape..][epoch: 27, iter:  68,840, lr:(1.389e-04,)][eta: 1:03:55, time (data): 0.325 (0.037)]l_bij: 1.9247e+01 l_orth: 4.2564e+01 l_diff: 1.5362e+01 l_align: 4.5343e+01 l_total: 1.2252e+02 
2026-05-22 06:19:52,899 INFO: [scape..][epoch: 27, iter:  68,860, lr:(1.389e-04,)][eta: 1:03:46, time (data): 0.317 (0.037)]l_bij: 2.9685e+01 l_orth: 4.7699e+01 l_diff: 1.6667e+01 l_align: 4.6017e+01 l_total: 1.4007e+02 
2026-05-22 06:19:59,236 INFO: [scape..][epoch: 27, iter:  68,880, lr:(1.389e-04,)][eta: 1:03:37, time (data): 0.317 (0.038)]l_bij: 4.0464e+01 l_orth: 5.4499e+01 l_diff: 1.2708e+01 l_align: 4.5984e+01 l_total: 1.5366e+02 
2026-05-22 06:20:05,221 INFO: [scape..][epoch: 27, iter:  68,900, lr:(1.389e-04,)][eta: 1:03:29, time (data): 0.315 (0.037)]l_bij: 4.0163e+01 l_orth: 5.9599e+01 l_diff: 1.6793e+01 l_align: 5.3680e+01 l_total: 1.7023e+02 
2026-05-22 06:20:11,366 INFO: [scape..][epoch: 27, iter:  68,920, lr:(1.389e-04,)][eta: 1:03:20, time (data): 0.314 (0.037)]l_bij: 3.1427e+01 l_orth: 4.8764e+01 l_diff: 1.3616e+01 l_align: 4.3340e+01 l_total: 1.3715e+02 
2026-05-22 06:20:17,921 INFO: [scape..][epoch: 27, iter:  68,940, lr:(1.389e-04,)][eta: 1:03:11, time (data): 0.315 (0.038)]l_bij: 2.4374e+01 l_orth: 4.3336e+01 l_diff: 1.2383e+01 l_align: 4.3762e+01 l_total: 1.2386e+02 
2026-05-22 06:20:24,382 INFO: [scape..][epoch: 27, iter:  68,960, lr:(1.389e-04,)][eta: 1:03:03, time (data): 0.345 (0.034)]l_bij: 2.5427e+01 l_orth: 4.6636e+01 l_diff: 1.4250e+01 l_align: 4.5408e+01 l_total: 1.3172e+02 
2026-05-22 06:20:29,967 INFO: [scape..][epoch: 27, iter:  68,980, lr:(1.389e-04,)][eta: 1:02:54, time (data): 0.309 (0.034)]l_bij: 3.0330e+01 l_orth: 4.7624e+01 l_diff: 1.5076e+01 l_align: 4.4148e+01 l_total: 1.3718e+02 
2026-05-22 06:20:37,090 INFO: [scape..][epoch: 27, iter:  69,000, lr:(1.389e-04,)][eta: 1:02:46, time (data): 0.326 (0.034)]l_bij: 2.3805e+01 l_orth: 4.2762e+01 l_diff: 1.0776e+01 l_align: 4.2297e+01 l_total: 1.1964e+02 
2026-05-22 06:20:43,456 INFO: [scape..][epoch: 27, iter:  69,020, lr:(1.389e-04,)][eta: 1:02:37, time (data): 0.324 (0.035)]l_bij: 2.2699e+01 l_orth: 4.2444e+01 l_diff: 1.1839e+01 l_align: 4.3115e+01 l_total: 1.2010e+02 
2026-05-22 06:20:49,677 INFO: [scape..][epoch: 27, iter:  69,040, lr:(1.389e-04,)][eta: 1:02:28, time (data): 0.321 (0.035)]l_bij: 2.8428e+01 l_orth: 4.6235e+01 l_diff: 1.3449e+01 l_align: 4.5680e+01 l_total: 1.3379e+02 
2026-05-22 06:20:55,169 INFO: [scape..][epoch: 27, iter:  69,060, lr:(1.389e-04,)][eta: 1:02:20, time (data): 0.313 (0.035)]l_bij: 9.7233e-01 l_orth: 2.9731e+01 l_diff: 1.2978e+01 l_align: 4.0412e+01 l_total: 8.4093e+01 
2026-05-22 06:21:02,061 INFO: [scape..][epoch: 27, iter:  69,080, lr:(1.389e-04,)][eta: 1:02:11, time (data): 0.318 (0.035)]l_bij: 2.9904e+01 l_orth: 4.8323e+01 l_diff: 1.4463e+01 l_align: 4.3594e+01 l_total: 1.3628e+02 
2026-05-22 06:21:07,811 INFO: [scape..][epoch: 27, iter:  69,100, lr:(1.389e-04,)][eta: 1:02:03, time (data): 0.314 (0.035)]l_bij: 3.6929e+01 l_orth: 5.3705e+01 l_diff: 1.3119e+01 l_align: 4.6215e+01 l_total: 1.4997e+02 
2026-05-22 06:21:14,308 INFO: [scape..][epoch: 27, iter:  69,120, lr:(1.389e-04,)][eta: 1:01:54, time (data): 0.315 (0.035)]l_bij: 2.9948e+01 l_orth: 4.7152e+01 l_diff: 1.1991e+01 l_align: 4.3992e+01 l_total: 1.3308e+02 
2026-05-22 06:21:19,775 INFO: [scape..][epoch: 27, iter:  69,140, lr:(1.389e-04,)][eta: 1:01:45, time (data): 0.311 (0.036)]l_bij: 3.3646e+01 l_orth: 5.0049e+01 l_diff: 1.3264e+01 l_align: 4.6189e+01 l_total: 1.4315e+02 
2026-05-22 06:21:26,366 INFO: [scape..][epoch: 27, iter:  69,160, lr:(1.389e-04,)][eta: 1:01:37, time (data): 0.328 (0.037)]l_bij: 3.5547e+01 l_orth: 5.1956e+01 l_diff: 1.6722e+01 l_align: 4.8473e+01 l_total: 1.5270e+02 
2026-05-22 06:21:33,003 INFO: [scape..][epoch: 27, iter:  69,180, lr:(1.389e-04,)][eta: 1:01:28, time (data): 0.330 (0.039)]l_bij: 3.1271e+01 l_orth: 4.7524e+01 l_diff: 1.1051e+01 l_align: 4.6598e+01 l_total: 1.3644e+02 
2026-05-22 06:21:39,143 INFO: [scape..][epoch: 27, iter:  69,200, lr:(1.389e-04,)][eta: 1:01:20, time (data): 0.322 (0.039)]l_bij: 3.3249e+01 l_orth: 5.0217e+01 l_diff: 1.6032e+01 l_align: 4.6804e+01 l_total: 1.4630e+02 
2026-05-22 06:21:45,700 INFO: [scape..][epoch: 27, iter:  69,220, lr:(1.389e-04,)][eta: 1:01:11, time (data): 0.323 (0.038)]l_bij: 1.6570e+01 l_orth: 3.6026e+01 l_diff: 1.1776e+01 l_align: 4.0355e+01 l_total: 1.0473e+02 
2026-05-22 06:21:51,978 INFO: [scape..][epoch: 27, iter:  69,240, lr:(1.389e-04,)][eta: 1:01:02, time (data): 0.321 (0.037)]l_bij: 4.3231e+01 l_orth: 5.7698e+01 l_diff: 1.3944e+01 l_align: 4.8217e+01 l_total: 1.6309e+02 
2026-05-22 06:21:58,359 INFO: [scape..][epoch: 27, iter:  69,260, lr:(1.389e-04,)][eta: 1:00:54, time (data): 0.321 (0.038)]l_bij: 3.4792e+01 l_orth: 5.1020e+01 l_diff: 1.6797e+01 l_align: 4.9044e+01 l_total: 1.5165e+02 
2026-05-22 06:22:05,033 INFO: [scape..][epoch: 27, iter:  69,280, lr:(1.389e-04,)][eta: 1:00:45, time (data): 0.323 (0.038)]l_bij: 1.9710e+01 l_orth: 4.0453e+01 l_diff: 1.2414e+01 l_align: 4.2687e+01 l_total: 1.1526e+02 
2026-05-22 06:22:11,511 INFO: [scape..][epoch: 27, iter:  69,300, lr:(1.389e-04,)][eta: 1:00:37, time (data): 0.323 (0.038)]l_bij: 1.5805e+01 l_orth: 3.6013e+01 l_diff: 1.3403e+01 l_align: 4.2033e+01 l_total: 1.0725e+02 
2026-05-22 06:22:18,359 INFO: [scape..][epoch: 27, iter:  69,320, lr:(1.389e-04,)][eta: 1:00:28, time (data): 0.325 (0.039)]l_bij: 2.2935e+01 l_orth: 4.2944e+01 l_diff: 1.3464e+01 l_align: 4.5103e+01 l_total: 1.2445e+02 
2026-05-22 06:22:24,008 INFO: [scape..][epoch: 27, iter:  69,340, lr:(1.389e-04,)][eta: 1:00:19, time (data): 0.321 (0.038)]l_bij: 3.0673e+01 l_orth: 4.7607e+01 l_diff: 1.4218e+01 l_align: 4.7850e+01 l_total: 1.4035e+02 
2026-05-22 06:22:31,392 INFO: [scape..][epoch: 27, iter:  69,360, lr:(1.389e-04,)][eta: 1:00:11, time (data): 0.376 (0.038)]l_bij: 1.4700e+01 l_orth: 3.4417e+01 l_diff: 1.3238e+01 l_align: 3.9258e+01 l_total: 1.0161e+02 
2026-05-22 06:22:37,350 INFO: [scape..][epoch: 27, iter:  69,380, lr:(1.389e-04,)][eta: 1:00:02, time (data): 0.332 (0.039)]l_bij: 1.5138e+01 l_orth: 3.9345e+01 l_diff: 1.3413e+01 l_align: 4.2817e+01 l_total: 1.1071e+02 
2026-05-22 06:22:43,403 INFO: [scape..][epoch: 27, iter:  69,400, lr:(1.389e-04,)][eta: 0:59:54, time (data): 0.321 (0.039)]l_bij: 1.7485e+01 l_orth: 3.8651e+01 l_diff: 1.4226e+01 l_align: 4.3833e+01 l_total: 1.1419e+02 
2026-05-22 06:22:49,629 INFO: [scape..][epoch: 27, iter:  69,420, lr:(1.389e-04,)][eta: 0:59:45, time (data): 0.318 (0.040)]l_bij: 3.5191e+01 l_orth: 5.0133e+01 l_diff: 1.1642e+01 l_align: 4.6013e+01 l_total: 1.4298e+02 
2026-05-22 06:22:55,728 INFO: [scape..][epoch: 27, iter:  69,440, lr:(1.389e-04,)][eta: 0:59:37, time (data): 0.316 (0.039)]l_bij: 1.2604e+01 l_orth: 3.6172e+01 l_diff: 1.2371e+01 l_align: 4.1236e+01 l_total: 1.0238e+02 
2026-05-22 06:23:01,205 INFO: [scape..][epoch: 27, iter:  69,460, lr:(1.389e-04,)][eta: 0:59:28, time (data): 0.308 (0.040)]l_bij: 1.9313e+01 l_orth: 4.0127e+01 l_diff: 1.3470e+01 l_align: 4.1888e+01 l_total: 1.1480e+02 
2026-05-22 06:23:06,915 INFO: [scape..][epoch: 27, iter:  69,480, lr:(1.389e-04,)][eta: 0:59:19, time (data): 0.305 (0.040)]l_bij: 2.9813e+01 l_orth: 4.7056e+01 l_diff: 1.3329e+01 l_align: 4.9220e+01 l_total: 1.3942e+02 
2026-05-22 06:23:12,552 INFO: [scape..][epoch: 27, iter:  69,500, lr:(1.389e-04,)][eta: 0:59:11, time (data): 0.302 (0.040)]l_bij: 2.3731e+01 l_orth: 4.2343e+01 l_diff: 1.1195e+01 l_align: 4.2897e+01 l_total: 1.2017e+02 
2026-05-22 06:23:20,254 INFO: [scape..][epoch: 27, iter:  69,520, lr:(1.389e-04,)][eta: 0:59:02, time (data): 0.311 (0.039)]l_bij: 2.2806e+01 l_orth: 4.0878e+01 l_diff: 1.4208e+01 l_align: 4.2260e+01 l_total: 1.2015e+02 
2026-05-22 06:23:27,518 INFO: [scape..][epoch: 27, iter:  69,540, lr:(1.389e-04,)][eta: 0:58:54, time (data): 0.317 (0.039)]l_bij: 1.8730e+01 l_orth: 3.9517e+01 l_diff: 1.2719e+01 l_align: 4.1057e+01 l_total: 1.1202e+02 
2026-05-22 06:23:33,099 INFO: [scape..][epoch: 27, iter:  69,560, lr:(1.389e-04,)][eta: 0:58:45, time (data): 0.275 (0.037)]l_bij: 1.4283e+01 l_orth: 3.6850e+01 l_diff: 1.1596e+01 l_align: 4.3482e+01 l_total: 1.0621e+02 
2026-05-22 06:23:39,367 INFO: [scape..][epoch: 27, iter:  69,580, lr:(1.389e-04,)][eta: 0:58:36, time (data): 0.297 (0.036)]l_bij: 4.7463e+01 l_orth: 6.1823e+01 l_diff: 1.6132e+01 l_align: 4.8919e+01 l_total: 1.7434e+02 
2026-05-22 06:23:45,800 INFO: [scape..][epoch: 27, iter:  69,600, lr:(1.389e-04,)][eta: 0:58:28, time (data): 0.306 (0.036)]l_bij: 2.9772e+01 l_orth: 4.7598e+01 l_diff: 1.5017e+01 l_align: 4.8326e+01 l_total: 1.4071e+02 
2026-05-22 06:23:52,433 INFO: [scape..][epoch: 27, iter:  69,620, lr:(1.389e-04,)][eta: 0:58:19, time (data): 0.313 (0.036)]l_bij: 1.9224e+01 l_orth: 3.9621e+01 l_diff: 1.2896e+01 l_align: 4.3429e+01 l_total: 1.1517e+02 
2026-05-22 06:23:59,966 INFO: [scape..][epoch: 27, iter:  69,640, lr:(1.389e-04,)][eta: 0:58:11, time (data): 0.327 (0.036)]l_bij: 2.3746e+01 l_orth: 4.1773e+01 l_diff: 1.5361e+01 l_align: 4.3409e+01 l_total: 1.2429e+02 
2026-05-22 06:24:06,060 INFO: [scape..][epoch: 27, iter:  69,660, lr:(1.389e-04,)][eta: 0:58:02, time (data): 0.323 (0.036)]l_bij: 1.8671e+01 l_orth: 3.8663e+01 l_diff: 1.0360e+01 l_align: 3.9988e+01 l_total: 1.0768e+02 
2026-05-22 06:24:12,753 INFO: [scape..][epoch: 27, iter:  69,680, lr:(1.389e-04,)][eta: 0:57:54, time (data): 0.325 (0.036)]l_bij: 3.5816e+01 l_orth: 5.0242e+01 l_diff: 1.3861e+01 l_align: 4.3403e+01 l_total: 1.4332e+02 
2026-05-22 06:24:18,866 INFO: [scape..][epoch: 27, iter:  69,700, lr:(1.389e-04,)][eta: 0:57:45, time (data): 0.322 (0.035)]l_bij: 3.9016e+01 l_orth: 5.3717e+01 l_diff: 1.7561e+01 l_align: 4.6007e+01 l_total: 1.5630e+02 
2026-05-22 06:24:23,802 INFO: [scape..][epoch: 27, iter:  69,720, lr:(1.389e-04,)][eta: 0:57:37, time (data): 0.313 (0.036)]l_bij: 1.1131e+01 l_orth: 3.4283e+01 l_diff: 1.1577e+01 l_align: 4.0157e+01 l_total: 9.7147e+01 
2026-05-22 06:24:31,113 INFO: [scape..][epoch: 27, iter:  69,740, lr:(1.389e-04,)][eta: 0:57:28, time (data): 0.319 (0.036)]l_bij: 2.5963e+01 l_orth: 4.4506e+01 l_diff: 1.2350e+01 l_align: 4.3968e+01 l_total: 1.2679e+02 
2026-05-22 06:24:37,210 INFO: [scape..][epoch: 27, iter:  69,760, lr:(1.389e-04,)][eta: 0:57:20, time (data): 0.331 (0.034)]l_bij: 1.2645e+01 l_orth: 3.3416e+01 l_diff: 1.5047e+01 l_align: 3.9525e+01 l_total: 1.0063e+02 
2026-05-22 06:24:43,622 INFO: [scape..][epoch: 27, iter:  69,780, lr:(1.389e-04,)][eta: 0:57:11, time (data): 0.325 (0.035)]l_bij: 1.5339e+01 l_orth: 3.6858e+01 l_diff: 1.1775e+01 l_align: 4.0118e+01 l_total: 1.0409e+02 
2026-05-22 06:24:49,352 INFO: [scape..][epoch: 27, iter:  69,800, lr:(1.389e-04,)][eta: 0:57:02, time (data): 0.310 (0.035)]l_bij: 7.8687e-01 l_orth: 2.6840e+01 l_diff: 1.1222e+01 l_align: 3.8739e+01 l_total: 7.7587e+01 
2026-05-22 06:24:56,912 INFO: [scape..][epoch: 27, iter:  69,820, lr:(1.389e-04,)][eta: 0:56:54, time (data): 0.329 (0.034)]l_bij: 1.9964e+01 l_orth: 4.1818e+01 l_diff: 1.5229e+01 l_align: 4.3022e+01 l_total: 1.2003e+02 
2026-05-22 06:25:03,255 INFO: [scape..][epoch: 27, iter:  69,840, lr:(1.389e-04,)][eta: 0:56:45, time (data): 0.326 (0.034)]l_bij: 2.1023e+01 l_orth: 4.4147e+01 l_diff: 1.5150e+01 l_align: 4.6568e+01 l_total: 1.2689e+02 
2026-05-22 06:25:09,560 INFO: [scape..][epoch: 27, iter:  69,860, lr:(1.389e-04,)][eta: 0:56:37, time (data): 0.324 (0.034)]l_bij: 2.4237e+01 l_orth: 4.1444e+01 l_diff: 1.3276e+01 l_align: 4.3800e+01 l_total: 1.2276e+02 
2026-05-22 06:25:14,828 INFO: [scape..][epoch: 27, iter:  69,880, lr:(1.389e-04,)][eta: 0:56:28, time (data): 0.315 (0.035)]l_bij: 2.3078e+01 l_orth: 4.3200e+01 l_diff: 1.2889e+01 l_align: 4.2735e+01 l_total: 1.2190e+02 
2026-05-22 06:25:20,060 INFO: [scape..][epoch: 27, iter:  69,900, lr:(1.389e-04,)][eta: 0:56:19, time (data): 0.308 (0.035)]l_bij: 3.9799e+01 l_orth: 5.3969e+01 l_diff: 1.1461e+01 l_align: 4.6266e+01 l_total: 1.5150e+02 
2026-05-22 06:25:26,547 INFO: [scape..][epoch: 27, iter:  69,920, lr:(1.389e-04,)][eta: 0:56:11, time (data): 0.310 (0.035)]l_bij: 2.3179e+01 l_orth: 4.3165e+01 l_diff: 1.2043e+01 l_align: 4.3941e+01 l_total: 1.2233e+02 
2026-05-22 06:25:31,793 INFO: [scape..][epoch: 27, iter:  69,940, lr:(1.389e-04,)][eta: 0:56:02, time (data): 0.305 (0.036)]l_bij: 2.9906e+01 l_orth: 4.7496e+01 l_diff: 1.3191e+01 l_align: 4.4208e+01 l_total: 1.3480e+02 
2026-05-22 06:25:37,120 INFO: [scape..][epoch: 27, iter:  69,960, lr:(1.389e-04,)][eta: 0:55:54, time (data): 0.270 (0.036)]l_bij: 3.0503e+01 l_orth: 4.8351e+01 l_diff: 1.5114e+01 l_align: 4.7635e+01 l_total: 1.4160e+02 
2026-05-22 06:25:42,761 INFO: [scape..][epoch: 27, iter:  69,980, lr:(1.389e-04,)][eta: 0:55:45, time (data): 0.277 (0.036)]l_bij: 2.3508e+01 l_orth: 4.1609e+01 l_diff: 1.3659e+01 l_align: 4.2706e+01 l_total: 1.2148e+02 
2026-05-22 06:25:47,773 INFO: [scape..][epoch: 27, iter:  70,000, lr:(1.389e-04,)][eta: 0:55:36, time (data): 0.267 (0.035)]l_bij: 1.6477e+01 l_orth: 3.8745e+01 l_diff: 1.3429e+01 l_align: 4.1805e+01 l_total: 1.1046e+02 
2026-05-22 06:25:52,861 INFO: [scape..][epoch: 27, iter:  70,020, lr:(1.389e-04,)][eta: 0:55:28, time (data): 0.264 (0.037)]l_bij: 1.1448e+01 l_orth: 3.4084e+01 l_diff: 1.2773e+01 l_align: 4.0145e+01 l_total: 9.8451e+01 
2026-05-22 06:26:00,176 INFO: [scape..][epoch: 27, iter:  70,040, lr:(1.389e-04,)][eta: 0:55:19, time (data): 0.286 (0.038)]l_bij: 2.0658e+01 l_orth: 4.2335e+01 l_diff: 1.1254e+01 l_align: 4.0726e+01 l_total: 1.1497e+02 
2026-05-22 06:26:06,538 INFO: [scape..][epoch: 27, iter:  70,060, lr:(1.389e-04,)][eta: 0:55:11, time (data): 0.291 (0.038)]l_bij: 3.0144e+01 l_orth: 4.9609e+01 l_diff: 1.6076e+01 l_align: 4.7249e+01 l_total: 1.4308e+02 
2026-05-22 06:26:12,086 INFO: [scape..][epoch: 27, iter:  70,080, lr:(1.389e-04,)][eta: 0:55:02, time (data): 0.289 (0.038)]l_bij: 2.6708e+01 l_orth: 4.2450e+01 l_diff: 9.0479e+00 l_align: 3.9745e+01 l_total: 1.1795e+02 
2026-05-22 06:26:18,226 INFO: [scape..][epoch: 27, iter:  70,100, lr:(1.389e-04,)][eta: 0:54:54, time (data): 0.292 (0.038)]l_bij: 2.0903e+01 l_orth: 4.0703e+01 l_diff: 1.3922e+01 l_align: 4.1258e+01 l_total: 1.1679e+02 
2026-05-22 06:26:23,827 INFO: [scape..][epoch: 27, iter:  70,120, lr:(1.389e-04,)][eta: 0:54:45, time (data): 0.290 (0.038)]l_bij: 2.2386e+01 l_orth: 4.4548e+01 l_diff: 1.4575e+01 l_align: 4.6190e+01 l_total: 1.2770e+02 
2026-05-22 06:26:29,927 INFO: [scape..][epoch: 27, iter:  70,140, lr:(1.389e-04,)][eta: 0:54:36, time (data): 0.292 (0.038)]l_bij: 2.4891e+01 l_orth: 4.4428e+01 l_diff: 1.2644e+01 l_align: 4.3467e+01 l_total: 1.2543e+02 
2026-05-22 06:26:35,475 INFO: [scape..][epoch: 27, iter:  70,160, lr:(1.389e-04,)][eta: 0:54:28, time (data): 0.290 (0.042)]l_bij: 1.4992e+01 l_orth: 3.9930e+01 l_diff: 1.4903e+01 l_align: 4.4338e+01 l_total: 1.1416e+02 
2026-05-22 06:26:41,328 INFO: [scape..][epoch: 27, iter:  70,180, lr:(1.389e-04,)][eta: 0:54:19, time (data): 0.292 (0.039)]l_bij: 2.7323e+01 l_orth: 4.5440e+01 l_diff: 1.6214e+01 l_align: 4.3920e+01 l_total: 1.3290e+02 
2026-05-22 06:26:47,594 INFO: [scape..][epoch: 27, iter:  70,200, lr:(1.389e-04,)][eta: 0:54:11, time (data): 0.300 (0.039)]l_bij: 4.7261e+01 l_orth: 6.3030e+01 l_diff: 1.6383e+01 l_align: 5.5023e+01 l_total: 1.8170e+02 
2026-05-22 06:26:52,989 INFO: [scape..][epoch: 27, iter:  70,220, lr:(1.389e-04,)][eta: 0:54:02, time (data): 0.292 (0.039)]l_bij: 2.8115e+01 l_orth: 4.8759e+01 l_diff: 1.7830e+01 l_align: 4.7846e+01 l_total: 1.4255e+02 
2026-05-22 06:27:00,517 INFO: [scape..][epoch: 28, iter:  70,240, lr:(1.220e-04,)][eta: 0:53:54, time (data): 0.310 (0.047)]l_bij: 1.2791e+01 l_orth: 3.6788e+01 l_diff: 1.1369e+01 l_align: 4.0601e+01 l_total: 1.0155e+02 
2026-05-22 06:27:05,701 INFO: [scape..][epoch: 28, iter:  70,260, lr:(1.220e-04,)][eta: 0:53:45, time (data): 0.301 (0.045)]l_bij: 1.0042e+01 l_orth: 3.4217e+01 l_diff: 1.3308e+01 l_align: 4.1102e+01 l_total: 9.8669e+01 
2026-05-22 06:27:11,479 INFO: [scape..][epoch: 28, iter:  70,280, lr:(1.220e-04,)][eta: 0:53:36, time (data): 0.299 (0.044)]l_bij: 2.3905e+01 l_orth: 4.6251e+01 l_diff: 1.2104e+01 l_align: 4.4783e+01 l_total: 1.2704e+02 
2026-05-22 06:27:17,481 INFO: [scape..][epoch: 28, iter:  70,300, lr:(1.220e-04,)][eta: 0:53:28, time (data): 0.299 (0.044)]l_bij: 4.1643e+01 l_orth: 5.6391e+01 l_diff: 1.5073e+01 l_align: 5.2548e+01 l_total: 1.6565e+02 
2026-05-22 06:27:24,034 INFO: [scape..][epoch: 28, iter:  70,320, lr:(1.220e-04,)][eta: 0:53:19, time (data): 0.303 (0.044)]l_bij: 3.0322e+01 l_orth: 4.6489e+01 l_diff: 1.3695e+01 l_align: 4.6447e+01 l_total: 1.3695e+02 
2026-05-22 06:27:29,814 INFO: [scape..][epoch: 28, iter:  70,340, lr:(1.220e-04,)][eta: 0:53:11, time (data): 0.301 (0.044)]l_bij: 3.9974e+01 l_orth: 5.4418e+01 l_diff: 1.6765e+01 l_align: 5.2617e+01 l_total: 1.6377e+02 
2026-05-22 06:27:35,188 INFO: [scape..][epoch: 28, iter:  70,360, lr:(1.220e-04,)][eta: 0:53:02, time (data): 0.274 (0.038)]l_bij: 1.7579e+01 l_orth: 3.7628e+01 l_diff: 1.4160e+01 l_align: 3.9965e+01 l_total: 1.0933e+02 
2026-05-22 06:27:41,544 INFO: [scape..][epoch: 28, iter:  70,380, lr:(1.220e-04,)][eta: 0:52:54, time (data): 0.303 (0.041)]l_bij: 3.0500e+01 l_orth: 4.5730e+01 l_diff: 1.4111e+01 l_align: 4.0985e+01 l_total: 1.3133e+02 
2026-05-22 06:27:45,976 INFO: [scape..][epoch: 28, iter:  70,400, lr:(1.220e-04,)][eta: 0:52:45, time (data): 0.271 (0.039)]l_bij: 2.5013e+01 l_orth: 4.1440e+01 l_diff: 1.1759e+01 l_align: 4.0648e+01 l_total: 1.1886e+02 
2026-05-22 06:27:51,958 INFO: [scape..][epoch: 28, iter:  70,420, lr:(1.220e-04,)][eta: 0:52:36, time (data): 0.279 (0.040)]l_bij: 4.3078e+01 l_orth: 5.6846e+01 l_diff: 1.3179e+01 l_align: 5.2446e+01 l_total: 1.6555e+02 
2026-05-22 06:27:56,873 INFO: [scape..][epoch: 28, iter:  70,440, lr:(1.220e-04,)][eta: 0:52:28, time (data): 0.271 (0.040)]l_bij: 2.5764e+01 l_orth: 4.2932e+01 l_diff: 1.5427e+01 l_align: 4.5500e+01 l_total: 1.2962e+02 
2026-05-22 06:28:01,658 INFO: [scape..][epoch: 28, iter:  70,460, lr:(1.220e-04,)][eta: 0:52:19, time (data): 0.265 (0.041)]l_bij: 3.7972e+01 l_orth: 5.2237e+01 l_diff: 1.5218e+01 l_align: 4.6684e+01 l_total: 1.5211e+02 
2026-05-22 06:28:07,038 INFO: [scape..][epoch: 28, iter:  70,480, lr:(1.220e-04,)][eta: 0:52:10, time (data): 0.266 (0.041)]l_bij: 4.1522e+01 l_orth: 5.6626e+01 l_diff: 1.4100e+01 l_align: 4.6379e+01 l_total: 1.5863e+02 
2026-05-22 06:28:12,685 INFO: [scape..][epoch: 28, iter:  70,500, lr:(1.220e-04,)][eta: 0:52:02, time (data): 0.268 (0.041)]l_bij: 3.4658e+01 l_orth: 5.0005e+01 l_diff: 1.6675e+01 l_align: 4.6997e+01 l_total: 1.4833e+02 
2026-05-22 06:28:18,184 INFO: [scape..][epoch: 28, iter:  70,520, lr:(1.220e-04,)][eta: 0:51:53, time (data): 0.269 (0.041)]l_bij: 2.2065e+01 l_orth: 4.3998e+01 l_diff: 1.4016e+01 l_align: 4.5194e+01 l_total: 1.2527e+02 
2026-05-22 06:28:23,879 INFO: [scape..][epoch: 28, iter:  70,540, lr:(1.220e-04,)][eta: 0:51:45, time (data): 0.271 (0.041)]l_bij: 2.8468e+01 l_orth: 4.8048e+01 l_diff: 1.3066e+01 l_align: 4.6789e+01 l_total: 1.3637e+02 
2026-05-22 06:28:29,202 INFO: [scape..][epoch: 28, iter:  70,560, lr:(1.220e-04,)][eta: 0:51:36, time (data): 0.285 (0.039)]l_bij: 1.4819e+01 l_orth: 3.7778e+01 l_diff: 1.6078e+01 l_align: 4.3746e+01 l_total: 1.1242e+02 
2026-05-22 06:28:35,228 INFO: [scape..][epoch: 28, iter:  70,580, lr:(1.220e-04,)][eta: 0:51:28, time (data): 0.296 (0.041)]l_bij: 1.3675e+01 l_orth: 3.5469e+01 l_diff: 1.3265e+01 l_align: 3.9395e+01 l_total: 1.0180e+02 
2026-05-22 06:28:40,463 INFO: [scape..][epoch: 28, iter:  70,600, lr:(1.220e-04,)][eta: 0:51:19, time (data): 0.282 (0.041)]l_bij: 2.5381e+01 l_orth: 4.4784e+01 l_diff: 1.5332e+01 l_align: 4.5005e+01 l_total: 1.3050e+02 
2026-05-22 06:28:45,743 INFO: [scape..][epoch: 28, iter:  70,620, lr:(1.220e-04,)][eta: 0:51:10, time (data): 0.277 (0.040)]l_bij: 2.0056e+01 l_orth: 3.9887e+01 l_diff: 1.1434e+01 l_align: 4.2277e+01 l_total: 1.1365e+02 
2026-05-22 06:28:51,878 INFO: [scape..][epoch: 28, iter:  70,640, lr:(1.220e-04,)][eta: 0:51:02, time (data): 0.284 (0.041)]l_bij: 1.5785e+01 l_orth: 3.7509e+01 l_diff: 1.0993e+01 l_align: 4.2014e+01 l_total: 1.0630e+02 
2026-05-22 06:28:56,736 INFO: [scape..][epoch: 28, iter:  70,660, lr:(1.220e-04,)][eta: 0:50:53, time (data): 0.276 (0.041)]l_bij: 3.4955e+01 l_orth: 4.8907e+01 l_diff: 1.3506e+01 l_align: 4.4076e+01 l_total: 1.4144e+02 
2026-05-22 06:29:03,751 INFO: [scape..][epoch: 28, iter:  70,680, lr:(1.220e-04,)][eta: 0:50:45, time (data): 0.288 (0.041)]l_bij: 1.0572e+00 l_orth: 2.8603e+01 l_diff: 1.2434e+01 l_align: 3.9180e+01 l_total: 8.1274e+01 
2026-05-22 06:29:10,212 INFO: [scape..][epoch: 28, iter:  70,700, lr:(1.220e-04,)][eta: 0:50:36, time (data): 0.292 (0.041)]l_bij: 1.4881e+01 l_orth: 3.6614e+01 l_diff: 9.9712e+00 l_align: 4.0007e+01 l_total: 1.0147e+02 
2026-05-22 06:29:16,049 INFO: [scape..][epoch: 28, iter:  70,720, lr:(1.220e-04,)][eta: 0:50:28, time (data): 0.292 (0.040)]l_bij: 3.2889e+01 l_orth: 4.9207e+01 l_diff: 1.3127e+01 l_align: 4.4877e+01 l_total: 1.4010e+02 
2026-05-22 06:29:21,789 INFO: [scape..][epoch: 28, iter:  70,740, lr:(1.220e-04,)][eta: 0:50:19, time (data): 0.292 (0.039)]l_bij: 1.5254e+01 l_orth: 3.6855e+01 l_diff: 1.2559e+01 l_align: 4.0063e+01 l_total: 1.0473e+02 
2026-05-22 06:29:26,872 INFO: [scape..][epoch: 28, iter:  70,760, lr:(1.220e-04,)][eta: 0:50:11, time (data): 0.257 (0.039)]l_bij: 9.6213e-01 l_orth: 2.8843e+01 l_diff: 1.1859e+01 l_align: 3.7988e+01 l_total: 7.9653e+01 
2026-05-22 06:29:32,902 INFO: [scape..][epoch: 28, iter:  70,780, lr:(1.220e-04,)][eta: 0:50:02, time (data): 0.289 (0.040)]l_bij: 2.0709e+01 l_orth: 3.9979e+01 l_diff: 1.1769e+01 l_align: 4.1328e+01 l_total: 1.1378e+02 
2026-05-22 06:29:39,477 INFO: [scape..][epoch: 28, iter:  70,800, lr:(1.220e-04,)][eta: 0:49:54, time (data): 0.305 (0.040)]l_bij: 3.3225e+01 l_orth: 4.9149e+01 l_diff: 1.3550e+01 l_align: 4.5567e+01 l_total: 1.4149e+02 
2026-05-22 06:29:45,720 INFO: [scape..][epoch: 28, iter:  70,820, lr:(1.220e-04,)][eta: 0:49:45, time (data): 0.307 (0.040)]l_bij: 1.9631e+01 l_orth: 3.7958e+01 l_diff: 1.1596e+01 l_align: 4.1314e+01 l_total: 1.1050e+02 
2026-05-22 06:29:51,537 INFO: [scape..][epoch: 28, iter:  70,840, lr:(1.220e-04,)][eta: 0:49:37, time (data): 0.304 (0.040)]l_bij: 2.2470e+01 l_orth: 4.0695e+01 l_diff: 1.2844e+01 l_align: 4.2113e+01 l_total: 1.1812e+02 
2026-05-22 06:29:56,769 INFO: [scape..][epoch: 28, iter:  70,860, lr:(1.220e-04,)][eta: 0:49:28, time (data): 0.296 (0.039)]l_bij: 3.7543e+01 l_orth: 5.1501e+01 l_diff: 1.2784e+01 l_align: 4.5169e+01 l_total: 1.4700e+02 
2026-05-22 06:30:02,579 INFO: [scape..][epoch: 28, iter:  70,880, lr:(1.220e-04,)][eta: 0:49:19, time (data): 0.295 (0.039)]l_bij: 2.7026e+01 l_orth: 4.4701e+01 l_diff: 1.4529e+01 l_align: 4.0531e+01 l_total: 1.2679e+02 
2026-05-22 06:30:08,268 INFO: [scape..][epoch: 28, iter:  70,900, lr:(1.220e-04,)][eta: 0:49:11, time (data): 0.293 (0.039)]l_bij: 4.1444e+01 l_orth: 5.7685e+01 l_diff: 1.6675e+01 l_align: 5.3945e+01 l_total: 1.6975e+02 
2026-05-22 06:30:13,149 INFO: [scape..][epoch: 28, iter:  70,920, lr:(1.220e-04,)][eta: 0:49:02, time (data): 0.288 (0.039)]l_bij: 3.5689e+01 l_orth: 5.1378e+01 l_diff: 1.8211e+01 l_align: 4.7415e+01 l_total: 1.5269e+02 
2026-05-22 06:30:19,744 INFO: [scape..][epoch: 28, iter:  70,940, lr:(1.220e-04,)][eta: 0:48:54, time (data): 0.292 (0.039)]l_bij: 2.0153e+01 l_orth: 3.9439e+01 l_diff: 1.4163e+01 l_align: 4.0620e+01 l_total: 1.1438e+02 
2026-05-22 06:30:25,581 INFO: [scape..][epoch: 28, iter:  70,960, lr:(1.220e-04,)][eta: 0:48:45, time (data): 0.260 (0.041)]l_bij: 3.2005e+01 l_orth: 4.9107e+01 l_diff: 1.6214e+01 l_align: 4.6697e+01 l_total: 1.4402e+02 
2026-05-22 06:30:31,638 INFO: [scape..][epoch: 28, iter:  70,980, lr:(1.220e-04,)][eta: 0:48:37, time (data): 0.292 (0.040)]l_bij: 2.0499e+01 l_orth: 4.0673e+01 l_diff: 1.1153e+01 l_align: 4.1284e+01 l_total: 1.1361e+02 
2026-05-22 06:30:37,267 INFO: [scape..][epoch: 28, iter:  71,000, lr:(1.220e-04,)][eta: 0:48:28, time (data): 0.287 (0.039)]l_bij: 2.7489e+01 l_orth: 4.7831e+01 l_diff: 1.2269e+01 l_align: 4.7338e+01 l_total: 1.3493e+02 
2026-05-22 06:30:43,434 INFO: [scape..][epoch: 28, iter:  71,020, lr:(1.220e-04,)][eta: 0:48:20, time (data): 0.294 (0.038)]l_bij: 6.0439e+01 l_orth: 7.1877e+01 l_diff: 1.8002e+01 l_align: 5.9257e+01 l_total: 2.0957e+02 
2026-05-22 06:30:48,822 INFO: [scape..][epoch: 28, iter:  71,040, lr:(1.220e-04,)][eta: 0:48:11, time (data): 0.288 (0.038)]l_bij: 3.0765e+01 l_orth: 4.8756e+01 l_diff: 1.5073e+01 l_align: 4.5854e+01 l_total: 1.4045e+02 
2026-05-22 06:30:54,791 INFO: [scape..][epoch: 28, iter:  71,060, lr:(1.220e-04,)][eta: 0:48:03, time (data): 0.290 (0.039)]l_bij: 2.8876e+01 l_orth: 4.5840e+01 l_diff: 1.2752e+01 l_align: 4.4139e+01 l_total: 1.3161e+02 
2026-05-22 06:31:00,123 INFO: [scape..][epoch: 28, iter:  71,080, lr:(1.220e-04,)][eta: 0:47:54, time (data): 0.286 (0.039)]l_bij: 1.1145e+01 l_orth: 3.3965e+01 l_diff: 9.3548e+00 l_align: 4.0660e+01 l_total: 9.5124e+01 
2026-05-22 06:31:06,669 INFO: [scape..][epoch: 28, iter:  71,100, lr:(1.220e-04,)][eta: 0:47:46, time (data): 0.292 (0.039)]l_bij: 2.4028e+01 l_orth: 4.3255e+01 l_diff: 1.1492e+01 l_align: 4.2304e+01 l_total: 1.2108e+02 
2026-05-22 06:31:12,335 INFO: [scape..][epoch: 28, iter:  71,120, lr:(1.220e-04,)][eta: 0:47:37, time (data): 0.291 (0.039)]l_bij: 3.4615e+01 l_orth: 4.9949e+01 l_diff: 1.3597e+01 l_align: 4.3267e+01 l_total: 1.4143e+02 
2026-05-22 06:31:18,944 INFO: [scape..][epoch: 28, iter:  71,140, lr:(1.220e-04,)][eta: 0:47:29, time (data): 0.295 (0.039)]l_bij: 4.1306e+01 l_orth: 5.2906e+01 l_diff: 1.4816e+01 l_align: 4.5153e+01 l_total: 1.5418e+02 
2026-05-22 06:31:24,886 INFO: [scape..][epoch: 28, iter:  71,160, lr:(1.220e-04,)][eta: 0:47:20, time (data): 0.321 (0.041)]l_bij: 1.9701e+01 l_orth: 3.8613e+01 l_diff: 1.1708e+01 l_align: 4.0918e+01 l_total: 1.1094e+02 
2026-05-22 06:31:30,302 INFO: [scape..][epoch: 28, iter:  71,180, lr:(1.220e-04,)][eta: 0:47:12, time (data): 0.282 (0.040)]l_bij: 5.6216e+01 l_orth: 7.0003e+01 l_diff: 1.6284e+01 l_align: 6.0619e+01 l_total: 2.0312e+02 
2026-05-22 06:31:35,713 INFO: [scape..][epoch: 28, iter:  71,200, lr:(1.220e-04,)][eta: 0:47:03, time (data): 0.277 (0.040)]l_bij: 2.6289e+01 l_orth: 4.4169e+01 l_diff: 1.1177e+01 l_align: 4.0394e+01 l_total: 1.2203e+02 
2026-05-22 06:31:41,676 INFO: [scape..][epoch: 28, iter:  71,220, lr:(1.220e-04,)][eta: 0:46:55, time (data): 0.283 (0.040)]l_bij: 2.2969e+01 l_orth: 4.1974e+01 l_diff: 1.2694e+01 l_align: 4.2523e+01 l_total: 1.2016e+02 
2026-05-22 06:31:47,803 INFO: [scape..][epoch: 28, iter:  71,240, lr:(1.220e-04,)][eta: 0:46:46, time (data): 0.289 (0.040)]l_bij: 4.5362e+01 l_orth: 5.7365e+01 l_diff: 1.7219e+01 l_align: 4.9927e+01 l_total: 1.6987e+02 
2026-05-22 06:31:54,521 INFO: [scape..][epoch: 28, iter:  71,260, lr:(1.220e-04,)][eta: 0:46:38, time (data): 0.298 (0.041)]l_bij: 2.9023e+01 l_orth: 4.4480e+01 l_diff: 1.1764e+01 l_align: 4.1101e+01 l_total: 1.2637e+02 
2026-05-22 06:32:00,662 INFO: [scape..][epoch: 28, iter:  71,280, lr:(1.220e-04,)][eta: 0:46:29, time (data): 0.299 (0.041)]l_bij: 2.5902e+01 l_orth: 4.4560e+01 l_diff: 1.2899e+01 l_align: 4.4403e+01 l_total: 1.2776e+02 
2026-05-22 06:32:06,555 INFO: [scape..][epoch: 28, iter:  71,300, lr:(1.220e-04,)][eta: 0:46:21, time (data): 0.299 (0.041)]l_bij: 1.7488e+01 l_orth: 3.8882e+01 l_diff: 1.2115e+01 l_align: 4.3149e+01 l_total: 1.1163e+02 
2026-05-22 06:32:13,372 INFO: [scape..][epoch: 28, iter:  71,320, lr:(1.220e-04,)][eta: 0:46:12, time (data): 0.304 (0.041)]l_bij: 3.2498e+01 l_orth: 5.1267e+01 l_diff: 1.8417e+01 l_align: 5.0423e+01 l_total: 1.5260e+02 
2026-05-22 06:32:18,836 INFO: [scape..][epoch: 28, iter:  71,340, lr:(1.220e-04,)][eta: 0:46:04, time (data): 0.300 (0.040)]l_bij: 1.3203e+01 l_orth: 3.5604e+01 l_diff: 1.0183e+01 l_align: 3.9909e+01 l_total: 9.8900e+01 
2026-05-22 06:32:24,369 INFO: [scape..][epoch: 28, iter:  71,360, lr:(1.220e-04,)][eta: 0:45:55, time (data): 0.210 (0.043)]l_bij: 3.6030e+01 l_orth: 5.3442e+01 l_diff: 1.4163e+01 l_align: 4.7523e+01 l_total: 1.5116e+02 
2026-05-22 06:32:29,213 INFO: [scape..][epoch: 28, iter:  71,380, lr:(1.220e-04,)][eta: 0:45:47, time (data): 0.236 (0.039)]l_bij: 3.7903e+01 l_orth: 5.1183e+01 l_diff: 1.2496e+01 l_align: 4.6277e+01 l_total: 1.4786e+02 
2026-05-22 06:32:34,568 INFO: [scape..][epoch: 28, iter:  71,400, lr:(1.220e-04,)][eta: 0:45:38, time (data): 0.250 (0.039)]l_bij: 1.2103e+01 l_orth: 3.5705e+01 l_diff: 1.3395e+01 l_align: 3.9937e+01 l_total: 1.0114e+02 
2026-05-22 06:32:41,274 INFO: [scape..][epoch: 28, iter:  71,420, lr:(1.220e-04,)][eta: 0:45:30, time (data): 0.276 (0.038)]l_bij: 3.1549e+01 l_orth: 4.9393e+01 l_diff: 1.3981e+01 l_align: 4.7743e+01 l_total: 1.4267e+02 
2026-05-22 06:32:46,109 INFO: [scape..][epoch: 28, iter:  71,440, lr:(1.220e-04,)][eta: 0:45:21, time (data): 0.268 (0.038)]l_bij: 1.7290e+01 l_orth: 3.8532e+01 l_diff: 1.4289e+01 l_align: 4.2326e+01 l_total: 1.1244e+02 
2026-05-22 06:32:51,720 INFO: [scape..][epoch: 28, iter:  71,460, lr:(1.220e-04,)][eta: 0:45:13, time (data): 0.270 (0.038)]l_bij: 3.1909e+01 l_orth: 5.0013e+01 l_diff: 1.3884e+01 l_align: 4.8090e+01 l_total: 1.4390e+02 
2026-05-22 06:32:57,124 INFO: [scape..][epoch: 28, iter:  71,480, lr:(1.220e-04,)][eta: 0:45:04, time (data): 0.270 (0.038)]l_bij: 1.8567e+01 l_orth: 4.0420e+01 l_diff: 1.5596e+01 l_align: 4.3067e+01 l_total: 1.1765e+02 
2026-05-22 06:33:03,036 INFO: [scape..][epoch: 28, iter:  71,500, lr:(1.220e-04,)][eta: 0:44:56, time (data): 0.274 (0.038)]l_bij: 2.0198e+01 l_orth: 3.9027e+01 l_diff: 1.0993e+01 l_align: 4.1118e+01 l_total: 1.1134e+02 
2026-05-22 06:33:09,181 INFO: [scape..][epoch: 28, iter:  71,520, lr:(1.220e-04,)][eta: 0:44:47, time (data): 0.278 (0.038)]l_bij: 2.1401e+01 l_orth: 4.1621e+01 l_diff: 1.3353e+01 l_align: 4.2978e+01 l_total: 1.1935e+02 
2026-05-22 06:33:13,865 INFO: [scape..][epoch: 28, iter:  71,540, lr:(1.220e-04,)][eta: 0:44:39, time (data): 0.273 (0.037)]l_bij: 3.9023e+01 l_orth: 5.3677e+01 l_diff: 1.5219e+01 l_align: 4.8288e+01 l_total: 1.5621e+02 
2026-05-22 06:33:18,604 INFO: [scape..][epoch: 28, iter:  71,560, lr:(1.220e-04,)][eta: 0:44:30, time (data): 0.210 (0.041)]l_bij: 1.8521e+01 l_orth: 4.0735e+01 l_diff: 1.6929e+01 l_align: 4.2411e+01 l_total: 1.1860e+02 
2026-05-22 06:33:23,376 INFO: [scape..][epoch: 28, iter:  71,580, lr:(1.220e-04,)][eta: 0:44:22, time (data): 0.234 (0.039)]l_bij: 2.8942e+01 l_orth: 4.7942e+01 l_diff: 1.2611e+01 l_align: 4.6462e+01 l_total: 1.3596e+02 
2026-05-22 06:33:27,705 INFO: [scape..][epoch: 28, iter:  71,600, lr:(1.220e-04,)][eta: 0:44:13, time (data): 0.226 (0.039)]l_bij: 2.0029e+01 l_orth: 4.1788e+01 l_diff: 1.3705e+01 l_align: 4.2520e+01 l_total: 1.1804e+02 
2026-05-22 06:33:32,566 INFO: [scape..][epoch: 28, iter:  71,620, lr:(1.220e-04,)][eta: 0:44:04, time (data): 0.231 (0.039)]l_bij: 3.0156e+01 l_orth: 4.8681e+01 l_diff: 1.1702e+01 l_align: 4.9711e+01 l_total: 1.4025e+02 
2026-05-22 06:33:37,386 INFO: [scape..][epoch: 28, iter:  71,640, lr:(1.220e-04,)][eta: 0:43:56, time (data): 0.234 (0.039)]l_bij: 2.2403e+01 l_orth: 4.3662e+01 l_diff: 1.4159e+01 l_align: 4.1920e+01 l_total: 1.2214e+02 
2026-05-22 06:33:41,864 INFO: [scape..][epoch: 28, iter:  71,660, lr:(1.220e-04,)][eta: 0:43:47, time (data): 0.232 (0.038)]l_bij: 2.3216e+01 l_orth: 4.1171e+01 l_diff: 1.5183e+01 l_align: 4.3288e+01 l_total: 1.2286e+02 
2026-05-22 06:33:48,145 INFO: [scape..][epoch: 28, iter:  71,680, lr:(1.220e-04,)][eta: 0:43:39, time (data): 0.245 (0.038)]l_bij: 1.6103e+01 l_orth: 3.5587e+01 l_diff: 1.1787e+01 l_align: 3.9587e+01 l_total: 1.0306e+02 
2026-05-22 06:33:52,624 INFO: [scape..][epoch: 28, iter:  71,700, lr:(1.220e-04,)][eta: 0:43:30, time (data): 0.242 (0.037)]l_bij: 2.4771e+01 l_orth: 4.2275e+01 l_diff: 1.3630e+01 l_align: 4.1878e+01 l_total: 1.2255e+02 
2026-05-22 06:33:57,498 INFO: [scape..][epoch: 28, iter:  71,720, lr:(1.220e-04,)][eta: 0:43:22, time (data): 0.242 (0.037)]l_bij: 2.1021e+01 l_orth: 4.5464e+01 l_diff: 1.4898e+01 l_align: 4.7056e+01 l_total: 1.2844e+02 
2026-05-22 06:34:02,661 INFO: [scape..][epoch: 28, iter:  71,740, lr:(1.220e-04,)][eta: 0:43:13, time (data): 0.244 (0.037)]l_bij: 1.9801e+01 l_orth: 3.7247e+01 l_diff: 1.1374e+01 l_align: 3.9963e+01 l_total: 1.0838e+02 
2026-05-22 06:34:07,699 INFO: [scape..][epoch: 28, iter:  71,760, lr:(1.220e-04,)][eta: 0:43:05, time (data): 0.185 (0.036)]l_bij: 1.4962e+01 l_orth: 3.6603e+01 l_diff: 1.4133e+01 l_align: 4.1617e+01 l_total: 1.0731e+02 
2026-05-22 06:34:12,456 INFO: [scape..][epoch: 28, iter:  71,780, lr:(1.220e-04,)][eta: 0:42:56, time (data): 0.231 (0.039)]l_bij: 1.4080e+01 l_orth: 3.6129e+01 l_diff: 1.2567e+01 l_align: 4.0442e+01 l_total: 1.0322e+02 
2026-05-22 06:34:16,840 INFO: [scape..][epoch: 28, iter:  71,800, lr:(1.220e-04,)][eta: 0:42:48, time (data): 0.225 (0.039)]l_bij: 4.9413e+01 l_orth: 6.3023e+01 l_diff: 2.1683e+01 l_align: 5.3909e+01 l_total: 1.8803e+02 
2026-05-22 06:34:22,397 INFO: [scape..][epoch: 28, iter:  71,820, lr:(1.220e-04,)][eta: 0:42:39, time (data): 0.242 (0.039)]l_bij: 5.5976e+01 l_orth: 7.2503e+01 l_diff: 2.0483e+01 l_align: 6.4408e+01 l_total: 2.1337e+02 
2026-05-22 06:34:27,891 INFO: [scape..][epoch: 28, iter:  71,840, lr:(1.220e-04,)][eta: 0:42:31, time (data): 0.250 (0.039)]l_bij: 2.8054e+01 l_orth: 4.6343e+01 l_diff: 1.2926e+01 l_align: 4.3760e+01 l_total: 1.3108e+02 
2026-05-22 06:34:32,035 INFO: [scape..][epoch: 28, iter:  71,860, lr:(1.220e-04,)][eta: 0:42:22, time (data): 0.242 (0.038)]l_bij: 2.9814e+01 l_orth: 4.5912e+01 l_diff: 1.3066e+01 l_align: 4.1654e+01 l_total: 1.3045e+02 
2026-05-22 06:34:37,301 INFO: [scape..][epoch: 28, iter:  71,880, lr:(1.220e-04,)][eta: 0:42:13, time (data): 0.245 (0.038)]l_bij: 2.8422e+01 l_orth: 4.7376e+01 l_diff: 1.4356e+01 l_align: 4.5378e+01 l_total: 1.3553e+02 
2026-05-22 06:34:41,950 INFO: [scape..][epoch: 28, iter:  71,900, lr:(1.220e-04,)][eta: 0:42:05, time (data): 0.243 (0.038)]l_bij: 2.4438e+01 l_orth: 4.1544e+01 l_diff: 1.2837e+01 l_align: 4.2592e+01 l_total: 1.2141e+02 
2026-05-22 06:34:47,007 INFO: [scape..][epoch: 28, iter:  71,920, lr:(1.220e-04,)][eta: 0:41:56, time (data): 0.244 (0.038)]l_bij: 3.8670e+01 l_orth: 5.3931e+01 l_diff: 1.1312e+01 l_align: 4.7449e+01 l_total: 1.5136e+02 
2026-05-22 06:34:51,887 INFO: [scape..][epoch: 28, iter:  71,940, lr:(1.220e-04,)][eta: 0:41:48, time (data): 0.244 (0.038)]l_bij: 2.6447e+01 l_orth: 4.4795e+01 l_diff: 1.5063e+01 l_align: 4.3218e+01 l_total: 1.2952e+02 
2026-05-22 06:34:56,757 INFO: [scape..][epoch: 28, iter:  71,960, lr:(1.220e-04,)][eta: 0:41:39, time (data): 0.233 (0.037)]l_bij: 1.3202e+01 l_orth: 3.6199e+01 l_diff: 1.3230e+01 l_align: 4.1542e+01 l_total: 1.0417e+02 
2026-05-22 06:35:01,489 INFO: [scape..][epoch: 28, iter:  71,980, lr:(1.220e-04,)][eta: 0:41:31, time (data): 0.236 (0.039)]l_bij: 2.9852e+01 l_orth: 4.6741e+01 l_diff: 1.5986e+01 l_align: 4.5363e+01 l_total: 1.3794e+02 
2026-05-22 06:35:07,091 INFO: [scape..][epoch: 28, iter:  72,000, lr:(1.220e-04,)][eta: 0:41:22, time (data): 0.257 (0.039)]l_bij: 4.4753e+01 l_orth: 5.6607e+01 l_diff: 1.4642e+01 l_align: 4.4768e+01 l_total: 1.6077e+02 
2026-05-22 06:35:07,091 INFO: Saving models and training states.
2026-05-22 06:35:07,112 INFO: Start validation.
2026-05-22 06:38:39,135 INFO: Avg time: 0.2151
2026-05-22 06:38:39,327 INFO: Val auc: 0.8127
2026-05-22 06:38:39,327 INFO: Val avg error: 0.0187
2026-05-22 06:38:46,875 INFO: [scape..][epoch: 28, iter:  72,020, lr:(1.220e-04,)][eta: 0:41:32, time (data): 0.294 (0.038)]l_bij: 2.4127e+01 l_orth: 4.2862e+01 l_diff: 1.4519e+01 l_align: 4.2828e+01 l_total: 1.2434e+02 
2026-05-22 06:38:53,592 INFO: [scape..][epoch: 28, iter:  72,040, lr:(1.220e-04,)][eta: 0:41:23, time (data): 0.304 (0.039)]l_bij: 2.6007e+01 l_orth: 4.4673e+01 l_diff: 1.3661e+01 l_align: 4.4610e+01 l_total: 1.2895e+02 
2026-05-22 06:39:01,181 INFO: [scape..][epoch: 28, iter:  72,060, lr:(1.220e-04,)][eta: 0:41:15, time (data): 0.319 (0.039)]l_bij: 3.9978e+01 l_orth: 5.4718e+01 l_diff: 1.3328e+01 l_align: 4.6677e+01 l_total: 1.5470e+02 
2026-05-22 06:39:08,348 INFO: [scape..][epoch: 28, iter:  72,080, lr:(1.220e-04,)][eta: 0:41:07, time (data): 0.326 (0.038)]l_bij: 3.2274e+01 l_orth: 4.7235e+01 l_diff: 1.6874e+01 l_align: 4.3834e+01 l_total: 1.4022e+02 
2026-05-22 06:39:13,415 INFO: [scape..][epoch: 28, iter:  72,100, lr:(1.220e-04,)][eta: 0:40:58, time (data): 0.315 (0.037)]l_bij: 3.8364e+01 l_orth: 5.0987e+01 l_diff: 1.3165e+01 l_align: 4.5517e+01 l_total: 1.4803e+02 
2026-05-22 06:39:18,880 INFO: [scape..][epoch: 28, iter:  72,120, lr:(1.220e-04,)][eta: 0:40:50, time (data): 0.310 (0.037)]l_bij: 4.0203e+01 l_orth: 5.3603e+01 l_diff: 1.5672e+01 l_align: 4.7232e+01 l_total: 1.5671e+02 
2026-05-22 06:39:26,206 INFO: [scape..][epoch: 28, iter:  72,140, lr:(1.220e-04,)][eta: 0:40:41, time (data): 0.316 (0.037)]l_bij: 3.9273e+01 l_orth: 5.3553e+01 l_diff: 1.4273e+01 l_align: 4.7791e+01 l_total: 1.5489e+02 
2026-05-22 06:39:32,729 INFO: [scape..][epoch: 28, iter:  72,160, lr:(1.220e-04,)][eta: 0:40:33, time (data): 0.297 (0.041)]l_bij: 1.5870e+01 l_orth: 3.6776e+01 l_diff: 1.2827e+01 l_align: 4.0186e+01 l_total: 1.0566e+02 
2026-05-22 06:39:37,876 INFO: [scape..][epoch: 28, iter:  72,180, lr:(1.220e-04,)][eta: 0:40:24, time (data): 0.259 (0.040)]l_bij: 3.1436e+01 l_orth: 4.6722e+01 l_diff: 1.1964e+01 l_align: 4.3047e+01 l_total: 1.3317e+02 
2026-05-22 06:39:44,754 INFO: [scape..][epoch: 28, iter:  72,200, lr:(1.220e-04,)][eta: 0:40:16, time (data): 0.300 (0.040)]l_bij: 3.8434e+01 l_orth: 5.2694e+01 l_diff: 1.6734e+01 l_align: 4.5357e+01 l_total: 1.5322e+02 
2026-05-22 06:39:50,025 INFO: [scape..][epoch: 28, iter:  72,220, lr:(1.220e-04,)][eta: 0:40:07, time (data): 0.288 (0.039)]l_bij: 2.3668e+01 l_orth: 4.1128e+01 l_diff: 1.6411e+01 l_align: 4.1839e+01 l_total: 1.2305e+02 
2026-05-22 06:39:56,446 INFO: [scape..][epoch: 28, iter:  72,240, lr:(1.220e-04,)][eta: 0:39:59, time (data): 0.296 (0.039)]l_bij: 2.8352e+01 l_orth: 4.6812e+01 l_diff: 1.5286e+01 l_align: 4.6027e+01 l_total: 1.3648e+02 
2026-05-22 06:40:03,076 INFO: [scape..][epoch: 28, iter:  72,260, lr:(1.220e-04,)][eta: 0:39:50, time (data): 0.303 (0.038)]l_bij: 2.1935e+01 l_orth: 4.1540e+01 l_diff: 1.2568e+01 l_align: 4.3929e+01 l_total: 1.1997e+02 
2026-05-22 06:40:09,477 INFO: [scape..][epoch: 28, iter:  72,280, lr:(1.220e-04,)][eta: 0:39:42, time (data): 0.306 (0.037)]l_bij: 2.2201e+01 l_orth: 4.1009e+01 l_diff: 1.1683e+01 l_align: 4.1905e+01 l_total: 1.1680e+02 
2026-05-22 06:40:15,712 INFO: [scape..][epoch: 28, iter:  72,300, lr:(1.220e-04,)][eta: 0:39:33, time (data): 0.307 (0.037)]l_bij: 3.1862e+01 l_orth: 4.6760e+01 l_diff: 1.0796e+01 l_align: 4.3107e+01 l_total: 1.3252e+02 
2026-05-22 06:40:21,317 INFO: [scape..][epoch: 28, iter:  72,320, lr:(1.220e-04,)][eta: 0:39:25, time (data): 0.304 (0.037)]l_bij: 2.1792e+01 l_orth: 4.0939e+01 l_diff: 1.1886e+01 l_align: 4.2252e+01 l_total: 1.1687e+02 
2026-05-22 06:40:27,004 INFO: [scape..][epoch: 28, iter:  72,340, lr:(1.220e-04,)][eta: 0:39:16, time (data): 0.301 (0.037)]l_bij: 4.6560e+01 l_orth: 6.3105e+01 l_diff: 1.4454e+01 l_align: 5.3103e+01 l_total: 1.7722e+02 
2026-05-22 06:40:32,591 INFO: [scape..][epoch: 28, iter:  72,360, lr:(1.220e-04,)][eta: 0:39:08, time (data): 0.299 (0.038)]l_bij: 1.7253e+01 l_orth: 3.6248e+01 l_diff: 1.2731e+01 l_align: 3.9401e+01 l_total: 1.0563e+02 
2026-05-22 06:40:39,690 INFO: [scape..][epoch: 28, iter:  72,380, lr:(1.220e-04,)][eta: 0:39:00, time (data): 0.355 (0.037)]l_bij: 3.0654e+01 l_orth: 4.7491e+01 l_diff: 1.8026e+01 l_align: 4.5639e+01 l_total: 1.4181e+02 
2026-05-22 06:40:46,232 INFO: [scape..][epoch: 28, iter:  72,400, lr:(1.220e-04,)][eta: 0:38:51, time (data): 0.341 (0.040)]l_bij: 1.7485e+01 l_orth: 3.9306e+01 l_diff: 1.3048e+01 l_align: 4.2094e+01 l_total: 1.1193e+02 
2026-05-22 06:40:52,129 INFO: [scape..][epoch: 28, iter:  72,420, lr:(1.220e-04,)][eta: 0:38:43, time (data): 0.326 (0.040)]l_bij: 2.0123e+01 l_orth: 4.2210e+01 l_diff: 1.4455e+01 l_align: 4.3253e+01 l_total: 1.2004e+02 
2026-05-22 06:40:57,741 INFO: [scape..][epoch: 28, iter:  72,440, lr:(1.220e-04,)][eta: 0:38:34, time (data): 0.314 (0.040)]l_bij: 3.5358e+01 l_orth: 5.0887e+01 l_diff: 1.3557e+01 l_align: 4.5901e+01 l_total: 1.4570e+02 
2026-05-22 06:41:03,632 INFO: [scape..][epoch: 28, iter:  72,460, lr:(1.220e-04,)][eta: 0:38:26, time (data): 0.310 (0.039)]l_bij: 1.8700e+01 l_orth: 3.8673e+01 l_diff: 1.4843e+01 l_align: 4.1785e+01 l_total: 1.1400e+02 
2026-05-22 06:41:09,820 INFO: [scape..][epoch: 28, iter:  72,480, lr:(1.220e-04,)][eta: 0:38:17, time (data): 0.310 (0.039)]l_bij: 2.6331e+01 l_orth: 4.7826e+01 l_diff: 1.3948e+01 l_align: 4.4311e+01 l_total: 1.3242e+02 
2026-05-22 06:41:16,646 INFO: [scape..][epoch: 28, iter:  72,500, lr:(1.220e-04,)][eta: 0:38:09, time (data): 0.315 (0.039)]l_bij: 2.1728e+01 l_orth: 4.1032e+01 l_diff: 1.3862e+01 l_align: 4.1247e+01 l_total: 1.1787e+02 
2026-05-22 06:41:23,795 INFO: [scape..][epoch: 28, iter:  72,520, lr:(1.220e-04,)][eta: 0:38:01, time (data): 0.320 (0.039)]l_bij: 3.8197e+01 l_orth: 5.3587e+01 l_diff: 1.1380e+01 l_align: 4.9237e+01 l_total: 1.5240e+02 
2026-05-22 06:41:28,621 INFO: [scape..][epoch: 28, iter:  72,540, lr:(1.220e-04,)][eta: 0:37:52, time (data): 0.311 (0.039)]l_bij: 1.3984e+01 l_orth: 3.6421e+01 l_diff: 1.0180e+01 l_align: 4.0884e+01 l_total: 1.0147e+02 
2026-05-22 06:41:36,090 INFO: [scape..][epoch: 28, iter:  72,560, lr:(1.220e-04,)][eta: 0:37:44, time (data): 0.317 (0.039)]l_bij: 2.3309e+01 l_orth: 4.1632e+01 l_diff: 1.2228e+01 l_align: 4.0891e+01 l_total: 1.1806e+02 
2026-05-22 06:41:42,989 INFO: [scape..][epoch: 28, iter:  72,580, lr:(1.220e-04,)][eta: 0:37:35, time (data): 0.349 (0.039)]l_bij: 2.4496e+01 l_orth: 4.7919e+01 l_diff: 1.4047e+01 l_align: 4.5396e+01 l_total: 1.3186e+02 
2026-05-22 06:41:48,930 INFO: [scape..][epoch: 28, iter:  72,600, lr:(1.220e-04,)][eta: 0:37:27, time (data): 0.322 (0.040)]l_bij: 3.2582e+01 l_orth: 5.1291e+01 l_diff: 1.5110e+01 l_align: 4.5446e+01 l_total: 1.4443e+02 
2026-05-22 06:41:56,093 INFO: [scape..][epoch: 28, iter:  72,620, lr:(1.220e-04,)][eta: 0:37:18, time (data): 0.335 (0.041)]l_bij: 3.1544e+01 l_orth: 4.7672e+01 l_diff: 1.3656e+01 l_align: 4.5235e+01 l_total: 1.3811e+02 
2026-05-22 06:42:02,936 INFO: [scape..][epoch: 28, iter:  72,640, lr:(1.220e-04,)][eta: 0:37:10, time (data): 0.336 (0.040)]l_bij: 2.2025e+01 l_orth: 4.1349e+01 l_diff: 1.5049e+01 l_align: 4.2673e+01 l_total: 1.2110e+02 
2026-05-22 06:42:08,497 INFO: [scape..][epoch: 28, iter:  72,660, lr:(1.220e-04,)][eta: 0:37:02, time (data): 0.325 (0.041)]l_bij: 3.9746e+01 l_orth: 5.4741e+01 l_diff: 1.2656e+01 l_align: 4.7337e+01 l_total: 1.5448e+02 
2026-05-22 06:42:15,167 INFO: [scape..][epoch: 28, iter:  72,680, lr:(1.220e-04,)][eta: 0:36:53, time (data): 0.326 (0.040)]l_bij: 2.0696e+01 l_orth: 3.8461e+01 l_diff: 9.5402e+00 l_align: 4.0490e+01 l_total: 1.0919e+02 
2026-05-22 06:42:21,590 INFO: [scape..][epoch: 28, iter:  72,700, lr:(1.220e-04,)][eta: 0:36:45, time (data): 0.325 (0.040)]l_bij: 2.4740e+01 l_orth: 4.4996e+01 l_diff: 1.2996e+01 l_align: 4.1664e+01 l_total: 1.2440e+02 
2026-05-22 06:42:27,038 INFO: [scape..][epoch: 28, iter:  72,720, lr:(1.220e-04,)][eta: 0:36:36, time (data): 0.319 (0.040)]l_bij: 2.4438e+01 l_orth: 4.4089e+01 l_diff: 1.2798e+01 l_align: 4.4960e+01 l_total: 1.2629e+02 
2026-05-22 06:42:33,865 INFO: [scape..][epoch: 28, iter:  72,740, lr:(1.220e-04,)][eta: 0:36:28, time (data): 0.321 (0.040)]l_bij: 2.6095e+01 l_orth: 4.4091e+01 l_diff: 1.3595e+01 l_align: 4.2734e+01 l_total: 1.2652e+02 
2026-05-22 06:42:40,142 INFO: [scape..][epoch: 28, iter:  72,760, lr:(1.220e-04,)][eta: 0:36:20, time (data): 0.320 (0.040)]l_bij: 2.2653e+01 l_orth: 4.3822e+01 l_diff: 1.4714e+01 l_align: 4.4487e+01 l_total: 1.2568e+02 
2026-05-22 06:42:46,729 INFO: [scape..][epoch: 28, iter:  72,780, lr:(1.220e-04,)][eta: 0:36:11, time (data): 0.338 (0.040)]l_bij: 4.7446e+01 l_orth: 6.3544e+01 l_diff: 1.5595e+01 l_align: 5.2997e+01 l_total: 1.7958e+02 
2026-05-22 06:42:52,354 INFO: [scape..][epoch: 28, iter:  72,800, lr:(1.220e-04,)][eta: 0:36:03, time (data): 0.308 (0.038)]l_bij: 2.0698e+01 l_orth: 3.9178e+01 l_diff: 1.2651e+01 l_align: 3.9184e+01 l_total: 1.1171e+02 
2026-05-22 06:42:58,256 INFO: [scape..][epoch: 28, iter:  72,820, lr:(1.220e-04,)][eta: 0:35:54, time (data): 0.304 (0.039)]l_bij: 3.8593e+01 l_orth: 5.4817e+01 l_diff: 1.4168e+01 l_align: 4.5984e+01 l_total: 1.5356e+02 
2026-05-22 06:43:05,786 INFO: [scape..][epoch: 29, iter:  72,840, lr:(1.098e-04,)][eta: 0:35:46, time (data): 0.322 (0.049)]l_bij: 2.6901e+01 l_orth: 4.4385e+01 l_diff: 1.2642e+01 l_align: 4.3438e+01 l_total: 1.2737e+02 
2026-05-22 06:43:11,846 INFO: [scape..][epoch: 29, iter:  72,860, lr:(1.098e-04,)][eta: 0:35:37, time (data): 0.318 (0.046)]l_bij: 2.3559e+01 l_orth: 4.3745e+01 l_diff: 1.3143e+01 l_align: 4.5017e+01 l_total: 1.2546e+02 
2026-05-22 06:43:18,250 INFO: [scape..][epoch: 29, iter:  72,880, lr:(1.098e-04,)][eta: 0:35:29, time (data): 0.319 (0.045)]l_bij: 3.6978e+01 l_orth: 5.1538e+01 l_diff: 1.6897e+01 l_align: 4.6090e+01 l_total: 1.5150e+02 
2026-05-22 06:43:24,268 INFO: [scape..][epoch: 29, iter:  72,900, lr:(1.098e-04,)][eta: 0:35:21, time (data): 0.316 (0.044)]l_bij: 1.6963e+01 l_orth: 4.0526e+01 l_diff: 1.2779e+01 l_align: 4.3487e+01 l_total: 1.1375e+02 
2026-05-22 06:43:31,635 INFO: [scape..][epoch: 29, iter:  72,920, lr:(1.098e-04,)][eta: 0:35:12, time (data): 0.323 (0.043)]l_bij: 2.5883e+01 l_orth: 4.3627e+01 l_diff: 1.4131e+01 l_align: 4.2249e+01 l_total: 1.2589e+02 
2026-05-22 06:43:37,551 INFO: [scape..][epoch: 29, iter:  72,940, lr:(1.098e-04,)][eta: 0:35:04, time (data): 0.320 (0.043)]l_bij: 2.5479e+01 l_orth: 4.4382e+01 l_diff: 1.4663e+01 l_align: 4.0743e+01 l_total: 1.2527e+02 
2026-05-22 06:43:43,652 INFO: [scape..][epoch: 29, iter:  72,960, lr:(1.098e-04,)][eta: 0:34:55, time (data): 0.318 (0.042)]l_bij: 2.1985e+01 l_orth: 4.2002e+01 l_diff: 1.4883e+01 l_align: 4.4223e+01 l_total: 1.2309e+02 
2026-05-22 06:43:50,852 INFO: [scape..][epoch: 29, iter:  72,980, lr:(1.098e-04,)][eta: 0:34:47, time (data): 0.370 (0.036)]l_bij: 2.5798e+01 l_orth: 4.3678e+01 l_diff: 1.5945e+01 l_align: 4.5284e+01 l_total: 1.3070e+02 
2026-05-22 06:43:56,151 INFO: [scape..][epoch: 29, iter:  73,000, lr:(1.098e-04,)][eta: 0:34:39, time (data): 0.313 (0.036)]l_bij: 2.0747e+01 l_orth: 4.0863e+01 l_diff: 1.0602e+01 l_align: 4.3282e+01 l_total: 1.1549e+02 
2026-05-22 06:44:02,507 INFO: [scape..][epoch: 29, iter:  73,020, lr:(1.098e-04,)][eta: 0:34:30, time (data): 0.315 (0.037)]l_bij: 3.1148e+01 l_orth: 4.6439e+01 l_diff: 1.2889e+01 l_align: 4.2891e+01 l_total: 1.3337e+02 
2026-05-22 06:44:09,134 INFO: [scape..][epoch: 29, iter:  73,040, lr:(1.098e-04,)][eta: 0:34:22, time (data): 0.319 (0.037)]l_bij: 2.3960e+01 l_orth: 4.3067e+01 l_diff: 1.3170e+01 l_align: 4.4496e+01 l_total: 1.2469e+02 
2026-05-22 06:44:15,276 INFO: [scape..][epoch: 29, iter:  73,060, lr:(1.098e-04,)][eta: 0:34:13, time (data): 0.317 (0.036)]l_bij: 1.7533e+01 l_orth: 3.9331e+01 l_diff: 1.4685e+01 l_align: 4.4213e+01 l_total: 1.1576e+02 
2026-05-22 06:44:22,195 INFO: [scape..][epoch: 29, iter:  73,080, lr:(1.098e-04,)][eta: 0:34:05, time (data): 0.322 (0.037)]l_bij: 1.8226e+01 l_orth: 3.8424e+01 l_diff: 1.2262e+01 l_align: 4.0037e+01 l_total: 1.0895e+02 
2026-05-22 06:44:26,917 INFO: [scape..][epoch: 29, iter:  73,100, lr:(1.098e-04,)][eta: 0:33:57, time (data): 0.309 (0.037)]l_bij: 3.6971e+01 l_orth: 5.0906e+01 l_diff: 1.5410e+01 l_align: 4.6275e+01 l_total: 1.4956e+02 
2026-05-22 06:44:32,841 INFO: [scape..][epoch: 29, iter:  73,120, lr:(1.098e-04,)][eta: 0:33:48, time (data): 0.307 (0.037)]l_bij: 3.3546e+01 l_orth: 4.9820e+01 l_diff: 1.5175e+01 l_align: 4.5170e+01 l_total: 1.4371e+02 
2026-05-22 06:44:39,857 INFO: [scape..][epoch: 29, iter:  73,140, lr:(1.098e-04,)][eta: 0:33:40, time (data): 0.312 (0.037)]l_bij: 2.2904e+01 l_orth: 4.2022e+01 l_diff: 1.3743e+01 l_align: 4.2133e+01 l_total: 1.2080e+02 
2026-05-22 06:44:47,813 INFO: [scape..][epoch: 29, iter:  73,160, lr:(1.098e-04,)][eta: 0:33:32, time (data): 0.321 (0.037)]l_bij: 8.1553e-01 l_orth: 2.6600e+01 l_diff: 1.0741e+01 l_align: 3.9565e+01 l_total: 7.7722e+01 
2026-05-22 06:44:52,611 INFO: [scape..][epoch: 29, iter:  73,180, lr:(1.098e-04,)][eta: 0:33:23, time (data): 0.231 (0.034)]l_bij: 1.6049e+01 l_orth: 3.8264e+01 l_diff: 9.4572e+00 l_align: 4.0623e+01 l_total: 1.0439e+02 
2026-05-22 06:44:59,836 INFO: [scape..][epoch: 29, iter:  73,200, lr:(1.098e-04,)][eta: 0:33:15, time (data): 0.303 (0.037)]l_bij: 3.1493e+01 l_orth: 4.6988e+01 l_diff: 1.3554e+01 l_align: 4.5104e+01 l_total: 1.3714e+02 
2026-05-22 06:45:06,651 INFO: [scape..][epoch: 29, iter:  73,220, lr:(1.098e-04,)][eta: 0:33:06, time (data): 0.317 (0.037)]l_bij: 2.1866e+01 l_orth: 4.1047e+01 l_diff: 1.1867e+01 l_align: 4.3705e+01 l_total: 1.1849e+02 
2026-05-22 06:45:13,432 INFO: [scape..][epoch: 29, iter:  73,240, lr:(1.098e-04,)][eta: 0:32:58, time (data): 0.323 (0.037)]l_bij: 2.1381e+01 l_orth: 4.4730e+01 l_diff: 1.2996e+01 l_align: 4.6854e+01 l_total: 1.2596e+02 
2026-05-22 06:45:19,229 INFO: [scape..][epoch: 29, iter:  73,260, lr:(1.098e-04,)][eta: 0:32:50, time (data): 0.316 (0.037)]l_bij: 1.6000e+01 l_orth: 3.9411e+01 l_diff: 1.2822e+01 l_align: 4.2162e+01 l_total: 1.1040e+02 
2026-05-22 06:45:25,510 INFO: [scape..][epoch: 29, iter:  73,280, lr:(1.098e-04,)][eta: 0:32:41, time (data): 0.315 (0.038)]l_bij: 3.9453e+01 l_orth: 5.5325e+01 l_diff: 1.4895e+01 l_align: 4.6360e+01 l_total: 1.5603e+02 
2026-05-22 06:45:31,262 INFO: [scape..][epoch: 29, iter:  73,300, lr:(1.098e-04,)][eta: 0:32:33, time (data): 0.311 (0.038)]l_bij: 1.8541e+01 l_orth: 4.2183e+01 l_diff: 1.3747e+01 l_align: 4.5851e+01 l_total: 1.2032e+02 
2026-05-22 06:45:37,671 INFO: [scape..][epoch: 29, iter:  73,320, lr:(1.098e-04,)][eta: 0:32:24, time (data): 0.312 (0.039)]l_bij: 1.3981e+01 l_orth: 3.4712e+01 l_diff: 1.0625e+01 l_align: 4.1051e+01 l_total: 1.0037e+02 
2026-05-22 06:45:44,742 INFO: [scape..][epoch: 29, iter:  73,340, lr:(1.098e-04,)][eta: 0:32:16, time (data): 0.317 (0.039)]l_bij: 1.8805e+01 l_orth: 4.0587e+01 l_diff: 1.4071e+01 l_align: 4.2467e+01 l_total: 1.1593e+02 
2026-05-22 06:45:50,463 INFO: [scape..][epoch: 29, iter:  73,360, lr:(1.098e-04,)][eta: 0:32:08, time (data): 0.314 (0.038)]l_bij: 2.4855e+01 l_orth: 4.4576e+01 l_diff: 1.2271e+01 l_align: 4.3058e+01 l_total: 1.2476e+02 
2026-05-22 06:45:57,152 INFO: [scape..][epoch: 29, iter:  73,380, lr:(1.098e-04,)][eta: 0:31:59, time (data): 0.313 (0.036)]l_bij: 3.1790e+01 l_orth: 4.8418e+01 l_diff: 1.5631e+01 l_align: 4.5366e+01 l_total: 1.4121e+02 
2026-05-22 06:46:04,227 INFO: [scape..][epoch: 29, iter:  73,400, lr:(1.098e-04,)][eta: 0:31:51, time (data): 0.336 (0.036)]l_bij: 4.6684e+01 l_orth: 6.0025e+01 l_diff: 1.6156e+01 l_align: 4.8839e+01 l_total: 1.7170e+02 
2026-05-22 06:46:11,229 INFO: [scape..][epoch: 29, iter:  73,420, lr:(1.098e-04,)][eta: 0:31:43, time (data): 0.341 (0.037)]l_bij: 2.6177e+01 l_orth: 4.5990e+01 l_diff: 1.0379e+01 l_align: 4.1488e+01 l_total: 1.2403e+02 
2026-05-22 06:46:17,164 INFO: [scape..][epoch: 29, iter:  73,440, lr:(1.098e-04,)][eta: 0:31:34, time (data): 0.329 (0.035)]l_bij: 1.9023e+01 l_orth: 4.1478e+01 l_diff: 1.5329e+01 l_align: 4.4603e+01 l_total: 1.2043e+02 
2026-05-22 06:46:23,288 INFO: [scape..][epoch: 29, iter:  73,460, lr:(1.098e-04,)][eta: 0:31:26, time (data): 0.324 (0.035)]l_bij: 3.5444e+01 l_orth: 5.0086e+01 l_diff: 1.3805e+01 l_align: 4.3964e+01 l_total: 1.4330e+02 
2026-05-22 06:46:30,365 INFO: [scape..][epoch: 29, iter:  73,480, lr:(1.098e-04,)][eta: 0:31:17, time (data): 0.330 (0.035)]l_bij: 2.4199e+01 l_orth: 4.2080e+01 l_diff: 1.2934e+01 l_align: 3.9880e+01 l_total: 1.1909e+02 
2026-05-22 06:46:36,503 INFO: [scape..][epoch: 29, iter:  73,500, lr:(1.098e-04,)][eta: 0:31:09, time (data): 0.326 (0.035)]l_bij: 4.9121e+01 l_orth: 6.0216e+01 l_diff: 1.5812e+01 l_align: 5.2705e+01 l_total: 1.7785e+02 
2026-05-22 06:46:43,557 INFO: [scape..][epoch: 29, iter:  73,520, lr:(1.098e-04,)][eta: 0:31:01, time (data): 0.330 (0.035)]l_bij: 2.8111e+01 l_orth: 4.5962e+01 l_diff: 1.2284e+01 l_align: 4.3803e+01 l_total: 1.3016e+02 
2026-05-22 06:46:50,897 INFO: [scape..][epoch: 29, iter:  73,540, lr:(1.098e-04,)][eta: 0:30:52, time (data): 0.334 (0.035)]l_bij: 2.6908e+01 l_orth: 4.9485e+01 l_diff: 1.4631e+01 l_align: 4.7335e+01 l_total: 1.3836e+02 
2026-05-22 06:46:55,348 INFO: [scape..][epoch: 29, iter:  73,560, lr:(1.098e-04,)][eta: 0:30:44, time (data): 0.322 (0.035)]l_bij: 2.2310e+01 l_orth: 4.5457e+01 l_diff: 1.8745e+01 l_align: 4.7441e+01 l_total: 1.3395e+02 
2026-05-22 06:47:01,288 INFO: [scape..][epoch: 29, iter:  73,580, lr:(1.098e-04,)][eta: 0:30:36, time (data): 0.306 (0.039)]l_bij: 2.2687e+01 l_orth: 4.2512e+01 l_diff: 1.4706e+01 l_align: 4.1859e+01 l_total: 1.2176e+02 
2026-05-22 06:47:08,125 INFO: [scape..][epoch: 29, iter:  73,600, lr:(1.098e-04,)][eta: 0:30:27, time (data): 0.327 (0.038)]l_bij: 1.6249e+01 l_orth: 3.7300e+01 l_diff: 1.4219e+01 l_align: 4.1302e+01 l_total: 1.0907e+02 
2026-05-22 06:47:14,772 INFO: [scape..][epoch: 29, iter:  73,620, lr:(1.098e-04,)][eta: 0:30:19, time (data): 0.329 (0.038)]l_bij: 1.2342e+01 l_orth: 3.8851e+01 l_diff: 1.0404e+01 l_align: 4.2532e+01 l_total: 1.0413e+02 
2026-05-22 06:47:20,868 INFO: [scape..][epoch: 29, iter:  73,640, lr:(1.098e-04,)][eta: 0:30:10, time (data): 0.322 (0.038)]l_bij: 3.3044e+01 l_orth: 5.4137e+01 l_diff: 1.7398e+01 l_align: 5.2350e+01 l_total: 1.5693e+02 
2026-05-22 06:47:27,649 INFO: [scape..][epoch: 29, iter:  73,660, lr:(1.098e-04,)][eta: 0:30:02, time (data): 0.326 (0.038)]l_bij: 2.4589e+01 l_orth: 4.4216e+01 l_diff: 1.4749e+01 l_align: 4.3377e+01 l_total: 1.2693e+02 
2026-05-22 06:47:34,102 INFO: [scape..][epoch: 29, iter:  73,680, lr:(1.098e-04,)][eta: 0:29:54, time (data): 0.325 (0.037)]l_bij: 5.2962e+01 l_orth: 6.6032e+01 l_diff: 1.6964e+01 l_align: 5.6645e+01 l_total: 1.9260e+02 
2026-05-22 06:47:41,116 INFO: [scape..][epoch: 29, iter:  73,700, lr:(1.098e-04,)][eta: 0:29:45, time (data): 0.329 (0.037)]l_bij: 2.2315e+01 l_orth: 4.3212e+01 l_diff: 1.1287e+01 l_align: 4.6626e+01 l_total: 1.2344e+02 
2026-05-22 06:47:48,343 INFO: [scape..][epoch: 29, iter:  73,720, lr:(1.098e-04,)][eta: 0:29:37, time (data): 0.333 (0.037)]l_bij: 3.5717e+01 l_orth: 4.9687e+01 l_diff: 1.3135e+01 l_align: 4.6040e+01 l_total: 1.4458e+02 
2026-05-22 06:47:53,363 INFO: [scape..][epoch: 29, iter:  73,740, lr:(1.098e-04,)][eta: 0:29:29, time (data): 0.324 (0.036)]l_bij: 3.8901e+01 l_orth: 5.2849e+01 l_diff: 1.5665e+01 l_align: 4.6169e+01 l_total: 1.5358e+02 
2026-05-22 06:47:59,469 INFO: [scape..][epoch: 29, iter:  73,760, lr:(1.098e-04,)][eta: 0:29:20, time (data): 0.322 (0.036)]l_bij: 2.1422e+01 l_orth: 4.1086e+01 l_diff: 1.2856e+01 l_align: 4.1151e+01 l_total: 1.1652e+02 
2026-05-22 06:48:05,534 INFO: [scape..][epoch: 29, iter:  73,780, lr:(1.098e-04,)][eta: 0:29:12, time (data): 0.308 (0.035)]l_bij: 1.7010e+01 l_orth: 3.8408e+01 l_diff: 1.5751e+01 l_align: 4.3408e+01 l_total: 1.1458e+02 
2026-05-22 06:48:10,511 INFO: [scape..][epoch: 29, iter:  73,800, lr:(1.098e-04,)][eta: 0:29:04, time (data): 0.272 (0.038)]l_bij: 2.5840e+01 l_orth: 4.3879e+01 l_diff: 1.3822e+01 l_align: 4.1896e+01 l_total: 1.2544e+02 
2026-05-22 06:48:16,985 INFO: [scape..][epoch: 29, iter:  73,820, lr:(1.098e-04,)][eta: 0:28:55, time (data): 0.291 (0.038)]l_bij: 1.8904e+01 l_orth: 3.9807e+01 l_diff: 1.3288e+01 l_align: 3.9264e+01 l_total: 1.1126e+02 
2026-05-22 06:48:23,337 INFO: [scape..][epoch: 29, iter:  73,840, lr:(1.098e-04,)][eta: 0:28:47, time (data): 0.299 (0.039)]l_bij: 3.1666e+01 l_orth: 4.8150e+01 l_diff: 1.5779e+01 l_align: 4.7002e+01 l_total: 1.4260e+02 
2026-05-22 06:48:29,491 INFO: [scape..][epoch: 29, iter:  73,860, lr:(1.098e-04,)][eta: 0:28:38, time (data): 0.301 (0.038)]l_bij: 3.6478e+01 l_orth: 5.2244e+01 l_diff: 1.4863e+01 l_align: 4.4876e+01 l_total: 1.4846e+02 
2026-05-22 06:48:35,454 INFO: [scape..][epoch: 29, iter:  73,880, lr:(1.098e-04,)][eta: 0:28:30, time (data): 0.300 (0.038)]l_bij: 1.2453e+01 l_orth: 3.8080e+01 l_diff: 1.0541e+01 l_align: 4.2513e+01 l_total: 1.0359e+02 
2026-05-22 06:48:41,445 INFO: [scape..][epoch: 29, iter:  73,900, lr:(1.098e-04,)][eta: 0:28:22, time (data): 0.300 (0.037)]l_bij: 2.2050e+01 l_orth: 4.2496e+01 l_diff: 1.2874e+01 l_align: 4.2598e+01 l_total: 1.2002e+02 
2026-05-22 06:48:48,148 INFO: [scape..][epoch: 29, iter:  73,920, lr:(1.098e-04,)][eta: 0:28:13, time (data): 0.305 (0.037)]l_bij: 3.0615e+01 l_orth: 4.5597e+01 l_diff: 1.2258e+01 l_align: 4.6051e+01 l_total: 1.3452e+02 
2026-05-22 06:48:54,516 INFO: [scape..][epoch: 29, iter:  73,940, lr:(1.098e-04,)][eta: 0:28:05, time (data): 0.306 (0.038)]l_bij: 3.0018e+01 l_orth: 4.8586e+01 l_diff: 1.2674e+01 l_align: 4.4128e+01 l_total: 1.3541e+02 
2026-05-22 06:49:01,831 INFO: [scape..][epoch: 29, iter:  73,960, lr:(1.098e-04,)][eta: 0:27:57, time (data): 0.312 (0.038)]l_bij: 1.5246e+01 l_orth: 3.8315e+01 l_diff: 1.1932e+01 l_align: 4.2188e+01 l_total: 1.0768e+02 
2026-05-22 06:49:08,399 INFO: [scape..][epoch: 29, iter:  73,980, lr:(1.098e-04,)][eta: 0:27:48, time (data): 0.341 (0.036)]l_bij: 4.1272e+01 l_orth: 5.5659e+01 l_diff: 1.5160e+01 l_align: 4.9555e+01 l_total: 1.6165e+02 
2026-05-22 06:49:15,559 INFO: [scape..][epoch: 29, iter:  74,000, lr:(1.098e-04,)][eta: 0:27:40, time (data): 0.352 (0.034)]l_bij: 4.0618e+01 l_orth: 5.4514e+01 l_diff: 1.1626e+01 l_align: 4.5519e+01 l_total: 1.5228e+02 
2026-05-22 06:49:21,882 INFO: [scape..][epoch: 29, iter:  74,020, lr:(1.098e-04,)][eta: 0:27:32, time (data): 0.338 (0.035)]l_bij: 2.1297e+01 l_orth: 4.0325e+01 l_diff: 1.6081e+01 l_align: 4.3353e+01 l_total: 1.2106e+02 
2026-05-22 06:49:27,642 INFO: [scape..][epoch: 29, iter:  74,040, lr:(1.098e-04,)][eta: 0:27:23, time (data): 0.324 (0.037)]l_bij: 1.1525e+00 l_orth: 2.7787e+01 l_diff: 1.0628e+01 l_align: 4.0702e+01 l_total: 8.0270e+01 
2026-05-22 06:49:34,680 INFO: [scape..][epoch: 29, iter:  74,060, lr:(1.098e-04,)][eta: 0:27:15, time (data): 0.330 (0.037)]l_bij: 3.2575e+01 l_orth: 4.9670e+01 l_diff: 1.1912e+01 l_align: 4.5391e+01 l_total: 1.3955e+02 
2026-05-22 06:49:40,661 INFO: [scape..][epoch: 29, iter:  74,080, lr:(1.098e-04,)][eta: 0:27:07, time (data): 0.324 (0.038)]l_bij: 1.6025e+01 l_orth: 3.5168e+01 l_diff: 1.2777e+01 l_align: 4.1265e+01 l_total: 1.0523e+02 
2026-05-22 06:49:48,005 INFO: [scape..][epoch: 29, iter:  74,100, lr:(1.098e-04,)][eta: 0:26:58, time (data): 0.331 (0.038)]l_bij: 2.6532e+01 l_orth: 4.4352e+01 l_diff: 1.3412e+01 l_align: 4.3980e+01 l_total: 1.2828e+02 
2026-05-22 06:49:54,887 INFO: [scape..][epoch: 29, iter:  74,120, lr:(1.098e-04,)][eta: 0:26:50, time (data): 0.333 (0.038)]l_bij: 2.7767e+01 l_orth: 4.4129e+01 l_diff: 1.1926e+01 l_align: 4.1021e+01 l_total: 1.2484e+02 
2026-05-22 06:50:00,644 INFO: [scape..][epoch: 29, iter:  74,140, lr:(1.098e-04,)][eta: 0:26:42, time (data): 0.327 (0.037)]l_bij: 4.0063e+01 l_orth: 5.5059e+01 l_diff: 1.4943e+01 l_align: 4.6862e+01 l_total: 1.5693e+02 
2026-05-22 06:50:07,438 INFO: [scape..][epoch: 29, iter:  74,160, lr:(1.098e-04,)][eta: 0:26:33, time (data): 0.329 (0.037)]l_bij: 4.4985e+01 l_orth: 5.8289e+01 l_diff: 1.8672e+01 l_align: 5.0226e+01 l_total: 1.7217e+02 
2026-05-22 06:50:13,079 INFO: [scape..][epoch: 29, iter:  74,180, lr:(1.098e-04,)][eta: 0:26:25, time (data): 0.301 (0.038)]l_bij: 3.7127e+01 l_orth: 5.1778e+01 l_diff: 1.8299e+01 l_align: 4.9726e+01 l_total: 1.5693e+02 
2026-05-22 06:50:18,561 INFO: [scape..][epoch: 29, iter:  74,200, lr:(1.098e-04,)][eta: 0:26:17, time (data): 0.284 (0.037)]l_bij: 3.4850e+01 l_orth: 4.9723e+01 l_diff: 1.4336e+01 l_align: 4.6364e+01 l_total: 1.4527e+02 
2026-05-22 06:50:24,835 INFO: [scape..][epoch: 29, iter:  74,220, lr:(1.098e-04,)][eta: 0:26:08, time (data): 0.295 (0.036)]l_bij: 1.5363e+01 l_orth: 3.4462e+01 l_diff: 1.2343e+01 l_align: 3.9430e+01 l_total: 1.0160e+02 
2026-05-22 06:50:31,183 INFO: [scape..][epoch: 29, iter:  74,240, lr:(1.098e-04,)][eta: 0:26:00, time (data): 0.302 (0.037)]l_bij: 2.7673e+01 l_orth: 4.4871e+01 l_diff: 1.2641e+01 l_align: 4.3142e+01 l_total: 1.2833e+02 
2026-05-22 06:50:37,931 INFO: [scape..][epoch: 29, iter:  74,260, lr:(1.098e-04,)][eta: 0:25:52, time (data): 0.309 (0.037)]l_bij: 3.4865e+01 l_orth: 4.9481e+01 l_diff: 1.2538e+01 l_align: 4.7683e+01 l_total: 1.4457e+02 
2026-05-22 06:50:44,860 INFO: [scape..][epoch: 29, iter:  74,280, lr:(1.098e-04,)][eta: 0:25:43, time (data): 0.316 (0.036)]l_bij: 2.5424e+01 l_orth: 4.5586e+01 l_diff: 1.2137e+01 l_align: 4.4584e+01 l_total: 1.2773e+02 
2026-05-22 06:50:51,828 INFO: [scape..][epoch: 29, iter:  74,300, lr:(1.098e-04,)][eta: 0:25:35, time (data): 0.321 (0.036)]l_bij: 1.1186e+01 l_orth: 3.4040e+01 l_diff: 1.3210e+01 l_align: 3.9646e+01 l_total: 9.8081e+01 
2026-05-22 06:50:57,705 INFO: [scape..][epoch: 29, iter:  74,320, lr:(1.098e-04,)][eta: 0:25:27, time (data): 0.317 (0.036)]l_bij: 3.4972e+01 l_orth: 4.9703e+01 l_diff: 1.1236e+01 l_align: 4.3351e+01 l_total: 1.3926e+02 
2026-05-22 06:51:04,466 INFO: [scape..][epoch: 29, iter:  74,340, lr:(1.098e-04,)][eta: 0:25:18, time (data): 0.320 (0.036)]l_bij: 2.7599e+01 l_orth: 4.3200e+01 l_diff: 1.1545e+01 l_align: 3.9491e+01 l_total: 1.2183e+02 
2026-05-22 06:51:11,467 INFO: [scape..][epoch: 29, iter:  74,360, lr:(1.098e-04,)][eta: 0:25:10, time (data): 0.323 (0.036)]l_bij: 3.5093e+01 l_orth: 5.2103e+01 l_diff: 1.2938e+01 l_align: 4.9499e+01 l_total: 1.4963e+02 
2026-05-22 06:51:16,412 INFO: [scape..][epoch: 29, iter:  74,380, lr:(1.098e-04,)][eta: 0:25:02, time (data): 0.238 (0.037)]l_bij: 3.2789e+01 l_orth: 5.4433e+01 l_diff: 1.8235e+01 l_align: 5.0551e+01 l_total: 1.5601e+02 
2026-05-22 06:51:23,066 INFO: [scape..][epoch: 29, iter:  74,400, lr:(1.098e-04,)][eta: 0:24:53, time (data): 0.301 (0.037)]l_bij: 1.8129e+01 l_orth: 4.0476e+01 l_diff: 1.4083e+01 l_align: 4.3717e+01 l_total: 1.1640e+02 
2026-05-22 06:51:29,389 INFO: [scape..][epoch: 29, iter:  74,420, lr:(1.098e-04,)][eta: 0:24:45, time (data): 0.307 (0.037)]l_bij: 1.9879e+01 l_orth: 4.3916e+01 l_diff: 1.4306e+01 l_align: 4.5129e+01 l_total: 1.2323e+02 
2026-05-22 06:51:34,777 INFO: [scape..][epoch: 29, iter:  74,440, lr:(1.098e-04,)][eta: 0:24:37, time (data): 0.296 (0.037)]l_bij: 1.2555e+01 l_orth: 3.3974e+01 l_diff: 1.2010e+01 l_align: 3.9557e+01 l_total: 9.8096e+01 
2026-05-22 06:51:41,206 INFO: [scape..][epoch: 29, iter:  74,460, lr:(1.098e-04,)][eta: 0:24:28, time (data): 0.302 (0.036)]l_bij: 2.8757e+01 l_orth: 4.7356e+01 l_diff: 1.4272e+01 l_align: 4.6575e+01 l_total: 1.3696e+02 
2026-05-22 06:51:47,659 INFO: [scape..][epoch: 29, iter:  74,480, lr:(1.098e-04,)][eta: 0:24:20, time (data): 0.306 (0.036)]l_bij: 1.6482e+01 l_orth: 3.8197e+01 l_diff: 1.3553e+01 l_align: 4.1229e+01 l_total: 1.0946e+02 
2026-05-22 06:51:52,904 INFO: [scape..][epoch: 29, iter:  74,500, lr:(1.098e-04,)][eta: 0:24:12, time (data): 0.299 (0.036)]l_bij: 2.1887e+01 l_orth: 4.1298e+01 l_diff: 1.6167e+01 l_align: 4.0099e+01 l_total: 1.1945e+02 
2026-05-22 06:51:59,671 INFO: [scape..][epoch: 29, iter:  74,520, lr:(1.098e-04,)][eta: 0:24:03, time (data): 0.304 (0.036)]l_bij: 2.8764e+01 l_orth: 4.4677e+01 l_diff: 1.3688e+01 l_align: 4.2549e+01 l_total: 1.2968e+02 
2026-05-22 06:52:06,619 INFO: [scape..][epoch: 29, iter:  74,540, lr:(1.098e-04,)][eta: 0:23:55, time (data): 0.309 (0.037)]l_bij: 3.7430e+01 l_orth: 5.2716e+01 l_diff: 1.7158e+01 l_align: 4.6227e+01 l_total: 1.5353e+02 
2026-05-22 06:52:11,651 INFO: [scape..][epoch: 29, iter:  74,560, lr:(1.098e-04,)][eta: 0:23:47, time (data): 0.303 (0.037)]l_bij: 2.3832e+01 l_orth: 4.2341e+01 l_diff: 1.0296e+01 l_align: 4.1690e+01 l_total: 1.1816e+02 
2026-05-22 06:52:18,411 INFO: [scape..][epoch: 29, iter:  74,580, lr:(1.098e-04,)][eta: 0:23:38, time (data): 0.296 (0.037)]l_bij: 1.6040e+01 l_orth: 3.6270e+01 l_diff: 1.1838e+01 l_align: 4.0280e+01 l_total: 1.0443e+02 
2026-05-22 06:52:25,190 INFO: [scape..][epoch: 29, iter:  74,600, lr:(1.098e-04,)][eta: 0:23:30, time (data): 0.326 (0.040)]l_bij: 2.8868e+01 l_orth: 4.6758e+01 l_diff: 1.1018e+01 l_align: 4.3238e+01 l_total: 1.2988e+02 
2026-05-22 06:52:32,187 INFO: [scape..][epoch: 29, iter:  74,620, lr:(1.098e-04,)][eta: 0:23:22, time (data): 0.335 (0.040)]l_bij: 2.3812e+01 l_orth: 4.3385e+01 l_diff: 1.1368e+01 l_align: 4.1219e+01 l_total: 1.1978e+02 
2026-05-22 06:52:39,179 INFO: [scape..][epoch: 29, iter:  74,640, lr:(1.098e-04,)][eta: 0:23:14, time (data): 0.340 (0.039)]l_bij: 2.3388e+01 l_orth: 4.1576e+01 l_diff: 1.1065e+01 l_align: 4.2279e+01 l_total: 1.1831e+02 
2026-05-22 06:52:45,231 INFO: [scape..][epoch: 29, iter:  74,660, lr:(1.098e-04,)][eta: 0:23:05, time (data): 0.331 (0.039)]l_bij: 1.8879e+01 l_orth: 3.8713e+01 l_diff: 1.3561e+01 l_align: 4.0583e+01 l_total: 1.1174e+02 
2026-05-22 06:52:51,227 INFO: [scape..][epoch: 29, iter:  74,680, lr:(1.098e-04,)][eta: 0:22:57, time (data): 0.325 (0.039)]l_bij: 3.3141e+01 l_orth: 4.8112e+01 l_diff: 1.2267e+01 l_align: 4.2879e+01 l_total: 1.3640e+02 
2026-05-22 06:52:56,233 INFO: [scape..][epoch: 29, iter:  74,700, lr:(1.098e-04,)][eta: 0:22:49, time (data): 0.314 (0.039)]l_bij: 2.1643e+01 l_orth: 3.9582e+01 l_diff: 1.1034e+01 l_align: 4.2354e+01 l_total: 1.1461e+02 
2026-05-22 06:53:03,841 INFO: [scape..][epoch: 29, iter:  74,720, lr:(1.098e-04,)][eta: 0:22:40, time (data): 0.323 (0.039)]l_bij: 2.4844e+01 l_orth: 4.4075e+01 l_diff: 1.0464e+01 l_align: 4.1903e+01 l_total: 1.2129e+02 
2026-05-22 06:53:10,384 INFO: [scape..][epoch: 29, iter:  74,740, lr:(1.098e-04,)][eta: 0:22:32, time (data): 0.323 (0.039)]l_bij: 5.1245e+00 l_orth: 3.3105e+01 l_diff: 1.3304e+01 l_align: 4.0441e+01 l_total: 9.1975e+01 
2026-05-22 06:53:16,869 INFO: [scape..][epoch: 29, iter:  74,760, lr:(1.098e-04,)][eta: 0:22:24, time (data): 0.323 (0.039)]l_bij: 3.3460e+01 l_orth: 4.8363e+01 l_diff: 1.5177e+01 l_align: 4.6771e+01 l_total: 1.4377e+02 
2026-05-22 06:53:22,143 INFO: [scape..][epoch: 29, iter:  74,780, lr:(1.098e-04,)][eta: 0:22:15, time (data): 0.228 (0.033)]l_bij: 6.5652e+00 l_orth: 3.1645e+01 l_diff: 1.1116e+01 l_align: 3.9942e+01 l_total: 8.9270e+01 
2026-05-22 06:53:28,642 INFO: [scape..][epoch: 29, iter:  74,800, lr:(1.098e-04,)][eta: 0:22:07, time (data): 0.297 (0.036)]l_bij: 3.2037e+01 l_orth: 4.7619e+01 l_diff: 1.4207e+01 l_align: 4.5448e+01 l_total: 1.3931e+02 
2026-05-22 06:53:33,810 INFO: [scape..][epoch: 29, iter:  74,820, lr:(1.098e-04,)][eta: 0:21:59, time (data): 0.281 (0.037)]l_bij: 2.5134e+01 l_orth: 4.2910e+01 l_diff: 1.2052e+01 l_align: 4.4045e+01 l_total: 1.2414e+02 
2026-05-22 06:53:40,770 INFO: [scape..][epoch: 29, iter:  74,840, lr:(1.098e-04,)][eta: 0:21:50, time (data): 0.301 (0.037)]l_bij: 3.0834e+01 l_orth: 4.6617e+01 l_diff: 1.4372e+01 l_align: 4.2516e+01 l_total: 1.3434e+02 
2026-05-22 06:53:47,284 INFO: [scape..][epoch: 29, iter:  74,860, lr:(1.098e-04,)][eta: 0:21:42, time (data): 0.306 (0.038)]l_bij: 2.2612e+01 l_orth: 4.2838e+01 l_diff: 1.2623e+01 l_align: 4.2764e+01 l_total: 1.2084e+02 
2026-05-22 06:53:52,952 INFO: [scape..][epoch: 29, iter:  74,880, lr:(1.098e-04,)][eta: 0:21:34, time (data): 0.302 (0.038)]l_bij: 2.6948e+01 l_orth: 4.4590e+01 l_diff: 1.6179e+01 l_align: 4.4499e+01 l_total: 1.3222e+02 
2026-05-22 06:54:00,754 INFO: [scape..][epoch: 29, iter:  74,900, lr:(1.098e-04,)][eta: 0:21:26, time (data): 0.316 (0.038)]l_bij: 3.2192e+01 l_orth: 4.8603e+01 l_diff: 1.3876e+01 l_align: 4.1789e+01 l_total: 1.3646e+02 
2026-05-22 06:54:07,710 INFO: [scape..][epoch: 29, iter:  74,920, lr:(1.098e-04,)][eta: 0:21:17, time (data): 0.320 (0.037)]l_bij: 1.9886e+01 l_orth: 4.0250e+01 l_diff: 1.1211e+01 l_align: 4.1876e+01 l_total: 1.1322e+02 
2026-05-22 06:54:13,259 INFO: [scape..][epoch: 29, iter:  74,940, lr:(1.098e-04,)][eta: 0:21:09, time (data): 0.315 (0.036)]l_bij: 1.9626e+01 l_orth: 4.0793e+01 l_diff: 1.4734e+01 l_align: 4.3147e+01 l_total: 1.1830e+02 
2026-05-22 06:54:18,511 INFO: [scape..][epoch: 29, iter:  74,960, lr:(1.098e-04,)][eta: 0:21:01, time (data): 0.309 (0.036)]l_bij: 2.1463e+01 l_orth: 4.2141e+01 l_diff: 1.3762e+01 l_align: 4.2461e+01 l_total: 1.1983e+02 
2026-05-22 06:54:24,713 INFO: [scape..][epoch: 29, iter:  74,980, lr:(1.098e-04,)][eta: 0:20:52, time (data): 0.329 (0.038)]l_bij: 3.1502e+01 l_orth: 4.8338e+01 l_diff: 1.2315e+01 l_align: 4.6868e+01 l_total: 1.3902e+02 
2026-05-22 06:54:31,754 INFO: [scape..][epoch: 29, iter:  75,000, lr:(1.098e-04,)][eta: 0:20:44, time (data): 0.346 (0.040)]l_bij: 3.1402e+01 l_orth: 4.7543e+01 l_diff: 1.5997e+01 l_align: 4.2099e+01 l_total: 1.3704e+02 
2026-05-22 06:54:36,609 INFO: [scape..][epoch: 29, iter:  75,020, lr:(1.098e-04,)][eta: 0:20:36, time (data): 0.302 (0.041)]l_bij: 1.7686e+01 l_orth: 3.7977e+01 l_diff: 1.3133e+01 l_align: 4.1503e+01 l_total: 1.1030e+02 
2026-05-22 06:54:42,158 INFO: [scape..][epoch: 29, iter:  75,040, lr:(1.098e-04,)][eta: 0:20:27, time (data): 0.295 (0.041)]l_bij: 2.5486e+01 l_orth: 4.3584e+01 l_diff: 1.1630e+01 l_align: 4.3059e+01 l_total: 1.2376e+02 
2026-05-22 06:54:47,792 INFO: [scape..][epoch: 29, iter:  75,060, lr:(1.098e-04,)][eta: 0:20:19, time (data): 0.292 (0.041)]l_bij: 1.6795e+01 l_orth: 3.6139e+01 l_diff: 1.3503e+01 l_align: 4.0308e+01 l_total: 1.0674e+02 
2026-05-22 06:54:53,030 INFO: [scape..][epoch: 29, iter:  75,080, lr:(1.098e-04,)][eta: 0:20:11, time (data): 0.286 (0.040)]l_bij: 2.5254e+01 l_orth: 4.1787e+01 l_diff: 1.1287e+01 l_align: 4.0305e+01 l_total: 1.1863e+02 
2026-05-22 06:54:57,672 INFO: [scape..][epoch: 29, iter:  75,100, lr:(1.098e-04,)][eta: 0:20:02, time (data): 0.278 (0.041)]l_bij: 3.0762e+01 l_orth: 4.8595e+01 l_diff: 1.3692e+01 l_align: 4.9509e+01 l_total: 1.4256e+02 
2026-05-22 06:55:03,015 INFO: [scape..][epoch: 29, iter:  75,120, lr:(1.098e-04,)][eta: 0:19:54, time (data): 0.276 (0.041)]l_bij: 3.9163e+01 l_orth: 5.7700e+01 l_diff: 1.5716e+01 l_align: 5.1858e+01 l_total: 1.6444e+02 
2026-05-22 06:55:09,364 INFO: [scape..][epoch: 29, iter:  75,140, lr:(1.098e-04,)][eta: 0:19:46, time (data): 0.281 (0.041)]l_bij: 3.2577e+01 l_orth: 4.9332e+01 l_diff: 1.5086e+01 l_align: 4.9285e+01 l_total: 1.4628e+02 
2026-05-22 06:55:14,926 INFO: [scape..][epoch: 29, iter:  75,160, lr:(1.098e-04,)][eta: 0:19:37, time (data): 0.281 (0.041)]l_bij: 4.0950e+01 l_orth: 5.9904e+01 l_diff: 1.4770e+01 l_align: 5.2878e+01 l_total: 1.6850e+02 
2026-05-22 06:55:21,337 INFO: [scape..][epoch: 29, iter:  75,180, lr:(1.098e-04,)][eta: 0:19:29, time (data): 0.384 (0.045)]l_bij: 1.3804e+01 l_orth: 3.6447e+01 l_diff: 1.0715e+01 l_align: 4.0654e+01 l_total: 1.0162e+02 
2026-05-22 06:55:27,506 INFO: [scape..][epoch: 29, iter:  75,200, lr:(1.098e-04,)][eta: 0:19:21, time (data): 0.326 (0.043)]l_bij: 2.1437e+01 l_orth: 4.2874e+01 l_diff: 1.4995e+01 l_align: 4.6103e+01 l_total: 1.2541e+02 
2026-05-22 06:55:33,442 INFO: [scape..][epoch: 29, iter:  75,220, lr:(1.098e-04,)][eta: 0:19:13, time (data): 0.313 (0.041)]l_bij: 2.6879e+01 l_orth: 4.4552e+01 l_diff: 1.1363e+01 l_align: 4.1852e+01 l_total: 1.2465e+02 
2026-05-22 06:55:39,002 INFO: [scape..][epoch: 29, iter:  75,240, lr:(1.098e-04,)][eta: 0:19:04, time (data): 0.303 (0.040)]l_bij: 1.9296e+01 l_orth: 3.8863e+01 l_diff: 1.2331e+01 l_align: 4.1661e+01 l_total: 1.1215e+02 
2026-05-22 06:55:44,734 INFO: [scape..][epoch: 29, iter:  75,260, lr:(1.098e-04,)][eta: 0:18:56, time (data): 0.299 (0.040)]l_bij: 4.0327e+01 l_orth: 5.4155e+01 l_diff: 1.6326e+01 l_align: 5.0428e+01 l_total: 1.6124e+02 
2026-05-22 06:55:51,441 INFO: [scape..][epoch: 29, iter:  75,280, lr:(1.098e-04,)][eta: 0:18:48, time (data): 0.306 (0.041)]l_bij: 1.3284e+01 l_orth: 3.5137e+01 l_diff: 1.4906e+01 l_align: 4.0565e+01 l_total: 1.0389e+02 
2026-05-22 06:55:57,625 INFO: [scape..][epoch: 29, iter:  75,300, lr:(1.098e-04,)][eta: 0:18:39, time (data): 0.306 (0.041)]l_bij: 3.8355e+01 l_orth: 5.1224e+01 l_diff: 1.3507e+01 l_align: 4.2145e+01 l_total: 1.4523e+02 
2026-05-22 06:56:03,506 INFO: [scape..][epoch: 29, iter:  75,320, lr:(1.098e-04,)][eta: 0:18:31, time (data): 0.305 (0.041)]l_bij: 2.5870e+01 l_orth: 4.5367e+01 l_diff: 1.5927e+01 l_align: 4.3197e+01 l_total: 1.3036e+02 
2026-05-22 06:56:09,478 INFO: [scape..][epoch: 29, iter:  75,340, lr:(1.098e-04,)][eta: 0:18:23, time (data): 0.304 (0.041)]l_bij: 4.5276e+01 l_orth: 5.7620e+01 l_diff: 1.9231e+01 l_align: 5.0566e+01 l_total: 1.7269e+02 
2026-05-22 06:56:15,235 INFO: [scape..][epoch: 29, iter:  75,360, lr:(1.098e-04,)][eta: 0:18:15, time (data): 0.302 (0.041)]l_bij: 5.8863e+01 l_orth: 7.1663e+01 l_diff: 1.8404e+01 l_align: 5.9179e+01 l_total: 2.0811e+02 
2026-05-22 06:56:20,703 INFO: [scape..][epoch: 29, iter:  75,380, lr:(1.098e-04,)][eta: 0:18:06, time (data): 0.302 (0.044)]l_bij: 2.5688e+01 l_orth: 4.3166e+01 l_diff: 1.1806e+01 l_align: 4.1949e+01 l_total: 1.2261e+02 
2026-05-22 06:56:27,081 INFO: [scape..][epoch: 29, iter:  75,400, lr:(1.098e-04,)][eta: 0:17:58, time (data): 0.316 (0.041)]l_bij: 2.4463e+01 l_orth: 4.2894e+01 l_diff: 1.1073e+01 l_align: 4.2237e+01 l_total: 1.2067e+02 
2026-05-22 06:56:32,555 INFO: [scape..][epoch: 29, iter:  75,420, lr:(1.098e-04,)][eta: 0:17:50, time (data): 0.297 (0.039)]l_bij: 2.4058e+01 l_orth: 4.4589e+01 l_diff: 1.2263e+01 l_align: 4.4433e+01 l_total: 1.2534e+02 
2026-05-22 06:56:38,845 INFO: [scape..][epoch: 30, iter:  75,440, lr:(1.025e-04,)][eta: 0:17:41, time (data): 0.302 (0.053)]l_bij: 3.3040e+01 l_orth: 4.7889e+01 l_diff: 1.5559e+01 l_align: 4.5021e+01 l_total: 1.4151e+02 
2026-05-22 06:56:44,669 INFO: [scape..][epoch: 30, iter:  75,460, lr:(1.025e-04,)][eta: 0:17:33, time (data): 0.300 (0.049)]l_bij: 2.2653e+01 l_orth: 4.2740e+01 l_diff: 1.4287e+01 l_align: 4.6358e+01 l_total: 1.2604e+02 
2026-05-22 06:56:49,412 INFO: [scape..][epoch: 30, iter:  75,480, lr:(1.025e-04,)][eta: 0:17:25, time (data): 0.288 (0.047)]l_bij: 3.0335e+01 l_orth: 4.9505e+01 l_diff: 1.1772e+01 l_align: 4.3822e+01 l_total: 1.3543e+02 
2026-05-22 06:56:54,937 INFO: [scape..][epoch: 30, iter:  75,500, lr:(1.025e-04,)][eta: 0:17:17, time (data): 0.286 (0.045)]l_bij: 2.6171e+01 l_orth: 4.6632e+01 l_diff: 1.7637e+01 l_align: 4.5033e+01 l_total: 1.3547e+02 
2026-05-22 06:56:59,544 INFO: [scape..][epoch: 30, iter:  75,520, lr:(1.025e-04,)][eta: 0:17:08, time (data): 0.278 (0.045)]l_bij: 2.6800e+01 l_orth: 4.4533e+01 l_diff: 1.3545e+01 l_align: 4.4479e+01 l_total: 1.2936e+02 
2026-05-22 06:57:04,300 INFO: [scape..][epoch: 30, iter:  75,540, lr:(1.025e-04,)][eta: 0:17:00, time (data): 0.273 (0.044)]l_bij: 1.9096e+01 l_orth: 3.9933e+01 l_diff: 1.2433e+01 l_align: 4.0687e+01 l_total: 1.1215e+02 
2026-05-22 06:57:10,154 INFO: [scape..][epoch: 30, iter:  75,560, lr:(1.025e-04,)][eta: 0:16:52, time (data): 0.275 (0.043)]l_bij: 2.2477e+01 l_orth: 4.2656e+01 l_diff: 1.4699e+01 l_align: 4.2852e+01 l_total: 1.2268e+02 
2026-05-22 06:57:15,740 INFO: [scape..][epoch: 30, iter:  75,580, lr:(1.025e-04,)][eta: 0:16:43, time (data): 0.286 (0.041)]l_bij: 2.4323e+01 l_orth: 4.2766e+01 l_diff: 1.0294e+01 l_align: 4.3554e+01 l_total: 1.2094e+02 
2026-05-22 06:57:20,417 INFO: [scape..][epoch: 30, iter:  75,600, lr:(1.025e-04,)][eta: 0:16:35, time (data): 0.243 (0.039)]l_bij: 9.8846e+00 l_orth: 3.4226e+01 l_diff: 1.1903e+01 l_align: 4.1413e+01 l_total: 9.7426e+01 
2026-05-22 06:57:25,689 INFO: [scape..][epoch: 30, iter:  75,620, lr:(1.025e-04,)][eta: 0:16:27, time (data): 0.252 (0.038)]l_bij: 4.9431e+01 l_orth: 6.1659e+01 l_diff: 1.5290e+01 l_align: 5.1931e+01 l_total: 1.7831e+02 
2026-05-22 06:57:29,849 INFO: [scape..][epoch: 30, iter:  75,640, lr:(1.025e-04,)][eta: 0:16:18, time (data): 0.238 (0.039)]l_bij: 2.1884e+01 l_orth: 4.2967e+01 l_diff: 1.1150e+01 l_align: 4.2888e+01 l_total: 1.1889e+02 
2026-05-22 06:57:34,616 INFO: [scape..][epoch: 30, iter:  75,660, lr:(1.025e-04,)][eta: 0:16:10, time (data): 0.238 (0.039)]l_bij: 2.3981e+01 l_orth: 4.5072e+01 l_diff: 1.4191e+01 l_align: 4.5265e+01 l_total: 1.2851e+02 
2026-05-22 06:57:39,728 INFO: [scape..][epoch: 30, iter:  75,680, lr:(1.025e-04,)][eta: 0:16:02, time (data): 0.242 (0.039)]l_bij: 3.1663e+01 l_orth: 4.6595e+01 l_diff: 1.2838e+01 l_align: 4.1256e+01 l_total: 1.3235e+02 
2026-05-22 06:57:44,420 INFO: [scape..][epoch: 30, iter:  75,700, lr:(1.025e-04,)][eta: 0:15:54, time (data): 0.240 (0.039)]l_bij: 2.8842e+01 l_orth: 4.6321e+01 l_diff: 1.2011e+01 l_align: 4.5834e+01 l_total: 1.3301e+02 
2026-05-22 06:57:49,234 INFO: [scape..][epoch: 30, iter:  75,720, lr:(1.025e-04,)][eta: 0:15:45, time (data): 0.240 (0.039)]l_bij: 3.5931e+01 l_orth: 5.0759e+01 l_diff: 1.6534e+01 l_align: 4.7688e+01 l_total: 1.5091e+02 
2026-05-22 06:57:54,493 INFO: [scape..][epoch: 30, iter:  75,740, lr:(1.025e-04,)][eta: 0:15:37, time (data): 0.243 (0.039)]l_bij: 2.8636e+01 l_orth: 4.8178e+01 l_diff: 1.5981e+01 l_align: 4.5997e+01 l_total: 1.3879e+02 
2026-05-22 06:57:58,957 INFO: [scape..][epoch: 30, iter:  75,760, lr:(1.025e-04,)][eta: 0:15:29, time (data): 0.241 (0.039)]l_bij: 2.0600e+01 l_orth: 3.8670e+01 l_diff: 1.1106e+01 l_align: 3.9171e+01 l_total: 1.0955e+02 
2026-05-22 06:58:03,941 INFO: [scape..][epoch: 30, iter:  75,780, lr:(1.025e-04,)][eta: 0:15:20, time (data): 0.191 (0.040)]l_bij: 2.9876e+01 l_orth: 4.6844e+01 l_diff: 1.5309e+01 l_align: 4.2156e+01 l_total: 1.3419e+02 
2026-05-22 06:58:09,078 INFO: [scape..][epoch: 30, iter:  75,800, lr:(1.025e-04,)][eta: 0:15:12, time (data): 0.248 (0.040)]l_bij: 2.3920e+01 l_orth: 4.2594e+01 l_diff: 1.4911e+01 l_align: 4.2467e+01 l_total: 1.2389e+02 
2026-05-22 06:58:14,659 INFO: [scape..][epoch: 30, iter:  75,820, lr:(1.025e-04,)][eta: 0:15:04, time (data): 0.263 (0.040)]l_bij: 3.6431e+01 l_orth: 5.2769e+01 l_diff: 1.4071e+01 l_align: 4.9465e+01 l_total: 1.5273e+02 
2026-05-22 06:58:19,804 INFO: [scape..][epoch: 30, iter:  75,840, lr:(1.025e-04,)][eta: 0:14:56, time (data): 0.261 (0.038)]l_bij: 2.8366e+01 l_orth: 4.3880e+01 l_diff: 1.0727e+01 l_align: 4.2578e+01 l_total: 1.2555e+02 
2026-05-22 06:58:24,839 INFO: [scape..][epoch: 30, iter:  75,860, lr:(1.025e-04,)][eta: 0:14:47, time (data): 0.259 (0.038)]l_bij: 1.5948e+01 l_orth: 3.4855e+01 l_diff: 1.5073e+01 l_align: 3.8892e+01 l_total: 1.0477e+02 
2026-05-22 06:58:30,142 INFO: [scape..][epoch: 30, iter:  75,880, lr:(1.025e-04,)][eta: 0:14:39, time (data): 0.260 (0.038)]l_bij: 1.6010e+01 l_orth: 3.7814e+01 l_diff: 1.4609e+01 l_align: 4.2742e+01 l_total: 1.1118e+02 
2026-05-22 06:58:34,518 INFO: [scape..][epoch: 30, iter:  75,900, lr:(1.025e-04,)][eta: 0:14:31, time (data): 0.253 (0.037)]l_bij: 2.4888e+01 l_orth: 4.0954e+01 l_diff: 1.2827e+01 l_align: 4.3248e+01 l_total: 1.2192e+02 
2026-05-22 06:58:39,403 INFO: [scape..][epoch: 30, iter:  75,920, lr:(1.025e-04,)][eta: 0:14:22, time (data): 0.252 (0.038)]l_bij: 2.1486e+01 l_orth: 3.9917e+01 l_diff: 1.3959e+01 l_align: 4.0913e+01 l_total: 1.1628e+02 
2026-05-22 06:58:44,896 INFO: [scape..][epoch: 30, iter:  75,940, lr:(1.025e-04,)][eta: 0:14:14, time (data): 0.255 (0.038)]l_bij: 2.8776e+01 l_orth: 4.4429e+01 l_diff: 1.4507e+01 l_align: 4.3985e+01 l_total: 1.3170e+02 
2026-05-22 06:58:49,630 INFO: [scape..][epoch: 30, iter:  75,960, lr:(1.025e-04,)][eta: 0:14:06, time (data): 0.253 (0.037)]l_bij: 1.1062e+00 l_orth: 2.9793e+01 l_diff: 1.1846e+01 l_align: 4.0257e+01 l_total: 8.3003e+01 
2026-05-22 06:58:54,584 INFO: [scape..][epoch: 30, iter:  75,980, lr:(1.025e-04,)][eta: 0:13:58, time (data): 0.185 (0.034)]l_bij: 6.6051e+01 l_orth: 7.6431e+01 l_diff: 1.9136e+01 l_align: 6.3179e+01 l_total: 2.2480e+02 
2026-05-22 06:58:59,411 INFO: [scape..][epoch: 30, iter:  76,000, lr:(1.025e-04,)][eta: 0:13:49, time (data): 0.236 (0.035)]l_bij: 3.7682e+01 l_orth: 5.2297e+01 l_diff: 1.3272e+01 l_align: 4.3591e+01 l_total: 1.4684e+02 
2026-05-22 06:58:59,411 INFO: Saving models and training states.
2026-05-22 06:58:59,434 INFO: Start validation.
2026-05-22 07:02:29,530 INFO: Avg time: 0.1635
2026-05-22 07:02:29,767 INFO: Val auc: 0.8131
2026-05-22 07:02:29,770 INFO: Val avg error: 0.0187
2026-05-22 07:02:35,647 INFO: [scape..][epoch: 30, iter:  76,020, lr:(1.025e-04,)][eta: 0:13:47, time (data): 0.262 (0.037)]l_bij: 1.3990e+01 l_orth: 3.6709e+01 l_diff: 1.4569e+01 l_align: 3.9933e+01 l_total: 1.0520e+02 
2026-05-22 07:02:41,003 INFO: [scape..][epoch: 30, iter:  76,040, lr:(1.025e-04,)][eta: 0:13:38, time (data): 0.264 (0.037)]l_bij: 3.6443e+01 l_orth: 5.1496e+01 l_diff: 1.3035e+01 l_align: 4.7754e+01 l_total: 1.4873e+02 
2026-05-22 07:02:46,833 INFO: [scape..][epoch: 30, iter:  76,060, lr:(1.025e-04,)][eta: 0:13:30, time (data): 0.271 (0.038)]l_bij: 1.9514e+01 l_orth: 4.0479e+01 l_diff: 1.1688e+01 l_align: 4.0950e+01 l_total: 1.1263e+02 
2026-05-22 07:02:51,774 INFO: [scape..][epoch: 30, iter:  76,080, lr:(1.025e-04,)][eta: 0:13:22, time (data): 0.266 (0.038)]l_bij: 5.1908e+00 l_orth: 2.9581e+01 l_diff: 9.3907e+00 l_align: 3.8652e+01 l_total: 8.2815e+01 
2026-05-22 07:02:58,113 INFO: [scape..][epoch: 30, iter:  76,100, lr:(1.025e-04,)][eta: 0:13:13, time (data): 0.274 (0.038)]l_bij: 2.3270e+01 l_orth: 4.2910e+01 l_diff: 1.2963e+01 l_align: 4.0273e+01 l_total: 1.1942e+02 
2026-05-22 07:03:04,417 INFO: [scape..][epoch: 30, iter:  76,120, lr:(1.025e-04,)][eta: 0:13:05, time (data): 0.280 (0.038)]l_bij: 2.6209e+01 l_orth: 4.3440e+01 l_diff: 1.0976e+01 l_align: 4.1631e+01 l_total: 1.2226e+02 
2026-05-22 07:03:10,680 INFO: [scape..][epoch: 30, iter:  76,140, lr:(1.025e-04,)][eta: 0:12:57, time (data): 0.284 (0.038)]l_bij: 3.1849e+01 l_orth: 4.8403e+01 l_diff: 1.3813e+01 l_align: 4.7771e+01 l_total: 1.4184e+02 
2026-05-22 07:03:15,581 INFO: [scape..][epoch: 30, iter:  76,160, lr:(1.025e-04,)][eta: 0:12:49, time (data): 0.280 (0.038)]l_bij: 2.3607e+01 l_orth: 4.4602e+01 l_diff: 1.2973e+01 l_align: 4.4253e+01 l_total: 1.2543e+02 
2026-05-22 07:03:21,907 INFO: [scape..][epoch: 30, iter:  76,180, lr:(1.025e-04,)][eta: 0:12:40, time (data): 0.286 (0.057)]l_bij: 3.8336e+01 l_orth: 5.3176e+01 l_diff: 1.3998e+01 l_align: 4.5708e+01 l_total: 1.5122e+02 
2026-05-22 07:03:27,450 INFO: [scape..][epoch: 30, iter:  76,200, lr:(1.025e-04,)][eta: 0:12:32, time (data): 0.277 (0.043)]l_bij: 2.4292e+01 l_orth: 4.4083e+01 l_diff: 1.4949e+01 l_align: 4.4920e+01 l_total: 1.2824e+02 
2026-05-22 07:03:32,637 INFO: [scape..][epoch: 30, iter:  76,220, lr:(1.025e-04,)][eta: 0:12:24, time (data): 0.269 (0.042)]l_bij: 3.5341e+01 l_orth: 5.0566e+01 l_diff: 1.1277e+01 l_align: 4.7416e+01 l_total: 1.4460e+02 
2026-05-22 07:03:37,722 INFO: [scape..][epoch: 30, iter:  76,240, lr:(1.025e-04,)][eta: 0:12:15, time (data): 0.264 (0.040)]l_bij: 2.2234e+01 l_orth: 4.4298e+01 l_diff: 1.3481e+01 l_align: 4.3221e+01 l_total: 1.2324e+02 
2026-05-22 07:03:43,302 INFO: [scape..][epoch: 30, iter:  76,260, lr:(1.025e-04,)][eta: 0:12:07, time (data): 0.268 (0.041)]l_bij: 1.8900e+01 l_orth: 3.9856e+01 l_diff: 1.7644e+01 l_align: 4.2833e+01 l_total: 1.1923e+02 
2026-05-22 07:03:49,520 INFO: [scape..][epoch: 30, iter:  76,280, lr:(1.025e-04,)][eta: 0:11:59, time (data): 0.276 (0.041)]l_bij: 4.4880e+01 l_orth: 6.1254e+01 l_diff: 1.6716e+01 l_align: 5.6823e+01 l_total: 1.7967e+02 
2026-05-22 07:03:55,601 INFO: [scape..][epoch: 30, iter:  76,300, lr:(1.025e-04,)][eta: 0:11:51, time (data): 0.281 (0.042)]l_bij: 2.4641e+01 l_orth: 4.3171e+01 l_diff: 1.3036e+01 l_align: 4.2323e+01 l_total: 1.2317e+02 
2026-05-22 07:04:01,601 INFO: [scape..][epoch: 30, iter:  76,320, lr:(1.025e-04,)][eta: 0:11:42, time (data): 0.283 (0.042)]l_bij: 2.8179e+01 l_orth: 4.6217e+01 l_diff: 1.5063e+01 l_align: 4.2759e+01 l_total: 1.3222e+02 
2026-05-22 07:04:06,838 INFO: [scape..][epoch: 30, iter:  76,340, lr:(1.025e-04,)][eta: 0:11:34, time (data): 0.281 (0.041)]l_bij: 2.9770e+01 l_orth: 4.7035e+01 l_diff: 1.3502e+01 l_align: 4.5316e+01 l_total: 1.3562e+02 
2026-05-22 07:04:13,438 INFO: [scape..][epoch: 30, iter:  76,360, lr:(1.025e-04,)][eta: 0:11:26, time (data): 0.286 (0.041)]l_bij: 3.0565e+01 l_orth: 4.8429e+01 l_diff: 1.1213e+01 l_align: 4.6759e+01 l_total: 1.3697e+02 
2026-05-22 07:04:18,850 INFO: [scape..][epoch: 30, iter:  76,380, lr:(1.025e-04,)][eta: 0:11:17, time (data): 0.285 (0.041)]l_bij: 2.5440e+01 l_orth: 4.5056e+01 l_diff: 1.1168e+01 l_align: 4.4688e+01 l_total: 1.2635e+02 
2026-05-22 07:04:24,890 INFO: [scape..][epoch: 30, iter:  76,400, lr:(1.025e-04,)][eta: 0:11:09, time (data): 0.302 (0.038)]l_bij: 3.4861e+01 l_orth: 5.1393e+01 l_diff: 1.6909e+01 l_align: 4.4028e+01 l_total: 1.4719e+02 
2026-05-22 07:04:30,700 INFO: [scape..][epoch: 30, iter:  76,420, lr:(1.025e-04,)][eta: 0:11:01, time (data): 0.296 (0.040)]l_bij: 1.2428e+01 l_orth: 3.3562e+01 l_diff: 9.8506e+00 l_align: 3.8639e+01 l_total: 9.4479e+01 
2026-05-22 07:04:36,951 INFO: [scape..][epoch: 30, iter:  76,440, lr:(1.025e-04,)][eta: 0:10:53, time (data): 0.302 (0.041)]l_bij: 5.8981e+01 l_orth: 7.2127e+01 l_diff: 1.8344e+01 l_align: 6.0230e+01 l_total: 2.0968e+02 
2026-05-22 07:04:42,477 INFO: [scape..][epoch: 30, iter:  76,460, lr:(1.025e-04,)][eta: 0:10:44, time (data): 0.295 (0.041)]l_bij: 3.8158e+01 l_orth: 5.4050e+01 l_diff: 1.4602e+01 l_align: 4.5457e+01 l_total: 1.5227e+02 
2026-05-22 07:04:47,684 INFO: [scape..][epoch: 30, iter:  76,480, lr:(1.025e-04,)][eta: 0:10:36, time (data): 0.288 (0.040)]l_bij: 2.1436e+01 l_orth: 4.0464e+01 l_diff: 1.3187e+01 l_align: 4.2115e+01 l_total: 1.1720e+02 
2026-05-22 07:04:54,337 INFO: [scape..][epoch: 30, iter:  76,500, lr:(1.025e-04,)][eta: 0:10:28, time (data): 0.296 (0.040)]l_bij: 1.1642e+01 l_orth: 3.4800e+01 l_diff: 1.0913e+01 l_align: 4.1325e+01 l_total: 9.8680e+01 
2026-05-22 07:04:59,866 INFO: [scape..][epoch: 30, iter:  76,520, lr:(1.025e-04,)][eta: 0:10:20, time (data): 0.293 (0.039)]l_bij: 2.7037e+01 l_orth: 4.4004e+01 l_diff: 1.4073e+01 l_align: 4.1625e+01 l_total: 1.2674e+02 
2026-05-22 07:05:05,223 INFO: [scape..][epoch: 30, iter:  76,540, lr:(1.025e-04,)][eta: 0:10:11, time (data): 0.290 (0.039)]l_bij: 1.9943e+01 l_orth: 4.1292e+01 l_diff: 1.3898e+01 l_align: 4.2750e+01 l_total: 1.1788e+02 
2026-05-22 07:05:10,929 INFO: [scape..][epoch: 30, iter:  76,560, lr:(1.025e-04,)][eta: 0:10:03, time (data): 0.289 (0.039)]l_bij: 3.2187e+01 l_orth: 4.9540e+01 l_diff: 1.4874e+01 l_align: 4.8921e+01 l_total: 1.4552e+02 
2026-05-22 07:05:16,351 INFO: [scape..][epoch: 30, iter:  76,580, lr:(1.025e-04,)][eta: 0:09:55, time (data): 0.287 (0.040)]l_bij: 1.5829e+01 l_orth: 3.7627e+01 l_diff: 1.1905e+01 l_align: 4.0681e+01 l_total: 1.0604e+02 
2026-05-22 07:05:21,960 INFO: [scape..][epoch: 30, iter:  76,600, lr:(1.025e-04,)][eta: 0:09:47, time (data): 0.285 (0.040)]l_bij: 1.9389e+01 l_orth: 3.9513e+01 l_diff: 1.1348e+01 l_align: 4.1482e+01 l_total: 1.1173e+02 
2026-05-22 07:05:27,811 INFO: [scape..][epoch: 30, iter:  76,620, lr:(1.025e-04,)][eta: 0:09:38, time (data): 0.289 (0.042)]l_bij: 3.6998e+01 l_orth: 5.3496e+01 l_diff: 1.2234e+01 l_align: 4.9380e+01 l_total: 1.5211e+02 
2026-05-22 07:05:33,622 INFO: [scape..][epoch: 30, iter:  76,640, lr:(1.025e-04,)][eta: 0:09:30, time (data): 0.290 (0.042)]l_bij: 4.7424e+01 l_orth: 6.1968e+01 l_diff: 1.4543e+01 l_align: 5.4931e+01 l_total: 1.7887e+02 
2026-05-22 07:05:39,228 INFO: [scape..][epoch: 30, iter:  76,660, lr:(1.025e-04,)][eta: 0:09:22, time (data): 0.287 (0.041)]l_bij: 3.5640e+01 l_orth: 5.1632e+01 l_diff: 1.5281e+01 l_align: 4.9133e+01 l_total: 1.5169e+02 
2026-05-22 07:05:44,362 INFO: [scape..][epoch: 30, iter:  76,680, lr:(1.025e-04,)][eta: 0:09:13, time (data): 0.281 (0.040)]l_bij: 2.2308e+01 l_orth: 4.0822e+01 l_diff: 1.0490e+01 l_align: 4.3152e+01 l_total: 1.1677e+02 
2026-05-22 07:05:51,028 INFO: [scape..][epoch: 30, iter:  76,700, lr:(1.025e-04,)][eta: 0:09:05, time (data): 0.290 (0.041)]l_bij: 3.6453e+01 l_orth: 5.0904e+01 l_diff: 1.2538e+01 l_align: 4.4436e+01 l_total: 1.4433e+02 
2026-05-22 07:05:58,011 INFO: [scape..][epoch: 30, iter:  76,720, lr:(1.025e-04,)][eta: 0:08:57, time (data): 0.298 (0.041)]l_bij: 2.4427e+01 l_orth: 4.6506e+01 l_diff: 1.6183e+01 l_align: 4.4910e+01 l_total: 1.3203e+02 
2026-05-22 07:06:05,006 INFO: [scape..][epoch: 30, iter:  76,740, lr:(1.025e-04,)][eta: 0:08:49, time (data): 0.305 (0.040)]l_bij: 3.2535e+01 l_orth: 4.7710e+01 l_diff: 1.6003e+01 l_align: 4.5315e+01 l_total: 1.4156e+02 
2026-05-22 07:06:11,383 INFO: [scape..][epoch: 30, iter:  76,760, lr:(1.025e-04,)][eta: 0:08:41, time (data): 0.306 (0.040)]l_bij: 2.5565e+01 l_orth: 4.3508e+01 l_diff: 1.5715e+01 l_align: 4.3699e+01 l_total: 1.2849e+02 
2026-05-22 07:06:17,036 INFO: [scape..][epoch: 30, iter:  76,780, lr:(1.025e-04,)][eta: 0:08:32, time (data): 0.304 (0.039)]l_bij: 2.7851e+01 l_orth: 4.5001e+01 l_diff: 1.6406e+01 l_align: 4.4224e+01 l_total: 1.3348e+02 
2026-05-22 07:06:24,502 INFO: [scape..][epoch: 30, iter:  76,800, lr:(1.025e-04,)][eta: 0:08:24, time (data): 0.367 (0.033)]l_bij: 2.1500e+01 l_orth: 4.0139e+01 l_diff: 1.1257e+01 l_align: 4.1430e+01 l_total: 1.1433e+02 
2026-05-22 07:06:31,533 INFO: [scape..][epoch: 30, iter:  76,820, lr:(1.025e-04,)][eta: 0:08:16, time (data): 0.359 (0.033)]l_bij: 3.0072e+01 l_orth: 4.5842e+01 l_diff: 1.3263e+01 l_align: 4.3613e+01 l_total: 1.3279e+02 
2026-05-22 07:06:36,916 INFO: [scape..][epoch: 30, iter:  76,840, lr:(1.025e-04,)][eta: 0:08:08, time (data): 0.328 (0.034)]l_bij: 2.6487e+01 l_orth: 4.2115e+01 l_diff: 1.2131e+01 l_align: 4.1116e+01 l_total: 1.2185e+02 
2026-05-22 07:06:44,243 INFO: [scape..][epoch: 30, iter:  76,860, lr:(1.025e-04,)][eta: 0:07:59, time (data): 0.338 (0.034)]l_bij: 2.3502e+01 l_orth: 4.3624e+01 l_diff: 1.3076e+01 l_align: 4.2188e+01 l_total: 1.2239e+02 
2026-05-22 07:06:50,319 INFO: [scape..][epoch: 30, iter:  76,880, lr:(1.025e-04,)][eta: 0:07:51, time (data): 0.331 (0.035)]l_bij: 3.0232e+01 l_orth: 4.5955e+01 l_diff: 1.4006e+01 l_align: 4.5670e+01 l_total: 1.3586e+02 
2026-05-22 07:06:55,923 INFO: [scape..][epoch: 30, iter:  76,900, lr:(1.025e-04,)][eta: 0:07:43, time (data): 0.322 (0.035)]l_bij: 2.3967e+01 l_orth: 4.2424e+01 l_diff: 1.3462e+01 l_align: 4.3072e+01 l_total: 1.2293e+02 
2026-05-22 07:07:02,125 INFO: [scape..][epoch: 30, iter:  76,920, lr:(1.025e-04,)][eta: 0:07:35, time (data): 0.320 (0.034)]l_bij: 2.7006e+01 l_orth: 4.4180e+01 l_diff: 1.1705e+01 l_align: 4.1589e+01 l_total: 1.2448e+02 
2026-05-22 07:07:07,468 INFO: [scape..][epoch: 30, iter:  76,940, lr:(1.025e-04,)][eta: 0:07:26, time (data): 0.314 (0.034)]l_bij: 3.6785e+01 l_orth: 5.1339e+01 l_diff: 1.2252e+01 l_align: 4.7440e+01 l_total: 1.4782e+02 
2026-05-22 07:07:14,954 INFO: [scape..][epoch: 30, iter:  76,960, lr:(1.025e-04,)][eta: 0:07:18, time (data): 0.320 (0.034)]l_bij: 3.5328e+01 l_orth: 5.0518e+01 l_diff: 1.4144e+01 l_align: 4.6500e+01 l_total: 1.4649e+02 
2026-05-22 07:07:20,794 INFO: [scape..][epoch: 30, iter:  76,980, lr:(1.025e-04,)][eta: 0:07:10, time (data): 0.318 (0.035)]l_bij: 2.0405e+01 l_orth: 3.8580e+01 l_diff: 1.3098e+01 l_align: 3.9930e+01 l_total: 1.1201e+02 
2026-05-22 07:07:27,714 INFO: [scape..][epoch: 30, iter:  77,000, lr:(1.025e-04,)][eta: 0:07:02, time (data): 0.360 (0.036)]l_bij: 2.0557e+01 l_orth: 4.0359e+01 l_diff: 1.2532e+01 l_align: 3.9919e+01 l_total: 1.1337e+02 
2026-05-22 07:07:33,494 INFO: [scape..][epoch: 30, iter:  77,020, lr:(1.025e-04,)][eta: 0:06:53, time (data): 0.322 (0.038)]l_bij: 1.5765e+01 l_orth: 3.8065e+01 l_diff: 1.4386e+01 l_align: 4.2796e+01 l_total: 1.1101e+02 
2026-05-22 07:07:40,565 INFO: [scape..][epoch: 30, iter:  77,040, lr:(1.025e-04,)][eta: 0:06:45, time (data): 0.333 (0.037)]l_bij: 1.8498e+01 l_orth: 4.0000e+01 l_diff: 1.2898e+01 l_align: 4.2312e+01 l_total: 1.1371e+02 
2026-05-22 07:07:46,936 INFO: [scape..][epoch: 30, iter:  77,060, lr:(1.025e-04,)][eta: 0:06:37, time (data): 0.329 (0.037)]l_bij: 3.3991e+01 l_orth: 5.1194e+01 l_diff: 1.6186e+01 l_align: 4.7670e+01 l_total: 1.4904e+02 
2026-05-22 07:07:53,340 INFO: [scape..][epoch: 30, iter:  77,080, lr:(1.025e-04,)][eta: 0:06:29, time (data): 0.327 (0.037)]l_bij: 3.0451e+01 l_orth: 4.7769e+01 l_diff: 1.2037e+01 l_align: 4.3381e+01 l_total: 1.3364e+02 
2026-05-22 07:07:59,192 INFO: [scape..][epoch: 30, iter:  77,100, lr:(1.025e-04,)][eta: 0:06:21, time (data): 0.321 (0.037)]l_bij: 2.0075e+01 l_orth: 4.1587e+01 l_diff: 1.1855e+01 l_align: 4.3875e+01 l_total: 1.1739e+02 
2026-05-22 07:08:05,230 INFO: [scape..][epoch: 30, iter:  77,120, lr:(1.025e-04,)][eta: 0:06:12, time (data): 0.319 (0.037)]l_bij: 1.3098e+01 l_orth: 3.6341e+01 l_diff: 1.1935e+01 l_align: 4.0964e+01 l_total: 1.0234e+02 
2026-05-22 07:08:10,964 INFO: [scape..][epoch: 30, iter:  77,140, lr:(1.025e-04,)][eta: 0:06:04, time (data): 0.314 (0.037)]l_bij: 2.6101e+01 l_orth: 4.2591e+01 l_diff: 1.3973e+01 l_align: 4.2627e+01 l_total: 1.2529e+02 
2026-05-22 07:08:17,149 INFO: [scape..][epoch: 30, iter:  77,160, lr:(1.025e-04,)][eta: 0:05:56, time (data): 0.314 (0.037)]l_bij: 3.8960e+01 l_orth: 5.4750e+01 l_diff: 1.5757e+01 l_align: 4.8955e+01 l_total: 1.5842e+02 
2026-05-22 07:08:24,179 INFO: [scape..][epoch: 30, iter:  77,180, lr:(1.025e-04,)][eta: 0:05:48, time (data): 0.318 (0.037)]l_bij: 2.0422e+01 l_orth: 4.1094e+01 l_diff: 1.2720e+01 l_align: 4.2518e+01 l_total: 1.1675e+02 
2026-05-22 07:08:30,470 INFO: [scape..][epoch: 30, iter:  77,200, lr:(1.025e-04,)][eta: 0:05:39, time (data): 0.318 (0.036)]l_bij: 1.8931e+01 l_orth: 3.9738e+01 l_diff: 1.2539e+01 l_align: 4.3117e+01 l_total: 1.1432e+02 
2026-05-22 07:08:36,616 INFO: [scape..][epoch: 30, iter:  77,220, lr:(1.025e-04,)][eta: 0:05:31, time (data): 0.312 (0.036)]l_bij: 2.3009e+01 l_orth: 4.1829e+01 l_diff: 1.0979e+01 l_align: 4.2518e+01 l_total: 1.1834e+02 
2026-05-22 07:08:41,780 INFO: [scape..][epoch: 30, iter:  77,240, lr:(1.025e-04,)][eta: 0:05:23, time (data): 0.293 (0.037)]l_bij: 2.5349e+01 l_orth: 4.3213e+01 l_diff: 1.2292e+01 l_align: 4.3203e+01 l_total: 1.2406e+02 
2026-05-22 07:08:47,917 INFO: [scape..][epoch: 30, iter:  77,260, lr:(1.025e-04,)][eta: 0:05:15, time (data): 0.296 (0.037)]l_bij: 1.9354e+01 l_orth: 3.8228e+01 l_diff: 1.6258e+01 l_align: 4.1031e+01 l_total: 1.1487e+02 
2026-05-22 07:08:54,480 INFO: [scape..][epoch: 30, iter:  77,280, lr:(1.025e-04,)][eta: 0:05:07, time (data): 0.303 (0.037)]l_bij: 1.9318e+01 l_orth: 3.9111e+01 l_diff: 1.2544e+01 l_align: 4.1597e+01 l_total: 1.1257e+02 
2026-05-22 07:08:59,806 INFO: [scape..][epoch: 30, iter:  77,300, lr:(1.025e-04,)][eta: 0:04:58, time (data): 0.297 (0.037)]l_bij: 2.6402e+01 l_orth: 4.3303e+01 l_diff: 1.2194e+01 l_align: 4.2366e+01 l_total: 1.2427e+02 
2026-05-22 07:09:06,172 INFO: [scape..][epoch: 30, iter:  77,320, lr:(1.025e-04,)][eta: 0:04:50, time (data): 0.300 (0.038)]l_bij: 3.1180e+01 l_orth: 4.8782e+01 l_diff: 1.4489e+01 l_align: 4.4966e+01 l_total: 1.3942e+02 
2026-05-22 07:09:12,643 INFO: [scape..][epoch: 30, iter:  77,340, lr:(1.025e-04,)][eta: 0:04:42, time (data): 0.303 (0.038)]l_bij: 1.7207e+01 l_orth: 3.9945e+01 l_diff: 1.0956e+01 l_align: 4.1671e+01 l_total: 1.0978e+02 
2026-05-22 07:09:18,497 INFO: [scape..][epoch: 30, iter:  77,360, lr:(1.025e-04,)][eta: 0:04:34, time (data): 0.302 (0.038)]l_bij: 1.9192e+01 l_orth: 4.0958e+01 l_diff: 1.5735e+01 l_align: 4.5036e+01 l_total: 1.2092e+02 
2026-05-22 07:09:24,481 INFO: [scape..][epoch: 30, iter:  77,380, lr:(1.025e-04,)][eta: 0:04:25, time (data): 0.301 (0.039)]l_bij: 2.5849e+01 l_orth: 4.3665e+01 l_diff: 1.2807e+01 l_align: 4.2136e+01 l_total: 1.2446e+02 
2026-05-22 07:09:32,363 INFO: [scape..][epoch: 30, iter:  77,400, lr:(1.025e-04,)][eta: 0:04:17, time (data): 0.389 (0.039)]l_bij: 6.7131e+00 l_orth: 3.2042e+01 l_diff: 1.3513e+01 l_align: 3.9392e+01 l_total: 9.1660e+01 
2026-05-22 07:09:37,950 INFO: [scape..][epoch: 30, iter:  77,420, lr:(1.025e-04,)][eta: 0:04:09, time (data): 0.326 (0.037)]l_bij: 2.7712e+01 l_orth: 4.5397e+01 l_diff: 1.2715e+01 l_align: 4.3200e+01 l_total: 1.2902e+02 
2026-05-22 07:09:44,397 INFO: [scape..][epoch: 30, iter:  77,440, lr:(1.025e-04,)][eta: 0:04:01, time (data): 0.325 (0.037)]l_bij: 2.2039e+01 l_orth: 4.0225e+01 l_diff: 9.4584e+00 l_align: 4.2606e+01 l_total: 1.1433e+02 
2026-05-22 07:09:51,982 INFO: [scape..][epoch: 30, iter:  77,460, lr:(1.025e-04,)][eta: 0:03:53, time (data): 0.339 (0.038)]l_bij: 1.7032e+01 l_orth: 4.1791e+01 l_diff: 1.5627e+01 l_align: 4.5024e+01 l_total: 1.1947e+02 
2026-05-22 07:09:59,007 INFO: [scape..][epoch: 30, iter:  77,480, lr:(1.025e-04,)][eta: 0:03:44, time (data): 0.342 (0.038)]l_bij: 3.6254e+01 l_orth: 5.1811e+01 l_diff: 1.3805e+01 l_align: 4.3831e+01 l_total: 1.4570e+02 
2026-05-22 07:10:05,242 INFO: [scape..][epoch: 30, iter:  77,500, lr:(1.025e-04,)][eta: 0:03:36, time (data): 0.337 (0.038)]l_bij: 2.7315e+01 l_orth: 4.5151e+01 l_diff: 1.3286e+01 l_align: 4.3143e+01 l_total: 1.2889e+02 
2026-05-22 07:10:11,381 INFO: [scape..][epoch: 30, iter:  77,520, lr:(1.025e-04,)][eta: 0:03:28, time (data): 0.332 (0.038)]l_bij: 4.6993e+01 l_orth: 5.9303e+01 l_diff: 1.5776e+01 l_align: 5.4809e+01 l_total: 1.7688e+02 
2026-05-22 07:10:17,287 INFO: [scape..][epoch: 30, iter:  77,540, lr:(1.025e-04,)][eta: 0:03:20, time (data): 0.327 (0.038)]l_bij: 2.0601e+01 l_orth: 3.9951e+01 l_diff: 1.1723e+01 l_align: 4.2622e+01 l_total: 1.1490e+02 
2026-05-22 07:10:22,204 INFO: [scape..][epoch: 30, iter:  77,560, lr:(1.025e-04,)][eta: 0:03:12, time (data): 0.318 (0.038)]l_bij: 1.8895e+01 l_orth: 4.0643e+01 l_diff: 1.4369e+01 l_align: 4.4101e+01 l_total: 1.1801e+02 
2026-05-22 07:10:26,909 INFO: [scape..][epoch: 30, iter:  77,580, lr:(1.025e-04,)][eta: 0:03:03, time (data): 0.310 (0.038)]l_bij: 3.2445e+01 l_orth: 4.9373e+01 l_diff: 1.1626e+01 l_align: 4.7105e+01 l_total: 1.4055e+02 
2026-05-22 07:10:33,437 INFO: [scape..][epoch: 30, iter:  77,600, lr:(1.025e-04,)][eta: 0:02:55, time (data): 0.311 (0.042)]l_bij: 2.9936e+01 l_orth: 4.7902e+01 l_diff: 1.6841e+01 l_align: 4.5725e+01 l_total: 1.4040e+02 
2026-05-22 07:10:40,854 INFO: [scape..][epoch: 30, iter:  77,620, lr:(1.025e-04,)][eta: 0:02:47, time (data): 0.346 (0.041)]l_bij: 2.0482e+01 l_orth: 3.9941e+01 l_diff: 1.0964e+01 l_align: 4.0870e+01 l_total: 1.1226e+02 
2026-05-22 07:10:46,346 INFO: [scape..][epoch: 30, iter:  77,640, lr:(1.025e-04,)][eta: 0:02:39, time (data): 0.320 (0.038)]l_bij: 2.6776e+01 l_orth: 4.3216e+01 l_diff: 1.2444e+01 l_align: 4.3014e+01 l_total: 1.2545e+02 
2026-05-22 07:10:52,609 INFO: [scape..][epoch: 30, iter:  77,660, lr:(1.025e-04,)][eta: 0:02:31, time (data): 0.318 (0.038)]l_bij: 3.9674e+01 l_orth: 5.4033e+01 l_diff: 1.5356e+01 l_align: 5.0602e+01 l_total: 1.5967e+02 
2026-05-22 07:10:59,368 INFO: [scape..][epoch: 30, iter:  77,680, lr:(1.025e-04,)][eta: 0:02:22, time (data): 0.322 (0.038)]l_bij: 2.8319e+01 l_orth: 4.5940e+01 l_diff: 1.2105e+01 l_align: 4.4943e+01 l_total: 1.3131e+02 
2026-05-22 07:11:04,936 INFO: [scape..][epoch: 30, iter:  77,700, lr:(1.025e-04,)][eta: 0:02:14, time (data): 0.314 (0.039)]l_bij: 2.8392e+01 l_orth: 4.5897e+01 l_diff: 1.6822e+01 l_align: 4.3451e+01 l_total: 1.3456e+02 
2026-05-22 07:11:12,359 INFO: [scape..][epoch: 30, iter:  77,720, lr:(1.025e-04,)][eta: 0:02:06, time (data): 0.323 (0.038)]l_bij: 2.8799e+01 l_orth: 4.4557e+01 l_diff: 1.3477e+01 l_align: 4.2073e+01 l_total: 1.2891e+02 
2026-05-22 07:11:19,338 INFO: [scape..][epoch: 30, iter:  77,740, lr:(1.025e-04,)][eta: 0:01:58, time (data): 0.326 (0.038)]l_bij: 3.0818e+01 l_orth: 4.7532e+01 l_diff: 1.3024e+01 l_align: 4.3015e+01 l_total: 1.3439e+02 
2026-05-22 07:11:25,482 INFO: [scape..][epoch: 30, iter:  77,760, lr:(1.025e-04,)][eta: 0:01:50, time (data): 0.324 (0.038)]l_bij: 2.5032e+01 l_orth: 4.4460e+01 l_diff: 1.7974e+01 l_align: 4.5288e+01 l_total: 1.3275e+02 
2026-05-22 07:11:32,117 INFO: [scape..][epoch: 30, iter:  77,780, lr:(1.025e-04,)][eta: 0:01:41, time (data): 0.325 (0.038)]l_bij: 1.0380e+00 l_orth: 3.1018e+01 l_diff: 1.1120e+01 l_align: 4.0044e+01 l_total: 8.3220e+01 
2026-05-22 07:11:38,040 INFO: [scape..][epoch: 30, iter:  77,800, lr:(1.025e-04,)][eta: 0:01:33, time (data): 0.291 (0.043)]l_bij: 2.3453e+01 l_orth: 4.3734e+01 l_diff: 1.3023e+01 l_align: 4.2514e+01 l_total: 1.2272e+02 
2026-05-22 07:11:44,850 INFO: [scape..][epoch: 30, iter:  77,820, lr:(1.025e-04,)][eta: 0:01:25, time (data): 0.321 (0.040)]l_bij: 1.8866e+01 l_orth: 3.9102e+01 l_diff: 1.1945e+01 l_align: 4.1257e+01 l_total: 1.1117e+02 
2026-05-22 07:11:51,105 INFO: [scape..][epoch: 30, iter:  77,840, lr:(1.025e-04,)][eta: 0:01:17, time (data): 0.318 (0.038)]l_bij: 2.2312e+01 l_orth: 4.1207e+01 l_diff: 1.4011e+01 l_align: 4.2183e+01 l_total: 1.1971e+02 
2026-05-22 07:11:57,759 INFO: [scape..][epoch: 30, iter:  77,860, lr:(1.025e-04,)][eta: 0:01:09, time (data): 0.322 (0.037)]l_bij: 1.9797e+01 l_orth: 4.0888e+01 l_diff: 1.6985e+01 l_align: 4.3590e+01 l_total: 1.2126e+02 
2026-05-22 07:12:03,388 INFO: [scape..][epoch: 30, iter:  77,880, lr:(1.025e-04,)][eta: 0:01:00, time (data): 0.313 (0.037)]l_bij: 4.9997e+01 l_orth: 6.1988e+01 l_diff: 1.5547e+01 l_align: 5.5172e+01 l_total: 1.8270e+02 
2026-05-22 07:12:08,604 INFO: [scape..][epoch: 30, iter:  77,900, lr:(1.025e-04,)][eta: 0:00:52, time (data): 0.304 (0.037)]l_bij: 2.5144e+01 l_orth: 4.5453e+01 l_diff: 1.6442e+01 l_align: 4.5491e+01 l_total: 1.3253e+02 
2026-05-22 07:12:16,640 INFO: [scape..][epoch: 30, iter:  77,920, lr:(1.025e-04,)][eta: 0:00:44, time (data): 0.319 (0.038)]l_bij: 2.3283e+01 l_orth: 4.4104e+01 l_diff: 1.1355e+01 l_align: 4.4040e+01 l_total: 1.2278e+02 
2026-05-22 07:12:23,829 INFO: [scape..][epoch: 30, iter:  77,940, lr:(1.025e-04,)][eta: 0:00:36, time (data): 0.324 (0.038)]l_bij: 1.6805e+01 l_orth: 3.8617e+01 l_diff: 1.1392e+01 l_align: 4.1430e+01 l_total: 1.0824e+02 
2026-05-22 07:12:30,147 INFO: [scape..][epoch: 30, iter:  77,960, lr:(1.025e-04,)][eta: 0:00:28, time (data): 0.323 (0.038)]l_bij: 3.7742e+01 l_orth: 5.4163e+01 l_diff: 1.2655e+01 l_align: 4.6769e+01 l_total: 1.5133e+02 
2026-05-22 07:12:35,785 INFO: [scape..][epoch: 30, iter:  77,980, lr:(1.025e-04,)][eta: 0:00:20, time (data): 0.319 (0.038)]l_bij: 2.2750e+01 l_orth: 4.2466e+01 l_diff: 1.4722e+01 l_align: 4.3788e+01 l_total: 1.2373e+02 
2026-05-22 07:12:42,691 INFO: [scape..][epoch: 30, iter:  78,000, lr:(1.025e-04,)][eta: 0:00:11, time (data): 0.315 (0.036)]l_bij: 9.8153e-01 l_orth: 2.9344e+01 l_diff: 1.1699e+01 l_align: 3.9210e+01 l_total: 8.1234e+01 
2026-05-22 07:12:48,105 INFO: [scape..][epoch: 30, iter:  78,020, lr:(1.025e-04,)][eta: 0:00:03, time (data): 0.287 (0.035)]l_bij: 2.4109e+01 l_orth: 4.2819e+01 l_diff: 1.1663e+01 l_align: 4.2671e+01 l_total: 1.2126e+02 
2026-05-22 07:12:50,869 INFO: End of training. Time consumed: 8:51:56
2026-05-22 07:12:50,870 INFO: Last Validation.
2026-05-22 07:16:32,225 INFO: Avg time: 0.2109
2026-05-22 07:16:32,450 INFO: Val auc: 0.8131
2026-05-22 07:16:32,454 INFO: Val avg error: 0.0187
2026-05-22 07:16:32,526 INFO: Save the best model.
